Ga0106003_1001,0..31423,tniQ,10581..11423,lcl|10581|11423|3|1,1,tr|Q21Z55|Q21Z55_RHOFT,2.99e-05,tr|Q21Z55|Q21Z55_RHOFT tniQ Uncharacterized protein OS=Rhodoferax ferrireducens (strain ATCC BAA-621 / DSM 15236 / T118) OX=338969 GN=Rfer_1214 PE=4 SV=1,MVKNYKGFRGFVKRLSYKYDKSQEVDATKEVALHWWNGRVNFGDVVNKFIVEQLSGKSAIWSSDKSDKEHYLVIGSVLQSSNDNAIVWGSGIISDRKTPLFKPKKVHAVRGPKTRDILIARGIECPEIYGDPALVLPTLIQPNEAESAYKLGIIPHYNNKNDAFFKQNFPDDVKVIDIETDDVQAFIDDIASCELIVSSSLHGIIIADAYGVPAHHISFDDTVEGGEFKFFDYYLSVGRECNLPIKVSSSTSIEELCELPKNYDIKIDIQPLLDSCPFKQ,43.1,100,160,25.000,40,91,76,8,29,47.50,52,/stor/work/Wilke/crisprtn7/reblast2/88251.assembled.fna
Ga0106003_1001,0..31423,cas8u,12185..11463,lcl|12185|11463|1|-1,-1,"gi|545642609|ref|YP_008591360.1|CAS-I-U|cas8u1|LS,CASCADE",0.003,"gi|545642609|ref|YP_008591360.1|CAS-I-U|cas8u1|LS,CASCADE cas8u",MKVFVINLKRSVDRRVRMENALNKANIPFEFIEAIDSSTPNFLYSERSNNALTRKRFGYRLVENEIACFSSHHLAWEKCLEVNEPILVLEDNCDLLPEFFDVLSHFDTLAEQYDFLKLAATKPKSFKVISSVNNKLNIVRFNKRTCGIMGYILTPHAASKFIKNATQFIEPVDDYMEKPYKHGVSTYVLRPDIVKRADIPSTIGSSRKDKSDINLCNKIYIELFRLYEQIQDRLVVHRDK,37.0,84,70,35.714,25,39,35,3,6,50.00,28,/stor/work/Wilke/crisprtn7/reblast2/88251.assembled.fna
Ga0106003_1002,0..27182,tniQ,7182..6313,lcl|7182|6313|1|-1,-1,tr|A0A5C1QXI0|A0A5C1QXI0_9MYCO,2.50e-04,tr|A0A5C1QXI0|A0A5C1QXI0_9MYCO tniQ LysR family transcriptional regulator OS=Mycobacterium sp. ELW1 OX=1547487 GN=D3H54_05945 PE=4 SV=1,MLDLNWLRTFVTLAEVKHFGKTATELHMTQPNVSLHIKQLEQATRTKLIERNPVQLTQAGKRLLATAQRMLNELQICQSDLNAINDLTQGTLSIAASDIVSRLLLIKPFQQFKSEYPGIDLALFNTTSSQAVDLVKSARADIGFVIAQKESQPLHFTPLTQIHWCAFGDNIFEWQDNRKESQTLILLGHDTRTRELIDASLPELNLPKHRVMEVGSVEAQIDWAEAGFGTAIVPDFSLDPRLKLSREVTPLPSFPNTDFGYIVRQNQVLSKAAKQLLAWVGENVSVVEG,40.4,93,58,34.483,20,38,35,0,0,60.34,20,/stor/work/Wilke/crisprtn7/reblast2/88251.assembled.fna
Ga0106003_1002,0..27182,cas7,5823..5209,lcl|5823|5209|1|-1,-1,"gi|147678326|ref|YP_001212541.1|CAS-I-C|cas7|G7,CASCADE",0.006,"gi|147678326|ref|YP_001212541.1|CAS-I-C|cas7|G7,CASCADE cas7",MDIWKLLLFIPACFALNMAPGPNNLLAMNNARCYGFRAAFVASLGRIAAFSAMIALSASGLAVILYTSEMLFLAIKLVGALYLLWIAFNLWRSESSPISDLDNSRNYAGLAKQEFTLAAGNPKAILIFTAFLPQFVDANANVQEQFFALGSTFLILEMVAISIYAIFGLYLRHWFSNPKMAKRFNRGCSLFLTVSGVNLLISKQ,35.8,81,34,41.176,14,20,21,0,0,61.76,17,/stor/work/Wilke/crisprtn7/reblast2/88251.assembled.fna
Ga0106003_1002,0..27182,csx1,14751..15557,lcl|14751|15557|3|1,1,gi|338730931|ref|YP_004660323.1|CAS-III|csx1|CARF,0.010,gi|338730931|ref|YP_004660323.1|CAS-III|csx1|CARF csx1,MPNQNFNAQLAEAISALNTPNFTPKLMNVIHSIFDFDCAIILGYREGKHPIYLYDSIENERELLFQRYLTNSFQNDPFFQNLNQNKQQGIFTLKDVAKKGIEYQTYRKQFYDQTGWKDELSMLVEIESGRWVILYFGCLREGKRFSAAQINSLRSHFSVLQSLCQQHWKQAEFNLSEPVVRPDAYTGNMKVAIEQALSSFGIESLTRREQEVASLLAQGFDTKEISAHLHLVQGTVKNHRKRIYSQLNVSSLSELFQLFLNHLIMHSK,35.4,80,73,30.137,22,51,40,0,0,54.79,27,/stor/work/Wilke/crisprtn7/reblast2/88251.assembled.fna
Ga0106003_1003,24254..46110,tniQ,45087..44254,lcl|45087|44254|1|-1,-1,tr|A0A0W7WYX0|A0A0W7WYX0_9ACTN,5.48e-05,tr|A0A0W7WYX0|A0A0W7WYX0_9ACTN tniQ HTH lysR-type domain-containing protein OS=Streptomyces silvensis OX=1765722 GN=AT728_13705 PE=4 SV=1,MEWLNSELINFAAICKHLSLTEAAKELGKSKAQVSRQLAMLETALGVTLVHRTTRKLVLTDHGKSISPLALETLSKLQELNYRARSLSDCISGKFKITMPNSIASSIFGSILRKLQERYPAVIFEISSSNKVENLLESNVDMAIRLNDVVDDNLIAHKVGNYNDVLISNDSNEKSSTLLIYKNHSNKEEIRKNYCDVIEVDNTSILLNFVEQGVGLGVIPNYLLKDSSHQELLKVTHTFSTEKSMYVAYPYQNPLPRKLAEISSFIRLELTAILGEK,42.4,98,76,36.842,28,42,40,2,6,52.63,27,/stor/work/Wilke/crisprtn7/reblast2/88251.assembled.fna
Ga0106003_1003,24254..46110,glmS,30386..31357,lcl|30386|31357|2|1,1,WP_035343592.1,6.37e-07,WP_035343592.1 glmS two-component system response regulator GlrR [Dickeya],MERVMQPTGTSMRILLVDDVQLDRMQLAIRLKQLGHIVKAVGSGIEALNTYESFDPELVLLDISMPEMNGFEVSLHVRETFPDWIPIIFLSSHEEPEMIAKAIDAGGDDYLIKPVDKLVLNSKLIAMQRIAHMRRELKQATAQLEQVNQLLTQQANEDGLTKLFNRRYIDQKLDSMVAWHGRHHMPMAMILLDVDFFKPFNDNYGHIEGDRCLQAIANQLKATFCRSGEYVGRYGGEEFVVLLSSTDAQTAEREAERIQEAMYFLDYQHEFSSVANRVTVSQGVFVFQPTGKENQADLYATADRALYTSKSLGRNTYTMVNAS,48.1,113,111,34.234,38,70,55,3,3,49.55,34,/stor/work/Wilke/crisprtn7/reblast2/88251.assembled.fna
Ga0106003_1004,0..36898,tniQ,16002..16898,lcl|16002|16898|3|1,1,tr|A0A1X1NDK8|A0A1X1NDK8_9ACTN,7.43e-05,tr|A0A1X1NDK8|A0A1X1NDK8_9ACTN tniQ HTH lysR-type domain-containing protein OS=Streptomyces sp. CB03238 OX=1907777 GN=BKD26_21400 PE=4 SV=1,MLNKVNLADIRSFVLIAQLGSFTKAAEALSVSRSHVSRQISGLEAQMGVTLLNRTTRTLRLTHAGERFYHDCEKALRDIDQALIAAVDDTQEIRGVIRVNCVGGYIGEDIIAKYVCEFMQQYPNVSIDLDFSSPRIDLIEDQFDVAFRMGELDDAGFVARKLMTVDMVTLASPSYVQQYGMPIHPKELAEHRTLTGSVTRWSYRKADNPNDHADVVVKGNLRCKNGRALVMGALHGNGIIRVPLSYCAEEVELGQLIKVMPDWEIPSVPFSAIFHRDRYQPKRLRTFIDFIKQKFEDS,42.0,97,89,34.831,31,52,45,3,6,50.56,29,/stor/work/Wilke/crisprtn7/reblast2/88251.assembled.fna
Ga0106003_1004,0..36898,csx1,17529..16918,lcl|17529|16918|3|-1,-1,gi|148655997|ref|YP_001276202.1|CAS-III|csx1|CARF,2.54e-06,gi|148655997|ref|YP_001276202.1|CAS-III|csx1|CARF csx1,MISSEKQLPVYVVDDDESVRDSLAFMLEEHDFNVTTFADGQSFLDEVNIHQAGCVILDSRMPNLRGQQVHQFLNEAHSPLAVIYLTGHGDVPMAVDALQAGAVNFFQKPVKGDELAQAILHGQMQSAASLDMVAARAAYESLTPREKDILRLIIAGKRNIRIADELCIAMRTVEVHRASLLKKFSAKTVAELAYIYGKLENPI,45.8,107,61,34.426,21,40,35,0,0,57.38,30,/stor/work/Wilke/crisprtn7/reblast2/88251.assembled.fna
Ga0106003_1004,0..36898,glmS,17529..16918,lcl|17529|16918|3|-1,-1,WP_035343592.1,1.72e-14,WP_035343592.1 glmS two-component system response regulator GlrR [Dickeya],MISSEKQLPVYVVDDDESVRDSLAFMLEEHDFNVTTFADGQSFLDEVNIHQAGCVILDSRMPNLRGQQVHQFLNEAHSPLAVIYLTGHGDVPMAVDALQAGAVNFFQKPVKGDELAQAILHGQMQSAASLDMVAARAAYESLTPREKDILRLIIAGKRNIRIADELCIAMRTVEVHRASLLKKFSAKTVAELAYIYGKLENPI,68.9,167,118,35.593,42,76,58,0,0,49.15,58,/stor/work/Wilke/crisprtn7/reblast2/88251.assembled.fna
Ga0106003_1006,0..42433,tniQ,5639..6172,lcl|5639|6172|2|1,1,tr|A0A417XIF4|A0A417XIF4_9CLOT,1.23e-04,tr|A0A417XIF4|A0A417XIF4_9CLOT tniQ GNAT family N-acetyltransferase OS=Clostridium sp. OF09-10 OX=2292309 GN=DXA91_00825 PE=4 SV=1,MTIQPTLTTERLVLRPFNIGDCQQVALLAGDKRIANMTANIPHPYELPMAQAWIDRHYPMYQQHQGVAYAITLRNTGELLGAVSLPRIEEGYGTLGYWVGVPHWGKGYAFEASKALLEFARMHFELNGITVMHLVDNLRSKSVIQKLKIPYVGDKTLRMQGKERKVCVYQLTFVASE,38.5,88,87,26.437,23,64,41,0,0,47.13,49,/stor/work/Wilke/crisprtn7/reblast2/88251.assembled.fna
Ga0106003_1006,0..42433,tniQ,7064..7633,lcl|7064|7633|2|1,1,tr|A0A417XIF4|A0A417XIF4_9CLOT,2.16e-04,tr|A0A417XIF4|A0A417XIF4_9CLOT tniQ GNAT family N-acetyltransferase OS=Clostridium sp. OF09-10 OX=2292309 GN=DXA91_00825 PE=4 SV=1,MIFRSFFTHRRASMETKRLKLIPACLERAEEAHQAVVRSQKTLEVYLPWVPHVLTLEAMIEGTEKAIANFEHFEEELRYYIIEKESDRLLGAVGLMIRDPDVPSFEIGYWLDDAAVGNGYVAEAVLAVERYAFDDLGAKRIAIHADSTNQKSRAVAERCGYEFEGELRNERLTTSGELSNTVIYSKIRE,38.1,87,86,32.558,28,56,37,1,2,43.02,46,/stor/work/Wilke/crisprtn7/reblast2/88251.assembled.fna
Ga0106003_1006,0..42433,tniQ,24482..26596,lcl|24482|26596|2|1,1,tr|A0A081NVM8|A0A081NVM8_9BACL,4.65e-04,tr|A0A081NVM8|A0A081NVM8_9BACL tniQ ABC transporter domain-containing protein OS=Paenibacillus tyrfis OX=1501230 GN=ET33_22665 PE=4 SV=1,MKDPLLNSLIYVSRYYGLANSPEALVNGLPLSDGKLTPFLLPRAAERAGLVAKENRAELEKISSLILPAILVLKGGDSCVLNSINMETREAEVTTLESGMVPISIPLEDLLEQYTGRYFLVKKQFRFDERSPEVLKTKEGHWFWSTLWQSKRIYRDVLIASLLINIFAIAAPMFTRLVYDKVVPNLAFETLWVLASGIFVVFIFDFSLKSLRNYFIDVAGKKSDILISSKLFSKVMGIRMESKPPSVGAFARHLQEFESIREFFTSATVSALIDLPFAILFLIIIWLMAGNLVFVPMVGVLILIIHSLLIQGPLRRSIEEGSRLASQKYANLIESLAGLETVKMLSAQSQFQYRWEEAVAHMANWNIKSRRITDSIQNAAGFVQQSSNVGMIILGVYLIAEGDLTMGGLIAATMLSGRAIGPLVQLSLLSTRYNQAKSSMTIINQVMEMPDEQEEGKRYIHRPIVQGKIELERVTFHYPDSPVASIRDLSLTINPGEKVAIIGRIGSGKTTLERLIMGLYQPTEGHVRIDDTDIAQLHHVDIRRNIGCVAQDSNLFFGSIRDNITLGRPLTDDRDVMDAANRAGVTAFTQSDPAGLERQVGEGGAMLSGGQRQAVTIARAFLGRPPVLLMDEPTSAMDNRSEMHIKHQLAQLKPSETLILITHKTSMLDIVDRVIVMEKGSVIADGPKSQVLNDLKQGKVRAVS,41.2,95,99,27.273,27,65,49,2,7,49.49,14,/stor/work/Wilke/crisprtn7/reblast2/88251.assembled.fna
Ga0106003_1006,0..42433,casR,4532..4056,lcl|4532|4056|3|-1,-1,gi|146303914|ref|YP_001191230.1|CAS-I|casR|CARF,0.007,gi|146303914|ref|YP_001191230.1|CAS-I|casR|CARF casR,MSYQLDRIDLHILRVLHSRGRIPVVELAKQINLTTSPCSDRVKRLEKEGYINGYHAELNAEKLGLDVQVFIHIRLDQTSFSIFEKFAKAVELMPEIEECYSLSGDFDTMIKVRVKNMKAYQEFMSSKLGTLPGVIQTRSEVVIEEHKTGFGVNPELLG,34.7,78,50,36.000,18,31,29,1,1,58.00,32,/stor/work/Wilke/crisprtn7/reblast2/88251.assembled.fna
Ga0106003_1006,0..42433,cas3,17731..18969,lcl|17731|18969|1|1,1,gi|84489234|ref|YP_447466.1|CAS-I|cas3|cas3,0.008,gi|84489234|ref|YP_447466.1|CAS-I|cas3|cas3 cas3,MSNLPDWRYRALFPLSPTAINELTETRQYGDTLPEYYGELTAQSDESEFADNQLLLSPNYLAYATHLLDKGFRVVALINHHTVLTAVLQADVVYLILYALIALIALAWFQMLVNKARLANLNVSLEEKVMQRTVVLSEANHKLQQTVRQYEQSQQELRQTQQELTQAAKLALLGELSASINHEINQPLAALRTYTENSQRLLSMERYPMVADNLNKMLSLNETIAEVIARLKVFTRKTSHEPHNEVSILHDAVHNATSILSNKLIKQGVTLKVPTIDHEVRLAIHSVELEQVLINLFHNAAQAMDGYCIDPQISIAIQCHDSSCDILVSDNGPGMSDEALAKIFDPFFTTKPEGLGLGLTISKRILESYHGALCAYNHQGTQSGESGGMTFVVTVPMANTSTTKPVTENDHA,37.4,85,78,34.615,27,41,36,2,10,46.15,18,/stor/work/Wilke/crisprtn7/reblast2/88251.assembled.fna
Ga0106003_1006,0..42433,glmS,18962..20188,lcl|18962|20188|2|1,1,WP_035343592.1,2.90e-28,WP_035343592.1 glmS two-component system response regulator GlrR [Dickeya],MHNAVIFVDDEPHIRDAVSQALLIEGIEVTCFPNAVEALRVIDANSPAIIITDIHMPVMDGLEFMRTLLSKNHHFQFIVLTGHGDVKTAVEAMKSGAYDFLEKPFSTDQLMKSLNNASDKLNLLQENIWLKKELDMQTHVGPKMIGHSEVMVSIRRALISAPTNQPLIFVGQDGTGRRLAAQFAHDIHATPDSELIAASGEDLYELSLDALDKAIDHLTEDSNRCSLYLHSAEHISLAQWQCLFNHPKLERVFGATTKVDADVKAFATLIHLPTLDERKEDIGPLYKHFVRHAASRYQLQPPHISLDEVRRITELSWPENVKQLRQFAELRALKPETFRMEDWDSEKSIEIQSMTQRTEHFEYCLLFDALQRHRGRLKEVQLELQVSRKTLYDKLKKHQLDKSKFKAQ,113,282,448,24.107,108,284,183,8,56,40.85,99,/stor/work/Wilke/crisprtn7/reblast2/88251.assembled.fna
Ga0106003_1006,0..42433,glmS,32325..31711,lcl|32325|31711|2|-1,-1,AIE94956.1,1.52e-05,"AIE94956.1 glmS glucosamine--fructose-6-phosphate aminotransferase, isomerizing (glmS) [uncultured marine thaumarchaeote AD1000_54_F09]",MQSTPLHSDILADDPIAVISQKLVKAKTDAMFQTTNALSYEACHQAVKWLSEARRVQVVGIGGSALTAKDLSFKLLKLGITALSEQDSHVQIAVARTLSSEDVQIAISYSGERKEILVAAEAAKEQGAKVIALSAPGRSRLRGIADITFDTIANETEHRSSSIASRTAQNVITDLLFIILVQQRDESARQLISDISTDIKQILT,42.7,99,96,32.292,31,59,51,3,6,53.12,46,/stor/work/Wilke/crisprtn7/reblast2/88251.assembled.fna
Ga0106003_1006,0..42433,glmS,32805..33707,lcl|32805|33707|3|1,1,CUS47839.1,1.71e-04,CUS47839.1 glmS glucosamine--fructose-6-phosphate aminotransferase (isomerizing) [Idiomarinaceae bacterium HL-53],MKIDLSRLVTESRNPASAEIDTLSTIEMLQVINEEDQKVALAVKAVLPQIAKTVDAITAAFANGGRLVYMGAGTSGRLGILDASECPPTYGTHPDMVIGLIAGGHQAILKAVENAEDDVQMGQDDLKALHLTSHDVVVGIAASGRTPYVLGGLEYAKSIGATTASIACNPECAMAKAADIAILPIVGAEVVTGSSRMKAGTAQKLVLNMLTTGAMIRSGKVFGNLMVDVEATNAKLIQRQTNIVVEATGASKEEAERTLNACARHCKTAILMILADLDAEQAKSRLAAHNGFIRAALNNN,40.4,93,125,31.200,39,78,63,4,8,50.40,41,/stor/work/Wilke/crisprtn7/reblast2/88251.assembled.fna
Ga0106003_1008,0..29850,tniQ,9850..8996,lcl|9850|8996|2|-1,-1,tr|A0A1X0DTB1|A0A1X0DTB1_9MYCO,4.32e-06,tr|A0A1X0DTB1|A0A1X0DTB1_9MYCO tniQ HTH lysR-type domain-containing protein OS=Mycobacterium heidelbergense OX=53376 GN=BST25_05950 PE=4 SV=1,MTNKKLDLNLIQTFLIAAEYQSYTKAAEHLGVTQPAVSASIRRLEALIEYQLFTKVGRSISLTSRGQNLLPKLRQALCMVENALSISPQFKVYCSEVFSGSLSSINNVSVHEAVATKNLLLELLHQQKIALVIDSIKSDDSTLVNEVIHEEPNVVVCRKTHPRINGQINTKQFFKEKHCVLTEEWAVNQTTNHNQYLNNVQVETVASSLSGVVLNVIESDNIAIIPHSFAMKWKEQLDLQVIDLPIESNLVTYHFIYHKREKNNLHHKRIRNNIKETLKPFYKS,45.8,107,73,31.507,23,48,42,1,2,57.53,25,/stor/work/Wilke/crisprtn7/reblast2/88251.assembled.fna
Ga0106003_1008,0..29850,csx1,21530..20910,lcl|21530|20910|1|-1,-1,gi|219847991|ref|YP_002462424.1|CAS-III|csx1|CARF,7.43e-04,gi|219847991|ref|YP_002462424.1|CAS-III|csx1|CARF csx1,MRFTLNNVLIIDDQPLYSEALASLVENAINTAEVIQTTDSAEVMELVRSQRIDLIILDVVLGDRDGMRLAKNILATGYRGRLLFVSSRDYSSLSKAAYEMGANGFLNKNEARETIADAIVSVSRGYSMFKSTHTPSSGDVTLSNREAMVFHYLAQGYSNKKISEQLSLSAKTISTYKTRILKKYHADSLIELLHTIPQSENIQFCR,38.5,88,42,42.857,18,24,28,0,0,66.67,20,/stor/work/Wilke/crisprtn7/reblast2/88251.assembled.fna
Ga0106003_1008,0..29850,glmS,13068..16733,lcl|13068|16733|3|1,1,WP_035343592.1,6.23e-04,WP_035343592.1 glmS two-component system response regulator GlrR [Dickeya],MFSILRKIIILTATVTSLAVSFNALAKENTKDSIVVGVITQNDSSNSVVDSVGPFYGINLDYLSNIAKVLGLNLELRAYQHIPPLLNDVENGVIDGAVGFSKTPEREKRFLFSKPFFSSTIAAWYRDASYKDRDIRDIKWVCVEGSVYCDNLTSQGIDNIIYVKTRLEAFDDVRRGKANALIYTYVGITEYLDANDIVKGIVDIPNWLQEEEVSFIASLDNQKLIDNIDKILEWEQSGKNIRSVASKNPYHINDKLLVAYRRNHKSNLTITYSSSDEAYPFLYRDSHTGKLDGFFPDFIDLIQSRTGLAFSYVKPTSSLSNGLTAFDADIVPVSYVGPVPKSDWLITKPFMLSNYVSIQAEESERDKSLPEKAGILLSLKKQGLVHLGVWQQDRFDRYDDLKQLLADLKSGVLDVAYIPDDVVHSMIAQDQVDGLVINEQDVLTFSNAFAVAKHNTQLQHMLNSIIETIDSNEIEKLLRSHRSFNLVYGYDDEQMAKFFLAGAVAFSLMFAAAYFILAHLRLKVKLAELNANNEEAEKQWLMGIIQEINSLVFIHGEDNQLEMSNCANYKSKQCQECKLKSCSTNAPLVNNSDELATVIGGQRISEEVASAGCELGIKHVYRERKTIASPSGKKKFVLTVIQDITQQKEREQALIDAQKEAQTAVRARENFLATMSHELRTPLSAAHGILDLLNRQVTADSNRELIAQAMRSLNHLNVLVDEVLDYSKLEAGQLTVAPAKTDLLKTLCDVFRSFEPRALAKGLDYKVTIKPFSDAFIEIDALRLVQITTNLLSNAVKFTAEGEIGISVILHEKQLILKVADTGIGMTDGQLEGILNPFVQADASITRKYGGTGLGLSIVDRLIECMGGVLCIDSQFGLGTTITVKLPIERCDSEPEVCLNWTYSEALPLSIRQWCDAWKMQPATLARSMANLYAAQDNEAGFDGVMLRDDRETLGSLTLRELQYPDALFNLLSQTQQETKLDELKSEEVSWILGTVLVAEDNPINQSVISMQLRELGIEPVIVNNGREAWEYINQDENVVLLLTDFHMPEMDGYELIKHVRASGFKSLPIIGVTAEDARLASERTQDIGIDDVLYKPYDLNKLKTVLVPFIGKKEKTRLPDWIKRFKTQDAKEIARVFSQSMATDIENLQAASTERDKKRVIHGIKGAVGAIGISMLTELCIEAERVTAAEFDRRAAELILRIEQEIDNIDYWAEMNEYTA,41.2,95,110,25.455,28,80,54,2,2,49.09,9,/stor/work/Wilke/crisprtn7/reblast2/88251.assembled.fna
Ga0106003_1008,0..29850,glmS,16717..17883,lcl|16717|17883|1|1,1,WP_035343592.1,7.08e-04,WP_035343592.1 glmS two-component system response regulator GlrR [Dickeya],MNTQLNVMVIDDHPLQTTILTQILNRYCAQVTSFNGVDDAIQCAQHQHFDVIFCDIQMPGKDGIDMMEMLDQIQYQGQVVLVSAMELTIISAVRAMCEGFSFEVLGKLPKPYDENQVVELLSLMKGEKTKKATFIQPIEVQDQEFLFALGEGRVKNYYQPLVDAQSGEVLGYEALARWSHPIYGVLSPYHFLPIVERCHLSAELFQAVLNNAIYDIKHRGLTQKVSINVDHENLEDPEFSHRFLQQCLENEIEPSQITIEITERDTFQTSASLYKNLLKLRMNGVTVSIDDFGTGSSTFEKLAQLPFNELKIDRSFVQGVECDMKKRNIVVAICALAKSLNIRLVAEGIEDEVTLQVMREYGIDLCQGFYIDKPMPLEAITILNERYE,39.3,90,186,25.806,48,113,85,8,25,45.70,45,/stor/work/Wilke/crisprtn7/reblast2/88251.assembled.fna
Ga0106003_1008,0..29850,glmS,17867..18472,lcl|17867|18472|2|1,1,WP_035343592.1,4.48e-07,WP_035343592.1 glmS two-component system response regulator GlrR [Dickeya],MKDMNKMNCLIFDDHPLVCVAIKSLLKELGMTNEVFTATSAKSAFKTLKESNIELLILDVNLADCDGFDFYKRIKSHGYEGKVIFFSAETSQMYSQMAFRSGADGYVCKSENHDILKDAIEAVVKGYTFFKFKQVANEVREMPQLSSRESAVMKYLLQGKSNRDIASVLSISDKTVSTYKRRVLDKFNVKNIVELTRVAGT,47.0,110,119,29.412,35,72,58,3,12,48.74,57,/stor/work/Wilke/crisprtn7/reblast2/88251.assembled.fna
Ga0106003_1009,3018..37725,tniQ,23018..23905,lcl|23018|23905|2|1,1,tr|A0A2G7F0Q1|A0A2G7F0Q1_9ACTN,7.81e-04,tr|A0A2G7F0Q1|A0A2G7F0Q1_9ACTN tniQ Regulatory helix-turn-helix LysR family protein OS=Streptomyces sp. 70 OX=1827606 GN=CLW09_04841 PE=4 SV=1,MDWIQSVQSYIRVIEEGSFNAAARKLNTTSSAISKRIQWLEDKIGVQLLKRTTRSISQTEAGALFYERAKVQLDSWQSVLDETRSVNLSPAGLLKIGATLAVGSKFLVHYLDDFLEKYPDITLQLTTTLPGQLPELSLDLFISRHLEQLNSLSFKATPLFEHKAQFYAAPSYLEKYGTPQNVEELTKHNILIWGEKPAREIKTNRGKRVSLSGNFATTNPEALFHGSKRGMGILMTNNVMIKDDLKSGALVPILPDVTADEATVYAYYPKLDYQHTRTQLFLDYLKSRLEEEKRT,38.9,89,82,30.488,25,52,46,2,5,56.10,28,/stor/work/Wilke/crisprtn7/reblast2/88251.assembled.fna
Ga0106003_1009,3018..37725,tnsA,27022..26027,lcl|27022|26027|3|-1,-1,UniRef50_A0A1C6RKQ5,2.25e-12,"UniRef50_A0A1C6RKQ5 tnsA Murein DD-endopeptidase MepM and murein hydrolase activator NlpD, contain LysM domain n=2 Tax=Micromonospora inyonensis TaxID=47866 RepID=A0A1C6RKQ5_9ACTN",MKVMETDLNYLALDTLKPGNTLRFWRNDATGELEKMELQFSIADKVVYQLNSDGGYDFTDISIPGVWRQEPLVGVIQGSFSSSANRLGLSSAEISQVVSLLKEQVNFGRDLRAGDRFEVVRRSQTINGVSTGKNEIEAIKIYNRGREITAYLHTDGQFYNAKGESLQRAFQRYPVSRSWRISSGFNPNRLHPVTGRVAPHNGTDFAVPTGTPVVSTGDGTVIMTRKHPYAGNYVVVEHGNKYKTRYLHLSKILVKKGQKVSRGQRIGLSGKTGRVTGPHLHYELIEYGRPVNAMRANIPMASSVPKKEMATFIANRDEMDKLLKNKEKAVL,65.9,159,148,31.757,47,70,67,5,31,45.27,35,/stor/work/Wilke/crisprtn7/reblast2/88251.assembled.fna
Ga0106003_1009,3018..37725,parE,8808..7171,lcl|8808|7171|1|-1,-1,ADU33911.1,8.53e-66,"ADU33911.1 parE cytochrome c oxidase subunit I, partial [Edentulina cf. ovoidea 'Pare']",MSKPADKAVKSAPVEAHTAANATIALDDHDSHDAPKGIARWLYSTNHKDIGTLYLWFSFTMFLTGGAMAMVIRAELFQPGLQLVDPQFFNQMTTVHGLVMVFGAVMPAFTGLANWMIPMMIGAPDMALPRMNNLSFWILPFAFLILLSSLFLPGGAPNFGWTFYAPLSTTYGPDSTALFVFSVHIMGISSIMGAINVIVTIVNMRAPGMTWFKLPMFVWTWLITAFLLIAVMPVLAGAVTMVLTDKYFGTSFFDAAGGGDPVMFQHIFWFFGHPEVYIMILPSFGIISAILPAFSGKKLFGYHSMVYATCSIALLSFLVWAHHMFTTGMPVFAELFFMYCTMLIAVPTGVKVFNWVATMWRGALTFETPMLFAIAFIVLFTIGGFSGLMLAIVPADFQYHDTYFVVAHFHYVLVSGAVFSIMAASYYWLPKWTGNMYDHKLSLWHFWCSVISVNVLFFPMHFLGLAGMPRRIPDYAIQFADVNQIVSIGGFAFGLSQLIFLWVVIKCIRGGEKASAKPWVRAEGLEWTVPSPAPHHTFSTPPKVD,211,536,220,50.909,112,103,154,4,5,70.00,40,/stor/work/Wilke/crisprtn7/reblast2/88251.assembled.fna
Ga0106003_1011,0..31007,tnsA,9220..11007,lcl|9220|11007|1|1,1,UniRef50_K6WRZ3,7.57e-04,UniRef50_K6WRZ3 tnsA Uncharacterized protein n=2 Tax=Actinobacteria TaxID=1760 RepID=K6WRZ3_9MICO,MDKKKQSSLNKWLKQQSKLAKRWLMIAIGLGVLSSVFLLAQAALLASILHQLIIEQVDKSELIWHFVGLVGTVIGRAACTWGREIAGYRCGEQIRVYIRQLILDKVHKLGPAYIKGKPAGSWATLILEQVENMQDFFSRYLPQMSLSVLVPFIILVVVFPVNWAAGLIFLVTAPLVPIFMALVGIKAAEANRKNFKAMQRLSGHFYDRLQAMTTIRLFDRTKSETETLKGASEVFRTRTMDVLKIAFLSSAVLEFFTSISIAITAVYFGFSYIGELNFGYYGAGVTLFAGLFILILAPEFYQPLRDLGTFYHAKQQAVGAAESIVEFLELEVDQVKDGTQSLEQNTPIQIEAQDLVVFSPEGKQLAGPLSFSLEANQSTALVGPSGAGKTSLVNTILGFMPYKGSLKINGCELSQLDLSTWREAVSWIGQNPMLLHGSIRDNVTLGKHDIPDTQVNTVLNDSYAAEFVEMHGLDYAISDRSGGLSVGQAQRLALARAMLQNGRFWLLDEPTASLDARSEKLVMEGINKYTQSTTNLMITHQLAPLQNVSQILVMQDGQIVQRGDYATLASQEGLFKDMLAANLAQRESDKGNLDA,39.3,90,58,39.655,23,27,31,3,8,53.45,10,/stor/work/Wilke/crisprtn7/reblast2/88251.assembled.fna
Ga0106003_1011,0..31007,glmS,25996..26850,lcl|25996|26850|1|1,1,WP_005919782.1,2.47e-10,WP_005919782.1 glmS MurR/RpiR family transcriptional regulator [Pediococcus acidilactici],MNTLEKIQKNLENFSKSERKVAEVIMASPQTAIHSSIATLAKMADVSEPTVNRFCRRLDTKGFPDFKLHLAQSLANGTPYVNRNVEEDDGPDAYTHKIFESTMACLDVAKNSLDPMQVNRAVDLLTQAKRISFFGLGASSSVARDAQNKFIRFNIPITCFEDIVMQRMSCINCSDNDVIVLISHTGRTKSQVEIANLARENGATVIAITAKDSPLEKASSLAITLDIPEDTDVYMPMASRVVQMTVIDVLATGFTLRRGTGFRENLKRVKDALKDSRYDKLSQY,57.4,137,256,24.219,62,168,108,6,26,42.19,88,/stor/work/Wilke/crisprtn7/reblast2/88251.assembled.fna
Ga0106003_1013,0..25719,tniQ,4856..5719,lcl|4856|5719|2|1,1,tr|E6TAW5|E6TAW5_MYCSR,1.83e-04,"tr|E6TAW5|E6TAW5_MYCSR tniQ Bacterial regulatory helix-turn-helix protein, lysR family OS=Mycolicibacterium gilvum (strain DSM 45189 / LMG 24558 / Spyr1) OX=278137 GN=Mspyr1_52920 PE=4 SV=1",MSKAIDLNLINTFIVVTECLSYTKAADKLGVTQPAISASIKRLERTTNTKLFTKRGRNIELTSTAQKWLPQLQQALSVIDSVITQPAPYNVYCSNIYPAQQSKLENVFFHESTLSENHLFSLLYSNEADLLLGDIESREASIIVEDVCREPCVVICRNGHPRINEHISTEMLSDEKHCVLASKWSFDTEFEKHLSLIVKSNNIDSIASNYLGILTHVAQSDCIGVIPLSLAKKWGKTFNIKHFTSPLGACFIQYQIAYHQRKVNCKRHGAMRALIKSKVLEGQQRII,40.8,94,60,35.000,21,37,33,1,2,55.00,20,/stor/work/Wilke/crisprtn7/reblast2/88251.assembled.fna
Ga0106003_1013,0..25719,cas3,17419..16127,lcl|17419|16127|1|-1,-1,gi|315230236|ref|YP_004070672.1|CAS-I|cas3|cas3,9.75e-07,gi|315230236|ref|YP_004070672.1|CAS-I|cas3|cas3 cas3,MSFSSQGFAPEVVKALAECGYEKLTPIQQKAIPMARKGHDIFATAQTGTGKTAAFSLPMIQQLLDSGRTASRKTARALILAPTRELAEQIADNIKAYTKYTDLSVVAVFGGRKMSSQVSALENGVDILVATPGRLEEHIEQGNVSVANLEFLVFDEADRILDMGFIHAVRKIMLDVDTDPQIMMFSATTSSQLNLLAKDILRKPKRIEVERANTTAHTVAHVLYPVDQERKTELLSELIGRKNWQQVLVFVNYKETANDVVKELKLDGIKAVVCHGDRAQSARRRALEEFKTGKVRVMVATDVAARGLDIEDLPHVVNYDMPFLAEDYVHRIGRTGRAGKQGHAVSFVNRDEELTVVQVENLIQQRIRRIELAGYEPKQRESYIEKLNSKPAFKNRQGRRNNPNQSATDQGSAERRLAMVKRLKARRGTN,50.1,118,359,23.398,84,219,155,20,56,43.18,75,/stor/work/Wilke/crisprtn7/reblast2/88251.assembled.fna
Ga0106003_1013,0..25719,cas3,23977..22727,lcl|23977|22727|1|-1,-1,gi|325968907|ref|YP_004245099.1|CAS-I|cas3|cas3,9.93e-08,gi|325968907|ref|YP_004245099.1|CAS-I|cas3|cas3 cas3,MTDKTQQATFADLGLISTLVERLEALEYNQPTPIQSHAIPHVLDGRDMIGGANTGSGKTAAFSLPILQKILQQGESNDRRGNFVSHLILVPTRELASQVAYNVKSYSYHLRDKIKTVAVFGGVSVNPQMLALRGGCDIIVATPGRLLDLVSSNAIKLDQVKTLVLDEADRMLSLGFIEELNKILALLPEKKQTLLFSATFPEKVTTLAQHLLNDPVEVQLQSAEASTLVQRVFSVNKGEKTAVLAHLIKQHQWRQTLIFVNAKNACNHLAQKLSKRGITAEVFHGDKGQGARTRVLDGFKSGEIQVLIATDIAARGLDIEKLPVVINFDLPRSPADYMHRIGRSGRAGEVGLGLSLIDYDDYHHFKVIEKKNKFQLEREQVEGFEVEDDQSEAYFLPMKPRAKPAGTGKKKKKRNQ,52.8,125,230,23.043,53,152,102,8,25,44.35,51,/stor/work/Wilke/crisprtn7/reblast2/88251.assembled.fna
Ga0106003_1020,986..29749,tniQ,21471..20986,lcl|21471|20986|2|-1,-1,tr|A0A417XIF4|A0A417XIF4_9CLOT,3.88e-04,tr|A0A417XIF4|A0A417XIF4_9CLOT tniQ GNAT family N-acetyltransferase OS=Clostridium sp. OF09-10 OX=2292309 GN=DXA91_00825 PE=4 SV=1,MLLLPYNESLQLEFVMLNCCAKNRAEMNGPHTVASAKQLFEKILDDENIYSMAVLESTSRDYMGHVFISHLDSEPELGFIFDKAYWGKGLATEALKAFFPKACRELELHKVKANVNSNHQASMAVLEKLGFVKTRESKDLFGPYFEMEFTSDVAVGESSAA,37.0,84,80,33.750,27,49,38,1,4,47.50,47,/stor/work/Wilke/crisprtn7/reblast2/88251.assembled.fna
Ga0106003_1023,2612..29057,tnsA,23298..22612,lcl|23298|22612|3|-1,-1,UniRef50_A0A4R2JSM6,3.82e-07,UniRef50_A0A4R2JSM6 tnsA TnsA endonuclease-like protein n=1 Tax=Caldanaerobacter subterraneus TaxID=911092 RepID=A0A4R2JSM6_9THEO,MSKSERLFELLTLLRAKRYAVTAKELAERMEVSERTIYRDIQSLLSSGVPIQGEAGVGYLLQAGSHLPPLMFSEKEMMALELGMRMVRAWSDAELAEASHSASTKILSVLPDKLKQQVEDCPLIVPDYHTQSETAKRGQLLRHAIDHQFKVSLDYQDESGQVTERKIQPLGQFFWGKVWTLVAWCELRDDYRQFRLDRIQALRMHDEEFQSAETKSLKHYIAQYESKD,47.8,112,88,31.818,28,52,50,3,8,56.82,35,/stor/work/Wilke/crisprtn7/reblast2/88251.assembled.fna
Ga0106003_1025,0..27775,tnsA,14870..12903,lcl|14870|12903|3|-1,-1,UniRef50_A0A2D2C3Y7,2.57e-05,UniRef50_A0A2D2C3Y7 tnsA Tn7_Tnp_TnsA_N domain-containing protein n=4 Tax=Paracoccus TaxID=265 RepID=A0A2D2C3Y7_9RHOB,MRTKPYIGYVALIALLSLLSLQIDTSLSLSEQWQLLTQPKSASEFRDVFFMQSQLPRLSITLLIGAMLGLTGSLMQQLTQNNLTSPLTLGTSSGAWLALVIVNIWFVDWVADYSAFAAMAGALVAFGLIISIAGVRNMTGLPLVVSGMVINILLGSIATALIILNAQFAQNIFMWGAGDLSQYSWDWFEWLLPRSTIAIIILLVAPRILTLMKLGQEGAAARGLAVLPAFGALMVMGIWLVSASITAVGIISFIGLLTPNIARAMGARTPRDELISSMLLGAALLLITDSAAIYLSLLLEETIPSGVAAAAIGAPALIWFTRKKLTATDQLNLSMSQGKTALSNAAVWGIAVMGIIGILAYSFVTHGISGIEFAIPGEFQWQLRWPRMISAISVGVALSIAGIILQRIVYNPLASPDILGVSSGATFAIIITGVMVGSVLAAFNWGVAFLGSLTVLMLLLIIGKRSHFNPSNFVLSGIALSALLQALVQFALAQGSGESYKILLWLTGSTYRVTSISALVLLIAVLVLLAIVFALSRWLTLISIGRAFSNARGLNPSSANTILLVIVALLCAFSTATVGPVSFVGLVAPHMAMMLGARKVKEQLFVGSLIGATLMVWADWLGQIAIYPSQIAAGTLVAIIGSTYFLFLMLKSKFR,44.3,103,121,28.099,34,82,58,2,5,47.93,18,/stor/work/Wilke/crisprtn7/reblast2/88251.assembled.fna
Ga0106003_1027,0..26845,tniQ,19443..21203,lcl|19443|21203|3|1,1,tr|A0A081NVM8|A0A081NVM8_9BACL,5.63e-04,tr|A0A081NVM8|A0A081NVM8_9BACL tniQ ABC transporter domain-containing protein OS=Paenibacillus tyrfis OX=1501230 GN=ET33_22665 PE=4 SV=1,MSRKNNKNLSILLKLNTFIAPYKWRVAAALVALVATASLTLSVGYGVRILIDQGFAQQSLQELTNAIQFIVGVTLCIAIGTFFRFYLVSSVGERVSADIRLAVFNHVITLHPSYFETNSSGDIMSRLTTDTTLLQSIIGSSFSMAMRSALMCFGAIIMLFATNVKLTLIVLASVPLVLVPILFYGRRVRALSRQSQDSMADVGSYAGEAIEHIKTVQSFSSEPYERAAFAVEVEKAYEVGRQRVKQRAILISGVIVIVFSAIAGMLWVGGSDVIHGKMSAGDLAAFVFYAIMVASSTATISEVLGELQRAAGATERLIEILQVESDIKAPSNHLPVRSDMSAEVSFKSVNFNYPSRPNQPAVKGLNLTAEQGKVLALVGPSGAGKTTLFELLQRFYDPQQGQVLFGGEDIRQFDPNELRRQMALVPQQPALFSHDVFHNIRYGNPEATDEQVIEAAKKAHAHEFIEKLPEGYHSFLGERGVRLSGGQKQRIAIARAILKDPKILLLDEATSALDSESEHHVQQALEALMKGRTTLIIAHRLSTIQHADKIAVLDNGELVDIGNHQSLMRSCELYQRLVALQFKHLE,40.4,93,90,26.667,24,64,49,1,2,54.44,15,/stor/work/Wilke/crisprtn7/reblast2/88251.assembled.fna
Ga0106003_1027,0..26845,DEDDh,18655..19269,lcl|18655|19269|1|1,1,gi|317051112|ref|YP_004112228.1|CAS-I|DEDDh|DEDDh,1.18e-35,gi|317051112|ref|YP_004112228.1|CAS-I|DEDDh|DEDDh DEDDh,MPQANSVVVLDFETTGLSPTLGDRAIEIGAVKLVDGEVVDSFQQLMNPGFRVSSFIENYTGITNNMLRTAPSCEEVMASFSEFIAGENLIAHNASFDKRFLDAELERINCGYSGEFACSLLVARRLIQDAPSHKLGELVRYKNIDNDGVFHRALADAQMTAKLWLLMVEGLENSGIVKPSFQLMQTVSKTAKGKVDLLLAKSRA,122,306,162,39.506,64,96,90,1,2,55.56,78,/stor/work/Wilke/crisprtn7/reblast2/88251.assembled.fna
Ga0106003_1031,2616..24406,tniQ,22616..23536,lcl|22616|23536|2|1,1,tr|A0A2G7F0Q1|A0A2G7F0Q1_9ACTN,1.28e-05,tr|A0A2G7F0Q1|A0A2G7F0Q1_9ACTN tniQ Regulatory helix-turn-helix LysR family protein OS=Streptomyces sp. 70 OX=1827606 GN=CLW09_04841 PE=4 SV=1,MVIFSALIKHKNFTAAAKSLGVSVSHVSKQLSQLEESLGIKLVQRTTRSFTPTEAGKTFYHHCEQVVQAVSSATLEMESQRDEVAGLVRLGLSQSFGTLHIIPAIQELRELYPQLQVEVHLFDYKVDMLAEGLDLWVTNNEHLPEGYIAQRLTDCQFVVAASPDYLLKYDTPTEPNDLSLHNCLIYRSWERDYTGWAFTKGQQELNVKVSGNYSVDLAEAVRDAAIAGWGIAYLATYLLGDEFRTGKLIQLLPDWKASQSMPFYAVYPSRQHMPKKISAVINFIKQKIGTPCHWDQRLAPYISIPK,44.7,104,67,32.836,22,44,39,1,1,58.21,22,/stor/work/Wilke/crisprtn7/reblast2/88251.assembled.fna
Ga0106003_1031,2616..24406,DinG,11686..13605,lcl|11686|13605|1|1,1,gi|146292922|ref|YP_001183346.1|CAS-IV|DinG|DinG,0.0,gi|146292922|ref|YP_001183346.1|CAS-IV|DinG|DinG DinG,MSGMIAKTFSSDGALGKAIPGFQARQPQIDMAEAVSSAIKEQSQLVVEAGTGTGKTFAYLVPALLSGKKVIISTGSKNLQEQLYHRDLPLMVNALGFYGQVALLKGRSNYLCLDRLSRQMVESHTNESDPTLLTQLVKVRSWSSETKTGDLGDCEDLPEDSMIIPTITSTNDNCLGKECPSYTDCFVLKARKRAMDSDIVVVNHHLFLADLAIKETGFGELIPEADVFIFDEAHQLPDIASEYFGQSVSSRQIHDLAKDIEIAYRTEAKDMRQLQKVGDKLLQSAMDMRIVLGEPGFRGNWREAMQSESIKRELVRLTDSLDLAIDVLKLALGRSQLLDTAFERANLIKGRIDRVCDVDITGYSYWYDTSPRHFTLHITPLSVADKFHEQIEIKQGAWIFTSATLAVSGDFKHFTDRLGLKPKQQFSLPSPFDYEKQARLCVPRYLPEPNSPGLADKLVRMLAPVIEENDGRCFFLCTSHSMMRELGEKFREVLDLPVLMQGEMSKQKTLAEFMELGNALLVATGAFWEGIDVRGDALSCVIIDKLPFTAPDDPLLKARIEDCRLRGGEPFAEVQIPDAVITLKQGVGRLIRDQKDHGALIICDNRLVTRDYGGTFLGSLPPIPRTRDLERIKAFLKAE,566,1459,638,45.768,292,341,396,4,5,62.07,99,/stor/work/Wilke/crisprtn7/reblast2/88251.assembled.fna
Ga0106003_1031,2616..24406,rsmJ,13662..14363,lcl|13662|14363|3|1,1,PRD22402.1,9.58e-40,PRD22402.1 rsmJ rsmJ [Trichonephila clavipes],MSAKILAIDTATENCSVALLVNDQVISRSEVAPRDHTKKVLPMVDEVLKEAGLTLQDLDALAFGRGPGSFTGVRIGIGIAQGLAFGAELPMIGVSTLAAMAQASYRLHGATDVAVAIDARMSEVYWARYSRQENGEWMGVDEECVIPPARLAEEAQADSKTWTTAGTGWSAYQEELTGLPFNTADSEVLYPDSQDIVILAKQELEKGNTVPVEESSPVYLRDNVTWKKLPGRE,142,359,231,38.528,89,132,133,6,10,57.58,97,/stor/work/Wilke/crisprtn7/reblast2/88251.assembled.fna
Ga0106003_1032,0..24228,tniQ,12490..11648,lcl|12490|11648|3|-1,-1,tr|A0A5R8L8Z7|A0A5R8L8Z7_9MICO,4.23e-04,tr|A0A5R8L8Z7|A0A5R8L8Z7_9MICO tniQ LysR family transcriptional regulator OS=Microbacterium sp. 5K110 OX=2578104 GN=FE256_07060 PE=4 SV=1,MDFNLIQTFLIVAEYQSYSRAAEHLGLTQPAISASMKRLEKETNKPLFVKDGRQIKLTSVAHQLLPKFHQAFAMINDAISDQSTFRLSCNEALIHRITPTNTISICADTDLPSLLNDLRLKQIDLIISPTTIHDPSFISESIFEEPMVVICRQDHPRIAGKIEQEQFYSEKHCRFVGDEDFPVSNTEVHQPGQQERDVEMMTTSLSGMMLYVAKHDCLGVLPLSLAQKWQSALNLQVIQTPMFSEPVSYKLIFHKRDESSTSHQRLRAWARDQFATGLNA,39.7,91,70,30.000,21,47,40,1,2,57.14,24,/stor/work/Wilke/crisprtn7/reblast2/88251.assembled.fna
Ga0106003_1033,0..23525,tniQ,17633..19411,lcl|17633|19411|2|1,1,tr|A0A081NVM8|A0A081NVM8_9BACL,4.92e-05,tr|A0A081NVM8|A0A081NVM8_9BACL tniQ ABC transporter domain-containing protein OS=Paenibacillus tyrfis OX=1501230 GN=ET33_22665 PE=4 SV=1,MKQTSTFKRLLSYPLSQPKPMIKGLALLFIAALASASGPWLIQYFIDEHIAKGDYSRNVLIALALGYVSLQVISATFQYLQSLQFSMVATNTIKTIRKQVFSGVIKQPLSAFDYTPAGKLVSRITNDTESLQQFYELLIATVVKNVVMIVVMLGVMFFMSWKLTLVVLVLLPIVIGFMYLFKQLSTESYRRMRDLLTDINANLSESIQGMSVIQLMQQEERFNKQFNELTAEHLVASKKVIRLNGYLLRPLMDLLAGLALLCLVAIFGLNGVELIGVGVLYAFISYLARVTEPLIEMTQQLALLQQALVSSERVFELIDAKPQTYGDDHKPLKTGSIELSNLTFSYDGKQDVLKDISLKAAHQDFIALVGHTGSGKSTLASLLMGFYPTNVGELLIDGRPLNTLGKDVLRKDVAMVQQDPHILPASVRENISLSRAVSDEQIWDALDKVGLSEQIHRYPNGLDTQLGQGETNLSAGQKQLLALARVLVAKPKILILDEATANIDSGTEALIQKSLKVLRQNMTLVVIAHRLSTILDADQIVVLHHGDLVEQGTHKALLQQNGRYAQMYQLQQANRHLQQIEQEDAKQLEEAV,43.9,102,129,27.907,36,83,61,4,10,47.29,21,/stor/work/Wilke/crisprtn7/reblast2/88251.assembled.fna
Ga0106003_1034,0..23396,tniQ,16771..17280,lcl|16771|17280|1|1,1,tr|A0A417XIF4|A0A417XIF4_9CLOT,5.98e-12,tr|A0A417XIF4|A0A417XIF4_9CLOT tniQ GNAT family N-acetyltransferase OS=Clostridium sp. OF09-10 OX=2292309 GN=DXA91_00825 PE=4 SV=1,MKTLTTERLILRLVSVDDAPFILELYNHPDFYRFVGDKQMRTDYEAARYIKENMLRMEEKKGVSLLVVEDKQTTQPLGICGLVKRDTLNAYDIGYGFLPSAYGQGFAIEAAKAVIEYAKQAMQLSQLVAITNNDNIRSISLLKKLGFEFERVEQQYDNGRTLELYTLQL,58.5,140,73,41.096,30,42,43,1,1,58.90,43,/stor/work/Wilke/crisprtn7/reblast2/88251.assembled.fna
Ga0106003_1041,0..21822,tniQ,6542..6021,lcl|6542|6021|2|-1,-1,tr|A0A417XIF4|A0A417XIF4_9CLOT,1.14e-04,tr|A0A417XIF4|A0A417XIF4_9CLOT tniQ GNAT family N-acetyltransferase OS=Clostridium sp. OF09-10 OX=2292309 GN=DXA91_00825 PE=4 SV=1,MCMSTLISTPRTTMSPIRAEDWALFQRLHIEPSVIALCFDKPDERVLRDKFESRLASWTPECDHWLCLTIFDANTQQPIGITGFVLEEDKAEVGYLLLPEFHGQQFGTETLEALLHWAETTHDIRRFSATVTEGNVASERVLTKCGFELSQVIPDAYQIGGKHYADKIYSRQK,38.5,88,79,29.114,23,55,40,1,1,50.63,45,/stor/work/Wilke/crisprtn7/reblast2/88251.assembled.fna
Ga0106003_1042,0..21783,tnsA,18503..19498,lcl|18503|19498|2|1,1,UniRef50_A0A2D2C3Y7,1.09e-14,UniRef50_A0A2D2C3Y7 tnsA Tn7_Tnp_TnsA_N domain-containing protein n=4 Tax=Paracoccus TaxID=265 RepID=A0A2D2C3Y7_9RHOB,MDFQQLILNKERRWQRNLVIMSVVLVLLSTIHLMVGEVFLSPFQSLSVFEQKLLLDLRLPRLLAAAMIGAALAVSGATLQVLLGNVLAEPGVLGISGGASLAMVLVMFALPVLPTPMIFMLAAIAGSMLFTLILVGIARAMHLTTARLLLVGVALGILSSAIVTWAFYFSDDLSLRQLMYWLMGSIGGASWYQHTVTLVMFPVLVWLCCQGKPLDKLMLGEIHATQLGVDVHQMRWKLILAISVLVGCSVALGGIISFVGLVVPHLLRLAFGTENRYLLPLSAISGAALLVFADIGARLLLDSAELPLGVMTTSIGAPIFIWMLVKSHDAR,70.5,171,102,38.235,39,62,60,1,1,58.82,31,/stor/work/Wilke/crisprtn7/reblast2/88251.assembled.fna
Ga0106003_1042,0..21783,csf1,19485..20252,lcl|19485|20252|3|1,1,"gi|119855198|ref|YP_935801.1|CAS-IV|csf1gr8|LS,CASCADE",7.91e-04,"gi|119855198|ref|YP_935801.1|CAS-IV|csf1gr8|LS,CASCADE csf1",MMRVKHIAVGSRLLPLSFECKAGEVVHVVGPNGSGKSTLLAAISGTLTGRDGASGEVHVDDKNLLTLSLSEQAHVRGYLCQQSRPAFNVDVFQYLALSLPSGTAITDGKVRDAVNMVVELVQLQDKLHRSIQTLSGGEWQRVRLAGVCLQVWRTINPYSQLLILDEPAAPLDIAQEGLLYQLINAIAAQGISVLVANHDLNRTLKHADKVLLLSNGVLHASGRADEVLSETGLAEVFKTQVRKVMIDERPYLIFD,38.5,88,62,33.871,21,40,30,1,1,48.39,24,/stor/work/Wilke/crisprtn7/reblast2/88251.assembled.fna
Ga0106003_1044,0..21408,tniQ,7735..7109,lcl|7735|7109|3|-1,-1,tr|A0A418X1G0|A0A418X1G0_9BURK,8.09e-04,tr|A0A418X1G0|A0A418X1G0_9BURK tniQ Helix-turn-helix domain-containing protein OS=Herbaspirillum sp. K2R10-39 OX=2320862 GN=D3870_09960 PE=4 SV=1,MPTNQEELSAFAYLSGKDFVQRLIEVTESKSQRVLSERLGVPTSTISTWVKRGLTPHEIAVRAHLHTGVSLRWLLLGEGEAFPNRSSQKHESKRMETKFLFDIDSFKILNGELTELKTLTFDKSLLDDVSVVNAMAIREGNFTSIIDKEVRQAVSGTYLVDMDGLLSLNEIQRLPGKKLAISFNGSTLTVEENEVRVVGRVALVMEKK,37.7,86,60,36.667,22,37,34,1,1,56.67,28,/stor/work/Wilke/crisprtn7/reblast2/88251.assembled.fna
Ga0106003_1051,0..20359,tnsA,11494..12531,lcl|11494|12531|1|1,1,UniRef50_A0A2D2C3Y7,4.18e-15,UniRef50_A0A2D2C3Y7 tnsA Tn7_Tnp_TnsA_N domain-containing protein n=4 Tax=Paracoccus TaxID=265 RepID=A0A2D2C3Y7_9RHOB,MLLRRIPLSTTLITLSGFLAFIAIASITVGPMNISFTDSLRGLIGAHSELAPHIQLVINEIRLPRTILCMFIGAILAICGVVMQGLFRNPLAEPGIIGVSAGAALGGAFAIVVFAEFSQNHPQLMNLAALPLFAFLGGALTTVLVYWLGTNKFGTSVTIMLLAGVAISALSGAAIGFLNFSADDQMLRDLTLWSMGSLAGANWAGIGLASVTLVVLLFWFHKKAMSLNALLLGESEARHLGVPVQKLKRQLILLSAVGVGVTVSICGAIGFIGLVIPHLGRMLAGPDHRTLLPISALLGALLLTCADMIARVLLAPAELPVGIVTALIGAPFFIYLLFQQRGKIL,72.0,175,105,40.952,43,60,67,2,2,63.81,30,/stor/work/Wilke/crisprtn7/reblast2/88251.assembled.fna
Ga0106003_1051,0..20359,glmS,4344..5258,lcl|4344|5258|3|1,1,WP_035343592.1,2.94e-06,WP_035343592.1 glmS two-component system response regulator GlrR [Dickeya],MAKVVSKANQSQGMLMFKLTLQQNFAIGTLKVREIVPYMPTTKIPYSHHHVIGTVTIRDLTVPVIDMSAAVGFRPITQEEYKNCYLIVTDCLRTVVAFMVRSIEKIIECDWKAIETPPASAGKNIFVTGITRYGDQTVQMLDVELLLSKIYPQYENANIPMLTDVERERLKALNILLVDDSSIARKQLSDALDSINISYQICKNGSDALQLMKNEAEANRPIDILVSDIEMPGLDGYELAFEVQNDSALNHSYRILHTSLSSEICVDRAHQVGAHEALEKFNAGELIEAMLRGAKELEANAMAS,45.8,107,76,38.158,29,42,40,1,5,52.63,25,/stor/work/Wilke/crisprtn7/reblast2/88251.assembled.fna
Ga0106003_1054,0..19522,tniQ,3944..5134,lcl|3944|5134|2|1,1,tr|S5IUU9|S5IUU9_VIBPH,0.0,tr|S5IUU9|S5IUU9_VIBPH tniQ Uncharacterized protein OS=Vibrio parahaemolyticus O1:Kuk str. FDA_R31 OX=1338034 GN=M634_16400 PE=4 SV=1,MMLLQRPKSYPDESLESFFIRVANKNGYNDVHWFLVAVKRYLLDIDPRKFQTFPTDICCINPYSSKKHSISRTHALHHLSQLTFNEPVDLLGIALNRNQMQFSPSTTALIRGAEVIPRSLLRKGAIPCCPCCLGEHGYASYRWHFSGYEYCHEHDVKLIERCSCGAIYDYRYAGLSGVCTECGENISASQENHEPKATRIASWLAGDDVKPLPDVPLSYRWGFMHWWSQISSSCKTRNNGEFLAFWEHWPNSFHKLIGKEIDFNFEYCVLSKNDLRVKDILGKILFSSIQLPDRNFRSNIILKEMFQYIETHLWDDNGKLANLRMNMLEICVLLNCSREQVTSMIEQGLLPPNRQLGKREILIVTEYAFYLGDVYCLWLSEFQSDEFNRSFYLSRW,789,2037,396,94.949,376,20,386,0,0,97.47,100,/stor/work/Wilke/crisprtn7/reblast2/88251.assembled.fna
Ga0106003_1054,0..19522,tnsB,12198..11449,lcl|12198|11449|2|-1,-1,UniRef100_A0A1T0A091,2.09e-11,UniRef100_A0A1T0A091 tnsB Transposon Tn7 transposition protein tnsB n=1 Tax=Moraxella caviae TaxID=34060 RepID=A0A1T0A091_9GAMM,MEANDGSIIPILFTSLPANANPVTASERLLSSMGDPLAFSHGKDPAELMKIVNDLLRECRVELIIIDEFQHMIDRKSKDVLHSTADWLKMIIIDSKIPVVLFGMPYSTEILRVNNQLRGRFESQHHLKPFRVKDTSELIRYKTFMTMLDAALPFLEESGLASEDIMKRVYIFSKGNMRLIRRLINKAAKFALLENAPCISLKHFARAAPKVSRDACKSFNPFDTDTKKLKIIEPPEDVGWENYLAAKGD,61.6,148,199,24.121,48,134,94,6,17,47.24,78,/stor/work/Wilke/crisprtn7/reblast2/88251.assembled.fna
Ga0106003_1054,0..19522,tnsB,14273..12399,lcl|14273|12399|3|-1,-1,UniRef100_A0A1T5HV69,7.11e-119,UniRef100_A0A1T5HV69 tnsB Transposon Tn7 transposition protein TnsB n=1 Tax=Photobacterium piscicola TaxID=1378299 RepID=A0A1T5HV69_9GAMM,MSDDSENLYAFGSFFPEKHSNTSVPKTSKGTRFGIELQESYQDLFSFDEKRRDEAIHRYNILDYLIELHGPSLTLKKISGSMKGLADKFHPNVPSAPSIYRYWTTFKKSGFVLSSLIPGVTRGNTKQRKTLELEEYIERAIKSYFSAESPTIQQAFTLLETEIDRHNECNDTQLSFEYESFRKRIVKKTDYERLLIKKGKKAADTYYKKVGQRPETTRVLQRVEADHTRLDLFVIDDARKLPLGRPWLTLLFDTHTKSVVGFYLGFEPPGYLSVSLALENAILPKYYVKELYPEVKGEWPCYGLPEHLIVDNGAEFNSKDFVTACKNLRIKVKKNPVKKPWLKGSVERYFRTINNKLLSGIPGKSFSNIFARGDYNPQKNAIITRSDLMKVIHVWLIDIYQSSPNGLENNIPNLSWADAMRSAFPPRSFNGSIDELRFNLGKHVEISLDRNGIRLKKTLRYTSSYLAQYFGKHTYDGKSIKVKIKYNPICMGNIYVLDEDKHEFFAVESVDPDYAYSVSEWLHKVCCDYARNHIRNNYRHNDVIKAWRVIYDIIDEALHLSGNGKQANVGIRQASKLERVREHAERTKSHQKPELHMSSNDDIDWDVEVNTDGWKIDSVRGTNK,364,934,617,35.332,218,374,344,9,25,55.75,98,/stor/work/Wilke/crisprtn7/reblast2/88251.assembled.fna
Ga0106003_1054,0..19522,tnsA,14893..14270,lcl|14893|14270|1|-1,-1,UniRef50_Q87GC1,6.42e-157,UniRef50_Q87GC1 tnsA Tn7_Tnp_TnsA_N domain-containing protein n=42 Tax=Gammaproteobacteria TaxID=1236 RepID=Q87GC1_VIBPA,MKKRIIKNSKVKNISRFVSLKTDSVQTTESDLEFDACFHFEFASHVKSFETQPLGFEYRLNGRLRRYTPDMLCYFNDGYATYYEVKPKWVTERDEFKKKFDAQKQQAIANGYDLLVLTEDDIQTYPLLDNLKIIHRYACSDSLDNVQVRILKLFQNYGEMRISQVINASQGQSASILPALYDLIAKKILEFDWHCPISHDSLVWRVS,431,1107,207,99.517,206,1,207,0,0,100.00,100,/stor/work/Wilke/crisprtn7/reblast2/88251.assembled.fna
Ga0106003_1054,0..19522,cas5,5135..7057,lcl|5135|7057|2|1,1,"gi|433660432|ref|YP_007301291.1|CAS-I-F|cas5f|G5,CASCADE",0.0,"gi|433660432|ref|YP_007301291.1|CAS-I-F|cas5f|G5,CASCADE cas5",MATLAEILDNKTDDLNKDLRRAFRPLSAPVDISDTPIEALTILVNLTDRVIEQKNLLDRQKCKDKLRDEKWWANCFRTVKYRQSHNPKFPDIRANGVIRAAPVGHLPACMLSSSKLPKNSWAYANDSSQMNKSCFLTSEFIWNGDVHCLGQLLTELEHPLWNVLRKLGCYVKTAKYISKELALIPPLEINTSLVRNYLAQISLPNGEDSYISLSPVVSQSMQEDCYQVLSEHYRFSAITRFSRATNMGTLAMSCGGKFKMIRSLPPIEKYQHHHLDSVNWLTKRSVRAIRDYTESSVWVISPNKLALRKKSIIGDIKMMLSQWLRTTPTHEEKLDIRKLTERFNVDLAKTKFANRYAYDPLLTQLIYNCIGSIIHSSPQYAPKCEGNDDKYLLLPNLRISGASAMNTSVSIGIPSMMAFYGFVHAFQRNVQTANPNFKIESFAVCIHNIHVENRGLTREWVPNTKGQITAPATRDDWQCDVAVSLILRCSHYSQLIPRDFIRLLPGRIARGKVTVSISDIKHLGRCLSLADAIKAIPVETGRWLSLNNEVTLNSIQDVIDELKNNKLQTVNCIGYHRLETPCEKRGSLHGYKHAFVETILGIIKFLTISENTNPSQYFWQYHYSKQGPILLPRSVSDETS,1333,3450,640,100.000,640,0,640,0,0,100.00,100,/stor/work/Wilke/crisprtn7/reblast2/88251.assembled.fna
Ga0106003_1054,0..19522,cas7,7044..8087,lcl|7044|8087|3|1,1,"gi|433660433|ref|YP_007301292.1|CAS-I-F|cas7f|G7,CASCADE",0.0,"gi|433660433|ref|YP_007301292.1|CAS-I-F|cas7f|G7,CASCADE cas7",MKLPNGLSYMKSIEASDVIFLVNWPDGRKTPLPYTSRVALGMKEGSKSAYKDDGQIDADVTAYSLAQGNPHEIDFCCVPYGAESIECEFSVSFASSLRKPFKCSDPEVKRTLVQLIKLYEEKVGWEELANRFLENICNGRWLWRNNECTYSTSIGIKPWPWEDEKAISPFHDIRKNYAGTNHFRDHKDWDNLIKLITDAFSQPNGLCIFEVSATFRLGTNAPIYPSQVFKDSVKGEKNRIYQSTDVDGESSPILGCYKTGAAIATIDDWYPDADKPIRISHYGAHREDVYCYRHPNTGKDLFTLLEKADQYLEQLQATDVLPDEMINDLHFIVANLIKGGLLQQKGT,726,1875,347,100.000,347,0,347,0,0,100.00,100,/stor/work/Wilke/crisprtn7/reblast2/88251.assembled.fna
Ga0106003_1054,0..19522,cas6,8091..8687,lcl|8091|8687|3|1,1,gi|28901245|ref|NP_800900.1|CAS-I-F|cas6f|cas6,2.25e-149,gi|28901245|ref|NP_800900.1|CAS-I-F|cas6f|cas6 cas6,MDWHYRTITFLPEYRNNEAIAAKCIKELHRFNYKYETRSIGVSFPLWGQETVGRKITFVSTNKMELDFLISRRYFVQMTKLGYFSISTTQTVPDDCSYVLFKRAHSIDKGTSAGRARELKRLERRALERGEIFDPIAYSKTTSHAFQSYHSLEEDSSSGNKFRLNIQMKERSGTVGTGKFSSYGLGNTDNSLQVVPLI,411,1056,198,99.495,197,1,197,0,0,99.49,100,/stor/work/Wilke/crisprtn7/reblast2/88251.assembled.fna
Ga0106003_1054,0..19522,parE,10020..11393,lcl|10020|11393|3|1,1,WP_183466676.1,2.75e-40,WP_183466676.1 parE DEAD/DEAH box helicase family protein [Mycolicibacterium iranicum],MLRDWQRNCIKEALGKYKSGYKHFLTQATPGAGKTVMAAYLSKQLLDSNMIDLIICFSPSANVANGFTRTFSRVLQCSFNGSLGALGTSLTYQAIQYLDEQFWETISKHRVLAIFDEIHHCSGETLSDANAWGEQIILKVQKASKYTLALTGTPWRSDSLPISLSSYSNPEGKIICDYQYTLKQAITDRVCRKPKLVLVDNEQLQYVSPEESKYYSSIQALFKEQKISYSSIVQDTDALVHILKLSASKLLSIRASNQDAGGLIVASSVAHARQIQTILNEQLKQPSVMVSYHDPDAQKIIEQFKNGHSPWIISIGMISEGTDIPRLQVCCHLSNVRTELYFRQVLGRILRITDSNNQEAWLYTLAEENLVKFAEEIEQDIPDSCLYIKQPEDKEEEDAHSLETSSSHTVRTFSKLGNFKWNNSDTSAQVGNENSVPYGSFTLGRFRERVIEAFVGI,150,378,393,30.025,118,246,181,11,29,46.06,82,/stor/work/Wilke/crisprtn7/reblast2/88251.assembled.fna
Ga0106003_1054,0..19522,yciA,15035..15520,lcl|15035|15520|2|1,1,WP_011072708.1,3.12e-88,WP_011072708.1 yciA acyl-CoA thioesterase [Shewanella oneidensis],MSSGQRDITLRFLAEPGDVNFGGKVHGGAVMKWIDLAAYACSAAWSGKYCITAYAGGIRFVAPIHVGNLVEVSAKVIYTGRSSMHIAIDVQASDPKQMKNRLTTHCIVIMVAVDESGKPTDVPKWIPESDEDKALEQSAIRLMNMRKEIGEEMEAHVKYLK,252,644,158,74.684,118,40,135,0,0,85.44,98,/stor/work/Wilke/crisprtn7/reblast2/88251.assembled.fna
Ga0106003_1071,0..16944,tniQ,12838..13986,lcl|12838|13986|1|1,1,tr|A0A2W1D0I8|A0A2W1D0I8_9PLEO,4.58e-12,tr|A0A2W1D0I8|A0A2W1D0I8_9PLEO tniQ Pectate lyase OS=Pyrenophora tritici-repentis OX=45151 GN=A1F97_07859 PE=3 SV=1,MTLEIKPGQTHIKSKAMVAWAAGEPLKMEEVDVQLPKAGEVLVRIVATGVCHTDAFTLSGDDPEGIFPSILGHEGGGIVEMVGEGVTSVEVGDHVIPLYTAECGECKFCKSGKTNLCQAVRETQGKGLMPDGTSRFSINGETIFHYMGCSTFSEYTVLPEISLAKVNKQAPLEEVCLLGCGVTTGMGAVLNTAKVEKGDTVAIFGLGGIGLSAIIGARMAGASRIIGIDINESKFDLAKQLGATDVINPQKFDKPIQEVIVEMTDGGVDYSFECIGNVNVMRQALECCHKGWGESVIIGVAGAGQEISTRPFQLVTGRVWRGSAFGGVKGRSELPEIVNRYMAGEFGLQEFITHTMGLEDVNKAFDLMHEGKSIRTVIHMDK,64.3,155,245,26.939,66,160,124,11,19,50.61,61,/stor/work/Wilke/crisprtn7/reblast2/88251.assembled.fna
Ga0106003_1071,0..16944,casR,7325..8122,lcl|7325|8122|2|1,1,gi|124027528|ref|YP_001012848.1|CAS-I|casR|CARF,0.001,gi|124027528|ref|YP_001012848.1|CAS-I|casR|CARF casR,MKGATMEKSTQPEAVSSVLKVFHILQALGEQKAIGVSELSQRLMMSKATTYRFLQTMKSLGYVSQEGEADKYSLTLKLFELGAKSLEYVDLIELADKEMRHISEQTNEALHLGALDENAIIYIHKIDSGYNLRMQSRIGRRNPLYSTAIGKVLLSERDESFVRDVLSDVEFIKHTEKTLENTDQVLEELAKVRDFHYAEDNEEQEPGLRCIAAPIYDRFGQIIAGLSISFPTIRFDEERMEYYVGLLHQAGKNISEQLGYHDYPA,38.1,87,52,36.538,19,33,32,0,0,61.54,20,/stor/work/Wilke/crisprtn7/reblast2/88251.assembled.fna
Ga0106003_1071,0..16944,cas2,10077..10787,lcl|10077|10787|3|1,1,gi|116513938|ref|YP_812844.1|CAS-I-E|cas2|cas2,1.01e-08,gi|116513938|ref|YP_812844.1|CAS-I-E|cas2|cas2 cas2,MIKRWFKRWETPLSPEQKRQAIHVIDDWPMVLKDYLQRPLVDDSTTLKDLSFVALDFETTGVDAQGDKILSIGVVDLTLDGIDIASSKEWYICHGQFIKPETAQINGLTPQDLAKGLPLDEGMNRLLKRITGKVVLAHGCCIEKAFIHAYFSSRYQVEDFPAYFIDTLQIEKQFSYAGKSGAHSSYQLDDLRRYYHLPGYLSHSAASDALACAELFLVQSKKLTALPDVTLRQLMR,53.1,126,173,26.590,46,110,83,6,17,47.98,72,/stor/work/Wilke/crisprtn7/reblast2/88251.assembled.fna
Ga0106003_1071,0..16944,guaC,2747..2124,lcl|2747|2124|2|-1,-1,WP_020878299.1,2.27e-05,WP_020878299.1 guaC GMP reductase [Desulfococcus multivorans],MKDLNQQLSEIKVVPVIAIKDAGKAVKLAQVLIENGLPCAEVTFRTEDAALAIKNMREAYPEMLIGAGTVLTSAQVDEAIDAGVDFIVSPGFNPTTVKYCQQRNVTIVPGVNNPSLVEQAMEMGLRTLKFFPAEPSGGVAMLKALSAVYPVKFMPTGGVSPSNVKDYLSISSVLACGGTWMVPGDLIDNEQWDELAKLVREVAGIIE,42.0,97,64,42.188,27,31,34,3,6,53.12,31,/stor/work/Wilke/crisprtn7/reblast2/88251.assembled.fna
Ga0106003_1076,0..16672,tniQ,2575..1541,lcl|2575|1541|1|-1,-1,tr|A0A2W1D0I8|A0A2W1D0I8_9PLEO,1.36e-14,tr|A0A2W1D0I8|A0A2W1D0I8_9PLEO tniQ Pectate lyase OS=Pyrenophora tritici-repentis OX=45151 GN=A1F97_07859 PE=3 SV=1,MTNATNRRIVLASRPHGAPTTENFRLEEVAKPVPQAGEMLLRTVYLSLDPYMRGRMSDAESYAEPVALDDVMIGGTVCQVEASNHPDYEAGEWVLAYTVGWQDYAISTGEMVIKLGKEPQNPSYALGVAGMPGFTAYMGLLDIGQPKPGETIVVAAATGPVGATVGQIGKIKSCRVVGIAGGEEKCRYAKEVLGFDECIDHKADDFAQQLKEACYNGIDVYFENVGGKVFEAVMPLLNTSARIPLCGLISQYNATELPEGTDHLPLLMGKLLTKRIKVQGFIIFDDYGHRYGEFAQDINQWLAEGKIQYREHLVEGLDNAPKAFIGLLEGKNFGKLVVKINDPL,71.6,174,299,24.080,72,202,133,10,25,44.48,84,/stor/work/Wilke/crisprtn7/reblast2/88251.assembled.fna
Ga0106003_1079,0..16123,tnsA,4222..3548,lcl|4222|3548|1|-1,-1,UniRef50_A0A3M5N9X7,5.40e-11,UniRef50_A0A3M5N9X7 tnsA HTH gntR-type domain-containing protein n=380 Tax=Bacteria TaxID=2 RepID=A0A3M5N9X7_PSEAZ,MSQKPVFKTRTQLVEEAIRTQILKGELKTGQPLRQDALAKEFNVSRIPVREALVQLEAQGLVSFEPHKGATVTELSPDKIDELFELRAVVECHILERAIQNMTDEDLERAREVRERFEAVVNSGDEVEEWSNYNYEFHKALYAPANMPETMDVIYNLNTKCDRYIRMQLLFTTGIKKAEQEHLTLFEMCQNRDIDGAKYLLKKHILEAGTAIRNLLLERQSPNN,58.5,140,239,26.778,64,130,108,9,45,45.19,94,/stor/work/Wilke/crisprtn7/reblast2/88251.assembled.fna
Ga0106003_1079,0..16123,tnsB,7047..8303,lcl|7047|8303|3|1,1,UniRef100_A0A1U9Z828,5.72e-06,UniRef100_A0A1U9Z828 tnsB Transposon Tn7 transposition protein TnsB n=1 Tax=Martelella mediterranea DSM 17316 TaxID=1122214 RepID=A0A1U9Z828_9RHIZ,MLGKEELRNQSIAVIGAGIIGLSIGLKLQQQGYRVTIFDPNGVGNGCSKGNAGHIATEQVFPLATPALIPQLPKMLLSSTSPVSIRWQDLPNTVGWMTRFLLKAKPSAAKASTQAITSLNTRAVQSWNLLLDSIGKSGLIKMDGSLLTFESESLFEGYQSTLDALAEQGVRYEIWTQNEIRRRLPELSRKVRFGVFFPETGHTINPYALCVELSNAFEKLGGSLVHEEVDSVSKNGDVLVNTQRMSFDKIVVAAGVHSKALVRQLTGVNVLIQAERGYHLMMNDKRESLPFPISSADRKFIMTPMSEGLRLAGTVEYADVKSPPNMKRAEMLYQQGNVMFESGLNPLKQQEKWMGNRPSTIDSLPVIDQCFNGKILLAFGHQHLGLTQAAITADLISELVADKPTSVNIAPFTLQRFA,46.2,108,56,42.857,24,31,32,1,1,57.14,13,/stor/work/Wilke/crisprtn7/reblast2/88251.assembled.fna
Ga0106003_1087,0..15482,tniQ,9766..10680,lcl|9766|10680|1|1,1,tr|A0A1H5ELX7|A0A1H5ELX7_9NOCA,1.75e-04,"tr|A0A1H5ELX7|A0A1H5ELX7_9NOCA tniQ Regulatory helix-turn-helix protein, lysR family OS=Rhodococcus koreensis OX=99653 GN=SAMN04490239_9271 PE=4 SV=1",MPPLQGLYYFFIAAKEGSFKTAAKNLFVTPAAISQQVRQLEEFLGTDLFVRQHRKIVLTPEGELLFTQAERGFAHLQQGVRLVNQDPNPNHLSISTLPSFAHHWLVPKITAFRQRHPDIALLLEPTNDLVSFQDSQIDLCVRYGLGKYPNLESQWLMDEAFYPACHPMYQKEHGIYSIEDLSKAELIEDVWPDLDWNMWLARLGHSAAKPALKYSGSHLVLEAALSLQGVALVKHSLAYQYFRTGKLVRIGDIAIKPRFAYYLCAPKGYLKRPKAQLFVQWLKEEIDTFEKSVTQDFEIIELDK,40.8,94,68,32.353,22,44,35,1,2,51.47,22,/stor/work/Wilke/crisprtn7/reblast2/88251.assembled.fna
Ga0106003_1089,0..15092,tnsA,2811..1981,lcl|2811|1981|3|-1,-1,UniRef50_P0AC11,4.99e-37,UniRef50_P0AC11 tnsA Dihydropteroate synthase type-2 n=619 Tax=cellular organisms TaxID=131567 RepID=DHP2_ECOLX,MIITANNKSLDLSRPHVMAILNVTPDSFSDGGKFNSLELALAQVEKMITAGVSIIDVGGESTRPGAPDVSLEEELQRVVPVVKAIREKYDVWISVDTSKAEVMRQAIAVGADLINDIRALQEPGALQVAAASKLPVCLMHMKGQPRTMQESPQYENLMDDVAQFLEERIAACEAVGINKSQLILDPGFGFGKTIEHNYHMLAHLEKFHEFGLPILAGMSRKSMIFKLLDKPAADCTNASVVCATIAAMKGAQIIRVHDFEETIEAMKIVEMTQNNI,130,327,257,33.852,87,157,138,7,13,53.70,91,/stor/work/Wilke/crisprtn7/reblast2/88251.assembled.fna
Ga0106003_1089,0..15092,tnsA,4843..2864,lcl|4843|2864|2|-1,-1,UniRef50_A0A0P9PXI9,1.70e-09,UniRef50_A0A0P9PXI9 tnsA TnsA endonuclease n=3 Tax=Pseudomonas syringae group TaxID=136849 RepID=A0A0P9PXI9_PSESX,MAKNLILWLVIAVVLMSVFQSFGPGESNGRTVDYTTFVQEVGQGQIQEATFKDGEISFVRRGGGAKMVTYMPVYDQKLLDDLINQNVKVQGTPPEEQSLLGTIFISWFPMILLIGVWIFFMRQMQGGGGKGAMSFGKSKARMMSEEQIKTTFADVAGCDEAKEDVKELVDYLRDPSRFQKLGGKIPTGVLMVGPPGTGKTLLAKAIAGEAKVPFFTISGSDFVEMFVGVGASRVRDMFEQAKKAAPCIIFIDEIDAVGRQRGAGVGGGHDEREQTLNQMLVEMDGFEGNEGIIVIAATNRPDVLDPALLRPGRFDRQVVVGLPDVRGREQILKVHMRKVPLAGDVEPSLIARGTPGFSGADLANLVNEAALFAARGNKRNVSMVEFELAKDKIMMGAERRSMVMSEETKESTAYHEAGHAIVGRLVPEHDPVYKVSIIPRGRALGVTMYLPEQDRVSMSRQHLESMISSLYGGRLAEELIYGPEKVSTGASNDIERATDIARKMVTQWGFSEKLGPLLYAEDEGEVFLGRSVTQTKHMSDDTAKLIDDEVRQIIDRNYDRAKKILEDNMDIMHAMKDALMKYETIDARQIDDLMERKAEIREPAGWGDNPMNKPKDDDKSQATPEVKEEEKATDSANAAEQVTSQDSASSEVPEKKDSE,53.9,128,95,32.632,31,60,53,2,4,55.79,14,/stor/work/Wilke/crisprtn7/reblast2/88251.assembled.fna
Ga0106003_1089,0..15092,tnsA,12282..13571,lcl|12282|13571|3|1,1,UniRef50_A0A1C6RKQ5,7.58e-12,"UniRef50_A0A1C6RKQ5 tnsA Murein DD-endopeptidase MepM and murein hydrolase activator NlpD, contain LysM domain n=2 Tax=Micromonospora inyonensis TaxID=47866 RepID=A0A1C6RKQ5_9ACTN",MHSIFVRLPLLHKVLIGFFSALIIIALFFLPDPQDLNPQQSRLKVGQHYPVPISLELTTLNGASQMSSVLRWETYKVKNGESAAILFNRVGLSARLLHELVSSDKEIEQQLTRLRPGDKLQFGFDEKNDLVQLRRTLSAFETFRIKLQDGKYVSEVDKKEVDYQFNYAEATIKSNFWNAGISSGLNGNQIMELAGIFGWDIDFALDIRKNDSFRVLYQEEVVEGEVIGRGKIIAAIFKNQGDTFTAILDEKTGKYYDENGRAMKKAFLRAPLDFRRVTSNFNPRRLHPVTGRVRPHRGTDYAAPVGTPIWAAGDGVVQKSAYNKFNGNYVFIKHSNTYITKYLHLTKRTVKTGQRVKQGQTIGTLGGTGRVTGPHLHYEFLVNGVHKNPRTVNLPQSKSLTGKARQTFMANAKVSMDKLDRYSKLLAMR,65.1,157,111,36.036,40,49,52,2,22,46.85,21,/stor/work/Wilke/crisprtn7/reblast2/88251.assembled.fna
Ga0106003_1089,0..15092,glmS,1961..621,lcl|1961|621|1|-1,-1,WP_000251875.1,6.83e-21,WP_000251875.1 glmS phosphoglucosamine mutase [Bacteria],MSNKRRYFGTDGVRGKVGQYPITPDFVLKLGWAAGRVLAKQGTKKVIIGKDTRISGYMLESALEAGLAAAGLKATFTGPMPTPAVAYLTQTFRAEAGIVISASHNPYYDNGIKFFSSEGTKLPDDIELAIEAELDKDIECVESSELGKATRLNDAAGRYIEFCKSTFPSTLSLSNLRIVVDCAHGATYHIAPNVFKELGADVIAMGVEPNGININEEVGATDVRALQKRVVEEQAHLGLAFDGDGDRIIMVDHLGNKVDGDQIAYIIARDALRRGELKGGVVGTLMTNLGMENGLKQLGIPFVRAAVGDRYVMEQLLAKGWKIGAENSGHVILLDKVTTGDAIVAALQVLASVVGSDMSLHDLSQGMTLYPQVLENVRFAGENNPLEAQAVLAAVEEVEAELGDKGRVLLRKSGTEPLIRVMVEGEDAELVQSSALKIADAVKASC,85.1,209,79,50.633,40,38,55,1,1,69.62,17,/stor/work/Wilke/crisprtn7/reblast2/88251.assembled.fna
Ga0106003_1090,0..15070,tnsA,11964..12920,lcl|11964|12920|3|1,1,UniRef50_A0A1C6RKQ5,1.61e-10,"UniRef50_A0A1C6RKQ5 tnsA Murein DD-endopeptidase MepM and murein hydrolase activator NlpD, contain LysM domain n=2 Tax=Micromonospora inyonensis TaxID=47866 RepID=A0A1C6RKQ5_9ACTN",MMKDQLTISISTINGSKHWYFSKRMQRNLKTFLGLFVLTLAATAILINHLYARVDSAAMKQAQLTEHSRSMGEELSTLKALKSELENDLSEREERVQLVSERLGELEKVLGVDNHATNEDLDTRLDSAAITSNVRTLMLNQIPNGSPVGKVRLSSGFGKRIHPVTKVAKMHRGLDFAVNIGTKIYAPADGVVEVTRRSNTGSGNFLRLQHSFGFTSSYSHLKKFKVQSGQFVRKGDLIGISGNSGLSSGPHLHYEVRFVGRALNPKPFVDWSLNNFEDIFTKERKIRWESLIKTVEQRVAQQLQLSSPKAVLLAENSK,59.7,143,125,32.000,40,59,56,3,26,44.80,31,/stor/work/Wilke/crisprtn7/reblast2/88251.assembled.fna
Ga0106003_1094,0..14595,tniQ,3646..2726,lcl|3646|2726|3|-1,-1,tr|A0A1M7QIA1|A0A1M7QIA1_9ACTN,2.43e-04,tr|A0A1M7QIA1|A0A1M7QIA1_9ACTN tniQ TniQ protein OS=Streptomyces yunnanensis OX=156453 GN=SAMN05216268_13313 PE=4 SV=1,MRSNVISGLWLFNQVASHASFTGAAKHLHLTTGAVSQQIIHLEESLGFTLFERHSRGIRLTEKGIQLQQATQLHFSELGKLLDDLRVEKHINEVRLKLTPSFAFKWLVPKLESFQLENPEIQVQIFAEGALVNSDLKDYDVAIDYGLHPYRDHDAELILDEKLLPVMSPKYLEDHRWLKTPFGDQTSSMSANQWQAATLLHDAMPWEKATRDYEWLYWASAMGLDFKTDVGHFFNRTDMAMSAAEAGVGIAMARMALIEDELTTKRLVSPFAPIPANAGYYLIMNTRSQSTERFREWLLKQIESRR,40.4,93,76,28.947,22,50,44,3,4,57.89,24,/stor/work/Wilke/crisprtn7/reblast2/88251.assembled.fna
Ga0106003_1094,0..14595,guaC,14541..14149,lcl|14541|14149|1|-1,-1,WP_003150717.1,7.89e-50,WP_003150717.1 guaC IMP dehydrogenase [Bacillus],MVGSMFAGTEEAPGEVILYNGRSYKAYRGMGSLGAMSQGSSDRYFQSDNAADKLVPEGIEGRIAYKGRLKEIVHQQMGGLRSSMGLTGSATIEDMRTKAEFVRISGAGMQESHVHDVQITKEAPNYRLGN,163,412,128,58.594,75,51,98,1,2,76.56,98,/stor/work/Wilke/crisprtn7/reblast2/88251.assembled.fna
Ga0106003_1096,0..14468,tnsA,7756..8469,lcl|7756|8469|1|1,1,UniRef50_A0A3M5N9X7,2.44e-07,UniRef50_A0A3M5N9X7 tnsA HTH gntR-type domain-containing protein n=380 Tax=Bacteria TaxID=2 RepID=A0A3M5N9X7_PSEAZ,MNSELKARYKVLGSEKEHTKSETLTETLIEVIVNGDVEPGSKISEPELARKYQVSRGPLREALMRLEGLGLIERIPHVGARVTTFSPAKLIELYSVREALEGMAARLAARHITQEELLSLEMLLSTHSKHIDQVEGASYFHQHGDFDFHYRIIQASRNSKLISLLCDELYHLLRMYRYQSPRAQSRPNEALTEHKFILEAIRNRDEELAEMLMRRHISGSRKLIQSQIIHTESLDKD,48.1,113,219,23.288,51,144,101,6,24,46.12,84,/stor/work/Wilke/crisprtn7/reblast2/88251.assembled.fna
Ga0106003_1098,0..14161,tnsB,11165..9051,lcl|11165|9051|3|-1,-1,UniRef100_A0A038GSS8,2.31e-53,UniRef100_A0A038GSS8 tnsB Transposon TnsB n=1 Tax=Caballeronia jiangsuensis TaxID=1458357 RepID=A0A038GSS8_9BURK,MITKIVNKSGQLSHKFVQSPHSYRAKSQICTIMTSIKNAELGWNEAGTPVSDQFDDVYFSNVNGLEETRYVFLKQNHLPERWQEFDQRRFVIGETGFGTGLNFLAVWQWFNEFRRNHPDAALKELHFISFEKYPLSLADLKKAHEAWPELAEYADKLQKHYPAAVPECHRIVLEDGAITLDLWFGDIKDCMPQVPYNEQGLIDAWFLDGFAPSKNPEMWNQNLFNNMAKLAKQDCTVATFTAAGFVRRGLNEAGFAMKKVKGFGTKREMIAGSMEQREKQSNHLPWFNRTASSNLDSIAIIGGGIASAALAKTLVRRGQNVTLYCKDTQPAEGASGNRQGAVYPLLNGPHTGVSRVFAPAFLFARQFVEQAAQEIDFDHDWCGVTQLMWDDKSTDKLEKMLEGNFTPELICKLSAEETAETIGLSIDMASVHYPMGGWLCPAELTRGLITQLEKTELFEAKFEHQVESLTWDEARELWTLKANGQNFEHSTVVVANGNEFQTLSQTEALPMGQVKGQVSHAPATKTLSKLKSVLCYDGYMTPVNPNNQHLCIGASYDRSHLDYEFDENAQRDNVEKLVKCIPNQEWTKEVDTSGNLSRQGIRCVSRDHLPFVGNVGDFETIKSQYADLQNQPEEEVEAIHQFPNLFCFLGLGSRGLSSAPLLAEVLASQICGDPLPLPVDVLAELHPSRMWIRKLRKGKAITEL,182,462,246,41.463,102,129,148,6,15,60.16,34,/stor/work/Wilke/crisprtn7/reblast2/88251.assembled.fna
Ga0106003_1099,0..13904,tniQ,12396..13325,lcl|12396|13325|3|1,1,tr|A0A2G7F0Q1|A0A2G7F0Q1_9ACTN,5.12e-04,tr|A0A2G7F0Q1|A0A2G7F0Q1_9ACTN tniQ Regulatory helix-turn-helix LysR family protein OS=Streptomyces sp. 70 OX=1827606 GN=CLW09_04841 PE=4 SV=1,MVNPKLIALLPDLASFILVVNEGSFTAAAKQLGVTPSALSKLITRLEQALNVKLFERTTRKLIITQAGQKVYDQSIAMVNAAQQAVELSAEEHAEPTGALTVAAPEAFLNSVLQPFVLPFLQRYPKIQLKLRAADGEIDLFRQGIDVAFKLTDKPDENLVLKEISKTNLVLCASPDYLAQRGMPEHPTQLEQHDCIYLAENDKDNIWSFFKEEAFHSIAVSGRYAVNHSQMRLNGVKAGLGIGIFHDFVVKEALERGEVVEVLSDWMIKSNYHGAVAMQYAQTKYMPARLRVFLDFVNEHLVSKEPNHV,39.7,91,77,31.169,24,49,44,2,4,57.14,24,/stor/work/Wilke/crisprtn7/reblast2/88251.assembled.fna
Ga0106003_1099,0..13904,glmS,10093..9332,lcl|10093|9332|2|-1,-1,WP_035343592.1,5.35e-09,WP_035343592.1 glmS two-component system response regulator GlrR [Dickeya],MRRLPDKERIMERHTTNVVANILLIEDDDDLAELVQMHLKFQGHQVSRESSVTAGRNAYQQQSFDLVILDRGLPDGDGLDICHHLRQQQDWTPVLVLTARDGEMDKVDGLEADVDDYITKPFSVLEFQARVRNVLRRVNQVAEKPTPEKAEDGALNFGDLKIIPQLHQVSLNDKDVALTATEFTLLQFLATRPGRVYSKDELLDHVWNTNHTGYHHTVCSTINRLRSKLSLSDSEHHFIQTVWGVGYKFQPRP,53.9,128,110,30.909,34,70,61,2,6,55.45,42,/stor/work/Wilke/crisprtn7/reblast2/88251.assembled.fna
Ga0106003_1105,0..13619,tniQ,12563..10623,lcl|12563|10623|1|-1,-1,tr|A0A444K107|A0A444K107_9RHIZ,5.56e-135,tr|A0A444K107|A0A444K107_9RHIZ tniQ Uncharacterized protein (Fragment) OS=Mesorhizobium sp. M4B.F.Ca.ET.089.01.1.1 OX=2496662 GN=EN780_35465 PE=4 SV=1,MSSRKQARLEAKQFIDTLSVQPYPNSTKVYVEGSRPDIRVPMREISLADSLIGGTKEAPIFEPNEPVRVYDTSGVYTDPDYAIDLYSGLPKLREGWIEERNDTEILEDVSSVYAKERLDDETLDDLRYGNLPRIRRAKVGKCVTQLHYARKGIVTPEMEYIALRENMGRAQYRDDVLTQQHPGQSFGANLPKDITAEFVRKEVAEGRAIIPSNINHPESEPMIIGRNFLVKVNANIGNSSVTSSIEEEVEKLVWATRWGGDTVMDLSTGRNIHETREWILRNSPVPIGTVPMYQALEKVNGIAENLNWEVMRDTLIEQAEQGVDYFTIHAGLLLRYVPMTAKRVTGIVSRGGSIIAKWCLAHHQESFLYTHFREICEICAKYDVALSLGDGLRPGSVADANDEAQFAELRTLGELTKIAWEYDVQVIIEGPGHIPMHMIKENMDQQLEHCHEAPFYTLGPLTTDIAPGYDHITSGIGAAMIGWYGCAMLCYVTPKEHLGLPNKEDVKTGMITYKLAAHAADLAKGHPGAQVRDNALSKARFEFRWEDQFNLALDPDTARAFHDETLPQESGKVAHFCSMCGPKFCSMKISQEVREYAKDTEQVAADQAISIKMLDDPLEGMRKKSEEFRATGSELYHPAVHAEADE,395,1016,227,80.617,183,44,202,0,0,88.99,35,/stor/work/Wilke/crisprtn7/reblast2/88251.assembled.fna
Ga0106003_1108,0..13387,tniQ,11656..12573,lcl|11656|12573|1|1,1,tr|A0A498PN23|A0A498PN23_9MYCO,5.48e-06,tr|A0A498PN23|A0A498PN23_9MYCO tniQ HTH lysR-type domain-containing protein OS=Mycobacterium attenuatum OX=2341086 GN=LAUMK136_00063 PE=4 SV=1,MAIEPSLISSLTWFAHVARHRSFTKAASEMGVTRAALSQHVKGLEKQLQVRLLNRTTRNMSLTEEGQRLLDTLHPSLTNIEQALNSLNDLHIEPAGLIRISVSRTAARLLIEPHLGEFLSRYPKIRLELIMDDGLTNIVAEGMDAGIRLGVSLDEHMVAIPITPNLTNAIVGSPDYFKRYGKPETPNDLEHHNCLAYRFTSSGTLDHWSLTSPDVDKHTVIFEPKGNAVFNDDYSMLQAAIQGVGLIKHIDLWVLKYLEEGKLERVFVDWCKPFPGFYLYIPSRENMPKKIRVLMDFLIEKRAEL,45.8,107,79,36.709,29,43,42,2,7,53.16,24,/stor/work/Wilke/crisprtn7/reblast2/88251.assembled.fna
Ga0106003_1108,0..13387,cas3,13244..12684,lcl|13244|12684|3|-1,-1,gi|319790584|ref|YP_004152217.1|CAS-I|cas3HD|cas3,0.002,gi|319790584|ref|YP_004152217.1|CAS-I|cas3HD|cas3 cas3,MQIPTCGLECVPAVTGVMIKQLMIISSVGFVVIAAADFAYQKFDHTKKLKMSKDEVKREYKEMEGSPEIKSKRRQLHQELQASNQRENVKRSNVLVTNPTHIAVGLYYKKGETPLPVITLMETDAMAKRMIAIAREEGVPVMQKVPLARALYADGNVDQYIPSELIEATAEVLRWLASLESDGTQR,37.0,84,110,32.727,36,64,55,5,10,50.00,57,/stor/work/Wilke/crisprtn7/reblast2/88251.assembled.fna
Ga0106003_1113,0..12857,tnsA,10371..9502,lcl|10371|9502|3|-1,-1,UniRef50_A0A2D2C3Y7,8.87e-07,UniRef50_A0A2D2C3Y7 tnsA Tn7_Tnp_TnsA_N domain-containing protein n=4 Tax=Paracoccus TaxID=265 RepID=A0A2D2C3Y7_9RHOB,MTPQQLFSGDAKALELFFTSRIPRLFAILLAGAGLSIAGLVMQQISQNRFAAPSTTGTIECAMLGYVMSVVFFGDGDHLWLVFGISVLGTLTFVHFIQRIQFKSVVFVPLVGIIFGNVIESMTTFIAYKYDALQSLSAWSVANFANILRGDFELLYIAVPMVILSYLFAARISAVGIGKDFAVNLGLNYQQVVTIGVLLVSIMSASVVMIVGQLPFLGLIVPNLVSHFYGDNLKKNIPLTAMYGAILVLGCDLVSRLIIFPHEMPISIVISILGGVVFIAMLLRGKQHA,47.0,110,103,24.272,25,77,58,1,1,56.31,36,/stor/work/Wilke/crisprtn7/reblast2/88251.assembled.fna
Ga0106003_1118,0..12711,tnsA,7412..6423,lcl|7412|6423|2|-1,-1,UniRef50_A0A3N1KIY1,3.08e-06,UniRef50_A0A3N1KIY1 tnsA TnsA endonuclease-like protein n=17 Tax=Streptomyces TaxID=1883 RepID=A0A3N1KIY1_9ACTN,MSISNTVSKVEEFEYDNTSETTIDNELEKSSSTTEGKTAVREEFDASSKSLDATQLYLGEIGFSPLLTAEEEVLYARRALRGDEAARKRMIESNLRLVVKISRRYSNRGLALLDLIEEGNLGLIRAVEKFDPERGFRFSTYATWWIRQTIERALMNQTRTIRLPIHVVKELNIYLRTARELSQKLDHEPTAEEIAAQLDIPVEDVSKMLRLNERISSVDTPIGGDGEKALLDIIPDANNSDPEVSTQDDDIKSSLIHWLEELNPKQKEVLARRFGLLGYEPSTLEEVGREIGLTRERVRQIQVEGLRRLREILIKQGLNMENLFNVEDD,46.6,109,48,47.917,23,25,31,0,0,64.58,15,/stor/work/Wilke/crisprtn7/reblast2/88251.assembled.fna
Ga0106003_1119,0..12703,tniQ,5075..5965,lcl|5075|5965|2|1,1,tr|A0A2T7KRU6|A0A2T7KRU6_9ACTN,8.88e-05,tr|A0A2T7KRU6|A0A2T7KRU6_9ACTN tniQ LysR family transcriptional regulator OS=Streptomyces sp. CS131 OX=2162711 GN=DBP20_17590 PE=4 SV=1,MRHLKSFYVFHVAASSSSYTEAADKLNITHGAVSKQIKQLEQYLSQPLFLKEGRKAVLTAEGELLKTYTKTAFQTLETGVNTLIQEKHQHLEVSCEPTLTMRWLMPRLAAFNDEHRADVRLSTAGGPVTLGSTGLSMAIRRDDFAQPHDYNKTILVEEWVGPVFSPEYWQSIQDDLDAVRLLNSQTRPHAWADWQQSTRCETFNGNTQQSFAHFYFCIQAAVDGLGAAMGSYPFVMDDIKRGNLVAPFGFVLSGCNYVLLSQDKKRTELEHKFITWLQTQMVECVPLPSQQNTQGE,42.0,97,86,36.047,31,49,42,3,6,48.84,28,/stor/work/Wilke/crisprtn7/reblast2/88251.assembled.fna
Ga0106003_1132,0..12032,tnsD,11311..10859,lcl|11311|10859|2|-1,-1,UniRef90_A0A1L7NNG5,8.40e-08,"UniRef90_A0A1L7NNG5 tnsD Transposition protein, TnsD-related protein n=1 Tax=Pseudomonas putida TaxID=303 RepID=A0A1L7NNG5_PSEPU",MATAALKSFKPKQPHKANFWFMLGIEDAETGRTDAVHKGFEPKVYRNIVERVKLSQNEFQNVTLIPVSTIKRRLKNDERFNTQESDAIYRLAMLLKLATELFDDEERALEWMKENVYGLGGKRPLDMVSTTVDFEIVKDLIGRLEHGVFS,45.4,106,60,33.333,20,40,33,0,0,55.00,40,/stor/work/Wilke/crisprtn7/reblast2/88251.assembled.fna
Ga0106003_1157,0..10884,tniQ,5030..4482,lcl|5030|4482|2|-1,-1,tr|A0A417XIF4|A0A417XIF4_9CLOT,2.69e-04,tr|A0A417XIF4|A0A417XIF4_9CLOT tniQ GNAT family N-acetyltransferase OS=Clostridium sp. OF09-10 OX=2292309 GN=DXA91_00825 PE=4 SV=1,MSPDFEIITPRLALRLIPADDAHSLQRLLSQSPSLHTWLDWCNAEISLKDAQDFLLATRLNWVKTEAFGFGIYDRDSNTLLGMAAVNELYHTFNMASIGYWVADRYQRQGYAQEAIKALAEFCFAKLSLTRIEIVCDPDNNASQALIESVGAKKEAIARNRFIFHGKPKDGVVYSLLPTDLL,37.7,86,114,25.439,29,71,52,3,14,45.61,63,/stor/work/Wilke/crisprtn7/reblast2/88251.assembled.fna
Ga0106003_1157,0..10884,cas3,9479..6018,lcl|9479|6018|2|-1,-1,gi|347756299|ref|YP_004863862.1|CAS-I|cas3HD|cas3,2.31e-07,gi|347756299|ref|YP_004863862.1|CAS-I|cas3HD|cas3 cas3,MTKATILSVTNPTERGDKKQLGNLPGAALPLAIAELAKQHSSHSLLVVPDPQIALKLQAEIEQFTDQPVSLFPDWETLPYDNFSPHQEIISDRIARLYQLPNQRGGVTIVPVSTVLQRQSPREFLLQHTLMVKTGDNFSLEHLRVQLENSGYRHVDQVFGPGEYASRGSILDLFPMGSADPYRIDFFDDEIDTIRTFDPENQRSIEDIQQIQLLPAHEFPTTKEAIEDFRTRWRTQFEARREPESIYMQVTKGTWPAGIEYWQPLFFDHTETLFDYLPEDSQLITYGDIEAAVDTFLNDVEYRYDQKKIDPLRPLLAPHDLWLKKDELFAHFKQLPQAQLSLEKVVKRAGRQNLAVQTLAELGVQQQNKEPLSRLRQFSEQFTGKIIFSVESEGRREALTELLQGIKVRPVVQESLYHALESDHRFTLILGSAEHGFIHDELNFVLICESDLLGDRVIQRRRKDKKAVNSDTVIRHLAELKPGQPVVHIDHGIGRYIGLQTLEAGGMKTEYVTLEYQNDAKLYVPVSSLNLISRYSGGAEETAPLHKLGGEAWSKARRKAAEKVRDVAAELLDVYAKRELKPGFKFALDRGQYATFKATFPFEETDDQAMAINAVLSDMCQAKAMDRLVCGDVGFGKTEVAMRAAFVATDNSKQVAVLVPTTLLAQQHFENFRDRFANLPIRVEVLSRFKSAKEQKVILQDVADGKVDIVVGTHKLLSSDIKFKDLGLLIVDEEHRFGVRQKEKVKAMRADVDILTLTATPIPRTLNMAMSGMRDLSIIATPPARRLAIKTFVREREESVVREAVLREIMRGGQVYFLHNQVETIEKTAEDLQKLIPEARITVAHGQMRERELERIMNDFYHQRFNVLVCTTIIETGIDVPTANTIIMDRADNLGLAQLHQLRGRVGRSHHQAYAYLLTPHPKAMTKDAIKRLDAIASLEDLGAGFTLATHDLEIRGAGELLGDEQSGQIQSVGFTLYMEMLEQAVEALKEGKEPSLDDLLREQTEVELRIPALLPDDYIPDVNTRLSMYKRIASVSDSDELSELKVELIDRFGLLPDAAKNLLAVSELKFAAGSIKAKKIEAHDKGGFIEFYPDADINPAYLVKLLQSQPQKFAMEGPTKFKFSVPLADRRKRIQFVQDLLNDFKQNLLPTS,53.9,128,166,27.108,45,107,84,6,14,50.60,14,/stor/work/Wilke/crisprtn7/reblast2/88251.assembled.fna
Ga0106003_1159,0..10839,tnsA,8162..8929,lcl|8162|8929|2|1,1,UniRef50_A0A3M5N9X7,2.80e-12,UniRef50_A0A3M5N9X7 tnsA HTH gntR-type domain-containing protein n=380 Tax=Bacteria TaxID=2 RepID=A0A3M5N9X7_PSEAZ,MAYQRIRQPKLSDVIEQELERLIVEGTLSPGQQLPPERELAKQFDVSRPSVREAIQRLEAKRLLTRRQGGGTFVSENIWKSFSDPLLNLLSSHSETQLDLLESRHAMEGISAYFAALRGTEEDFARIQGCLERISKEQANNDIEAESAEVMQFLIAITEAAHNVVLLHIVRSLAPLLEQNILQNFKLLRRRPEAVEKVSKHRANIVDAIVSGQPEKAREMSHSHLAYIEETLLDLTREESRRERSLRRIQQGNNS,62.4,150,149,33.557,50,91,78,4,8,52.35,57,/stor/work/Wilke/crisprtn7/reblast2/88251.assembled.fna
Ga0106003_1162,0..10750,tniQ,6581..7615,lcl|6581|7615|2|1,1,tr|A0A2W1D0I8|A0A2W1D0I8_9PLEO,4.65e-15,tr|A0A2W1D0I8|A0A2W1D0I8_9PLEO tniQ Pectate lyase OS=Pyrenophora tritici-repentis OX=45151 GN=A1F97_07859 PE=3 SV=1,MAPTINTRVNQFCFGQPKTSLSLEKVPLKPLAQGKVRVRLEATNINPSDLLSIHGVGQYRRVHVPPRVPGFEAVGRVVEVSAVGHAGFQVGQKVLVAMSGTWQYYIDASPENLFPLPESLDNGYACQLYINALTAWVITTKVAKLNKGDVVIINAAGSAIGKIFAQLAHSLGFTLIAVTSKPEEYPYDTIPVLDAKKDLHAQLQTRKLPQPTVALDAIGGEAGTDLIRTLKENGQYINYGTLSLAPYTPVFFESVKANNIDFSTFFLRYWEESVGKGGGKTVFAEMLKHFIANDIKLAVARYLPLEAFQTAIEQIEEKSLARSGKIILTMRIQQGMALTIPFAF,73.2,178,234,27.778,65,151,108,6,18,46.15,65,/stor/work/Wilke/crisprtn7/reblast2/88251.assembled.fna
Ga0106003_1162,0..10750,tniQ,9036..9983,lcl|9036|9983|3|1,1,tr|A0A391PPK1|A0A391PPK1_9MYCO,1.76e-04,tr|A0A391PPK1|A0A391PPK1_9MYCO tniQ HTH lysR-type domain-containing protein OS=Mycolicibacterium sp. NCC-Tsukiji OX=2185272 GN=NCCNTM_10160 PE=4 SV=1,MLSAKMDRKQQMLSNMYTFAVAGKCLSFTKAAEELFITQGAVSQRIKSLEEQLGFSLFVRMTRRLELTKEGERLLHALNQSFEVIFSELEDIKFNELRGELYIGVAPTFAQSWLLPRMVEFQRLYPSLNIKLRVKASRLDFLHEPVDIAIYYSDSEHPGFHHQRLFDEELMPVCSPEYSQIHFSDGVSSASQFEAVTFIHCTESLEANEPNHEWQSWLASQSNPELKSLNVMEKTYLFNHADMAMIAAKNSMGIAMARASLVQTSLEKGELVAPFERVNAGRGYDLICLNGQQHRPKNAAFIEWLETQLPPLASQ,41.2,95,67,35.821,24,41,39,1,2,58.21,21,/stor/work/Wilke/crisprtn7/reblast2/88251.assembled.fna
Ga0106003_1162,0..10750,cas3,3469..4806,lcl|3469|4806|1|1,1,gi|386346436|ref|YP_006044685.1|CAS-I|cas3|cas3,7.26e-08,gi|386346436|ref|YP_006044685.1|CAS-I|cas3|cas3 cas3,MVHLTDCDKVRACVLPHLHCFYCFFNQKYKVSLMPFSTLSLSSELIHALPKDFKKPTDIQALAIPELLAGQDLLALANTGSGKTLAYGLPLLEKLSVNPEQKALILVPTRELAMQVSEAINQVGQVLELNAVCLCGGVDKEQQQQALATNPHILVATTGRLVDLANNGLDLSNIHYLVLDEADRLLDMGFWPDVQNIAGLISNQRQTAMFSATFSDELKGKAKLLMQAPKQVAAHQENSTNQDIAETLYLVNKGSKTKALIELIQKNAWTQALVFIGAKENADGLAKKLNKAGISTNALHGNKSQNEREEALAQFKSGQIQVLIATDLLARGIHIEQLPVVINFELPMHAETYVHRVGRTARAGEQGVAMSLVCHGEMDALNAIRHLTQRTLPVQELVGFPVTDKPSTGESKRAPRDKKANRRTHAKKSIKQFQGKSKRPAPSAK,53.5,127,188,28.723,54,107,96,8,27,51.06,37,/stor/work/Wilke/crisprtn7/reblast2/88251.assembled.fna
Ga0106003_1164,0..10543,tniQ,884..1270,lcl|884|1270|2|1,1,tr|A0A3A3DGX9|A0A3A3DGX9_9RHOB,5.15e-05,tr|A0A3A3DGX9|A0A3A3DGX9_9RHOB tniQ Uncharacterized protein OS=Paracoccus sp. JM45 OX=2283626 GN=DWB67_05530 PE=4 SV=1,MLHTSNPIIKHKAGLLNLAEELGNVSRACKVMGVSRDTFYRYQGLVETGGIDALINQSRRTPNLKNRVDSETEQAVLKYAIDFLAHGQVRTSNELRKLGVFISPSGVCSTWFRHDLENFKKRLRKTGS,39.3,90,51,45.098,23,28,27,0,0,52.94,40,/stor/work/Wilke/crisprtn7/reblast2/88251.assembled.fna
Ga0106003_1164,0..10543,xre,7728..8285,lcl|7728|8285|3|1,1,tr|A0A150F2Z7|A0A150F2Z7_9BACI,1.65e-07,tr|A0A150F2Z7|A0A150F2Z7_9BACI xre XRE family transcriptional regulator OS=Bacillus nakamurai OX=1793963 GN=AXI58_04480 PE=4 SV=1,MDNHEIGKNIVQLRKKHGLSQRELAERAGITHSAISSIENGKVSPSVSSLQKIVNVFSLSLSEFFIFEQSSNDEVKVVFKPSDLVEIGSETVSMKLVTNGDKDQVIGFLIEEYAPHGTTGAAEIRHEGEEVGTILEGEITLEYKGQSYVLTAGESYIIDTTKPHRFTNHTDKACRLISAHTPTTF,38.1,87,79,29.114,23,52,39,2,4,49.37,43,/stor/work/Wilke/crisprtn7/reblast2/88251.assembled.fna
Ga0106003_1168,0..10371,tniQ,4424..5356,lcl|4424|5356|2|1,1,tr|A0A5D4JI87|A0A5D4JI87_9ACTN,1.73e-04,tr|A0A5D4JI87|A0A5D4JI87_9ACTN tniQ Uncharacterized protein OS=Streptomyces parvus OX=66428 GN=FY004_08655 PE=4 SV=1,MMKFARTQCMKSEPFERVTLKMLRYFYEVAQTKHFTKAAENLNITNSPLSNRIKELEEVLNVKLFERDSRNVMLTEAGRLLESKCQLIFQTLDVSLNQVQQVGLNQRNILRVGVVSSAFWGGFDRLLQRFHAEHDTYHADIFDLNPETQKKHLSEKKIDVGIVRFADALNIYPYQSVSLGKDVFVVAVSEQHELASKSLLRLQDLKTCEFAFMSLANSASANFIINACLQEGFSPHIGKQVVEPSTLMAYVANSNTVTLVPSTFSQHHWHGIRFIKLKESLRADLCLIHDGKQESAIKAEFIRTLLENAS,41.2,95,59,37.288,22,37,33,0,0,55.93,19,/stor/work/Wilke/crisprtn7/reblast2/88251.assembled.fna
Ga0106003_1168,0..10371,guaC,2788..3399,lcl|2788|3399|1|1,1,WP_020878299.1,1.26e-04,WP_020878299.1 guaC GMP reductase [Desulfococcus multivorans],MTTLEQRLREIKIVPVIAINDVAHALPLAKVLVENGLPCAEVTFRTEAAAESIRIMREAYPELLIGAGTVLTTEQVDIAIEAGVDFIVSPGFNPTTVKYCQQRGVTIVPGVNNPSLVEQAMEMGLRTLKFFPAEPSGGVSMLKALTAVYPVEFMPTGGVSPSNVEDYLALKSVVACGGTWMVPTAMMDNGDWEGIAELVRAVK,39.7,91,71,39.437,28,37,37,3,6,52.11,35,/stor/work/Wilke/crisprtn7/reblast2/88251.assembled.fna
Ga0106003_1168,0..10371,rsmJ,7553..7053,lcl|7553|7053|2|-1,-1,WP_000954217.1,1.17e-105,WP_000954217.1 rsmJ 23S rRNA (adenine(2030)-N(6))-methyltransferase RlmJ [Vibrio],MVLTELHPADHPLLEQEFHRDRQVNIYKEDGFKRLKGSLPPQERRGLVLIDPPYELAKEYRDVVQAIYQSHKRWATGIYAIWYPVVNRHDIEDMIEGLESLGIRKILQIELGVAPDTNERGMTASGMIVINPPWKLESQMKEILPFLQDAIAPATGHWKVDWIVPE,301,771,166,86.747,144,22,157,0,0,94.58,100,/stor/work/Wilke/crisprtn7/reblast2/88251.assembled.fna
Ga0106003_1172,0..10333,tnsA,2830..3831,lcl|2830|3831|1|1,1,UniRef50_A0A1C6RKQ5,1.83e-10,"UniRef50_A0A1C6RKQ5 tnsA Murein DD-endopeptidase MepM and murein hydrolase activator NlpD, contain LysM domain n=2 Tax=Micromonospora inyonensis TaxID=47866 RepID=A0A1C6RKQ5_9ACTN",MSKKIIMQIPTKNGDQQFYLGRGSVLTILTSIIALPAVVGGAWYLNQQQIHNQTTLAQTITKLESEKAEITALYEEQLDTNHSLSQALTDKNNQIQLLGKRVFDVESVLGLADEELSIDENNLALEERIDAAAIDSAVRATMFRLIPNDSPVTYQRISSSYGSRINPISGRRHVHTGIDLTCKRGEEILAPADGVVETVRPGNKGYGNYLTLRHSFGFSSSFAHLNKFNVKSGQFVSKGDVIAQCGNSGNSTGPHLHYEVRFLGRTLNPQSLMEWTPENFNYVFEKEKMVKWGPLVQLIDNVVRLQINLTNSPYRDTTINTVSSEDNNETIIN,59.7,143,107,33.645,36,50,53,2,21,49.53,26,/stor/work/Wilke/crisprtn7/reblast2/88251.assembled.fna
Ga0106003_1172,0..10333,glmS,8560..9486,lcl|8560|9486|1|1,1,AAV86896.1,1.49e-05,AAV86896.1 glmS glucosamine--fructose-6-phosphate aminotransferase [Anaplasma marginale str. St. Maries St. Maries],MTNDALIAALSHLVSEGRNPDTMDIDLLPSLDIVQRINQQDKLVPLAVEKVLPEIAQAVDKITDAFKVGGRLIYMGAGTSGRLGVLDASECPPTFGVSDKMVIGLIAGGPEAILKAKEGAEDSPQLGEQDLKDIDFSSNDVLVGIAASGRTPYVIGGLEYANTIGATTVALSCNPDSPIADIADIAISPVVGPEALTGSTRLKSGTAQKLVLNMLTTASMIRLGKSYQNLMVDVKATNNKLVARAARIVMQATECTKEEATEVLKQTNYEVKLAILMILTDLDIESARQHLHHQDGFLRKAVESHKAN,43.9,102,137,27.737,38,82,64,4,17,46.72,44,/stor/work/Wilke/crisprtn7/reblast2/88251.assembled.fna
Ga0106003_1173,0..10306,tnsA,10256..9858,lcl|10256|9858|3|-1,-1,UniRef50_A0A1C6RKQ5,5.32e-07,"UniRef50_A0A1C6RKQ5 tnsA Murein DD-endopeptidase MepM and murein hydrolase activator NlpD, contain LysM domain n=2 Tax=Micromonospora inyonensis TaxID=47866 RepID=A0A1C6RKQ5_9ACTN",MDGLGKQRGKLPWPLKGSVLHNFGTRQTGQVNWKGMVLSANYGQQVKAVYPGTVVFAEYLRGYGLVVLLDHGKGDMTLYGYNQALTKKEGDKVTAGEVIALAGDTGGQDRPSLYFEIRRNSEAQNPKSWLKR,45.4,106,146,28.767,42,78,63,5,26,43.15,92,/stor/work/Wilke/crisprtn7/reblast2/88251.assembled.fna
Ga0106003_1181,0..9679,tniQ,4601..5521,lcl|4601|5521|2|1,1,tr|A0A0P7BH99|A0A0P7BH99_9ACTN,2.29e-04,tr|A0A0P7BH99|A0A0P7BH99_9ACTN tniQ HTH lysR-type domain-containing protein OS=Frankia sp. R43 OX=269536 GN=ACG83_38985 PE=4 SV=1,MSRRLPPLNSLRVFEAAARHLSFTRAAEELFVTQAAVSHQIKALEEFLSLKLFRRRNRSLLLTEEGQSYFLDIKDIFTSIAEATDKVLERSEKGALTISLPPSFAIQWLVPRLADFNAQEPDIDVRIKAVDMDEGSLTDDVDVAIYYGRGNWPGLRADKLYQEFLIPLCSPSLLLGNKPLESLSDLKLHTLLHDTSRKDWKQFARHYNIEGINVNHGPIFSHSTMVLQAAAHGQGVALGNNVLAKPEMEAGRLIAPFDEVLISKNAFYVVCHEQQADMGRIATFRDWMLATARKEQEEVLDEPVDS,40.4,93,66,40.909,27,37,34,1,2,51.52,21,/stor/work/Wilke/crisprtn7/reblast2/88251.assembled.fna
Ga0106003_1183,0..9562,tnsA,7487..9349,lcl|7487|9349|2|1,1,UniRef50_A0A380Q0N8,3.06e-05,UniRef50_A0A380Q0N8 tnsA RNA polymerase sigma factor n=17 Tax=Enterobacterales TaxID=91347 RepID=A0A380Q0N8_YERFR,MDQNPQSQLKLLVIKGKEQGYLTYAEVNDHLPAEIVDSEQVEDIIQMINDMGIKVVETAPDADDLALNDDTNITDEDAAEAAAAALSSVESEIGRTTDPVRMYMREMGTVELLTREGEIDIAKRIEEGINQVQSSVAEYPGTIPYILEQFDKVQAEELRLTDLISGFVDPDADDTAAPTATHIGSELSETQLEEEDEEDLEDDEESDDDSDDSEEDVGIDPELALEKFNQLRSTYQNLQLAINEYGYDSPKATVANEMMLDVFKEFRLTPKQFDHLVNELRTAMDRVRTQERLIMKSVVEYGKMPKKSFIALFTGNESSDAWLDEILASDKPYAEKIKRNEEEIRRSIAKLKMIEEETSLNVQNIKDISRRMSIGEAKARRAKKEMVEANLRLVISIAKKYTNRGLQFLDLIQEGNIGLMKAVDKFEYRRGYKFSTYATWWIRQAITRSIADQARTIRIPVHMIETINKLNRISRQMLQEMGREPLPEELAERMQMPEDKIRKVLKIAKEPISMETPIGDDEDSHLGDFIEDTTLELPLDSATATSLKMATKDVLAGLTPREAKVLRMRFGIDMNTDHTLEEVGKQFDVTRERIRQIEAKALRKLRHPSRSETLRSFLDE,44.7,104,52,42.308,22,29,34,1,1,65.38,8,/stor/work/Wilke/crisprtn7/reblast2/88251.assembled.fna
Ga0106003_1183,0..9562,rsmJ,835..32,lcl|835|32|1|-1,-1,PRD22402.1,6.55e-28,PRD22402.1 rsmJ rsmJ [Trichonephila clavipes],MSYFEAFILALIQGLTEFLPISSSAHLILPSAIFGWADQGLAFDVAVHVGTLMAVVIYFRHEVITLFQALFASIFKGDRSKEAKLAWMIVIATIPACVFGLLMKDVIEVYLRSAYVIATTTIVFGLLLWWVDKNAKLVADEYQTGWKKAVFIGIAQALAMIPGTSRSGATITAALYLGFTREAAARFSFLMSIPIITLAGSYLGMKLVTSGEPVHVGFLLTGILTSFISAYICIHFFLKMISRMGMTPFVIYRLILGVGLFAFLLSA,110,274,200,39.000,78,113,125,7,9,62.50,73,/stor/work/Wilke/crisprtn7/reblast2/88251.assembled.fna
Ga0106003_1183,0..9562,rsmJ,4605..3544,lcl|4605|3544|2|-1,-1,PRD22402.1,3.46e-06,PRD22402.1 rsmJ rsmJ [Trichonephila clavipes],MTPKFPLYRKHTEKTMRIIGIETSCDETGIAIYDDEKGLLAHKLYSQVKLHADYGGVVPELASRDHVKKTIPLIKEALKEANLTSQDIDGVAYTAGPGLVGALLVGATIGRSIAYAWGVPAVPVHHMEGHLLAPMLEDNPPPFPFVAVLVSGGHSMMVEVKGIGEYKILGESIDDAAGEAFDKTAKLMGLDYPGGPLLSKLAEKGTPGRFKFPRPMTNVPGLDMSFSGLKTFTANTIAANGDDEQTRADIAYAFEEAVCATLAIKCKRALEQTGMKRIVIAGGVSANRRLRAELEKLAKKIGGEVYYPRTEFCTDNGAMIAYAGMQRLKNGEVADMSVEARPRWPIDQLTPIA,46.6,109,114,19.298,22,76,57,2,16,50.00,32,/stor/work/Wilke/crisprtn7/reblast2/88251.assembled.fna
Ga0106003_1189,0..9265,tniQ,1227..2096,lcl|1227|2096|3|1,1,tr|A0A3D8NHY0|A0A3D8NHY0_9ACTN,5.43e-07,tr|A0A3D8NHY0|A0A3D8NHY0_9ACTN tniQ LysR family transcriptional regulator OS=Streptomyces sp. IB2014 011-12 OX=2174847 GN=DDV98_25620 PE=4 SV=1,MESKQLKHFLAVAEHGNVTHAAKALHIAQPALSISIKKFEQSLGVTLFRREDKKISLTKEGETLLIHAQRVIQQLHDAQLAIDELKGLAKGEVRLGTPSMMGSYFFPRIVMAFKSQFPDLKLTLVEAGTQSIRRMLLNGQLDIGVISCDDVPEDLETDHLFSSQMVAVVAPEHELAQREAITFDEFFEHELVMFQHGYFHREFLDHVSEEHGFSMKSSFETNLLPLILSIVRQEFAITALLELVTQNEKGVVGIPFHPPVTLDLALAWRKEGYLSIADRTFIDFVKRYV,48.5,114,86,32.558,28,56,50,1,2,58.14,29,/stor/work/Wilke/crisprtn7/reblast2/88251.assembled.fna
Ga0106003_1211,0..8622,tniQ,6127..6870,lcl|6127|6870|1|1,1,tr|A0A1G8KW73|A0A1G8KW73_9FIRM,0.001,tr|A0A1G8KW73|A0A1G8KW73_9FIRM tniQ TniQ protein OS=Desulfosporosinus hippei DSM 8344 OX=1121419 GN=SAMN05443529_14119 PE=4 SV=1,MLIAQTTGVLFFTHGYSEGVMDIKESIILVTSAGSVIGRTCSSHFAHLGATLILCDQNSSALKASYDQIRAFTDKVYAMNVCSDNPTSINLLFDQIESQLRATPDVIVNCWTSSPMPSLMAPEPMSIYIDHLSSAARFLYTYGQVGAERFRARNKKGVIVNVISHDNHEDLTGVESMAALVSGFTHSWAKELTPFNIRVGGVIPSVSHTREDLDERHWAEIQDELVRNTAYIVSNEYFSGRVVATEV,38.1,87,135,24.444,33,87,59,5,15,43.70,54,/stor/work/Wilke/crisprtn7/reblast2/88251.assembled.fna
Ga0106003_1211,0..8622,cas2,1298..1942,lcl|1298|1942|2|1,1,gi|339443062|ref|YP_004709067.1|CAS-I-E|cas2|cas2,2.91e-06,gi|339443062|ref|YP_004709067.1|CAS-I-E|cas2|cas2 cas2,MTIENEALTLKKRFRGYFPVVVDVETAGFNAQTDALLEICAVTLRMDEEGVLHPASTIHFHIEPFEGANLEKEALEFNGIRDPFSPLRGAVSEQEALKEIYKLIRKEQKASDCSRAIMVAHNAAFDLSFVNAANERCKLKRVPFHPFATFDTATLSGLAYGQTVLAKACKTAGMEFDNREAHSALYDTQKTAELFCGIVNKWKALGGWPLVNEE,45.8,107,123,21.951,27,77,58,3,19,47.15,57,/stor/work/Wilke/crisprtn7/reblast2/88251.assembled.fna
Ga0106003_1218,0..8378,tniQ,2170..1262,lcl|2170|1262|2|-1,-1,tr|A0A5R9M7S2|A0A5R9M7S2_9ACTN,7.71e-06,tr|A0A5R9M7S2|A0A5R9M7S2_9ACTN tniQ LysR family transcriptional regulator OS=Streptomyces sp. So13.3 OX=2136173 GN=C8250_08370 PE=4 SV=1,MNIRDFEYLVALAEHKHFRKAAEACFVSQPTLSGQIRKLEDELGTALLERSSRRVLFTDSGLQLVDQAKRILSEVKTFKDMASGQSGAMTGPMHIGFIPTVGPYLLPKILPQLKEEFPELELFLHEAQTHQLVRQLEEGKLDCLVLASVAETAPFKEIEVYNEPLSVAVPCGHEWAQLDQVDMLELNGKTVLALGDGHCLRDQALGFCFAAGAKDDERFKATSLETLRNMVAAGAGITLLPQLSIPAEKQKDGVCYIPAVNPTPSRSIVLAYRPGSPLRARFEALAAKIKAILESQPSSMAA,45.1,105,75,32.000,24,46,41,1,5,54.67,25,/stor/work/Wilke/crisprtn7/reblast2/88251.assembled.fna
Ga0106003_1227,0..8175,tnsA,7293..8132,lcl|7293|8132|3|1,1,UniRef50_A0A3M5N9X7,1.66e-05,UniRef50_A0A3M5N9X7 tnsA HTH gntR-type domain-containing protein n=380 Tax=Bacteria TaxID=2 RepID=A0A3M5N9X7_PSEAZ,MVIKAKSPAGFAEKYIIESIWNGRFPPGSILPAERELSELIGVTRTTLREVLQRLARDGWLTIQHGKPTKVNQFMETSGLHILDTLMTLDVDNATNIVEDLLAARTNISPIFMRYAFKANKENSERTIKNVIESCEALVNASSWDDFIASSPYADKVLQSVKEDNEKDEVKRQEILIAKTFNFYDYMLFQRLAFHSGNQIYGLIFNGLKKLYDRVGSYYFSNPASRDLALRFYRQLLETCETGQREQLPVVIRHYGMESAQIWNEMKKQLPTNFTEDDS,43.1,100,58,36.207,21,37,36,0,0,62.07,21,/stor/work/Wilke/crisprtn7/reblast2/88251.assembled.fna
Ga0106003_1227,0..8175,cas5,136..951,lcl|136|951|1|1,1,"gi|333983111|ref|YP_004512321.1|CAS-I-F|cas5f|G5,CASCADE",0.007,"gi|333983111|ref|YP_004512321.1|CAS-I-F|cas5f|G5,CASCADE cas5",MLGEGEGAKNNAHYVKAFRQATKSVNPNAYVLGEHFFEATQWLQGEQEDGAMNYYGFAHPVRAFIAHQDITYDPIDIDGFEFKAWLDEARAKVPFANQLSQLNQLDSHDTARFLTLVNGDEKKMQIALALLMTYVGAPCIYYGSEVGLEGSFDPDNRRCFPWHLVQGSPWLHLYQQWIEIRKQFKALQSGSMQWLYCDERAFAYARQLGEETLIVAVNIGLQESTIDLPLWQLGLNAKHLHQLLDKCEIIDYEGHVSVNMAALSINLWQVK,36.2,82,75,33.333,25,44,40,3,6,53.33,28,/stor/work/Wilke/crisprtn7/reblast2/88251.assembled.fna
Ga0106003_1227,0..8175,cas1,7293..8132,lcl|7293|8132|3|1,1,gi|374307349|ref|YP_005053780.1|CAS-I-C|cas1|cas1,5.49e-04,gi|374307349|ref|YP_005053780.1|CAS-I-C|cas1|cas1 cas1,MVIKAKSPAGFAEKYIIESIWNGRFPPGSILPAERELSELIGVTRTTLREVLQRLARDGWLTIQHGKPTKVNQFMETSGLHILDTLMTLDVDNATNIVEDLLAARTNISPIFMRYAFKANKENSERTIKNVIESCEALVNASSWDDFIASSPYADKVLQSVKEDNEKDEVKRQEILIAKTFNFYDYMLFQRLAFHSGNQIYGLIFNGLKKLYDRVGSYYFSNPASRDLALRFYRQLLETCETGQREQLPVVIRHYGMESAQIWNEMKKQLPTNFTEDDS,39.7,91,89,29.213,26,59,48,2,4,53.93,32,/stor/work/Wilke/crisprtn7/reblast2/88251.assembled.fna
Ga0106003_1228,0..8155,tniQ,7895..6993,lcl|7895|6993|3|-1,-1,tr|L8PEK8|L8PEK8_STRVR,6.29e-04,tr|L8PEK8|L8PEK8_STRVR tniQ HTH lysR-type domain-containing protein OS=Streptomyces viridochromogenes Tue57 OX=1160705 GN=STVIR_4410 PE=4 SV=1,MRNTDDYIIFYHLVEQGSFSSAARHMELTKSVVSKRIAKLEQELGVQLLYRTTRTLTLTEAGQSFFVHAKAVYQAVATAEESIVGLGKNLSGNIKITVPTISGELILPGVISEFNDKYPDINIDMELDNRFVDIVNERFDLAIRTGMLPDSSLIARKLVDANWVVCASPKYLAKHGIPKQPSELTKHNCLVYSYQETGAREWAFKADDKTYQVTVDGNLCTNNSSALRNVALLGQGVIYVPRVLVYEDLKQGSLIQLFKEETAKCLGIYAVYPYTRQQPEKIKIFIDHLYNSFQSQNHRF,39.3,90,96,33.333,32,48,47,4,16,48.96,31,/stor/work/Wilke/crisprtn7/reblast2/88251.assembled.fna
Ga0106003_1234,0..7982,tniQ,5080..5991,lcl|5080|5991|1|1,1,tr|A0A5R9M7S2|A0A5R9M7S2_9ACTN,6.69e-05,tr|A0A5R9M7S2|A0A5R9M7S2_9ACTN tniQ LysR family transcriptional regulator OS=Streptomyces sp. So13.3 OX=2136173 GN=C8250_08370 PE=4 SV=1,MDKSLQQFLLVARCQSISAAARMAGLSQPTVTSNLKKLEENLGVTLFERHPNGMVLTEYGRILYRHSNAMQHEYNQMMQSIDERKQYHVGKIKMGTGDAWWPLFVKQALNEHLTKQPSASTHVEFGNHLGLMDSLINEQIEFFIGHEIVGLSSKCDVTFIPLFQTGDAYFVSPNHPLLGKTVTEEMLHEYPALSVTYDAKKFAHVIDNPIPKQNERERQQLDDRPTYEVDSLLASIDVLKESVAVMSYTRHLQSYLESFGLRCLTMENEPNPGTVGIYRHRRETSESHLDLIAGITQRAKLLN,42.4,98,69,33.333,23,44,42,1,2,60.87,22,/stor/work/Wilke/crisprtn7/reblast2/88251.assembled.fna
Ga0106003_1234,0..7982,tniQ,6879..5944,lcl|6879|5944|3|-1,-1,tr|A0A2G7F0Q1|A0A2G7F0Q1_9ACTN,3.85e-05,tr|A0A2G7F0Q1|A0A2G7F0Q1_9ACTN tniQ Regulatory helix-turn-helix LysR family protein OS=Streptomyces sp. 70 OX=1827606 GN=CLW09_04841 PE=4 SV=1,MDKFSDMTLFVSIVKHQGLAAAGRELGLSPATVTARLQAIEERYGVKLLNRSTRHVSLTDAGAMYHQACLNIIDSVKETENLLQTGISEVRGTLKISAPRDIGKQIISPMVSAFSEQYPDVTPYLYLNDNLSNLAESGLDLVIRYGELVDSNLISRKLASSQRVLCASPDYLAKQGVPNCPQDLADHRCLAMVRSNEELKTWHFKDEESHQTITVTPKRFSDDGEVIRQWALDGAGIALKSILDIQQDLKQQRLVTVLDGYMKNFSAFSQGAEADLHVIYQSRQYQPKRVRLFLDFLVEQFSALSDASNQI,43.1,100,72,31.944,23,47,42,1,2,58.33,23,/stor/work/Wilke/crisprtn7/reblast2/88251.assembled.fna
Ga0106003_1234,0..7982,cas3,306..1874,lcl|306|1874|3|1,1,gi|325968907|ref|YP_004245099.1|CAS-I|cas3|cas3,1.58e-04,gi|325968907|ref|YP_004245099.1|CAS-I|cas3|cas3 cas3,MGFTSLGLSAPILKAIQEKGYDTPSPIQAKAIPAILEGKDVMAAAQTGTGKTAGFTLPILERLSNGPRVRANQVRALILTPTRELAAQVQENVFMYGRHLPLSSAVVFGGVKINPQMLRLRKGADVLVATPGRLMDLYNQNAVKFDQLEVLVLDEADRMLDMGFIRDIRKILALLPKQRQNLLFSATFSDEIRDLAKGLVNNPVEISVNPANSTARTVEQSIYPADVKKKAPMLVKLIKDGDWKQVLVFTKTKHGANRLAKFLIEQNLPAAAIHGNKSQGARTKALADFKSGEIRVLVATDIAARGIDIPQLPQVVNFELPKVAEDYVHRIGRTGRAGEVGKAISLVCALEASELFAIERLIQEVLPRKELEGFAPTNVVPESKLDTRPIKPKKPKKPKKPKAPNASGENAPATEKKAGNGANKPKRRFNGGNNGNKNSTNQGGAGKPKGNREGQGRAHSKPDDRKPNGNKPNDNKPSGNKPNGNKSGNAGKPSGNRKPNNAKPAGNKPSGQRRKPRPQAAN,43.1,100,227,22.907,52,146,95,9,29,41.85,40,/stor/work/Wilke/crisprtn7/reblast2/88251.assembled.fna
Ga0106003_1239,0..7827,tniQ,291..1202,lcl|291|1202|3|1,1,tr|A0A2M9IWC8|A0A2M9IWC8_9ACTN,6.71e-06,tr|A0A2M9IWC8|A0A2M9IWC8_9ACTN tniQ HTH arsR-type domain-containing protein OS=Streptomyces sp. CB01201 OX=2020324 GN=CG740_33200 PE=4 SV=1,MIELKHLRTLTSLRDTGSLTATATALHLTQSALSHQIKDLESRIGGQLFLRKTRPVKFTSEGEILLRLAEDILPKLARAENELASLKEDVNGRLHMAIECHSCFQWLMPALREYQLAWPSVTLDFSSGFGFEPLPALLAGELDLVITSDIQPRSGVHYEPLFDFEMRLITATNHPLADKEIIEPQDLADQTMLSYPVQKQRLDVVKHFLQPAGVEPARWKQADNTLMLVQMVSAGLGVAALPNWAISEFSRQGLVTSKPFGKGLWRRLFAATRNSEKDKRYLQAFFATARQQCKSHLDGIKMA,45.4,106,52,51.923,27,23,33,1,2,63.46,17,/stor/work/Wilke/crisprtn7/reblast2/88251.assembled.fna
Ga0106003_1242,0..7751,tnsA,1282..1989,lcl|1282|1989|1|1,1,UniRef50_A0A3M5N9X7,7.78e-05,UniRef50_A0A3M5N9X7 tnsA HTH gntR-type domain-containing protein n=380 Tax=Bacteria TaxID=2 RepID=A0A3M5N9X7_PSEAZ,MSAPLYMQIKQFILDKIDSGDWMVGQRIATEIELTEQFGVSRMTVNKAIRDLVNEGKLQRRPRLGTFVCDPSEKSESPLLDIRNIAEEVSDRGRQYSSKVVQQVAIKADDSIAIKLGVMLGTTVFYSEIIHYEDSTPIQLELRWVNSQYAPSYLSQDFTQITPNQYLSNNCPLSAIEHTVEAIVPDNRIKLDLKMQANEPCLLLNRRTWSQDKLVSTALLYHPGNKYKLSSKVLL,40.4,93,65,36.923,24,41,35,0,0,53.85,28,/stor/work/Wilke/crisprtn7/reblast2/88251.assembled.fna
Ga0106003_1246,0..7544,tniQ,4700..3804,lcl|4700|3804|1|-1,-1,tr|A0A2Z5JF85|A0A2Z5JF85_STRAR,4.67e-05,tr|A0A2Z5JF85|A0A2Z5JF85_STRAR tniQ LysR family transcriptional regulator OS=Streptomyces atratus OX=1893 GN=C5746_20965 PE=4 SV=1,MRGLDYKWIEALDAVVYQGSFERAAEHLFVSQSAISQRIKQLEKFLAQPVLIREQPPKPTPIGKKLLGLYRRVRLLEHEILPEIKNDTTTRPVQLSLATNADSLATWLLPALQDVMKTRQVELKLTIYGESRSIEKLKSGEVAGAISLESQAIPNCRADYLGRIDYVCVANPEFYQRYFSEGVNNQTLAKAPAVSYDQYDDLHKKFLTEHFNVRPDSVIHHNISSSEAFLKMALAGVAYCLIPRLQITDELEQGSLIDITPGFLMSYRIYWHHWQLETGVLQEISQAIVNYAQRHLPQ,42.7,99,71,36.620,26,40,38,2,5,53.52,22,/stor/work/Wilke/crisprtn7/reblast2/88251.assembled.fna
Ga0106003_1253,0..7418,tnsA,4160..2526,lcl|4160|2526|1|-1,-1,UniRef50_UPI000996D35A,7.19e-06,UniRef50_UPI000996D35A tnsA TnsA-like heteromeric transposase endonuclease subunit n=1 Tax=Streptomyces sp. CNQ329 TaxID=1298879 RepID=UPI000996D35A,MRLERIEISGFRGIKRLSLSFDELTTLIGENTWGKSSLLDALSIALPANGSLYEFELKDFHVDYSISHPQSQHIQIIVCFKAQDKHEANAGRYRRIKPAWCTTEDGEHVIYYRISASRVDHDITTKYAFLDRDGKPKQIHHSEKLAVELMTLHPVIRLRDSRRFPRPTHINGDSKNARIEKRINNTCRRLLAMPGHVNKGEIRSSLDAMKTLVEHYFAFRSISKGNPRKPRDGLFYTSPSSDKGLSQYLKETNDKQSRLLLMGLLNAYLQAKGPTDLRRCARPILIIEDPEGRLHPTHLARAWSLLQLLPMQKILTTNSGSLLGSVPLYSIRRLIRLSDKTIAKSLNTSKFGGDELRRIGFHIRFHRAGALFARCWLLVEGETEVWLFNELARQCGYDLAAEGVQIVEFAQSGLRSLIKVAKEFGIDWHVVTDGDPAGKKYAHTVRAQLGHDQERHRLTELPDRDIEHFLYNHGFELFFKDMIKVPHDHPIPAKKVVNRVLKKHAKPDLALAIVSHCEEKGMECIPVLLRWTLKRIVTMASGNT,46.6,109,191,24.607,47,125,80,4,19,41.88,32,/stor/work/Wilke/crisprtn7/reblast2/88251.assembled.fna
Ga0106003_1253,0..7418,cas4,4160..2526,lcl|4160|2526|1|-1,-1,"gi|365967614|ref|YP_004949176.1|CAS-I,CAS-II,CAS-V|cas4|cas4",0.001,"gi|365967614|ref|YP_004949176.1|CAS-I,CAS-II,CAS-V|cas4|cas4 cas4",MRLERIEISGFRGIKRLSLSFDELTTLIGENTWGKSSLLDALSIALPANGSLYEFELKDFHVDYSISHPQSQHIQIIVCFKAQDKHEANAGRYRRIKPAWCTTEDGEHVIYYRISASRVDHDITTKYAFLDRDGKPKQIHHSEKLAVELMTLHPVIRLRDSRRFPRPTHINGDSKNARIEKRINNTCRRLLAMPGHVNKGEIRSSLDAMKTLVEHYFAFRSISKGNPRKPRDGLFYTSPSSDKGLSQYLKETNDKQSRLLLMGLLNAYLQAKGPTDLRRCARPILIIEDPEGRLHPTHLARAWSLLQLLPMQKILTTNSGSLLGSVPLYSIRRLIRLSDKTIAKSLNTSKFGGDELRRIGFHIRFHRAGALFARCWLLVEGETEVWLFNELARQCGYDLAAEGVQIVEFAQSGLRSLIKVAKEFGIDWHVVTDGDPAGKKYAHTVRAQLGHDQERHRLTELPDRDIEHFLYNHGFELFFKDMIKVPHDHPIPAKKVVNRVLKKHAKPDLALAIVSHCEEKGMECIPVLLRWTLKRIVTMASGNT,40.8,94,42,45.238,19,23,29,0,0,69.05,8,/stor/work/Wilke/crisprtn7/reblast2/88251.assembled.fna
Ga0106003_1255,0..7369,tniQ,6752..5718,lcl|6752|5718|3|-1,-1,tr|A0A2W1D0I8|A0A2W1D0I8_9PLEO,6.44e-10,tr|A0A2W1D0I8|A0A2W1D0I8_9PLEO tniQ Pectate lyase OS=Pyrenophora tritici-repentis OX=45151 GN=A1F97_07859 PE=3 SV=1,MACCSWHSCRAIAHSENLMFNALVLNQEDKRTIANIEQIDETQLPEGDVLIDVDYSSLNYKDGLAITGKGKIIRNFPMVPGIDLAGTVVSSDDARYQAGDKVVLTGWGVGENHWGGMAQRARLKADWLVPLPKGLDSKKAMMVGTAGFTAMLCVQALLDADIKPEAGEILVTGASGGVGSVAVTLLAQLGYKVAAVTGRVEQNGPLLEKLGASRIIDRVEFEEPARPLEKQIWAGAVDTVGSKVLAKVLAQMDYNSAVAACGLAGGFDLPTTVMPFILRNVRLQGVDSVMCPTEKRIAAWEKLVELLPDSYFEQACTEVELAEAPKYAEDITNGQVTGRIVIKL,57.8,138,179,28.492,51,112,88,6,16,49.16,51,/stor/work/Wilke/crisprtn7/reblast2/88251.assembled.fna
Ga0106003_1267,0..6983,tnsA,5146..4202,lcl|5146|4202|2|-1,-1,UniRef50_A0A1W6LD49,3.37e-49,UniRef50_A0A1W6LD49 tnsA UPF0761 membrane protein A4W93_20890 n=42 Tax=Betaproteobacteria TaxID=28216 RepID=A0A1W6LD49_9BURK,MNQLSESYKARLSNLLPSCVAFFKYLLKRLTHDRVNVNAGYLAYITLLSIVPMLTVLLSILSKFPVFANVGEVLQGYIIENFVPASGEAVHTALQEFVANTGKMSAVGGGFLFIAALMLISNIDKNLNYIWRVKDKRRLVFSFSMYWMVLTLGPILVGASIAATSYVTSLQILENETLSGAFNLFLRWLPLLLSFFAFLGLYILVPNKKVHLAHGAVGAAVAAILFELSKKGFALYITQFPSYQLIYGALAAIPILFVWVYLCWMIVLLGAEVTAALGEQEHWSEDLDMIHSSAESQLANEGSESSDSANSTSQ,163,412,257,35.409,91,165,143,1,1,55.64,82,/stor/work/Wilke/crisprtn7/reblast2/88251.assembled.fna
Ga0106003_1279,0..6601,tniQ,3230..2340,lcl|3230|2340|3|-1,-1,tr|B5GZK9|B5GZK9_STRCL,1.31e-04,tr|B5GZK9|B5GZK9_STRCL tniQ Uncharacterized protein OS=Streptomyces clavuligerus OX=1901 GN=SCLAV_p0400 PE=4 SV=1,MLSIKQLSYALAVSKTLHFRKAADLCHVRQSTLSTGVSELERQLGIKIFERDNKKVLVTPLGREVLDKASNIMLQLEDMAHLDHSCGEPFCFPLSIGMIPTIAPYLLPKLLLTLKEQYPNAKIDIVEEQSHVLVDMVHSGEIDAAVLAIPYPCDGLLTLEFWQEDFYWVALDGQMHTDKSSITSEELQETNLMLLKEGHCLKDHILDACRLSEQTANQEYRATSLNTLIQMVMSGMGTTLIPEMALEQLVTHYPVLSAVHLNEPGPHRRIALAFRPNYVDVSSLEALSHIAKQSLK,41.2,95,77,29.870,23,54,42,0,0,54.55,26,/stor/work/Wilke/crisprtn7/reblast2/88251.assembled.fna
Ga0106003_1287,0..6412,tniQ,2107..2991,lcl|2107|2991|1|1,1,tr|A0A1X0B0X5|A0A1X0B0X5_9MYCO,1.96e-04,tr|A0A1X0B0X5|A0A1X0B0X5_9MYCO tniQ HTH lysR-type domain-containing protein OS=Mycobacterium aquaticum OX=1927124 GN=BST13_12675 PE=4 SV=1,MKLPPLRAVHCFEVVARNLSFSLAAEELNVTQSAVSHQIRLLEDYLGESLFIRQGRKLSLSDTGARYLEDISPAISSIAMASQKVREGDKGSIRLAIYSSLAVKWLIPRLADFKRLYPEIDLTLNMVAGDPEQTDSVGDCFITVQKPKRNYMAVKLYAETLYPVCSHKIWKEIQDQSIPDALWQYPILSTDSIYRERGKDWAEWCKAGGYMLPNDVDVQHFSHMLLAIEAARYDQGIAFANDFMLNERDKAQDLVYIPSHGLETGDSFYFVHKKNRAKQAEIVKLTNWLKQQCL,40.8,94,62,33.871,21,39,35,1,2,56.45,20,/stor/work/Wilke/crisprtn7/reblast2/88251.assembled.fna
Ga0106003_1303,0..6004,tnsA,536..2287,lcl|536|2287|2|1,1,UniRef50_A0A345DB38,4.96e-07,UniRef50_A0A345DB38 tnsA ResIII domain-containing protein n=396 RepID=A0A345DB38_9BURK,MYTLRPYQADSVKAVIHYFRKHSTPAVIVLPTGAGKSLVIAELARLAKGRVLVLAHVKELVEQNHAKYEGYGLKGAIFSAGLGRKETDQQVVFASVQSVVRNLDSFKNQFSLLVIDECHRVPDDKNSSYQKVITHLRELNPGIKVLGLTATPYRLGMGWIYQYHTRGQVRTEESRFFRDCIFELPIRYLLDENFLTPARMMDAPVLSYDFSQLKPANTGRYKEAEMDMVIDKAKRATPQIVEQIIQYARERKGVMIFAATVRHAQEIHGLLPEGETAIVIGDTPTPERDAIIQAFKNREIKYLVNVSVLTTGFDAPHVDLIAILRPTESVSLYQQIVGRGLRLSEGKNECLVLDYAGNSYDLYQPEVGDPKPDSTSEIITIPCPACGFNNNFWGKLDSNGFLLEHFGRRCQGYFEDEDTGEREHCGYRFRAKYCGECGADNDIAARICHECDATLVDPDKKLKEALNLKDALIFECTEMDLSVFKSNDGKSQLKVTYSGEPYQGEGHALVHEFWSLNTKKQKQTFKDQFVRPHLADKHRPFEEASPTRVVANQHRFRLPQFVIARKSGRFWKLRDKIFEDELK,50.8,120,267,23.596,63,146,118,12,58,44.19,42,/stor/work/Wilke/crisprtn7/reblast2/88251.assembled.fna
Ga0106003_1303,0..6004,glmS,2864..3523,lcl|2864|3523|2|1,1,WP_035343592.1,7.62e-10,WP_035343592.1 glmS two-component system response regulator GlrR [Dickeya],MKILVVEDDPRLGEQIIETLENNGWVPELSQDGIDALYRATSEEWDAIVLDLGLPKLDGLTILKGIRDENINTPVVILSARDTLTQRVEGLNAGADDYLTKPFEMVELIARLRAQLRRASGNASPVMQIGDLSLDTRTSKVMWQGQAVSLTALEYKVVAYFMHNPEKVISRTELVEHIYKQDFDRDSNTIEVFIGRIRKKIAPKIIKTVRGLGYQLNAE,55.5,132,102,29.412,30,72,55,0,0,53.92,47,/stor/work/Wilke/crisprtn7/reblast2/88251.assembled.fna
Ga0106003_1307,0..5833,tniQ,2963..1989,lcl|2963|1989|3|-1,-1,tr|A0A2R4JX03|A0A2R4JX03_9ACTN,1.43e-04,tr|A0A2R4JX03|A0A2R4JX03_9ACTN tniQ LysR family transcriptional regulator OS=Streptomyces sp. P3 OX=2135430 GN=C6376_37020 PE=4 SV=1,MECASFMDKIRSLRFFIATLEGGSFAAAAKAYGTDPSTVSKAIHRLESDLGIQLFQRSTRQIRLTEAGRRYANTARFVLDELAACEDSLKSHNDALSGLLKINVPVSYGRLYIRPLLKEFCRRYPSITIDIHYDDAYVDIIEQGIDVSIRSGVVQDSQLIVRQLSPIDFIICGSQDYLTRHGVPSGPDAFNDHSWVRFRFKQTGKLLPIRMPEPDGASEYNPERNFIVNDGESMAELCAEGLGLTQIPHFIARDWLKAGRLVPIFPSMRQAGNGVYLLYANREYVPARVRVFIDFITQAIQDMDETPFHTWAETLPIYQPNQGD,41.6,96,60,41.667,25,33,35,1,2,58.33,18,/stor/work/Wilke/crisprtn7/reblast2/88251.assembled.fna
Ga0106003_1308,0..5825,tniQ,3791..2907,lcl|3791|2907|1|-1,-1,tr|A0A1U1BRW6|A0A1U1BRW6_9MYCO,3.88e-04,"tr|A0A1U1BRW6|A0A1U1BRW6_9MYCO tniQ Regulatory helix-turn-helix protein, lysR family OS=Mycobacteroides abscessus subsp. massiliense OX=1962118 GN=SAMEA2275744_05269 PE=4 SV=1",MFTIEQLQAFVATSESGSFSAAARKLGRAQSVISQHIMNMELDCGVDLFDRSGRYPKLTENGHALMPYAQAAISQLDRLNNKATQLFSAQAIELVLAIDEGIPLTRLPDVLKNLEQQFPQLQVECLTASSPDIIELVKSERATTGIILSDLQMPRHIDFTNLGNIAFDVYVSSDHPLAAQRITHIDQLKQYRQLVIRSKSAEPGSLNQALSPDIWYADNYYILLELANKGFGWCFLPEHLVADSPNTLKKVGDDFTKLAWQVNVDLIQHQKWHSDPLHQQTKAELITLFEQTVK,39.7,91,64,40.625,26,36,35,1,2,54.69,21,/stor/work/Wilke/crisprtn7/reblast2/88251.assembled.fna
Ga0106003_1345,0..4876,tniQ,3890..4804,lcl|3890|4804|2|1,1,tr|A0A6C1BUQ8|A0A6C1BUQ8_9ACTN,7.63e-04,tr|A0A6C1BUQ8|A0A6C1BUQ8_9ACTN tniQ LysR family transcriptional regulator OS=Streptomyces albus OX=1888 GN=G3260_000050 PE=4 SV=1,MQHGNEDLMNIKSLQLFIHLCESKSFAKTAAAMHISPSALSRQIQKLEEETNQQLFIRDNRSVELTIQGKKLVPVALKILGEWQQYQNHLKGTKGELKGEIRLFCSVTASYSHLPELISDFRLQHPFIEFKLSTGDPAQAIDKILADEADIAISAKSDQIPSKIAFETISEIPLSVIAPVGVSAFAEELQKEKPDWSVIPFILPEAGTARDRANTWLKQMKIKPNIYAQTSGHEAIVSMVALGCGVGIAPDVVINNSPVREKINRLKVLPIKPFELGVCCTKSQLDNPLVKAFWKVAESKYIAP,38.9,89,65,38.462,25,38,35,1,2,53.85,21,/stor/work/Wilke/crisprtn7/reblast2/88251.assembled.fna
Ga0106003_1345,0..4876,parE,43..1719,lcl|43|1719|1|1,1,VFJ57583.1,2.00e-07,"VFJ57583.1 parE ParE toxin of type II toxin-antitoxin system, parDE [Candidatus Kentron sp. DK]",MMCSKMLKANEKPSKFEQKVHHILDGMTTRYEGMLKAVMAHRPVVIAFAIIVFASLPVLFKFIPSELAPSEDKGVVVLMGTAPSNANLDYIQNTMNDVNKILSDQPEVEYAQVFNGVPNSNQAFGLATLKPWSEREASQSEITKRVGGLVASVPGMSITAFQMPELPGAGSGLPIQFVITTPNSFESLFTIASDVLTDVASSPMFVYSDLDLNYDSATMKIKIDKDKAGAYGVTMQDIGITLSTMMADGYVNRIDLNGRSYEVIPQVERKWRLNPESMKNYYVRSVDGKAVPLGSLITIDVVAEPRSLPHFNQLNSATVGAVPSPGVAMGDAINWFEDVAQNKLPAGYNHDYMGEARQFVTEGSALYATFGLALAIIFLVLAIQFESLRDPIVIMVSVPLAVCGALIALAWGTASMNIYSQVGLITLVGLITKHGILICEVAKEEQLHNKLSRIDAVMEAAKVRLRPILMTTAAMIAGLIPLMYATGAGAAQRFSIGIVIVAGLAIGTLFTLFVLPVIYSYLAEKHKPLPVFVEDKDLEKLARVDEAKAAHRELAENK,48.5,114,66,39.394,26,40,36,0,0,54.55,12,/stor/work/Wilke/crisprtn7/reblast2/88251.assembled.fna
Ga0106003_1355,0..4742,tnsC,523..2142,lcl|523|2142|1|1,1,UniRef100_A0A168MRZ6,6.32e-06,UniRef100_A0A168MRZ6 tnsC Transposon Tn7 transposition protein TnsC n=2 Tax=Clostridium ljungdahlii TaxID=1538 RepID=A0A168MRZ6_9CLOT,MYKDFFGFVEQPFSIVPNSRYLYLSQRHKEAITHLNAGLGDGGGFAMLTGEVGTGKTTVAKAMLANLDESTKAGLILNPTFSSRDLLEAICDEFKISYPQDATLKQLNQVIHHYLLRNHKVGWQTLLVIDEAQHLAADVLEQLRLLTNLETDTRKLLKVLLVGQPELQRLLQTTQLRQLAQRITGRYHLLPLDEKETADYIAFRLHTAGGDQQLFHRSSSKLIAKYSHGIPRLINLICDKALNMSYHQGSVVVDKQTVQQACEEVMQFQADIYQQDKPRQSFTWPAWGSAAIGVMAAVGVGWAAINYMPMKPKAPMSEVPVAASSSTPAPLMASEQLTDAQRDMLLAQKQSNLAVNDLYRLWGYRASVRDNLCLSEPQSIMRCERKMATWPLLMQQNRPVILELNYQGDVGYVILYAVGNDQVEVLNGKQRLRLPVSWLKPMWQGNIIELWQAPLKETLRLDMEGPAIEVLDQLLAKAVSESPLETSIFDGALKERVELFQRWQGIGVDGIAGHRTLERLQQSVQPNAPTLASINKEEA,46.6,109,300,23.667,71,163,122,12,66,40.67,48,/stor/work/Wilke/crisprtn7/reblast2/88251.assembled.fna
Ga0106003_1371,0..4396,tniQ,1553..2443,lcl|1553|2443|2|1,1,tr|A0A2T7KRU6|A0A2T7KRU6_9ACTN,4.16e-06,tr|A0A2T7KRU6|A0A2T7KRU6_9ACTN tniQ LysR family transcriptional regulator OS=Streptomyces sp. CS131 OX=2162711 GN=DBP20_17590 PE=4 SV=1,MIKGSEYPSIRALRTFVAVANYLSFSKAADDLCVTQGAVSKQMASLEQLVGLPLIHRGLNGVELTEEGKRYLPQITEALELIQHATASLIQTNTDQELLVVDVTPSFASLWLVPNIDDFHQRHPNIRVKILTGDGAVKNIHGESDLHVRCLPLSTHYEYSQLLCEETLLLIGNTNLPKLSDNQAISHYPFIPQTTRPQLWEQFKQENDLECPITYHSVGFEHFYLACEAVRMEKGMALLPDFMAQFSILRGDIQHIGNLKLHSGYGYYVVIPNFRLTSRKVALFHDWLKDKLTHHT,45.8,107,81,37.037,30,48,44,2,3,54.32,27,/stor/work/Wilke/crisprtn7/reblast2/88251.assembled.fna
Ga0106003_1381,0..4247,tniQ,2188..1319,lcl|2188|1319|2|-1,-1,tr|A0A1X0DTB1|A0A1X0DTB1_9MYCO,4.73e-05,tr|A0A1X0DTB1|A0A1X0DTB1_9MYCO tniQ HTH lysR-type domain-containing protein OS=Mycobacterium heidelbergense OX=53376 GN=BST25_05950 PE=4 SV=1,MSNVMDLNLIQTFLVVAEFQSYTKAAEQLGLTQPAVSAAIKRLEQVVDKQLFVKKGRGITLTSAAYQLLPQFEQAVSIIDNAITEKKHFEVCCSEILLHIMSPIKNAIFYESPPEKYILFELLRQQKVDLVIDTVVTKDAAFVMEEAYEEKAVIICREQHPRIQGTLSKEQFYDETHCLFSGKWNNMSGFEQLAQETILERKVDLVTSSLAGMALYVAQRDCLGLVSQSFANKWSKALKLQVLPCPISICTIPYKFVYHKRELNNPAHIALRERIKTHLAAAHYEPISL,42.7,99,83,28.916,24,52,44,2,7,53.01,28,/stor/work/Wilke/crisprtn7/reblast2/88251.assembled.fna
Ga0106003_1395,0..3993,tniQ,2412..3362,lcl|2412|3362|3|1,1,tr|A0A2W1D0I8|A0A2W1D0I8_9PLEO,8.85e-15,tr|A0A2W1D0I8|A0A2W1D0I8_9PLEO tniQ Pectate lyase OS=Pyrenophora tritici-repentis OX=45151 GN=A1F97_07859 PE=3 SV=1,MEHKQIVITEFGDANVLAIQSAETPIPKSGEVLVKVHYAGVNPIDVKTRAGLGWAASQNKDKLPWVPGYDISGKVVSCGTKTSRFAVGDEVAGFIGFPLQGGGYSQYVCVPESELSHVPSSVTLEAAAVLPLAGQTAAQALSKANVSECDRVLILAGAGGVGHLAVQIAVATKAEVFTTCSERNLDYLATLGAHAVNYQFAPVSECVEGVDVLIDLVGGDAALDALKCLKDNARVITVPTISAELICDKAKLLGFEASGMLVEPDPSQLDTLLYMVGVGLLKTEVQHIYPMAEVIAAHQQVESGRTRGKILLDMTC,72.0,175,244,29.508,72,145,114,11,27,46.72,73,/stor/work/Wilke/crisprtn7/reblast2/88251.assembled.fna
Ga0106003_1405,0..3773,tniQ,737..1663,lcl|737|1663|2|1,1,tr|A0A1H5ELX7|A0A1H5ELX7_9NOCA,8.91e-05,"tr|A0A1H5ELX7|A0A1H5ELX7_9NOCA tniQ Regulatory helix-turn-helix protein, lysR family OS=Rhodococcus koreensis OX=99653 GN=SAMN04490239_9271 PE=4 SV=1",MASHISLKQLKVFTTITQHKTLTAASDSLFLSKAAVSMALSELEKQIGHHLFDRVNNRLILNQEGQKLLPLADELLNRAKDIESIFDGDQALSGQLRIGASDTIGNQVAPYLLSEFRQQTNHRSQSLFISNSAQICDMLTDYELDIALIEGKTLHPELQSTQFSEDEMCVICAPDYPAAHEGPVNLTELENSEWILREAGSGSREFFMRVVAPRLEHWHEAFQLNTTEALINSVSAGLGLGCLSRLSAEPAIRDGRVKLLDMPLDMKRRFWLLVHKEKYQSPLLKTFIEFCQDWERPTNLPLGNKSAK,42.0,97,76,27.632,21,50,43,1,5,56.58,25,/stor/work/Wilke/crisprtn7/reblast2/88251.assembled.fna
Ga0106003_1413,0..3657,tniQ,620..985,lcl|620|985|2|1,1,tr|A0A5E4YQR0|A0A5E4YQR0_9BURK,8.28e-05,tr|A0A5E4YQR0|A0A5E4YQR0_9BURK tniQ Uncharacterized protein OS=Pandoraea sp. LMG 31106 OX=2508294 GN=PCE31106_04652 PE=4 SV=1,MVVCHQYGNAILFGVAHTFNRRYAIVDRHDHFCAKFQCLIDHLWAQTVAIFKAVRHQVIDVIAAKHTQCQYRKSRTRCAICVKVTHHDDAFLLLNRLEQQLNRLLNAAKLLVRMQSTSRSF,38.5,88,70,31.429,22,45,33,2,3,47.14,56,/stor/work/Wilke/crisprtn7/reblast2/88251.assembled.fna
Ga0106003_1413,0..3657,tniQ,2907..1990,lcl|2907|1990|1|-1,-1,tr|A0A2Z6GEH0|A0A2Z6GEH0_9PROT,8.12e-05,tr|A0A2Z6GEH0|A0A2Z6GEH0_9PROT tniQ Uncharacterized protein OS=Ferriphaselus amnicola OX=1188319 GN=OYT1_ch2435 PE=4 SV=1,MTAQQPVNQQDFALVEQFLDAMWMERGLSENTLASYRNDLMKLLTWMEHHRYRLDFISLSGLQEYQTYLVDLDYKQTSRARMLSAIRRLFQYLHREKVRADDPSALLVSPKLPQRLPKDISEEQVDALLDAPDPNDPVELRDKAMLELLYATGLRVTELVSLTMENISLRQGVVRVTGKGGKERLVPMGENAIDWIETFIQQGRPALLGETSSDVVFPSKRARQMTRQTFWHRIKYYAVIAGIDTDQLSPHVLRHAFATHLLNYGADLRVVQMLLGHSDLSTTQIYTHVATERLKQIHSQHHPRA,42.0,97,126,35.714,45,59,60,7,22,47.62,37,/stor/work/Wilke/crisprtn7/reblast2/88251.assembled.fna
Ga0106003_1439,0..3173,tniQ,1324..722,lcl|1324|722|2|-1,-1,tr|A0A417XIF4|A0A417XIF4_9CLOT,5.24e-08,tr|A0A417XIF4|A0A417XIF4_9CLOT tniQ GNAT family N-acetyltransferase OS=Clostridium sp. OF09-10 OX=2292309 GN=DXA91_00825 PE=4 SV=1,MQRLLYCVAHYLIGRYVLGGKMIDTARTRIEVMSSKHASDMLAYQLENREHLAPWSPLRTDEFYTLDNWLSQCKNSESAFEKGSEVKFVALDKDAGEIVGVCSFTGIARGVFQACFLGYSISRKFEGQGYMTEILEASIGYMFDIVGLNRIMATYMPHNVASERVLLKLGFEKEGVARKYLKIAGQWEDHILTSKLNERT,48.5,114,79,32.911,26,50,40,1,3,50.63,40,/stor/work/Wilke/crisprtn7/reblast2/88251.assembled.fna
Ga0106003_1439,0..3173,parE,2831..3121,lcl|2831|3121|2|1,1,WP_000323025.1,2.93e-37,WP_000323025.1 parE type II toxin-antitoxin system mRNA interferase RelE [Proteobacteria],MTYKLDFKKSALKEWKKLGSTLQQQFKKKLIERLDNPHVPASKLSGADNMYKIKLRQSGYRLVYKVEDDVIIVTVLAVGKRERSDVYRKAMKRLDD,119,297,94,59.574,56,38,77,0,0,81.91,98,/stor/work/Wilke/crisprtn7/reblast2/88251.assembled.fna
Ga0106003_1482,0..2534,tnsA,1256..282,lcl|1256|282|1|-1,-1,UniRef50_A0A1C6RKQ5,1.37e-11,"UniRef50_A0A1C6RKQ5 tnsA Murein DD-endopeptidase MepM and murein hydrolase activator NlpD, contain LysM domain n=2 Tax=Micromonospora inyonensis TaxID=47866 RepID=A0A1C6RKQ5_9ACTN",MTSLILSSRNHNLALPLITIALTIIASVSFSHYLLTPEEQSEVISHSYQGILFDKEANNSIEKNYDSHFQRTKITTGVINYAFVTSLINAGLSQQEIKSLIKLIESEFDIIGSVRKGDKFSLKTRTNSYNEKYISSFYYSGSKKDFFIINDGKNNAYDEYGNRLTRKPYYSFPLAKEYKISSGFSLKRKHPITGLNTPHLGTDYAVPVGTPIYSIADGVIVKSRYNRFAGNYINIRHTNGSISRYLHLSRSSVRKGENVVKGQEIGRSGNTGRTTGPHLHLELFVDGAPVDYARYIKSNQAPSLNIQMMLAAKTERAELIKELL,63.2,152,156,27.564,43,78,69,4,35,44.23,37,/stor/work/Wilke/crisprtn7/reblast2/88251.assembled.fna
Ga0106003_1529,0..1854,tnsD,1820..1422,lcl|1820|1422|2|-1,-1,UniRef90_A4G9Z2,1.64e-04,UniRef90_A4G9Z2 tnsD TnsD domain-containing protein n=2 Tax=Herminiimonas arsenicoxydans TaxID=204773 RepID=A4G9Z2_HERAR,MYRDTYSRMIDDVNGSGANYAIELHCNSVANKDVQGSETLYWHKSAKSQALAQCLQKAVAGLIGQRDRGLKPISNTGTDTRGWRFLMKTKMPAVILEPFFLSNDESLQKGLELREQLAVVLAEAFAEHIKEG,38.1,87,46,41.304,19,26,24,1,1,52.17,35,/stor/work/Wilke/crisprtn7/reblast2/88251.assembled.fna
Ga0106003_1557,0..1545,tnsA,1483..635,lcl|1483|635|3|-1,-1,UniRef50_A0A2D2C3Y7,1.35e-15,UniRef50_A0A2D2C3Y7 tnsA Tn7_Tnp_TnsA_N domain-containing protein n=4 Tax=Paracoccus TaxID=265 RepID=A0A2D2C3Y7_9RHOB,MLHQILATLRAPRTYAGLLIGASLAVSGVLMQGLTRNPLASPSILGINAGAACFMALASIGAPFFSQLNPIINAVFGALLSGGAVMLLGGFFSARSHPLRLVLAGIAISALLIGLTRASVILADDMAYSVLHWLTGSLSAVDSQQWQQLWPFATLGLVLAMGLARNLNLLALGDEVAVGLGGNIRLTRLISGLAVVLLAGTSVAIAGPIGFVGLLVPHLVRPIVGHNYHILIPVSALCGAALVTWSDALSRAIAFPAETPVGVITALLGTPCFIAIAMRKSS,72.4,176,105,39.048,41,63,64,1,1,60.95,37,/stor/work/Wilke/crisprtn7/reblast2/88251.assembled.fna
