NZ_SMZE01000001.1,67811..108581,tnsA,87811..88581,lcl|87811|88581|1|1,1,UniRef50_A0A3M5N9X7,9.18e-09,UniRef50_A0A3M5N9X7 tnsA HTH gntR-type domain-containing protein n=380 Tax=Bacteria TaxID=2 RepID=A0A3M5N9X7_PSEAZ,MAYQRIRQPKLSDVIEQELERLIVEGTLSPGQQLPPERELAKQFEVSRPSIREAIQRLEAKRLLTRRQGGGTFVSDRIWQSFSDPLLNLLSSHSETQLDLLEARHALEGICAYFAALRGTEEDFARIQHCVTRIAEAQALNNVDEEAERVMAFLIAITEAAHNVVLLHIVRSLSPLLEQNIRQNFKLLHRRPEAVEKVSKHRANIVDAIVSGQPEKAREMSHSHLAYIEETLLDLTREQTRRERSLRRIQQGNEPQ,52.4,124,53,49.057,26,27,38,0,0,71.70,21,/stor/work/Wilke/crisprtn7/reblast2/GCF_004358295.1_ASM435829v1_genomic.fna
NZ_SMZE01000001.1,67811..108581,parE,67877..68464,lcl|67877|68464|2|1,1,PRD20609.1,1.29e-27,PRD20609.1 parE parE [Trichonephila clavipes],MTARPALLLYIHGFNSSPLSHKAQVMQQYCQQHRPDIKVVVPKLPSFPAQAAQHLLSVVEQYRAQYRIGLVGSSLGGYLSTWLNAQFGFRAVLINPAVKPYELLADFLGEQVNPYTQEHYVLEACHIDELKALDTPVLKQPSDFWLLQQKGDEVLDYRQAVEKYQAAKLTVEEGGDHSFVDFERYPEQIIHFLEL,106,265,133,43.609,58,70,82,1,5,61.65,68,/stor/work/Wilke/crisprtn7/reblast2/GCF_004358295.1_ASM435829v1_genomic.fna
NZ_SMZE01000001.1,67811..108581,parE,68793..70673,lcl|68793|70673|3|1,1,CAD5996990.1,0.0,CAD5996990.1 parE parE [Escherichia coli],MTEQYNAGAIEVLNGLEPVRRRPGMYTDTTRPNHLGQEVIDNSVDEALAGYASKIQVILHADQSLEVIDDGRGMPVDIHPEEKVSGVELILCKLHAGGKFSNKNYQFSGGLHGVGISVVNALSKRVEVAVRRDGQVYEIAFEHGDKVTELTVTGTCGRRNTGTSVHFWPDTKYFDSPNFSVSRLINNLRAKAVLCPGLEIIFTDKVNNNEHRWLYEDGLKDYLAEGVKGYTLLPEEPFTGEFTAQTEAATWAVIWLPEGGELITESYVNLIPTAQGGTHVNGLRQGLLDAMREFCEFRNLLPRGVKLTGEDVFDRCAYVLSIKMQDPQFAGQTKERLSSRQSAAFVSGVVKDAFSLWLNEKPQLAEQLAEVCIANAHSRMRASKKVVRKKIASGPALPGKLTDCTVQDLNRTELFLVEGDSAGGSAKQARDREFQAVMPLRGKILNTWEVSADQVLASQEVHDISVALGIDPDSDNLEALRYGKVCILADADSDGLHIATLLCALFTRHFRALVKAGHVYVAMPPLYRIDCGKEVFYALDDQEKEGVLERLSQKKAKVNVQRFKGLGEMNPLQLRETTMDPNTRRLVQLTIDDAEATDEMMDMLLGKKRADDRRAWLQRNGDMAEV,1074,2778,628,80.732,507,119,560,1,2,89.17,100,/stor/work/Wilke/crisprtn7/reblast2/GCF_004358295.1_ASM435829v1_genomic.fna
NZ_SMZE01000001.1,67811..108581,glmS,87811..88581,lcl|87811|88581|1|1,1,WP_007652285.1,8.18e-04,WP_007652285.1 glmS DeoR family transcriptional regulator [unclassified Shewanella],MAYQRIRQPKLSDVIEQELERLIVEGTLSPGQQLPPERELAKQFEVSRPSIREAIQRLEAKRLLTRRQGGGTFVSDRIWQSFSDPLLNLLSSHSETQLDLLEARHALEGICAYFAALRGTEEDFARIQHCVTRIAEAQALNNVDEEAERVMAFLIAITEAAHNVVLLHIVRSLSPLLEQNIRQNFKLLHRRPEAVEKVSKHRANIVDAIVSGQPEKAREMSHSHLAYIEETLLDLTREQTRRERSLRRIQQGNEPQ,37.7,86,45,42.222,19,26,26,0,0,57.78,18,/stor/work/Wilke/crisprtn7/reblast2/GCF_004358295.1_ASM435829v1_genomic.fna
NZ_SMZE01000001.1,175668..216582,tniQ,196582..195668,lcl|196582|195668|2|-1,-1,tr|A0A0W7WYX0|A0A0W7WYX0_9ACTN,7.68e-05,tr|A0A0W7WYX0|A0A0W7WYX0_9ACTN tniQ HTH lysR-type domain-containing protein OS=Streptomyces silvensis OX=1765722 GN=AT728_13705 PE=4 SV=1,MASHISLKQLRVFTTITQHKSLTVAAEVLCLSKAAVSVALSELEKQLGHALFDRVNNRLVLNQEGQKLLPMADELLQRAKDIDRLFAEQQVLTGKLRIGSSDTIGNQVAPYLISAFRQLHPHPSQSLFISNSAQVCQKLVDYELDIGLIEGKTLHPELISTQFSQDEMCIICAPDHPLAQQERLVMSDFEHSDWVLREAGSGSREFFLRVIAPRIEHWIEAFELNTTEALINSVSSGLGLGCLSRLAAKTPQQDGRVVILNVPLDMKRRFWMLVHKEKYQNPLLRQFIEFCPQWASQSALLQLD,42.0,97,64,34.375,22,40,38,1,2,59.38,20,/stor/work/Wilke/crisprtn7/reblast2/GCF_004358295.1_ASM435829v1_genomic.fna
NZ_SMZE01000002.1,48690..89940,tnsA,68690..69940,lcl|68690|69940|2|1,1,UniRef50_A0A1C6RKQ5,8.83e-12,"UniRef50_A0A1C6RKQ5 tnsA Murein DD-endopeptidase MepM and murein hydrolase activator NlpD, contain LysM domain n=2 Tax=Micromonospora inyonensis TaxID=47866 RepID=A0A1C6RKQ5_9ACTN",MRKKATLVGLPLLAVAAISSSLNSPTRQQRIELSLPESPLVQFSSAEHTVEVVKVGHPDYEYEIKPGDNLSTIFNQLGFAYTELMKVMETDLNYLALDTLRPGNVLRFWKGSDNTLAKMELEFSLVDRAVYTRLNDGSYEFEERKIPGTWKVEPLIGEVDGSFSLSANRAGLGAADVDQIVTLLKDKINFGRDLRRGDRFEVVLSRQLVGEKLTGNSEIQAIKIFNRGKEITAYLHQDGQYYDKNGDSLQRAFQRYPVDSKWRISSNFDPRRLHPVTKRVAPHNGTDFAMPIGTPVYTSGDGVVVMTRNHPYAGNYVVIQHGNTYMTRYLHLSKILVKKGQKVSRGQRIGLSGNTGRVTGPHLHYELIVRGRPVNAMKANIPMASSVPKKEMAQFIAKRKELDQMLARQESMLAAQ,64.7,156,107,35.514,38,47,52,3,22,48.60,20,/stor/work/Wilke/crisprtn7/reblast2/GCF_004358295.1_ASM435829v1_genomic.fna
NZ_SMZE01000002.1,210135..250884,tnsA,230135..230884,lcl|230135|230884|2|1,1,UniRef50_A0A2D2C3Y7,6.46e-12,UniRef50_A0A2D2C3Y7 tnsA Tn7_Tnp_TnsA_N domain-containing protein n=4 Tax=Paracoccus TaxID=265 RepID=A0A2D2C3Y7_9RHOB,MQQVSQNRFASPSTSGTIECAMLGYVLSLVLFGHGQNLWLIFGVSMLGTLVFVFFIQRIQFKNVIFVPLIGIIFGNVIDSLATFIAYKYDAIQNLSGWAVANFANLLKGDFELLYIAIPVAIFSYLYAARISAVGMGKDFATNLGLNYQQVMIIGVALVSIMSATVVMIVGQLPFLGLIVPNLVSLYYGDNLRKNIPRTAIFGAMFVLLCDLVGRVIIFPYEVPISMIISILGGSVFIALILRGQRHAG,61.6,148,103,29.126,30,72,61,1,1,59.22,41,/stor/work/Wilke/crisprtn7/reblast2/GCF_004358295.1_ASM435829v1_genomic.fna
NZ_SMZE01000002.1,210135..250884,glmS,227892..228650,lcl|227892|228650|3|1,1,KPP97120.1,1.01e-05,KPP97120.1 glmS glutamine-fructose-6-phosphate transaminase (isomerizing) GlmS [Bacteroidetes bacterium HLUCCA01],MCRWLAYQGSPIYLEQLVYQPEHSLVHQSLEARKAVTRVNADGFGLGWYTERSTPGRFHEVLPAWGDENLRSLAHHIRSHRFMAHVRSSTGTQVSRSNCHPFMYNHWMFLHNGQIGDYCAVKYELERSLPEHLYIRRIGTTDSELIFLLMLKNGLERDPVASIRQTIAEIEALMVVKSVVLPFKASICLSDGQQFWLVRYSTDGQPPTVYRKPWQDGIILASEPLDACPNWLLVEPQTITHVLGAECQSYLI,43.9,102,124,26.613,33,72,61,5,19,49.19,44,/stor/work/Wilke/crisprtn7/reblast2/GCF_004358295.1_ASM435829v1_genomic.fna
NZ_SMZE01000002.1,210135..250884,glmS,243198..243872,lcl|243198|243872|3|1,1,WP_035343592.1,9.82e-08,WP_035343592.1 glmS two-component system response regulator GlrR [Dickeya],MRILLIEDDERIARFIERGLKAEGHQIHRLKDGQYGLETVKSSEPDLLILDRMLPHVDGLTLCQQIRATGNQVLILMLSALGEVEERIQGLRTGADDYLAKPFHFEELLARIEALQRRNIQTHTSNKLRFADLELCLSTMRVYRAEQPIELTAKEISILELFLRKPGHIFSRERILANVWGIHQDPLTNVVDVYMRRLRKKIDMPFAQPLIQTKRGMGYYLGDA,49.3,116,111,24.324,27,84,56,0,0,50.45,50,/stor/work/Wilke/crisprtn7/reblast2/GCF_004358295.1_ASM435829v1_genomic.fna
NZ_SMZE01000003.1,42385..84400,tnsB,64400..62385,lcl|64400|62385|1|-1,-1,UniRef100_A0A038GSS8,1.92e-52,UniRef100_A0A038GSS8 tnsB Transposon TnsB n=1 Tax=Caballeronia jiangsuensis TaxID=1458357 RepID=A0A038GSS8_9BURK,MSSISHAQLGWNDAGTPVSDQFDDVYFSNVNGLAETRYVFLEQNHLPQRWHNDDQRRFVIAETGFGTGLNFLAVWQAFVAFREANPDAKLKELHFISFEKYPLSKSDLIQAHQAWPELAQFAQKLHKHYPLAIPECQRIVLDDGLITLDLWFGDIKDCLPKVATQEQGLVDAWFLDGFAPSKNPEMWNQDLFAGMAKLAKHGCTCATFTSAGFVRRGLIDAGFAMKKVKGFGTKREMIAGSLSEKVPYTNIAPEFRFEATHGLQEVAIIGGGIASATLATTLARRGVAVTLYCADEKPAQGASGNRQGAVYPLLSGDHNAVSRVFAPAFLFARQWIEQAAEQINFDHDWCGVTQLMWDEKATHKLKSMLEGDFPTQLVRGLSAEQTNQQVGVPVDKASVHYPLGGWLCPAELTQGLIHLLAQQGKLTVHYQTSIDALTWQPETQLWQLRSGDTLMSHQCVVIASGHQFDSLSQTAELPLGKVKGQVSHIPTTETLSKINSVLCYDGYMTPVSQQNGYHCIGASYDRQHLDATFDPQAQRENAQKLIHCLPEQTWPLEVDVSGNQSRQGVRCVSRDHLPFVGNVGEFSKITEQYRDLAQQQEAEPIALYPQLYALVGLGSRGLSSAPLMAELLASQMCGDPMPLGVDLLEQLHPSRMWVRKLRKGKALTQKV,179,454,241,43.568,105,123,138,5,13,57.26,35,/stor/work/Wilke/crisprtn7/reblast2/GCF_004358295.1_ASM435829v1_genomic.fna
NZ_SMZE01000003.1,200442..241365,tniQ,220442..221365,lcl|220442|221365|2|1,1,tr|A0A2G7F0Q1|A0A2G7F0Q1_9ACTN,3.78e-04,tr|A0A2G7F0Q1|A0A2G7F0Q1_9ACTN tniQ Regulatory helix-turn-helix LysR family protein OS=Streptomyces sp. 70 OX=1827606 GN=CLW09_04841 PE=4 SV=1,MALFAVLIQHQSFTAAAHALGVSVSHVSKQLAALEASLGVKLVQRTTRSFTLTDAGNLFYAQCRELLTIVTNAQSEMEDQRDEVAGLIRLGLSQSFGTLHVLPALEQLRQQYPELNVEVHLFDHKVDMLKEGLDLWITSNEQLPEGYVAQRIADCRFVVAASPDYLLRYGSPTEPMALMEHNCLIYRSWERDYTRWSFSRDGHNQTIKVAGNYSVDLAEAVRDAAVAGWGIAYLATYLLRDEFRTGQLIQLLPEWSANQQMPFYAVYPSRQHMPKKTSAVIEFIKQRLGTPCYWDTRLQPYVRFAAE,40.0,92,71,33.803,24,46,40,1,1,56.34,23,/stor/work/Wilke/crisprtn7/reblast2/GCF_004358295.1_ASM435829v1_genomic.fna
NZ_SMZE01000003.1,200442..241365,glmS,203831..204622,lcl|203831|204622|2|1,1,PWO25131.1,3.56e-04,"PWO25131.1 glmS CysQ, 3'-Phosphoadenosine 5'-phosphosulfate (PAPS) 3'-phosphatase, partial [Pyrenophora tritici-repentis]",MLSNQLNFAKPTARTPLVVLVHGLLGSGADWQRVLSHLARTQCAALTLDLPGHGANPERHCDNFAEAVEMIEQTVQAHVTPDVPVILVGYSLGGRLIMHGLAQGAFSRLNLRGAIIEGGHFGLQENEEKAARWQHDQQWAQRFSQQPIEHVLSDWYQQAVFSSLNHEQRQTLIAQRSANLGSSVAHMLLATSLAKQPYLLPALQALKLPIHYVCGEQDSKFQQLAESSGLSYSQVAQAGHNIHHEQPQAFAKIVQAMIHSIID,38.9,89,131,26.718,35,80,60,6,16,45.80,47,/stor/work/Wilke/crisprtn7/reblast2/GCF_004358295.1_ASM435829v1_genomic.fna
NZ_SMZE01000003.1,200442..241365,xre,209292..209837,lcl|209292|209837|3|1,1,tr|A0A4R6HQ65|A0A4R6HQ65_BACIU,3.58e-06,tr|A0A4R6HQ65|A0A4R6HQ65_BACIU xre Transcriptional regulator OS=Bacillus subtilis OX=1423 GN=DFO69_2782 PE=4 SV=1,MTDAMFKSQIANQLKKLRKSRGLSLDATAQLTGVSKAMLGQIERGESSPTIATLWKIASGFEASFSAFFANDPQLLSSERSFPDDPNMKVHTLFPYAADTGLEIFEITLLDHHQQMSSPHALGVIEYIYVLEGVMKVFFDEQWHELQPREHIRFFSDQPHGYAAVTEKAVFQNIVAYPRRG,34.3,77,81,29.630,24,53,38,2,4,46.91,45,/stor/work/Wilke/crisprtn7/reblast2/GCF_004358295.1_ASM435829v1_genomic.fna
NZ_SMZE01000004.1,91832..132752,tniQ,112752..111832,lcl|112752|111832|2|-1,-1,tr|A0A0P7BH99|A0A0P7BH99_9ACTN,1.84e-05,tr|A0A0P7BH99|A0A0P7BH99_9ACTN tniQ HTH lysR-type domain-containing protein OS=Frankia sp. R43 OX=269536 GN=ACG83_38985 PE=4 SV=1,MSRRLPPLNSLKVFEAAARHLSFTRAAEELFVTQAAVSHQIKALEEFLGLKLFRRRNRSLLLTEEGQSYFLDIKDIFSSLAEATDKLLERSEKGALTISLPPSFAIQWLVPRLADFNQQEPDIDVRIKAVDMDEGSLTDDVDVAIYYGRGSWPGLRADKLYQEFLIPLCSPALLLGNKPMEKLSDLAYHTLLHDTSRKDWKQFAKENGLDNVNVNHGPIFSHSTMVLQAAAHGQGVALGNNVLAQPEIDAGRLIAPFDEVLMTNNAFYVVCHEKQADMGRIATFRDWMLKKARSEQVDILQHKHNQ,43.9,102,66,42.424,28,36,36,1,2,54.55,21,/stor/work/Wilke/crisprtn7/reblast2/GCF_004358295.1_ASM435829v1_genomic.fna
NZ_SMZE01000004.1,135627..208893,tniQ,158767..155627,lcl|158767|155627|1|-1,-1,tr|A0A5S4FIA1|A0A5S4FIA1_9ACTN,2.67e-46,tr|A0A5S4FIA1|A0A5S4FIA1_9ACTN tniQ PLDc_2 domain-containing protein OS=Nonomuraea turkmeniaca OX=103838 GN=ETD86_18860 PE=4 SV=1,MQQVGIYEQLITQLIESRIDRERFYVGERELNSSEASTWLSRFLSHILEYAIESVPCNDDRLQQQIALSNQLLLWLKAQIQDNDFIEDNLLASQGKILTALYELENPVSADLKNYINDIFPLTGLSQSELFCGSNAGLSLESELKREILSADKIYWLVSFIKWAGIRIFRKELEEFTSSGRELKIITTSYMGATDAKAVEYLASLPNTEVKLSYNTERERLHAKSYLFLRNTGYHTGYIGSSNLSHSALTNGLEWNLKITSQEIPHIINKSLSTFETYWASHDFEHFNGDVTSSEKLKKALNQQRGDFEDSPTHFFDISPFPHQSDILEQLAVERSVHQRFRNLVVAATGTGKTLISAFDFARFIKAKPQANFLFVAHREEILKQARAAYRGVLRNSAFGELWVGGHTPEHYRQLFVSIQTLNNQLEQLNLTVDYYDYIVIDEVHHIAATSYRAVLEHFSPAILLGLTATPERHDGGDILADFGGVIAAEIRLPEAINRRHLCPFQYFGIDDDTDLRTIPWSRGRYDIAQLTNLYTHNQVRFDKILLSMQEIITDISKMKALAFCVSKEHAQYMTQQLLLKGIKADVLTSDNSHDRQQKQQAIRSGSINVLCVVDIFNEGVDIPEVDTLLFLRPTESLTIFLQQLGRGLRLAEGKECCTVLDFVGNSRPEYDFANKFRALVGKSHRAISDEIKQGFPHAPLGCRIELSKRTQEMVLSNIRQASLTLKRLVAMIRQYPQHSTLPLTLSNFLSLNPYIDLNELYKRGSWSQLVQQAKDEINEYSAVEDLLKMLRKAIHNRILTCDDHAYLSFLKQLCQSNFVIEDADHRYALMCHYDFWQKTGPECGFDSIEQSLAKLNACELKAELLDVVNWQLAQTKHEQPTMQALPEVALRLHARYAREQILVAFGATTFERQPPAREGVFVLKDQNIELMFVTLDKNEKQFSPTTMYHDYAINEHLFHWQSQNSARPDKGRGLEYIQHQETGKRLFLFVREQSKDEYGRTMGFVNYGEVDYVSHTGSQPMSITWKLREPMPHFMWQQAAKLAIG,176,447,224,39.286,88,129,140,4,7,62.50,21,/stor/work/Wilke/crisprtn7/reblast2/GCF_004358295.1_ASM435829v1_genomic.fna
NZ_SMZE01000004.1,135627..208893,tniQ,178615..177707,lcl|178615|177707|1|-1,-1,tr|A0A1U1BRW6|A0A1U1BRW6_9MYCO,1.78e-05,"tr|A0A1U1BRW6|A0A1U1BRW6_9MYCO tniQ Regulatory helix-turn-helix protein, lysR family OS=Mycobacteroides abscessus subsp. massiliense OX=1962118 GN=SAMEA2275744_05269 PE=4 SV=1",MLKSQQVASLHTFMQVAQYSSFSLAAAALHLTTGAISQQMLQLEAQLGFSLFERHSRGVRLTEAGRILLTTVQRSYQDIEQTIHSLVPPTERKEIRLKLTPSFAFKWLVPRLEDFYRRHPEIQIQTFAEGALVDSERRDYDLAIDYGALPYPRRDAQLLMEEWLLPVMSTNYLAAHSWLQEDWANAENWQQVVLLHDAMPWANAARDQEWHYWAHQMGITLPERRDHYFNRTDMAMSAAEAGVGIAMARTALLSNELDTGRLVTPFAPIQAKAGYFLITHQATDATQVFCQWLQKQIPAQVS,43.9,102,62,41.935,26,34,36,1,2,58.06,20,/stor/work/Wilke/crisprtn7/reblast2/GCF_004358295.1_ASM435829v1_genomic.fna
NZ_SMZE01000004.1,135627..208893,tniQ,185098..184178,lcl|185098|184178|1|-1,-1,tr|A0A5C7P1D4|A0A5C7P1D4_9ACTN,4.73e-04,tr|A0A5C7P1D4|A0A5C7P1D4_9ACTN tniQ LysR family transcriptional regulator OS=Actinobacteria bacterium OX=1883427 GN=E6Q90_12735 PE=4 SV=1,MLRDYDLNLLTVFDSVMKLGSVSKAADKLGMTSAAVSQNLSRLREQVGDPLFIRQGRGLQPTQYALNMHKHVAEGLSAIRFGLETDAGFDPATSKREFIIGGQGYFDLVVLPPLLQKISDIAPHITVNLKSYEDDHFTPSQVLSEREADLFLAALPISHPSIVTTQVAEEALVVVYAKNHPRLGSTLSFEQFFAEKHTALTSRRFGNYLFSSLVDQVLPARRVHYQSESMLNLMATASVTDLLCFTPKRLADMWAEKLGLQIQPLPFEIRSVPTFMCWHKAKQQDKGLIWLREQIEAILCANPQSI,39.7,91,49,34.694,17,32,28,0,0,57.14,16,/stor/work/Wilke/crisprtn7/reblast2/GCF_004358295.1_ASM435829v1_genomic.fna
NZ_SMZE01000004.1,135627..208893,tnsA,188893..187841,lcl|188893|187841|1|-1,-1,UniRef50_A0A2D2C3Y7,1.45e-11,UniRef50_A0A2D2C3Y7 tnsA Tn7_Tnp_TnsA_N domain-containing protein n=4 Tax=Paracoccus TaxID=265 RepID=A0A2D2C3Y7_9RHOB,MNEMMGIRVASSKRENPTLAGRDYWLMGLMLVALMGLTISSVFVGSRDIPYAVTFDALFHFDEQNTQHLLVHYLRVPRTGLAILVGAALGAAGVIMQAMTRNPLADPGILGVNAGAILMVVIGIAGFGLTDMLHYLWFGLFGAAATSMGVYLLAGINQSPNPVRVVLAGAAMTVVLLSMTHLIMLNSAQEVFNQFRHWSIGSLQGRGYEVLLPTSVFVLLGLIAAILLARGLDTVVLGHDAGKALGVNPLWIWIASAAVVTLLAGTATAAAGPISFLGLTAPHLARLWVGAEHRRLLPYSMLLGALLLLGADLAGRLIGSNDEISAGIMVALIGGPVFVLLVRRWKLSHL,61.6,148,115,39.130,45,65,65,3,5,56.52,33,/stor/work/Wilke/crisprtn7/reblast2/GCF_004358295.1_ASM435829v1_genomic.fna
NZ_SMZE01000004.1,135627..208893,cas12a,142395..141793,lcl|142395|141793|2|-1,-1,KIX20262.1,0.005,KIX20262.1 cas12a hypothetical protein SY27_14115 [Flavobacterium sp. 316]|cas12a|CRISPR|TypeVA,MRQNMALKSANQQGNTLIEFMVAALVGAMALAIVGTVFLSNQKAAAQRSKEIMLLQQVSSVMQQMKEDIQRAGFDDVGNQSMRLSGAVGVIYRASNKIGYVYRKSSTKVSNTTYQLNNDMLEYCQKDSASPLSVVSAATGCFDLFDPKQIKIDQFEISETPLSGQAVNSSLMTISIMAKLKDDPNISNAISLQVQQRNWQ,36.2,82,110,24.545,27,76,54,3,7,49.09,55,/stor/work/Wilke/crisprtn7/reblast2/GCF_004358295.1_ASM435829v1_genomic.fna
NZ_SMZE01000004.1,135627..208893,glmS,144617..143472,lcl|144617|143472|3|-1,-1,KKW72534.1,6.43e-11,"KKW72534.1 glmS glutamine-fructose-6-phosphate transaminase (isomerizing), glmS, partial [Lactococcus lactis subsp. cremoris DPC6860]",MSKRDFYEVLGVGRDASERDIKKAYKRLAMKYHPDRNSGDAGAAEKFKEVKEAYEILTDAQKKAAYDQYGHAAFEQGAGGFGGGGFGGGGADFGDIFGDVFGDIFGGGRRGGGPRAQRGSDLRYNMELSLEEAVRGCSKEIEVPTLVHCDACDGSGAKKGTSAQTCGTCHGHGQVQMRQGFFAVQQTCPTCHGKGKIIKDPCNVCHGQGRKQKTKTLNVKIPAGVDTGDRIRLSGEGEAGEMGAPAGDLYVQVHVKEHHIFERDGNNLYCEVPVSFAMAALGGEVEVPTLDGRVSLKVPAETQTGRMFRMRGKGVKGVRSAALGDLIVKLVVETPVNLSARQKELLKEFEESCGGEAATKHKPKAEGFFNGVKKFFDDLTS,61.2,147,74,43.243,32,41,40,1,1,54.05,19,/stor/work/Wilke/crisprtn7/reblast2/GCF_004358295.1_ASM435829v1_genomic.fna
NZ_SMZE01000004.1,135627..208893,guaC,202288..200825,lcl|202288|200825|1|-1,-1,WP_003150717.1,0.0,WP_003150717.1 guaC IMP dehydrogenase [Bacillus],MLRIAKEALTFDDVLLVPAHSTVLPNTADLRTRLTKNIALNIPMISASMDTVTEARLAIALAQEGGIGFIHKNMSIEQQAAQVHQVKIFEAGVVTHPVTVRPEQTIADVMELTHYHGFAGFPVVTENNELVGIITGRDVRFVTDLTKSVAAVMTPKERLATVKEGATGAEVQEKMHKARVEKILVVNDEFQLKGMITAKDFHKAESKPNACKDEQGRLRVGAAVGAAPGNEARVKALVEAGVDVLLIDSSHGHSEGVLQRIRETRAVYPHLEIIGGNVATAEGARALIEAGVSAVKVGIGPGSICTTRIVTGVGVPQITAIADAAGVANEYGIPVIADGGIRFSGDISKAIAAGASCVMVGSMFAGTEEAPGEVILYQGRSYKAYRGMGSLGAMSKGSSDRYFQTDNAADKLVPEGIEGRIAYKGHLKEIIHQQMGGLRSCMGLTGSATVEDLRTKAQFVRISGAGMKESHVHDVQITKEAPNYRLG,548,1413,486,56.379,274,207,352,3,5,72.43,99,/stor/work/Wilke/crisprtn7/reblast2/GCF_004358295.1_ASM435829v1_genomic.fna
NZ_SMZE01000005.1,32552..102980,tniQ,54666..52552,lcl|54666|52552|1|-1,-1,tr|A0A081NVM8|A0A081NVM8_9BACL,2.12e-05,tr|A0A081NVM8|A0A081NVM8_9BACL tniQ ABC transporter domain-containing protein OS=Paenibacillus tyrfis OX=1501230 GN=ET33_22665 PE=4 SV=1,MQDTLLNSLVYVSRYYGLANSPEALINGLPLADGKLTPFLFPRSAERAGLIAKENRAPLDQIPHLVFPVVLLLKGGEACVLNSINQETQEAEIVTAESGLVPVAYSLSDLEAMYIGRYFMVKKQFRFDERSPEVLKPRDGHWFWSTIYKSKHIYRDVLIASLLINLFAVAAPMFSRIVYDKVVPNLAFETLWVLSSGILVIFLFDFVFKMLRSYFIDVAGKKSDILISSKLFSKVMGIRMEARPPSVGAFARHLQEFESIREFFTSATISSLIDLPFALLFLVLIWLMAGHLVWVPVIGVLILVIYSFLIQSRLKRAIEEGSRLASQKYANLIESLAGLETVKLFGAQGQFQYRWEEAVAHMANWNIKSRRITDSIQNTAGFVQQAANIGMIIVGVYLISNGDLTMGGLIAATMLSGRAIGPLVQLSLLSTRYNQAKSSMTIIEQVMSMPDEQEEGKRYIHRPIIQGKIELDRVTFHYPNSPIASVRDLSLTIHPGEKVAIIGRIGSGKTTLERLIMGLYKPTEGHVRIDDTDISQLHHIDIRRNIGCVPQDSVLFYGSIRDNITLGRPLSDDREVMDAANRAGVTVFTQQDPAGLERQVGEGGMLLSGGQRQSVSIARAFLGRPPVLLMDEPTSAMDNRSEMHIKQQLSQLKPSETLILITHKTSMLDVVDRVIVMEKGCIIADGPKHEVLNDLRQGNVRAVQ,45.4,106,98,29.592,29,62,52,2,7,53.06,14,/stor/work/Wilke/crisprtn7/reblast2/GCF_004358295.1_ASM435829v1_genomic.fna
NZ_SMZE01000005.1,32552..102980,tniQ,82980..82075,lcl|82980|82075|1|-1,-1,tr|A0A1X1NDK8|A0A1X1NDK8_9ACTN,1.16e-04,tr|A0A1X1NDK8|A0A1X1NDK8_9ACTN tniQ HTH lysR-type domain-containing protein OS=Streptomyces sp. CB03238 OX=1907777 GN=BKD26_21400 PE=4 SV=1,MQLNQLNLADIRAFVLIAKLGNFTKAAEELEVSRSHVSRQLSQLENSMGVTLVIRTTRSLSLTDAGELFYRQCEQALSSIEQAVLAAVDDVQEARGELRINSVGGHIGEELIADICSAFMQENPDVRIHLDFSSHRVDLIEEGFDVAFRMGKLEDASFVARKLTEIRMSTLASPTYFTLCGQPQHPKQLTDHRCLTGSVKRWSYQHKETKQTLEVPVDGDLQCKNGRVLVRSALAHNGIIRVPTFYCHQEIARGELVEVFQDWHIPSVDFSLIYHKDKYQPVRLKRFIEFSKRYFEQSVIE,41.6,96,89,31.461,28,55,46,3,6,51.69,28,/stor/work/Wilke/crisprtn7/reblast2/GCF_004358295.1_ASM435829v1_genomic.fna
NZ_SMZE01000005.1,32552..102980,cmr6,93887..92733,lcl|93887|92733|2|-1,-1,"gi|427715526|ref|YP_007063520.1|CAS-III-B|cmr6gr7|G7,CASCADE",0.001,"gi|427715526|ref|YP_007063520.1|CAS-III-B|cmr6gr7|G7,CASCADE cmr6",MKKNAVHFGAGNIGRGFIGKLLADADIAVTFADVNEPLVDQLSHQQEYKVKVVGSECKMETVSHVTAVNSASEALIERIIKTDLVTTAVGPTVLDIIAKTIAKGLSARFAAGNTQPLNIIACENMVRGTTHLKQQVYQFLTTEEQQQADALVGFVDSAVDRIVPPLQAANDDPLEVTVESFSEWIVDEQQFKGEIPQIEGMEKTDNLMAFVERKLFTLNTGHCVTAYLGYLKGHRTIREAIEDPIIHAQVKQAMQESGEVLIRRYGFDRALHSAYIEKILSRFANPYLVDEVDRVGRQPLRKLSANDRLIKPLLGTIEYGLPNGMLLKGIAAALKYRNSSDPQAVELQQSIEKEGVRSTLARYTGLAAESVEAQQIEALYQQMD,39.3,90,85,29.412,25,54,42,1,6,49.41,22,/stor/work/Wilke/crisprtn7/reblast2/GCF_004358295.1_ASM435829v1_genomic.fna
NZ_SMZE01000005.1,32552..102980,glmS,39107..39466,lcl|39107|39466|2|1,1,WP_035343592.1,3.94e-10,WP_035343592.1 glmS two-component system response regulator GlrR [Dickeya],MAKVLAVDDSISIRQMVSHTLQDAGYEVETAADGREALAKAQKARFDVIISDVNMPVMTGFEFVKAVRMQSQYKFTPILMLTTETSPEKKQEGKAVGATGWLVKPFNPETLLKTLQRVL,53.5,127,118,28.814,34,82,56,1,2,47.46,99,/stor/work/Wilke/crisprtn7/reblast2/GCF_004358295.1_ASM435829v1_genomic.fna
NZ_SMZE01000005.1,32552..102980,glmS,46203..47243,lcl|46203|47243|3|1,1,WP_035343592.1,1.50e-05,WP_035343592.1 glmS two-component system response regulator GlrR [Dickeya],MKKIKVLIVDDSPVFRALLTQLIDSDPALQVVASAEDPYQARELIKHYQPDVVTLDVEMPKMNGVQFLKNLMRLHPLPVVMISTLTQHGAEATLAALELGAVDYFPKPSSDNPAEMLNYKNLVNDKIKMAAQANVGFVQSATVSAPITERVSTDYQLIAIGSSTGGTEAVKQVLAALPSGLPPIVMTQHIGAQFTASLAKRLNDSSALHVQEVTQPTTALESSCAYLAPGDKHIVVVKRAGKLYVELDDRPAVNRHKPSVDVMFNSIAQHVGSKAMGILLTGMGQDGAKGMLAMHQQGAATAAQDEQSSVVWGMPRVAIELGAADVVKPLGAMATWIVEQLQKKHA,44.3,103,196,26.020,51,123,89,9,22,45.41,53,/stor/work/Wilke/crisprtn7/reblast2/GCF_004358295.1_ASM435829v1_genomic.fna
NZ_SMZE01000005.1,118077..196254,tniQ,139936..138077,lcl|139936|138077|3|-1,-1,tr|A0A081NVM8|A0A081NVM8_9BACL,4.91e-05,tr|A0A081NVM8|A0A081NVM8_9BACL tniQ ABC transporter domain-containing protein OS=Paenibacillus tyrfis OX=1501230 GN=ET33_22665 PE=4 SV=1,MFKLFEGFTDPFPKGEPQRPPNTLWAFCRHYTRGFEKPLIVMALLSTAIAIIEVSLFGFMGQLVDWLSTSSPDTFLVENQSTLIGLGLLVLVGMPLLIAFYSLLIHQSLLGNYPMSIRWLAHRYLLKQSVSFYQDEFAGRISTKVMQTALAVRETVMKSLDVFVYVMVYFTAIVVILAQADWRLMIPMLIWLAIYVTVQMYYVPKLKKVASEQADARSLMSGRIVDSYTNIMTVKLFSHSQRETQYAEEGMQDFLGTVHRQMRLVTGFNIWVEMANYLLVFTIAALSIYLWTTSAISVGAIAVAVSLSLRINGMSKWIMWEVSALFENIGTVVDGMTMLGKPITVTDKPDAKPLVVKHGGITFDDVSFHYGENKGVINHLNLNIKPGEKVGLVGRSGAGKSTLVNLLLRFHDVESGRILIDGQPISEVTQESLRSKIGMVTQDTSLLHRSIRDNILYGNPNATEEQLLKATAQAHAHEFILGLTDPHGNSGYDAQVGERGVKLSGGQRQRIAISRVLLKDAPLLVLDEATSALDSEVEAAIQESLNELMQGKTVIAIAHRLSTIAAMDRLIVLDKGQIVEQGTHQELIAQNGIYAHLWAHQTGGFIGCDEDEVEEAILA,43.9,102,98,33.673,33,56,52,3,9,53.06,16,/stor/work/Wilke/crisprtn7/reblast2/GCF_004358295.1_ASM435829v1_genomic.fna
NZ_SMZE01000005.1,118077..196254,tniQ,143290..144216,lcl|143290|144216|1|1,1,tr|A0A1X1NDK8|A0A1X1NDK8_9ACTN,1.77e-04,tr|A0A1X1NDK8|A0A1X1NDK8_9ACTN tniQ HTH lysR-type domain-containing protein OS=Streptomyces sp. CB03238 OX=1907777 GN=BKD26_21400 PE=4 SV=1,MDKFADMVLFASIVKNQGLAAAGRELSLSPATVTARLQALEDRYGVKLLNRSTRHLSLTESGVLYYQACLEILNSVRETENLLQTGSKEVRGTLKVSAPRDIGKQHIAPILAAFTEQYPEVVPYLYLNDNISNLAESGLDVVIRYGELADSSLISRKLATSRRVLCASPAYLARKGTPKTPQDLAQHDCLAMVRSNEEMKTWHFQENEQHKVITIVPKSFADDGEVIRQWALAGMGIALKSILDVQDDLNQQRLVTVLDGYMKNFNASTSASGADLNVLYLSRQYQPKRLRLFIDFLIEQCALRLGNQ,40.8,94,93,27.957,26,65,45,1,2,48.39,30,/stor/work/Wilke/crisprtn7/reblast2/GCF_004358295.1_ASM435829v1_genomic.fna
NZ_SMZE01000005.1,118077..196254,tnsC,165444..167804,lcl|165444|167804|3|1,1,UniRef100_A0A1E7VIN8,3.78e-04,UniRef100_A0A1E7VIN8 tnsC Transposon Tn7 transposition protein TnsC n=2 Tax=Duganella sp. HH105 TaxID=1781067 RepID=A0A1E7VIN8_9BURK,MAIQHLSFEQLYQVAKLEKLECKSTKELAPIDEIVGQERAQKAVEFAMSIKEKGYNIYAIGRNGLGKRTMILRYLSRHQHDVNKLYDWCYVANFEDVRVPKVLKLPCGIGIQFRQDIEKLMTKLVTAIPLAFDNEIYFSRAEKLKNQLAQKQESELESITRTAKERGVSLTLTPQGEYQFVALNGEEMHTEETFDALSKREQEQFSNTIDELEVSLRNMVRQLTEWEESYSEKIKKLNDEVTLDVIAHFIKKLKLDYSKYPEIKAYLTELQKDIVENVEIFLDEGGDQGELANASLDKKMPRRYKVNVLVSRNAEEFPIVVEESPNYHSLFGYIETATYKGTVFTDFSLIRPGSLHKANGGVLLMDAVKVLEQPYVWDGLKRALRSRQLSFTSLEKEVTLTGTVSLDPEPIPLDVKIILFGDYRTYELLAHYDPEFSELFRVTADFADEMPRDADSELHYARFISSIVHDANMLHCDRKAIARIIEHSSRTTGDQTKLSLHSAHIANLLRESNYVAKQANANLIRQSHVEEALRNQELRVNRLQQSMMETFVNGTTLIQTEGVAIGQVNALSVLATSDHAFGMPNRITATTSYGEGEIIDIERNVDLGGSIHSKGVMILSAYLSSVFGRTARIPLTTTITFEQSYGGVDGDSASMAEFCAIVSAFSKQPNRQDIAITGSMNQFGESQPIGGLNEKIEGFFDVCTIKGRKDTQGVIIPRSNMHNLMLRADVVKAVEKGEFHIWAIDHVTEAIEIFTGKPAGVATDDGSYPVDTVFGLAQAKLNALRK,41.6,96,183,26.230,48,101,71,6,34,38.80,19,/stor/work/Wilke/crisprtn7/reblast2/GCF_004358295.1_ASM435829v1_genomic.fna
NZ_SMZE01000005.1,118077..196254,tniQ,176254..175349,lcl|176254|175349|3|-1,-1,tr|A0A0W7WYX0|A0A0W7WYX0_9ACTN,3.51e-04,tr|A0A0W7WYX0|A0A0W7WYX0_9ACTN tniQ HTH lysR-type domain-containing protein OS=Streptomyces silvensis OX=1765722 GN=AT728_13705 PE=4 SV=1,MRKLAPLKSLYSFVAVAETGSMTLAAEALNVSHSAISQAIKSLESQLGQPLFHRVGRQVVLNSAGKRYYQKVAPALEQIVEATESLLKPTHSNRITLNMINSLALHWWIPRVSSFQAFAPDVDVRISTLTGAFSLEEQGVDVALIHGQWREWQDYYCEQLADDELVMVISQNMISANMPLKQALAQFPAIFVNNPRRQTDWDIWCQANQVTPPPQQRNLSFSASAQALQATLSGLGVFVTHKLFIKQELESGILKEIGQPVTHPDQGYYFACRPEALRSEAVLTLRSWLRNEFQKNQNRQK,40.0,92,67,35.821,24,41,35,1,2,52.24,22,/stor/work/Wilke/crisprtn7/reblast2/GCF_004358295.1_ASM435829v1_genomic.fna
NZ_SMZE01000005.1,118077..196254,cas3,144373..145593,lcl|144373|145593|1|1,1,gi|260893619|ref|YP_003239716.1|CAS-I|cas3|cas3,2.63e-06,gi|260893619|ref|YP_003239716.1|CAS-I|cas3|cas3 cas3,MSFSSLALSADLIQALPKEITQPTAIQTLVIPAMLTGKDVLALANTGSGKTLAYGLPLLERLKTSPEQQALVLVPTRELAMQVSDVLTHVGTPLGLNTLCLCGGVDKAEQQNALAENPNILVATTGRLFDLTQSGLSLNRVTTLVLDEADRLLDMGFWPQVQALASQTASVRQTVMCSATFSDDLKLKAQQLMRAPTQVSANPENSINQAVQETLYLVNKGSKTQALVALLKQHQWPQVLVFIGAKENADSLTKKLKKAGVVATALHGDKSQAQREAALAEFKNGSTQVLIATDLLARGIHIEQLPVVINFELPMHAETYVHRVGRTARAGQQGIAVSLVCHGEMDALNAIRTLTQRDLPVQNLEGFPVTDQPSTGESKRAPRDKQANRRTQNKKSVKQFQGKTRT,48.5,114,135,28.889,39,86,60,2,10,44.44,31,/stor/work/Wilke/crisprtn7/reblast2/GCF_004358295.1_ASM435829v1_genomic.fna
NZ_SMZE01000005.1,118077..196254,csx1,187514..188188,lcl|187514|188188|2|1,1,gi|338730931|ref|YP_004660323.1|CAS-III|csx1|CARF,2.53e-04,gi|338730931|ref|YP_004660323.1|CAS-III|csx1|CARF csx1,MKDENKLNVRMLSDVCMQSRLLKEALESKLPLALEITPFSELWLEENKPESRSIQMLVIDYSRISDDVLTDYSSFKHISCPDAKEVIINCPQDIEHKLLFKWNNLAGVFYIDDDMDTLIKGMSKILQDEMWLTRKLAQEYILHYRAGNSVVTSQMYAKLTKREQQIIKLLGSGASNIEIADKLFVSENTVKTHLHNVFKKINAKNRLQALIWAKNNIGIEEVNS,40.0,92,43,41.860,18,25,30,0,0,69.77,19,/stor/work/Wilke/crisprtn7/reblast2/GCF_004358295.1_ASM435829v1_genomic.fna
NZ_SMZE01000005.1,118077..196254,guaC,156680..155544,lcl|156680|155544|2|-1,-1,WP_058461449.1,4.40e-05,WP_058461449.1 guaC guanosine monophosphate reductase [Legionella adelaidensis],MIISASTDYRAAAKAKLPPFLFHYIDGGSYGEHTLRRNTDDLADIALRQRVLSDMSELSLETELFGEKMALPIALSPVGLTGMYARRGEVQAAQAAEAKGIPFTLSTVSVCPIEEVAPSIHRPIWFQLYVLKDRGFMKNVLERAKAAGVKNLVFTVDMPVPGARYRDMHSGMSGPNAAMRRVLQAMVHPSWAWDVGLLGKPHDLGNISKYRGSPTKLEDYIGWLGANFDPSISWKDLEWIRDFWDGPMIIKGILDTEDAKDAVRFGADGIVVSNHGGRQLDGVLSTVQALPAIADAVKGDLKILVDSGIRTGLDVVRMLALGADCTMLGRSFIYALAAQGRAGVENLLDLYEKEMRVAMTLTGAKSIAELSRDSLVKR,42.7,99,99,34.343,34,61,45,2,4,45.45,25,/stor/work/Wilke/crisprtn7/reblast2/GCF_004358295.1_ASM435829v1_genomic.fna
NZ_SMZE01000005.1,118077..196254,glmS,186484..185564,lcl|186484|185564|3|-1,-1,WP_035343592.1,6.72e-04,WP_035343592.1 glmS two-component system response regulator GlrR [Dickeya],MAKVVSKANQSQGMLMFTLSAQQQLFAIGTLKVREIVTYQPMTQIPYSHHHVIGTVTIRNLTVPVIDMAAAIGFRPIQPSEYQKCYLIVTDCLRTVVAFMVRTIEKIIECDWRQIESSPETAGHDVFVTGITRFQNKIVQLLDVELLLSKIYPQYESTKVPMLTDIERERLKPLNILLVDDSSIARKQLSDALDSINIPYHICKNGSEALDLMRDMARNHRAIDILVSDIEMPGLDGYELAFEMQNDPQLNHAYCILHTSLSSEICVDRAHQVGAHEALEKFNATELVEAMLRGAKKLETQRLQKS,38.5,88,111,32.432,36,66,49,4,9,44.14,36,/stor/work/Wilke/crisprtn7/reblast2/GCF_004358295.1_ASM435829v1_genomic.fna
NZ_SMZE01000005.1,198661..240976,tnsA,218661..219122,lcl|218661|219122|3|1,1,UniRef50_A0A290TKK1,6.19e-05,UniRef50_A0A290TKK1 tnsA Tn7_Tnp_TnsA_N domain-containing protein n=3 Tax=Alteromonadales TaxID=135622 RepID=A0A290TKK1_9GAMM,MPKRSKEDTEVTIQTIMDAVVDQLLRLGYDKMSYTTLSQQTGVSRTGISHHFPKKTDFASALDGRIFKMFMEYLDFEHDMEAFRDSWLKAMEKSEFVAILRLLFHHIVTAERAHDFAHKGVNRLYKLTEEKFGQESQKEVEWLLGHSLVSMVN,39.7,91,96,29.167,28,47,47,4,21,48.96,63,/stor/work/Wilke/crisprtn7/reblast2/GCF_004358295.1_ASM435829v1_genomic.fna
NZ_SMZE01000005.1,198661..240976,tnsA,220976..220035,lcl|220976|220035|2|-1,-1,UniRef50_A0A2D2C3Y7,1.18e-17,UniRef50_A0A2D2C3Y7 tnsA Tn7_Tnp_TnsA_N domain-containing protein n=4 Tax=Paracoccus TaxID=265 RepID=A0A2D2C3Y7_9RHOB,MNITISDSIQSLLFRSEQLTNAIHLVIHDIRLPRTLLCLLVGAILALCGTAMQGLFRNPLAEPGIIGVSSGASLGAALAIVLLSDVVSSLPWVNSLVLPIAAFIGGALTTVLVYRLGTSKFGTSVTIILLAGVAISALAGAGIGYLNYLASDQMLRDLTLWSMGSVAGATTSSILLCSVTLIILFAYFHWRSMALNALLLGEAEARHLGVPVQKLKREMILLSAVGVGVAVSAAGMIGFVGLVVPHIGRMLVGPDHRNLVPVSTLLGALMLTLADMVARVAVAPAELPIGIVTALVGAPFFLYLLFQQKGRIF,79.0,193,103,45.631,47,54,71,2,2,68.93,33,/stor/work/Wilke/crisprtn7/reblast2/GCF_004358295.1_ASM435829v1_genomic.fna
NZ_SMZE01000006.1,0..32721,tnsA,11792..12721,lcl|11792|12721|2|1,1,UniRef50_A0A1W6LD49,8.43e-50,UniRef50_A0A1W6LD49 tnsA UPF0761 membrane protein A4W93_20890 n=42 Tax=Betaproteobacteria TaxID=28216 RepID=A0A1W6LD49_9BURK,MKLTHSFIKQQARLGLHFFRYLLVRMNHDRVNVNAGYLAYITLLSMVPMLTVLLSILSSFALFANAGEVIQDFVITHFVPAAGEVVKTALIEFVANTGKMTAVGGAFLFVAAIMLISNIDKNLNYIWRVQQKRRAVFSFSMYWMILTLGPILVGASIAATSYITSLKILDNEALSGVYNLFLRWLPFVLSYCAFVGLYLLVPNKKVHWQHAMLGALIAAILFELSKKGFAAYITQFPSYQLIYGALAAIPILFVWVYLCWLIVLVGAEVTAALGEREHWSDSQDMLHFAPLPKNEVEEKQSDSTDPTSK,164,416,263,34.221,90,168,148,2,5,56.27,84,/stor/work/Wilke/crisprtn7/reblast2/GCF_004358295.1_ASM435829v1_genomic.fna
NZ_SMZE01000006.1,0..32721,csx1,1346..342,lcl|1346|342|2|-1,-1,gi|218961159|ref|YP_001740934.1|CAS-III|csx1|CARF,2.33e-28,gi|218961159|ref|YP_001740934.1|CAS-III|csx1|CARF csx1,MITSSLPLTDLHRHLDGNIRTQTILELGQKFGVKLPANTLETLTPYVQIVEAEPSLVAFLSKLDWGVAVLGDLDACRRVAYENVEDALNARIDYAELRFSPYYMAMKHNLPVAGVVEAVVDGVRAGVRDFGIQANLIGIMSRTFGTDACQQELDAILSQKNHIVAVDLAGDELGQPGDRFSQHFKQVRDAGLHVTVHAGEAAGPESMWQAIRDLGATRIGHGVKAIHDPKLMDYLAQHRIGIESCLTSNLQTSTVDSLATHPLKRFLEHGILACINTDDPAVEGIELPYEYEIAAPQAGLSQEQIRQAQLNGLELAFLSDSEKKALLAKAALRG,114,285,371,26.954,100,217,164,12,54,44.20,98,/stor/work/Wilke/crisprtn7/reblast2/GCF_004358295.1_ASM435829v1_genomic.fna
NZ_SMZE01000006.1,0..32721,glmS,5428..4028,lcl|5428|4028|3|-1,-1,WP_035343592.1,1.27e-96,WP_035343592.1 glmS two-component system response regulator GlrR [Dickeya],MSRGYVWVVDDDSSIRWVMEKTLSSAHIKCETFADAESVLLALERETPDVLVSDIRMPGMDGIALLNQVHQRTPELPVIIMTAHSDLDAAVNAYQQGAFEYLPKPFDVDETLTLVERAIAHGQEQRKTSHRPSENYSAPEIIGEAPAMQEVFRAIGRLSRSSISVLINGESGTGKELVAHALHRHSPRAQKPFIALNMAAIPKDLIESELFGHEKGAFTGANTVRQGRFEQANGGTLFLDEIGDMPLDIQTRLLRVLADGQFYRVGGHVAIKVDVRIVAATHQNLEKLVHQGKFREDLFHRLNVIRIHIPSLRERRQDIEKLTKHFLALAAKELGVEMKTLNPRTVDILTKLDWPGNVRQLENMCRWLTVMASGSEVLPSDLPSELLSERKASHFDNDISWQKQLETWAKSALASGETELLAYALPEFERILLEAALHHTNGHKQEAAKVLGWGRNTLTRKLKELY,296,757,374,42.513,159,191,234,4,24,62.57,78,/stor/work/Wilke/crisprtn7/reblast2/GCF_004358295.1_ASM435829v1_genomic.fna
NZ_SMZE01000006.1,99902..140795,tniQ,119902..120795,lcl|119902|120795|1|1,1,tr|A0A5R9M7S2|A0A5R9M7S2_9ACTN,1.86e-05,tr|A0A5R9M7S2|A0A5R9M7S2_9ACTN tniQ LysR family transcriptional regulator OS=Streptomyces sp. So13.3 OX=2136173 GN=C8250_08370 PE=4 SV=1,MNIRDFEYLVALADHKHFRKAAEACFVSQPTLSGQIRKLEDEIGTTLLERSSRRVLFTEAGLQLVDQAKKILSEVKTFKDMANQQTGAMTGPLHIGFIPTLGPYLLPKIIPTLKERFPELELYLHEAQTNQLVRQLEEGKLDCLVLASVEETAPFKEIELYNEVLSIAVPCDHAWAARDEVDMLELKGKTVLALGDGHCLRDQALGFCFAAGAKDDERFKATSLETLRNMVAAGAGITLLPELALPEDKTKDGVCYLRAVNPIPSRRLVLAYRPGSPLRQRFEQLAEVIKHRLQQSE,43.9,102,81,28.395,23,53,42,1,5,51.85,27,/stor/work/Wilke/crisprtn7/reblast2/GCF_004358295.1_ASM435829v1_genomic.fna
NZ_SMZE01000006.1,168764..209057,tniQ,189057..188764,lcl|189057|188764|1|-1,-1,tr|A0A1V4PXE5|A0A1V4PXE5_9MYCO,1.34e-05,tr|A0A1V4PXE5|A0A1V4PXE5_9MYCO tniQ Uncharacterized protein OS=Mycobacterium sp. AT1 OX=1961706 GN=B1790_06365 PE=4 SV=1,MVGRQVIDVVLMAHRFYLTDGFLARDFNIVITPHLQWLFCHPHHIRQQMISAVDLRTFQHNQVTTANINFISQCQSDRQTGLCLRQIAIKSHNPCHG,40.0,92,66,34.848,23,36,32,1,7,48.48,61,/stor/work/Wilke/crisprtn7/reblast2/GCF_004358295.1_ASM435829v1_genomic.fna
NZ_SMZE01000006.1,168764..209057,cas3,181727..183046,lcl|181727|183046|2|1,1,gi|219847511|ref|YP_002461944.1|CAS-I|cas3|cas3,2.23e-05,gi|219847511|ref|YP_002461944.1|CAS-I|cas3|cas3 cas3,MGFATMTPIQAQSLPAILKGQDVIGQGKTGSGKTAAFGLGVLSNLNVKRFRVQALVLCPTRELADQVATDIRTLGRAIHNIKVLTLCGGMPMGPQIGSLEHGAHILVGTPGRILDHLSKDRIDLSELNTLVLDEADRMLEMGFQEALEAIIAAAPAERQTLLFSATYPASIEQIAQSVTRNALMIKVEATHDTSSIRQYFYKVEGSAARDEALETLLLHHQPTSSVVFCNTKREVQNVADALHQSGFSVIELHGDMEQRERDQALVQFANKSISILVATDVAARGLDVDNLDAVFNYDLSRDPEVHVHRIGRTGRAGSKGLAFSFFSDNESYRVAQIDEYMDIAIEPSTLPQPAAGARPYAANMVTIQIDGGKKDKVRPGDILGALTSDGELTAEHIGKINLFPMRAYVAVHKKIAHKALNKIANGKMKGRQFRARLLK,45.4,106,177,27.684,49,107,73,6,21,41.24,37,/stor/work/Wilke/crisprtn7/reblast2/GCF_004358295.1_ASM435829v1_genomic.fna
NZ_SMZE01000006.1,168764..209057,guaC,187909..189339,lcl|187909|189339|1|1,1,ALD18734.1,5.73e-21,"ALD18734.1 guaC translation elongation factor 1-alpha, partial [Amanita aff. basii SS-CUAJ-OAX-MX-2013-1]",MNNAVKEQLAELGIEGYLNQHQHKSLLRFLTCGSVDDGKSTLIGRLLHDSKQIYEDQLAAVHNDSQRVGTTGSRPDLALLVDGLQAEREQGITIDVAYRYFSTQKRKFIIADTPGHEQYTRNMATGASTCDLAVILIDARKGVLNQTRRHSFISNLLGLKHFIVAVNKMDLVDYSQDRFEQIRAEYLEFSKHLQGETEIQIIPLSALEGDNVVEKSRLMDWYQGPSLLELLENVDIDRDKSSGAFRFPVQYVNRPNLDFRGFAGTIASGVVKVGDKIKALPSGKTSTVTRIVTFDGDLPQAQAGLAVTLTLADEIDISRGDLIVLESAQVDSTNHLLADVVWMTEQPLQVGRDYDIKIAGKKTVGQVKAVRHQYDINNLSTYHAESLPLNGIGLCEWTFTQTVALDKYLDCADTGGFIIIDRLTNVTVGAGLVRDSLQNITGQTESFSAFELELNALVRKHFPHWQAIDLSRLGKA,87.0,214,154,32.468,50,84,78,3,20,50.65,28,/stor/work/Wilke/crisprtn7/reblast2/GCF_004358295.1_ASM435829v1_genomic.fna
NZ_SMZE01000007.1,180315..220406,tnsA,200315..200968,lcl|200315|200968|2|1,1,UniRef50_A0A3M5N9X7,3.30e-05,UniRef50_A0A3M5N9X7 tnsA HTH gntR-type domain-containing protein n=380 Tax=Bacteria TaxID=2 RepID=A0A3M5N9X7_PSEAZ,MLMPRQKLPAERKLAESFDTTRVTLREALSLLEAEGKIYREDRRGWFISPAPLRYDPTQTLNFTNMALAQNRQPKTELVSAKAVIANKQATRLLKLKPFSDVYRVDRVRYLDNRPVVYVTNYIRPELFPNLLDFDLSQSLTDLYREHYATQYQTIHYRISTSSLLGEMAQALRATSGTPAMVVERVNYNQKGELIDCDIEYWRHDAITIESIAELKR,41.6,96,51,39.216,20,31,31,0,0,60.78,24,/stor/work/Wilke/crisprtn7/reblast2/GCF_004358295.1_ASM435829v1_genomic.fna
NZ_SMZE01000007.1,180315..220406,csm3,205047..204766,lcl|205047|204766|3|-1,-1,"gi|479148381|ref|YP_007778810.1|CAS-III-A,CAS-III-D|csm3gr7|G7,CASCADE",0.008,"gi|479148381|ref|YP_007778810.1|CAS-III-A,CAS-III-D|csm3gr7|G7,CASCADE csm3",MQPVTKNGESMNKTALLLTVVGAVLLTGCARQENEYTVKEYTSMANPASVYCVEQGGQLEMVTENEQRVTYCVTKDGEKIEQWEYFRQNHDQQ,32.3,72,67,26.866,18,43,35,1,6,52.24,66,/stor/work/Wilke/crisprtn7/reblast2/GCF_004358295.1_ASM435829v1_genomic.fna
NZ_SMZE01000007.1,180315..220406,yciA,217479..218066,lcl|217479|218066|3|1,1,WP_054595093.1,7.81e-04,WP_054595093.1 yciA PaaI family thioesterase [Pseudomonas],MAFILAPYIHNVIPSSLLSQSWCTTLCSLDGVVTMSHFYSFRTQAMSIWNKPISLETLNATSKNTLIEHLNIIYTEVTENSISATMPVCHFTHQPLGMLHGGASVVLAETLGSVAANFSVGEDAYCVGLDINANHVRAMREGLVTGTAVPLHIGVSTQVWQIEIKDEQGRLVCISRLTVAVKRSRPKQAKPVAEV,35.8,81,86,34.884,30,53,45,2,3,52.33,44,/stor/work/Wilke/crisprtn7/reblast2/GCF_004358295.1_ASM435829v1_genomic.fna
NZ_SMZE01000008.1,1450..42457,tnsA,21450..22457,lcl|21450|22457|3|1,1,UniRef50_A0A2D2C3Y7,4.51e-16,UniRef50_A0A2D2C3Y7 tnsA Tn7_Tnp_TnsA_N domain-containing protein n=4 Tax=Paracoccus TaxID=265 RepID=A0A2D2C3Y7_9RHOB,MNDKMDFHRLLQHKQQRWQRSSYLLIGLFLSVCVLYLLVGELWLSPFSAWSSLEQQLVWELRLPRLLAAAVIGASLAVAGATLQVLLGNVLAEPGVVGVSGGASVAMVILLLFFPSLNSPVAFMAAAVLGALLFTLLLVVMARKLRLTTARLLLVGVALGILSGAVVTWAFYFSDDLGLRQLMYWLMGSVAGVSWYQHLLSLVAVPVVIWLVLQGGVLDKLMLGEGHAKQLGVDIHRVRWRLILAIALLVGASVALGGVIGFVGLVVPHLLRLTLGSENRLLLPLSALCGALLLVSADLIARLALGSGELPLGVVTTTLGAPIFIWMLVRNHDSC,74.7,182,103,42.718,44,58,63,1,1,61.17,31,/stor/work/Wilke/crisprtn7/reblast2/GCF_004358295.1_ASM435829v1_genomic.fna
NZ_SMZE01000008.1,1450..42457,cas2,14275..12851,lcl|14275|12851|2|-1,-1,gi|385817593|ref|YP_005853983.1|CAS-I-E|cas2|cas2,9.97e-05,gi|385817593|ref|YP_005853983.1|CAS-I-E|cas2|cas2 cas2,MQQEHQPTFFFFDYETWGVNPAKDRPSQFAGVRTDMDFNIIGEPLVIYCQLPNDYLPAPEAALITGITPQKANSQGLAEPEFIARIHAELSTPNTTSLGYNSIRFDDEVTRYTCYRNFIDPYAWSWQHGNSRWDLLDVLRACHALRPEGIEWPENDDGFTSFKLEHISVANGIEHSNAHDAMADVIATIELAKKVKAAQPKLFDYFFTMRHKRKLTELIDIVNQTPLMHVSGMLGRERHYTSWIVPIAWHPTNQNAVIVVDLGKDPQPLLELDAETLQARLYTRYEDLAPDELPVPVKLVHLNKCPILAPAKTLTAENAQKIGIDREQCLAHLNVIRQHPEIREKLVTVFSQEREFNQDSDVDSQLYAGFFSPADRAAMEIIRTTAPENLGSLAIQVADKRIEPLLFRYRARHYPHTLTDAEQRRWAAHCRDYFERNLEGYMVNLENLVHEHQADPKKMAILKSVYHYVEKLAC,43.1,100,195,25.641,50,103,86,10,42,44.10,39,/stor/work/Wilke/crisprtn7/reblast2/GCF_004358295.1_ASM435829v1_genomic.fna
NZ_SMZE01000008.1,105236..145940,tnsA,125236..125940,lcl|125236|125940|1|1,1,UniRef50_A0A3M5N9X7,1.73e-09,UniRef50_A0A3M5N9X7 tnsA HTH gntR-type domain-containing protein n=380 Tax=Bacteria TaxID=2 RepID=A0A3M5N9X7_PSEAZ,MKSSPLVRQASTEKESTKSENLTEYLIEAIVEGQLAPGSKISEPELAKQFQVSRGPLREALMRVEGLGLIERIPHIGARVIQLSPTKLVELYAVREALEGMAARLAARNITEIELAGLESLLSTHSTHIDQVEGASYFHQQGDFDFHYRIIQASRNQQLIGLLCDELYHLLRMYRYQSPRSHSRPVEALEEHKFILRAIRQRDEELAEMLMRRHISRSRQLIEQQIMLDAQQQG,54.3,129,193,26.425,51,118,91,6,24,47.15,74,/stor/work/Wilke/crisprtn7/reblast2/GCF_004358295.1_ASM435829v1_genomic.fna
NZ_SMZE01000008.1,105236..145940,csx3,145367..145041,lcl|145367|145041|1|-1,-1,"gi|298491270|ref|YP_003721447.1|CAS-I,CAS-III|csx3|csx3",0.003,"gi|298491270|ref|YP_003721447.1|CAS-I,CAS-III|csx3|csx3 csx3",MHRLGNITHFGILQTTHHRKLKGGTFTFFTMNGNLPPHKLDQLLTDTQPKPSAPILTRNAVICLRESIEQIVQLVLGNANPCIFDGKPQRDLLFIQLAHSCRQYNFAL,34.3,77,92,25.000,23,61,40,2,8,43.48,78,/stor/work/Wilke/crisprtn7/reblast2/GCF_004358295.1_ASM435829v1_genomic.fna
NZ_SMZE01000008.1,105236..145940,glmS,110597..109893,lcl|110597|109893|1|-1,-1,WP_035343592.1,5.86e-08,WP_035343592.1 glmS two-component system response regulator GlrR [Dickeya],MSNQPSLYIIEDDTKLREMLAEYMTNQGFQVTTFATGETAPEQILLNQPDLVLLDLMLPGENGLTICRQIRAQFLGKILMLTASDDDFDHVAALEMGADDFVNKPIKPRVLLARIRMLMRREERTSASADATHLLQFGGLLLNQSRRHCELDGEVINLSDSEFDLLWLLASAADQVVSREFLTKSLRGIEYDGLDRTVDNKIVTLRKKLCDDSSTPKRIITVRGKGYLFVPDTW,50.4,119,102,30.392,31,70,57,1,1,55.88,43,/stor/work/Wilke/crisprtn7/reblast2/GCF_004358295.1_ASM435829v1_genomic.fna
NZ_SMZE01000008.1,105236..145940,glmS,142891..141581,lcl|142891|141581|2|-1,-1,WP_035343592.1,1.37e-08,WP_035343592.1 glmS two-component system response regulator GlrR [Dickeya],MATANTDIKQNSSTNIAFIERMSSPSLHRILCNLFSKFSYSLSNSCHFNLKYLNFVMNRIFHMSMEDLSQCTILIVDDSPDNIAFMSQGLAQYYRIKAARSGKVALEILAQYPIDLVLLDIVMPEMSGYEVINQIKHNPHTEHIPVIFLTGKSSPEDEQLGFELGAVDYVFKPVSIPLLKSRVHTHLQNKRSKDILLNQNDYLETEVLRRSGELDRMQDAVVFALASLAETRDPETGNHLLRTQHYVKVLAQRLATTDKYRDVLSPTVIDTYFKAAPLHDIGKVGIPDNILLKPGKLTPDEFTTMRNHALLGKLALEKAEKLSGACTALINAAKEIVIGHHEKWDGSGYPMGLRGEAIPLSARLMALADVYDALICRRVYKEPMSHEEAKAIILQGRGSHFDPMVIDAFLIEEQNFIDIAQKFADEESAMVPIQRG,54.3,129,111,29.730,33,75,57,2,3,51.35,25,/stor/work/Wilke/crisprtn7/reblast2/GCF_004358295.1_ASM435829v1_genomic.fna
NZ_SMZE01000009.1,0..66320,tniQ,5812..6681,lcl|5812|6681|1|1,1,tr|A0A0W7WYX0|A0A0W7WYX0_9ACTN,2.57e-05,tr|A0A0W7WYX0|A0A0W7WYX0_9ACTN tniQ HTH lysR-type domain-containing protein OS=Streptomyces silvensis OX=1765722 GN=AT728_13705 PE=4 SV=1,MEVRQLRHFVTVAEWESFTLAAQQLHIAQPALSISIKKFEQQLGVTLFKRDERKVALTHEGAVLLEHAKRILQQVNDAQLAVDELKGVVKGEVRLGAPSMMGSYFFPQIIMAFKSHFPNLKMTVIEAGTQSIRKMLLSGELDIGVILNHDLPDDLAADPLLSSQMVAVVGKNHELAERRHLTFAEFFEHELVMFKPGYFHRDFIDKVCREHKFTADFSFETNLLPMILSIVKHEYAITALLELVTSNEPEVKAIPFEPPVWLDLALAWRKEGYLSNADRTFIEFVKKYV,43.5,101,68,38.235,26,40,37,1,2,54.41,23,/stor/work/Wilke/crisprtn7/reblast2/GCF_004358295.1_ASM435829v1_genomic.fna
NZ_SMZE01000009.1,0..66320,tniQ,36594..37472,lcl|36594|37472|3|1,1,tr|A0A1H3GHG0|A0A1H3GHG0_9PSEU,2.91e-06,"tr|A0A1H3GHG0|A0A1H3GHG0_9PSEU tniQ Regulatory helix-turn-helix protein, lysR family OS=Saccharopolyspora shandongensis OX=418495 GN=SAMN05216215_1018148 PE=4 SV=1",MEFRYIKYFAAVAEAKHFTRAAEQLGIAQPPLSQQIKKLEEELGVNLFKRLSRGVELTPAGELFYQDATSILQQVERAKDRVRQRARGEHLELRLGFAASTASSSVVLEKVRQLHETIPDLQLIAVEHPMPELARMIQEKQLDIAFMRLPCYASEALRRKILFDDPFVAVIPAVHTLAEVEKIQLIQLNHENVLMFPREVGPALYDNIEAAFSAAGVNIARSYAAPQLRTAITMAQAGFGIAIVPLSLTDHLDHSVVVKTIQDMPFVSQVAIVSDAGHHHPLLNRCIACMGE,46.6,109,77,36.364,28,47,40,1,2,51.95,26,/stor/work/Wilke/crisprtn7/reblast2/GCF_004358295.1_ASM435829v1_genomic.fna
NZ_SMZE01000009.1,0..66320,tniQ,45448..46320,lcl|45448|46320|1|1,1,tr|A0A653EZ82|A0A653EZ82_9MYCO,7.55e-06,tr|A0A653EZ82|A0A653EZ82_9MYCO tniQ DNA-binding transcriptional activator GcvA OS=Mycobacterium riyadhense OX=486698 GN=BIN_B_04331 PE=4 SV=1,MRHLNFHHLHYFWTVAKEGHLTRAAQQLNVSQSALSSQIRQLEGQLGHDLFVRQGRSLQLTEVGHLVLEYAESIFNLSGELLSIMESGELQRVQQLRIGSVATLSRNFQENFLRPVLGKSDVRLILSSSTLEDLLGQLQMHKLDLILSNRPVPSDSIQPWRCKRIAQQSVCLVGPPSDTLRRYQFPQDLPKVKTLVPGSSSEIRLQFDLYCEQLGLAVTPYAEVDDMAMLRLLARDVEGVTVVPEVVVQDEIETGRLCNYGTLDAVTESFYAITTKRHFDMSIVNRLLDN,45.1,105,72,37.500,27,43,38,1,2,52.78,24,/stor/work/Wilke/crisprtn7/reblast2/GCF_004358295.1_ASM435829v1_genomic.fna
NZ_SMZE01000009.1,0..66320,cas8c,20024..21001,lcl|20024|21001|2|1,1,"gi|333984701|ref|YP_004513911.1|CAS-I-C|cas8c|LS,CASCADE",2.47e-05,"gi|333984701|ref|YP_004513911.1|CAS-I-C|cas8c|LS,CASCADE cas8c",MSNPSSTILTESGTNELEIIEFHLEKVLPDGRTKTCYYGINVAKVREVIRVPETTDYPNAQPHMIGVFSSREILTPLVDLAGWLGVPTSTDISKKYVIVTDFNRMTNGFLIDSISRIHRISWNDVESPSQFLEAGEQDCVVAVVRQDKKLIMILDFEKIISDINPELSMEKYDVTVDRKVDLNQRMVTKRNAKTIMVVDDSAFIRSLIQDTLSSAGYNIIACKDGGEAHEKLMELKQAAKEENVPVSELIDAVVTDVEMPRMDGMHLIKRLRDDDSYSSMPIVMFSSLMSDDNRAKALALGANDTLTKPEIGKMVAMMDKYILNM,44.7,104,98,27.551,27,62,49,2,9,50.00,27,/stor/work/Wilke/crisprtn7/reblast2/GCF_004358295.1_ASM435829v1_genomic.fna
NZ_SMZE01000009.1,0..66320,glmS,18468..19154,lcl|18468|19154|3|1,1,WP_035343592.1,3.95e-04,WP_035343592.1 glmS two-component system response regulator GlrR [Dickeya],MKTRLLIIEDDAAIAQLHHRYLSQLEGFEVVGIATSQADARLQMEVLNPDLVLLDVYLPDGTGLELLQWIRGRNVHCDVILITAAREVETLQQAMRGGVVDYLLKPVMFPRLETALRKYQMRQAELKQLADFDQQKVDKMFTTHSSEALPQRLPKGIDAVTLDKIRLLFQTATMLTADEAGEKIGASRTTARRYLEYLITAGELEADLSYGTVGRPERTYRKLHRHTS,38.5,88,103,30.097,31,70,52,2,2,50.49,45,/stor/work/Wilke/crisprtn7/reblast2/GCF_004358295.1_ASM435829v1_genomic.fna
NZ_SMZE01000009.1,103851..187615,tniQ,125683..123851,lcl|125683|123851|1|-1,-1,tr|A0A081NVM8|A0A081NVM8_9BACL,4.12e-05,tr|A0A081NVM8|A0A081NVM8_9BACL tniQ ABC transporter domain-containing protein OS=Paenibacillus tyrfis OX=1501230 GN=ET33_22665 PE=4 SV=1,MRITKIGCILINMTYFNDTISRSWLITQVKKYRAKLLFANFIAVVATLISVPIPLLMPLMVDEVLLNHPAKGVEVMNQFLPQGWQTATGYIMLTLLMVVVMRIASQLLNILQSRQFTLVSKTITYEMRRKMIEKLGRISIRQYETRGSGGINAHLITDIETIDQFIGSTLSKFLISLLTVIGTAIVLLWLEWRLGLFILLVNPIVIYFSRMLGSQVKHLKKRENQAFERFQNRLVETLDGIYQLRAANKEREFLNRLISDADAVRENADKYAWQSEAAGRLSFLLFLLGFELFRAVAMLMVVFSDLTIGQIFAVFGYLWFMLSPVQELLGIQFSWYAAKAALKRINSLLELEEEYRPISKVNPFTQPGEVDIEINNIHFSYDGESQVLNDLSLHIPAGKKVALVGASGGGKSTLIQLLIGVYRAQSGAIRFNGQHCDDISFDVIRDQIAVVLQQPILFNDTLRHNLTLGGQFSDDALWQALDIAQLQDVITKLDQGLESQIGRNGIRLSGGQRQRLAIARMVLSNPKFVILDEATSALDTATEAALHLALSKFLHGRTTLIVAHRLSAVKQADLIYVLEDGHVSQSGTHHELLEQEGLYQTLYGSVQSQH,44.3,103,136,27.206,37,82,64,5,17,47.06,21,/stor/work/Wilke/crisprtn7/reblast2/GCF_004358295.1_ASM435829v1_genomic.fna
NZ_SMZE01000009.1,103851..187615,tniQ,165507..167615,lcl|165507|167615|3|1,1,tr|A0A081NVM8|A0A081NVM8_9BACL,2.30e-06,tr|A0A081NVM8|A0A081NVM8_9BACL tniQ ABC transporter domain-containing protein OS=Paenibacillus tyrfis OX=1501230 GN=ET33_22665 PE=4 SV=1,MISNNERLTLICIHFYLSVISGNREKIKDESHLTDTKNFKEELNKIQKEHKVKIRTKFSQFKNIESLKTPAILFDQHDLPFILAKTNKDKCLIQRPNKETPEVISYHELNSAWNKKSLVIQQAQSRFDITWFIPEFLQHKRVLSEILLFSFVLQILALISPLFFQVVMDKVLVHQAWSTLDVLVFGLVITGVIEVVLRGLREYQYAHTANRIDIQLGLKLVQHLFGLPLMFFKSRQVGAIVTRVRELDTIREFLTGSMFTLTVELLFMFVFLYVMSLLSAPLTGLFIATVPCYVLLAWWLTPKMQAAIEKQFSHAAANTSFLTETVAGSETLKSLAVEPRFIRRWDEQTEKMVTTGYDVQQLNNRSNHLVQLLQKITSVAILWLGATEVLSLEMTIGQLIAFNMMTNHIAQPLARMVELWGQFIQTRVAIEKLGDMLNLPVEQHTGSDNVTISGAISFKNILFRYQPDIPPTINDLSLDIRAGETLGVVGTSGSGKSTLARLLLRLYSPEQGSITIDGIPLNHINVQQLRQRVGVVLQENFLFHKSVSENIAQSKPEASLEEIIEAAKLSGAHDFILKLPMGYDTVLAEGGQSLSGGQRQRLAIARTLLSDPKVLILDEATSALDDESQAVIQANMARIARGRTVITIAHRLSTVRDCDRIIVLHQGTIVEQGSHQQLLAYGKQYKQLWQLQQELKQEEASA,48.5,114,99,32.323,32,58,54,3,9,54.55,14,/stor/work/Wilke/crisprtn7/reblast2/GCF_004358295.1_ASM435829v1_genomic.fna
NZ_SMZE01000009.1,103851..187615,glmS,172920..171202,lcl|172920|171202|2|-1,-1,WP_035343592.1,8.68e-08,WP_035343592.1 glmS two-component system response regulator GlrR [Dickeya],MKMDSEYTEKVNELTLELQRSIERGKQLAEENRVILAAISAFSVATNKNHIFEELKTLLNRYIQFDDFIVISKDKNGHQFRTAIASNASFNDVVWPNGVKFQRVLNGECILLFEPCKLDEFACLMGSIEKPVYSALITGIQAQISDSVLILLGQNKGQFSLEAKETLSRFRPLLERAISDIEHKEELQKLVEIRTRELRLAQKLAEQANQSKSNFLAMMSHELRTPLNAVLGLIDILRGESTSYQVELLEQMENSAELLLIIINDILDLSRIESGHFSLHCHWLDLEKKLDQSLVYHRQIAQDKGVHFYVQSNKNPTLEYYTDSARLTQILFNIVGNAIKFTKQGQVDVVLDYTKDGVVFRVKDTGIGIEKNRVEQLFTPFIQVDNSITRNYGGTGLGLAITKHLVELMGGTIQVESEFGIGTTFTLYIPLQSRLKNIKQSASSSQQIVNVKNHHILVVEDTKTNQMVIQLLLNKLGYDVTIAENGLQAVELLEKNHVFDLVLMDISMPIMDGIAATKILRDKHIEIPIIALTAHTAGSDKQNCIDAGMNDIVLKPIRSKDIMEVVKRFLNP,52.4,124,106,30.189,32,73,56,1,1,52.83,19,/stor/work/Wilke/crisprtn7/reblast2/GCF_004358295.1_ASM435829v1_genomic.fna
NZ_SMZE01000010.1,0..25233,tniQ,4283..5233,lcl|4283|5233|2|1,1,tr|A0A2W1D0I8|A0A2W1D0I8_9PLEO,1.46e-13,tr|A0A2W1D0I8|A0A2W1D0I8_9PLEO tniQ Pectate lyase OS=Pyrenophora tritici-repentis OX=45151 GN=A1F97_07859 PE=3 SV=1,MENKRIVITQFGTPDVLAMQSAPIPTPKAGEVLVKVAFASVNPIDVKTRAGLGWAAAQNKDKLPWTPGYDISGRVVALGEGVSRLKERDNVAGFIGFPLRGGGYSQYLCVPEQELSVVPDAVTLEAAAALPLAGQTAAQALSKAQVQEGERVLILAGAGGVGHIAVQIALAAKAEVFTTCSEANLDYLATLGAHAINYQFAPVSQRLEEVDVLIDLVGGEAALDALKCLKDNARVITVPTLTAELICEKAKLLGFEATGMLVDPNPEQLDTMLYMVSVGLLKIEIQHIYSLLDAAQAHEQIESGHTRGKLLLDMKC,68.2,165,256,29.297,75,146,121,12,35,47.27,75,/stor/work/Wilke/crisprtn7/reblast2/GCF_004358295.1_ASM435829v1_genomic.fna
NZ_SMZE01000010.1,0..25233,yciA,23392..24657,lcl|23392|24657|1|1,1,AHK23278.1,4.94e-22,"AHK23278.1 yciA cytochrome b, partial [Toia ycia]",MQALLDWVEKRLPAMNAYKKHLSEYPMPKNFNFWYLFGSLAMLVLVNQLLTGIWLTMNYVPSGEGAFASIEYIMRDVEYGWLLRYMHSTGASAFFVVVYLHMFRGLIYGSYQKPRELLWIFGMLIFLVLMAEAFMGYLLPWGQMSYWGAQVIISLFGAIPVIGDDLTLWIRGDYVISGATLNRFFALHVIALPIVLLLLIVLHILALHEVGSNNPDGIETKLPKGSMGEGYESQFKFHEYYTKKYDIIDSIPFHPYGTVKDLIGVAGFLFLFCYVLFFNPEMGGYFLEPPNFEAANPLKTPEHIAPVWYFTPFYAILRAVPDKLLGVIAMGASIVVLFLLPWLDRCKVRSYRYRSKFHLFNIAQFTVSFIALGILGALPATPTYTLLAQIFSLCYFMFFVLLFFYSKNEATKPLPTRVTYK,89.0,219,160,35.000,56,74,79,3,30,49.38,38,/stor/work/Wilke/crisprtn7/reblast2/GCF_004358295.1_ASM435829v1_genomic.fna
NZ_SMZE01000010.1,69169..119561,tnsA,90470..89169,lcl|90470|89169|3|-1,-1,UniRef50_A0A1C6RKQ5,3.19e-11,"UniRef50_A0A1C6RKQ5 tnsA Murein DD-endopeptidase MepM and murein hydrolase activator NlpD, contain LysM domain n=2 Tax=Micromonospora inyonensis TaxID=47866 RepID=A0A1C6RKQ5_9ACTN",MLSLFNRLPWLHRVLITAFSAIIVFAIFFLPNSEDLRKPDAQREVGRHYPVTLDNQLVSTPEEEVIAPPSVMLRWETYQVANGESAALLFQRAGLSSRVLYELTSSNSDINNQLSKLMPKDELKFGFDKDNQLVQLKRTISPYETFVVTRSDSGFTSEFDKKEVTFQLNYAEAKITSNFWNAGVAAGLSANQIIELANMFGWDIDFALDIREGDQFKLLYQEKIVEGSVIGRGNIIAATFINQGSTFTAILDDNTGNYYDQNGRAMKKAFLRSPLDFRRVSSNFNPRRLHPVTGQIKAHRGTDYVAPVGTPIWAAGDGVVEKSSYNQFNGNYVYIRHSNTYITKYLHLQRRLVKTGERVKQGQTIGTLGGTGRVTGPHLHYEFLVNGIHKNPRTVELPQAQSLTGKAKETFIANAKQRMEKLERYSQLLYANQ,63.2,152,112,33.929,38,52,52,2,22,46.43,21,/stor/work/Wilke/crisprtn7/reblast2/GCF_004358295.1_ASM435829v1_genomic.fna
NZ_SMZE01000010.1,69169..119561,tnsA,96712..98658,lcl|96712|98658|1|1,1,UniRef50_A0A0P9PXI9,1.87e-09,UniRef50_A0A0P9PXI9 tnsA TnsA endonuclease n=3 Tax=Pseudomonas syringae group TaxID=136849 RepID=A0A0P9PXI9_PSESX,MAKNLILWLVIAVVLMSVFQSFGPGENNGRAVDYTTFVKEVGQGQIQEAQFNNGEITFMRRGGGSRYVTYMPVYDQKLLDDLINQDVKVQGTPPEEQSLLGTIFISWFPMILLIGVWIFFMRQMQGGGGKGAMSFGKSKARMMSEDQIKTTFSDVAGCDEAKEDVKELVDYLRDPSRFQKLGGKIPTGVLMVGPPGTGKTLLAKAIAGEAKVPFFTISGSDFVEMFVGVGASRVRDMFEQAKKASPCIIFIDEIDAVGRQRGAGVGGGHDEREQTLNQMLVEMDGFEGNEGIIVIAATNRPDVLDPALLRPGRFDRQVVVGLPDVRGREQILKVHMRKVPLANDVEPSLIARGTPGFSGADLANLVNEAALFAARGNKRNVSMVEFELAKDKIMMGAERRSMVMSEEIKESTAYHEAGHAVVGRLVPEHDPVYKVSIIPRGRALGVTMYLPEQDRVSMSKQHLESMISSLYGGRLAEELIYGKEKVSTGASNDIERATEIARKMVTQWGFSEKLGPMLYAEDEGEVFLGRSVTQTKHMSDDTAKLIDDEVRQIIDRNYERARQIIMDNMDIMHAMKDALMKYETIDAGQIDDLMARKPVIREPAGWGEQSKTPSEPEVKAEPEAKAEESTAETPSSDVATASEKKDAE,53.9,128,95,32.632,31,60,53,2,4,55.79,15,/stor/work/Wilke/crisprtn7/reblast2/GCF_004358295.1_ASM435829v1_genomic.fna
NZ_SMZE01000010.1,69169..119561,tnsA,98725..99561,lcl|98725|99561|1|1,1,UniRef50_P0AC11,6.52e-38,UniRef50_P0AC11 tnsA Dihydropteroate synthase type-2 n=619 Tax=cellular organisms TaxID=131567 RepID=DHP2_ECOLX,MLKISHADKQLELHSPVVMGILNTTPDSFSDGGRYVDLDVALERAQQMIDFGVAIIDIGGESTRPGAPDVALEEELQRVIPLIKAIRKQNAEVWISIDTSKAEVMRQALAAGADLINDVRALQEPGALEVAAQAQVPVCIMHMQGQPRTMQANPHYDNIIEEVCQFLAERIAQCEAAGIKRENIILDPGFGFGKSVQHNYHLLAHLEQFHRFGLPVLAGMSRKSMIFKTLNKQPAECVAGSVACATLAAQKGAQIIRVHDVEQTIDALKMVQMMHNNL,132,333,266,31.955,85,172,141,6,9,53.01,94,/stor/work/Wilke/crisprtn7/reblast2/GCF_004358295.1_ASM435829v1_genomic.fna
NZ_SMZE01000010.1,69169..119561,glmS,80195..76806,lcl|80195|76806|3|-1,-1,WP_035343592.1,1.08e-09,WP_035343592.1 glmS two-component system response regulator GlrR [Dickeya],MFRFYRKQKFKRLQNTLMAAFLALSIIPLTITALFFLHSHSKDLEQQSTSYLVSVRDNKQQQVIDYMMAKESEVMGFVRSELAYASGGRFYGLVNAFQRLDVSIEAAREHAQQRYITGSGDQIKTSVLPQSSSYVGSERYRLLHKRYHWAYLELLKRSDFDDILLVDIDGNVVYSIYKYDNFGTNLLTGKYQDTNLGHTFKRLEQTVNEQRKTNEDFTPVVISDFVQEDGKQYAWLGAPIIQQGYLHSYAMFRLPSNAITKLIAEGSSNPSMQTILVGQDHRSRTLTSAEIAVEKSKAVVDLALSGKRAVGTYTNTDGEQIIAAYAPINLKNIHWALVVELPEKEAFARVRQLEKLFVFAMLTAIVLVVIASHYLSNFITSPLLKLTWAAERVSAGDLDEAMINTERKDEIGRLAVSFERMQRSIREKISLIKSQNKELENNLLIIRKQNDELQLANKLKDEFLATTSHELRTPLHGMIGIAEALISGANGPISAAHKYQIDIIISSGQRLATLVDDLLDYHKMRYGALDIQRCAVDLSSATRLVLELSHHLLGKKTLRIINQVSEQPVWVSADPQRLEQVLYNLIGNAIKYTSEGKIVISATYIDDKVRVQVVDTGQGIPAEQLEHIFEPLIQAGHDASRYRQGAGLGLSISRQLIELMHGTLYVSSQPMVGTTFSFTLPLASEEEIAQARLTELPHFQAPEVLDTELPEQSNLPENEHGPLLLVADDEPVNLRVLDSFLRLEGYRVHTAQDGHQVLEAIKREKPELVLLDIMMPGMSGYQVCEKLRQTYDHAELPIIMLTALNQSDDRVRGFEAGANDYLSKPFNKQELAARIVAHLTASKAELRRIENAQLQKELKHRAMVEASLLETQGRLLEQLESAPEAILCVKEGNKVRFANEAAARLFRRTPEQLKRSNAEELIAPKFLNIEQEHYCGNIDVYVDDVRQHLSADVLRLPQGSGLQAMYIFNVGGSVNAARIHNLETAVEALSSYAFEGDKDKLQKLKELGGEFTRLADKASGEYQSKQDLMRAVLVEAMTSALNYWERVSGQSKFTFAEQSGLWRVYLDRSTLQTRTLDKYLRIETLPKTPRWRTVLNSLDYILEHCKEAGPERTHIEMQRDKLQKLLTSE,59.7,143,119,31.933,38,79,64,1,2,53.78,11,/stor/work/Wilke/crisprtn7/reblast2/GCF_004358295.1_ASM435829v1_genomic.fna
NZ_SMZE01000010.1,69169..119561,glmS,99587..100927,lcl|99587|100927|2|1,1,WP_000251875.1,3.02e-20,WP_000251875.1 glmS phosphoglucosamine mutase [Bacteria],MSDKRRYFGTDGIRGKVGQYPITPDFVLKLGWAAGRVLAKQGTKKVIIGKDTRISGYMLESALEAGLAAAGLKATFTGPMPTPAVAYLTQTFRAEAGIVISASHNPYYDNGIKFFSYEGTKLPDDIELAIEAELDKDIECVESAELGKASRMVDAAGRYIEFCKSTFPSKLSLSGLKLVVDCANGATYHIAPNVFRELGAEVIAMGVEPNGLNINDQVGATDVRALQKRVVEEHAHLGLAFDGDGDRIIMVDHLGNKVDGDQIAYIIARDALRRGELKGGVVGTLMTNLGMENGLKQLGIPFVRAAVGDRYVMEKLLEKGWKIGAENSGHVILLDKVTTGDAIVAGLQVLASVVGSEMTLHELAKGMTLYPQVLENVRFAGDNNPLEADAVKAAVSEVEAELGSKGRVLLRKSGTEPLIRVMVEGEDETLVKQSALKIAQAVKDNC,83.2,204,79,51.899,41,37,55,1,1,69.62,17,/stor/work/Wilke/crisprtn7/reblast2/GCF_004358295.1_ASM435829v1_genomic.fna
NZ_SMZE01000011.1,2633..44525,tnsA,22633..24525,lcl|22633|24525|1|1,1,UniRef50_A0A345DB38,8.37e-06,UniRef50_A0A345DB38 tnsA ResIII domain-containing protein n=396 RepID=A0A345DB38_9BURK,MLTSSAGSRLLYRPHTIITQRNCLRPTSNDAKAVNCPDNLGNSQRMYTLRPYQADSVKAVVHYFRQHSTPAVIVLPTGAGKSLVIAELARLARGRVLVLAHVKELVEQNHAKYEGYGLTGAIFSAGLGRKETDQQVVFASVQSVVRNLSEFQNQFSLLVIDECHRVPDDKNSSYQKVITHLLELNPGMKVLGLTATPYRLGMGWIYQYHTRGLVRSEEPRFFRDCIFELPIHYLLDEGFLTPAQLIDTPVMSYDFSQLKPANTGRYRESELDLVIEQSQRATPQIVAQIIELAKARQGVMIFAATVRHAEEIYRLLPTEHAALVIGDTPTPERDRIIQAFKQQQIKFLVNVSVLTTGFDAPHVDLIAILRPTESVSLYQQIVGRGLRLAAGKSDCLVLDYAGNQYDLYQPEVGDQKPDSDSEIITIPCPACGFNNNFWGKLDANGFLIEHYGRRCQGYFTDDETGEREHCGYRFRAKYCNECGADNDIAARICHECDATLVDPDKKLKEALNLKDALVFECTDMSLKVHKDAKGKSQLQVTYHGQDAVQVHQFWSLNTPRQKQQFHDRFVRPHLADKHRPFEAATPAKVVDHQHRFRPPLFVIARKSGRFWTIRDKVFADEFASPIDVHL,47.0,110,250,22.800,57,154,113,9,39,45.20,37,/stor/work/Wilke/crisprtn7/reblast2/GCF_004358295.1_ASM435829v1_genomic.fna
NZ_SMZE01000011.1,2633..44525,cas4,41881..40220,lcl|41881|40220|3|-1,-1,"gi|442324860|ref|YP_007364881.1|CAS-I,CAS-II,CAS-V|cas4|cas4",0.001,"gi|442324860|ref|YP_007364881.1|CAS-I,CAS-II,CAS-V|cas4|cas4 cas4",MAVPTFAELKVLIIDDAPIVIASLRSMLLKLGFAEPNIVWSKSPRAAVFMAGRQRFDIFICDYNFGKGLNGKQVFEELKHYKLIKQDAVFVLVTGENSAYVVHSILELKPDEYILKPFNIMTLQERLTNAISRKHALKALYQAERDGDAELGLSLCDELEPFYSDYYFVIQKFRGEFLTQLRRFDHAREVYLETLEHKDFDWAKIGLANALKQTGRQVEATQVIQELLASAPNNVRARVEAASISLCNNSIPEAIHHLQVANQIVPGHSEREWVLANLCLSVGDGASALERYRLYVEINKETYRNNHQMHLNFIRTLLYAARQAESEQRDLWVQEAKSILKGLYDKGQHEDLLAQLELVAAHLAMEEGEFGVSVEILNKIYRAKPFELFEDRYHFTWLLNVMGFDSEFAKCISWCNETLLNQETDIVLESKVALAKALKEANEEKLQWLEQRYHALCNKRQTIDSLLAIYIEILEKCPTLRTVCMKVVTIFSRYWPTALTESEAERLLKSCHRTIRQLMNEEELQQAQYAELYRKALTFRSRYRLQRTESVEA,40.0,92,46,39.130,18,28,29,0,0,63.04,8,/stor/work/Wilke/crisprtn7/reblast2/GCF_004358295.1_ASM435829v1_genomic.fna
NZ_SMZE01000011.1,2633..44525,glmS,25236..25895,lcl|25236|25895|3|1,1,WP_035343592.1,4.79e-09,WP_035343592.1 glmS two-component system response regulator GlrR [Dickeya],MKILVVEDDVQLGQQILSALEQTGWVPELAQDGIDALYRATAEEWDVIVLDLGLPKLDGLTVLKGIRDENINTPVVILSARDTLTQRVEGLNAGADDYLTKPFEMVELIARIRAQLRRASGNASPVMQVGDLSLDTRTSKVMWQGQAVSLTALEYKVIAYFMHNPEKVISRTELVEHIYKQDFDRDSNTIEVFIGRIRKKIAPDVIKTVRGLGYQLHAN,53.1,126,102,30.392,31,71,54,0,0,52.94,47,/stor/work/Wilke/crisprtn7/reblast2/GCF_004358295.1_ASM435829v1_genomic.fna
NZ_SMZE01000011.1,2633..44525,glmS,43713..41893,lcl|43713|41893|1|-1,-1,WP_035343592.1,2.24e-06,WP_035343592.1 glmS two-component system response regulator GlrR [Dickeya],MPCMKWSSRHNSGFKSIRANNVMKIMIVEDDRIQATSLKLKLRQLGLDDVILAENGFAALELCNKVGIDLMFCDIRMPQMDGISLLSQLSLQAPKLGVVILSAVEDTILELTHNMCSLAGFAYVDRLPKPYEVEDLQRVVEGFQKQTEPETSHKPAITLTCDEIEQAFLHDHIFNYYQPQFDFRSGAMVGVEALVRYEHPTHGMLSPAVFLPLIEQCGLHEKLFLTVLEKSVSALASIGADLQLSVNISQRNLQHSICDPILAICERYGFPASKLTLEMTEHEVYNGTPTSLANLARLRMYGVGLSIDDFGTGYASLGQLAQLPFTELKIDRSFVHDLATNYKHQQLTNMCLLLAQSLGLHCVVEGVENEETWQYLRQLGVDTCQGYYAAKPMPIAQLSELYTKNRRQCLGCQSMDDGWQILLVDNHMLSATALQKVLNKEENVSKVFVAQDIEQTLHKLRDLPINLLVVESRFLSTISPAAFHELLEPYYRGAILVLHDGLTAEIQQDDSKAIVVKANTLMETSSRILQQAQQSTVRPPAQQEELAQLSERELTVAKMLVEGLTNKEIALQLDINQKTVSTYKTRIMTKLGIKSAMELVRFVTLK,48.1,113,79,34.177,27,51,46,1,1,58.23,13,/stor/work/Wilke/crisprtn7/reblast2/GCF_004358295.1_ASM435829v1_genomic.fna
NZ_SMZE01000011.1,78487..119404,tniQ,98487..99404,lcl|98487|99404|3|1,1,tr|A0A2M9IWC8|A0A2M9IWC8_9ACTN,8.89e-06,tr|A0A2M9IWC8|A0A2M9IWC8_9ACTN tniQ HTH arsR-type domain-containing protein OS=Streptomyces sp. CB01201 OX=2020324 GN=CG740_33200 PE=4 SV=1,MIELKHLKTLISLRDTGSLTATATSLHLTQSALSHQIKDLEARIGGQLFLRKTRPVRFTAEGEILLRLADDILPKMSRAENELASLKEDVNGRLHMAIECHSCFQWLMPALREYQVSWPNVALDFSSGFGFEPLPALLAGELDLVITSDILPRSEVHYEPLFDFEMRLITATNHPLADKAGIEPQDLADQTMLTYPVQKQRLDVVKHFLQPAGVEPARWKQADNTLMLVQMVSAGLGVAALPNWAISEFSRQGLITSKPLGKGLWRRLFAATRHSEKDKRYLQAFFATARQQCKSHLDGIKMASL,45.1,105,56,50.000,28,26,34,1,2,60.71,18,/stor/work/Wilke/crisprtn7/reblast2/GCF_004358295.1_ASM435829v1_genomic.fna
NZ_SMZE01000011.1,78487..119404,cas3,79008..79796,lcl|79008|79796|3|1,1,gi|227829664|ref|YP_002831443.1|CAS-I|cas3|cas3,0.006,gi|227829664|ref|YP_002831443.1|CAS-I|cas3|cas3 cas3,MSALLEVTNLHKDFVTRSGFLRKQIQHAVKPVSFTLEAGQTIGFIGQNGSGKSTLARMLAGMVAPTGGEIRVNGELLEHKDYSTRCKLIRMIFQDPNTSLNPRLQIGTILEGPLKRNTSMTPEARMRRVKDTLQRVGLLPEHAYFYPQMLATGQKQRVCLARALILQPSIIIADEALNGLDMAMRSQILNLFLELQEEMGVSFVYVSQHIGVIKHITDKIIVMHEGDVVEAGETHEVLADPQHPITQRMIESHFTKAPTFKY,36.6,83,62,33.871,21,36,33,2,5,53.23,23,/stor/work/Wilke/crisprtn7/reblast2/GCF_004358295.1_ASM435829v1_genomic.fna
NZ_SMZE01000011.1,78487..119404,yciA,94341..94760,lcl|94341|94760|3|1,1,NAR22168.1,4.83e-102,NAR22168.1 yciA acyl-CoA thioester hydrolase YciA [Vibrio cholerae],MNQTVNSPKGQLLLRTLAMPADTNANGDIFGGWIMSQLDLAGGILAKEISCGRIVTVSVSSITFKKPVKVGDVVCCYGECTKIGRTSMSINLEVWVKPVKEEGVGERFQVCEATFNYVAIDANGRPRAISLSNGSQKSS,286,731,139,100.000,139,0,139,0,0,100.00,100,/stor/work/Wilke/crisprtn7/reblast2/GCF_004358295.1_ASM435829v1_genomic.fna
NZ_SMZE01000011.1,78487..119404,yciA,94835..95131,lcl|94835|95131|2|1,1,WP_082392395.1,2.76e-48,WP_082392395.1 yciA acyl-CoA thioester hydrolase YciA [Photobacterium sp. JCM 19050],MWYVIFAQDVENSLEKRLSVRPKHLERLQQLQDEGRLLTAGPMPAIDSENPGQAGFTGSTVIAEFASLVEAQAWADADPYVAAGVYANVIVKPFKKVF,152,383,98,72.449,71,27,83,0,0,84.69,100,/stor/work/Wilke/crisprtn7/reblast2/GCF_004358295.1_ASM435829v1_genomic.fna
NZ_SMZE01000011.1,78487..119404,glmS,119002..118298,lcl|119002|118298|3|-1,-1,WP_035343592.1,5.05e-08,WP_035343592.1 glmS two-component system response regulator GlrR [Dickeya],MSYHVLVVEDDLVTRSKLSGYFQNEGYQVTEAESGAQMREALELNDIDLVLLDINLPGEDGLLLTRELRSQSEIGIILVTGRTDSIDKIVGLEMGADDYVTKPVDLRELQVRVKNLLWRISLAQRERITDKHDDKLVHFGEWTFDVQRRALSRNGEPVKLTKAEYELLVALSSYPNQVLSRERILNMISHRVDAPNDRTIDVLIRRMRAKMEMDPKNPQIFVTVHGEGYMFAGD,50.4,119,138,28.261,39,88,63,2,11,45.65,54,/stor/work/Wilke/crisprtn7/reblast2/GCF_004358295.1_ASM435829v1_genomic.fna
NZ_SMZE01000011.1,128811..169128,tnsD,149128..148811,lcl|149128|148811|3|-1,-1,UniRef90_V4H8I6,1.27e-05,UniRef90_V4H8I6 tnsD Transposase n=2 Tax=Pseudomonas TaxID=286 RepID=V4H8I6_PSEPU,MLAISPRRTTALLLPTATCKLVRSAKELMLDLGITGMRICWASTLPATVTRLCFCSTCNTRSTERPNSAMRSLDISIKIASCCSASVAALATPGTRTSSRRSVST,40.4,93,61,39.344,24,30,28,1,7,45.90,58,/stor/work/Wilke/crisprtn7/reblast2/GCF_004358295.1_ASM435829v1_genomic.fna
NZ_SMZE01000012.1,0..21362,tniQ,322..1362,lcl|322|1362|1|1,1,tr|A0A3A3DGX9|A0A3A3DGX9_9RHOB,5.32e-06,tr|A0A3A3DGX9|A0A3A3DGX9_9RHOB tniQ Uncharacterized protein OS=Paracoccus sp. JM45 OX=2283626 GN=DWB67_05530 PE=4 SV=1,MLHTSNPIIKHKAGLLNLAEELGNVSRACKVMGVSRDTFYRYQELVETGGIDALINRSRRAPNLKNRVDSETEQAVIKYAIDFPAHGQVRTSNELRKLGVFISPSGVRSIWLRNDLENFKKRLIALEKQAAENGIILTDEQVAALERKKHDDEACGEIETAHPGYLGSQDTFYVGNLKGVGRIYQQTFVDTYSKVAFAKLYTTKTPITAADILNDKVLPFFEAHELPMLPILTDRGTEYCGRVEQHDYQLYLAINDIDHTKTKAMSPQTNGICERFHKTILNEFYQVTFRKKLYGSIEELQKDLDEWMDYYNNHRIHQGKMCCGRTPIETLEDGKPIWAEKNLAQI,46.2,108,51,47.059,24,27,30,0,0,58.82,15,/stor/work/Wilke/crisprtn7/reblast2/GCF_004358295.1_ASM435829v1_genomic.fna
NZ_SMZE01000012.1,0..21362,casR,4645..4986,lcl|4645|4986|1|1,1,gi|385805106|ref|YP_005841504.1|CAS-I|casR|CARF,0.001,gi|385805106|ref|YP_005841504.1|CAS-I|casR|CARF casR,MLPHQFFKLLADETRVRCLLMIAREEKVCVAELTEALNESQPKISRHLALLRASGVVVDIRQGQWVFYRISDQLPGWMRKQIQGLVESNCLKQEYQQDIQRLAEMTSRPQCCV,35.8,81,56,26.786,15,41,36,0,0,64.29,50,/stor/work/Wilke/crisprtn7/reblast2/GCF_004358295.1_ASM435829v1_genomic.fna
NZ_SMZE01000012.1,0..21362,glmS,17819..18184,lcl|17819|18184|2|1,1,WP_035343592.1,1.45e-06,WP_035343592.1 glmS two-component system response regulator GlrR [Dickeya],MAIRLTVADDSKMSRKSVIRAIPAGWDVEITEAQNGKEAVENYNNGLADVMFLDLTMPEMDGIQVLEHFHRIDAKCLVIVISADIQPLVQQRVRELGALNFLQKPLDPAQLEQTLHEAGLL,43.5,101,114,29.825,34,78,52,1,2,45.61,94,/stor/work/Wilke/crisprtn7/reblast2/GCF_004358295.1_ASM435829v1_genomic.fna
NZ_SMZE01000012.1,130777..163244,tnsA,151454..150777,lcl|151454|150777|1|-1,-1,UniRef50_A0A3M5N9X7,4.82e-06,UniRef50_A0A3M5N9X7 tnsA HTH gntR-type domain-containing protein n=380 Tax=Bacteria TaxID=2 RepID=A0A3M5N9X7_PSEAZ,MLDNIESGRWPVGYRTPTELELTEQFGVSRMTVNKALRDLVSEGKLQRRPRLGTFVCEAEEKAESPLLDIRNIADEILSRGKQYHNKVVEQRALNADETIAIKLGVMVGSPVFYSEIIHYANDIPMQLEVRWVNSRSVPHYLDQDFTQITPNQYLSQNCPLSAIEHTVEAIVADAHVKQALALAANEPCLLLNRRTWSGDKLVSSALLYHPGSRYKLSSKILFNQ,43.9,102,54,42.593,23,31,32,0,0,59.26,24,/stor/work/Wilke/crisprtn7/reblast2/GCF_004358295.1_ASM435829v1_genomic.fna
NZ_SMZE01000012.1,130777..163244,glmS,159562..160128,lcl|159562|160128|1|1,1,WP_035343592.1,1.09e-06,WP_035343592.1 glmS two-component system response regulator GlrR [Dickeya],MKVAGEADSGEEAVKWCRTNHADVILMDMNMPGIGGLEATKKLLRVNPDIKIIVLTVHTENPFPTKVMQAGAAGYLTKGAAPDEMVNAIRIVHSGQRYISPEIAQQMALSQFSPASENPFADLSERELQIMLMITKGQKVTDISEQLSLSPKTVNSYRYRLFAKLNINGDVELTHLAIRHGILDTEKL,45.4,106,83,30.120,25,58,40,0,0,48.19,44,/stor/work/Wilke/crisprtn7/reblast2/GCF_004358295.1_ASM435829v1_genomic.fna
NZ_SMZE01000013.1,0..31971,tnsA,11132..11971,lcl|11132|11971|2|1,1,UniRef50_A0A3M5N9X7,1.93e-05,UniRef50_A0A3M5N9X7 tnsA HTH gntR-type domain-containing protein n=380 Tax=Bacteria TaxID=2 RepID=A0A3M5N9X7_PSEAZ,MVIKAKSPAGFAEKYIIESIWNGRFPPGSILPAERELSELIGVTRTTLREVLQRLARDGWLTIQHGKPTKVNQFMETSGLHILDTLMTLDAENATSIVEDLLAARTNISPIFMRYAFKLNKESAERIMINVIESCEALVNAPSWDAFIAASPYAEKIQQHVKEDSEKDELKRQEILIAKTFNFYDYMLFQRLAFHSGNQIYGLIFNGLKKLYDRVGSYYFSNPQARELAMEFYRQLLAVCQSGEREHLPQVIRQYGIASGHIWNQMKMTLPSNFTEDDC,42.7,99,58,36.207,21,37,36,0,0,62.07,21,/stor/work/Wilke/crisprtn7/reblast2/GCF_004358295.1_ASM435829v1_genomic.fna
NZ_SMZE01000013.1,0..31971,csx1,13357..12206,lcl|13357|12206|1|-1,-1,gi|292492853|ref|YP_003528292.1|CAS-III|csx1|CARF,3.93e-51,gi|292492853|ref|YP_003528292.1|CAS-III|csx1|CARF csx1,MAIHVGIIDQDPVRLVTPLLDHRTVSRHIIFIGDHTQTVIYQRLSDVLNKRNISTDFFEIPAGSNTSAIKSAIRELAETLKARGEEVKFNASCGLRHRLLSAYEVFRSYHWPIFVVEPNSDCLCWLYPEGNNDTQVQDRITIADYLTIFGARGEFNEHQLSPQLDQQLYQLGERWASNALELGPGLATLNYLATTCRKDQKLDVELSDKQQGYRELNLLLSDLVEAKIASYENGILTFINEEARRFANGEWLETLVHSTVKQIQDDMPTIQDRSLNVQVYRQLGEREVRNELDVATVVNNKLHIIECKTKGMRDDGDDTLYKLESLRDLLGGLQARAMLVSFRPLRHNDITRAEDLGLALIGPDELKDLKTHLTQWFKAAGGN,174,441,394,32.234,127,236,191,9,31,48.48,98,/stor/work/Wilke/crisprtn7/reblast2/GCF_004358295.1_ASM435829v1_genomic.fna
NZ_SMZE01000013.1,0..31971,cas3,29594..26127,lcl|29594|26127|3|-1,-1,gi|347756299|ref|YP_004863862.1|CAS-I|cas3HD|cas3,3.90e-09,gi|347756299|ref|YP_004863862.1|CAS-I|cas3HD|cas3 cas3,MTTHSLLSLFSAQGAGDKKAIGNLHGASLALAIAELANAHTSHTLLAVPDPQTALKLLHEVEQFSHSEVALFPDWETLPYDNFSPHQDIISDRISRLYQLPSLTRGITIVPVSTLLQRQSPRDFLLQHTLIVKRGDHFSLDKLRLQLENSGYRHVDQVFGPGEYASRGSILDLFPMGSSDPFRIDFFDDEIDTIRTFDPDNQRSIAEMDEIRLLPAHEFPTTAAAIEEFRNRWRQRFEARREPESVYSQVSKGTWPAGIEYWQPLFFEHSETLFDYLPANSQLLVVGELEKAIDQFLTDVDYRYDQRNIDPLRPLLPPNELWLRKDELFAHFKTLPQVQLTSSPIELRAGRMNAQVQPLPVLAVEHQNKEPLAALRQFSEQFTGKIIFSVESEGRREALLELLQRIKLRPQSQNDFSLACQQTEKCSLVLGSAERGFIYGDNQVALICESDLLGDRVIQRRRKKDRKNVTNSDAVIRNLAELKPGQPVVHIDHGIGRYLGLQTLEAGGMVSEYVMLEYQNEAKLYVPVSSLNLISRYSGGAEEAAQLHKLGGEAWVKARRKAAEKVRDVAAELLDVYAKREIKPGFKFHLDREQYATFKATFPFEETDDQAMAINAVLSDMCQAKAMDRLVCGDVGFGKTEVAMRAAFVATDNGKQVAVLVPTTLLAQQHFENFRDRFANLPIRVEVLSRFKSAKEQKQILQDVADGKVDILVGTHKLLSSEIRFADLGLLIVDEEHRFGVRQKEKVKAMRADVDILTLTATPIPRTLNMAMSGMRDLSIIATPPARRLAIKTFVRQSEDSVIREAVLREIMRGGQVYFLHNQVETIDKVAADLEKLVPEARITVAHGQMRERELEKVMNDFYHQRFNLLVCTTIIETGIDVPTANTIIMDRADSLGLAQLHQLRGRVGRSHHQAYAYLLTPPPKAITKDAVKRLEAIASLEDLGAGFTLATHDLEIRGAGELLGEEQSGQIQSVGFTLYMEMLEQAVEALKSGKEPALDDLLREQTEVEMRLPALLPEEYIPDINTRLSMYKQIASVASEDELAELKVELIDRFGKLPDAALNLLAIAELKLNAMRLKVRKIEAHERGGYVEFYPNADINPVFLVKLLQSQPKLLAMDGPTKLKFTLPLVERSARIQFVADMLKNFQQNVLPAQ,59.7,143,266,25.188,67,169,122,10,30,45.86,22,/stor/work/Wilke/crisprtn7/reblast2/GCF_004358295.1_ASM435829v1_genomic.fna
NZ_SMZE01000014.1,88283..149274,tniQ,108283..109179,lcl|108283|109179|1|1,1,tr|A0A2Z5JF85|A0A2Z5JF85_STRAR,5.29e-05,tr|A0A2Z5JF85|A0A2Z5JF85_STRAR tniQ LysR family transcriptional regulator OS=Streptomyces atratus OX=1893 GN=C5746_20965 PE=4 SV=1,MRGLDYRWIEALDSVVSKGSFERAAEQLFISQSAVSQRIKQLEKYLAQPVLIREQPPRPTLVGKKLLGLYRRVCLIEQELVPELTNQEHVRPVSMSIATNADSLATWLLPALDKVMKSRQVELNLVIYGESRTLDKLKNGEVVGAISLEPQPITGCSAEYLGQMEYLCVASPEFYQKYFAKGVTPRSLIKAPAVSYDQYDELHNKFLWDYFAVPRDKVINHTVGSSEAFVRLALSGAAYCLIPRLQIISELESGALINMTPDFMLSYPIFWHHWQLETGVLLEISEAITAYAKSVLPQ,42.7,99,71,38.028,27,39,39,2,5,54.93,22,/stor/work/Wilke/crisprtn7/reblast2/GCF_004358295.1_ASM435829v1_genomic.fna
NZ_SMZE01000014.1,88283..149274,tnsA,120738..118861,lcl|120738|118861|1|-1,-1,UniRef50_A0A380Q0N8,3.81e-05,UniRef50_A0A380Q0N8 tnsA RNA polymerase sigma factor n=17 Tax=Enterobacterales TaxID=91347 RepID=A0A380Q0N8_YERFR,MDQNPQSQLKQLVLRGKEQGYLTYAEVNDHLPAEIVDSEQVEDIIQMINDMGIKVVETAPDADDLALSDDTTITDEDAAEAAAAALSSVESEIGRTTDPVRMYMREMGTVELLTREGEIDIAKRIEDGINQVQSAIAEYPGTIPYILEQFDRVQAEELRLTDLISGFVDPNDMETEAPTATHIGSELSEADLADEDDAVVEDEDEDEDEDGDGESSDSEEEVGIDPELAREKFNELRGKFQNLQLAVNEFGRDSHQASEASDLVLDIFREFRLTPKQFDHLVETLRTSMDRVRTQERLVMKAVVEVAKMPKKSFIALFTGNESNEEWLDKVLASDKPYVAKVREQEEEIRRSIQKLQMIEQETSLSVERIKDISRRMSIGEAKARRAKKEMVEANLRLVISIAKKYTNRGLQFLDLIQEGNIGLMKAVDKFEYRRGYKFSTYATWWIRQAITRSIADQARTIRIPVHMIETINKLNRISRQMLQEMGREPLPEELAERMQMPEDKIRKVLKIAKEPISMETPIGDDEDSHLGDFIEDTTLELPLDSATATSLKAATRDVLAGLTPREAKVLRMRFGIDMNTDHTLEEVGKQFDVTRERIRQIEAKALRKLRHPSRSEVLRSFLDE,44.3,103,52,42.308,22,29,34,1,1,65.38,8,/stor/work/Wilke/crisprtn7/reblast2/GCF_004358295.1_ASM435829v1_genomic.fna
NZ_SMZE01000014.1,88283..149274,tnsA,132179..133114,lcl|132179|133114|2|1,1,UniRef50_A0A1C6RKQ5,5.81e-07,"UniRef50_A0A1C6RKQ5 tnsA Murein DD-endopeptidase MepM and murein hydrolase activator NlpD, contain LysM domain n=2 Tax=Micromonospora inyonensis TaxID=47866 RepID=A0A1C6RKQ5_9ACTN",MTLYSFRLGLLLFCSLLFGCTAPTPAPVSGLGKDYNKVERGSYRGSYYEVKKGDTLYFIAYLTDKDVNDLISYNDLAPPYTIHPGQKIKLWLPNYTPPAYGGTGGAATVAVASSTSASAAKAATTATVAQTVSKSSNTKNVQNGSTNSQNLTKKDPVKTVDQTKTKEYVEPVGKQNVNVNVAKTKPSDEKIAKWLWPTKGRVIKNFSAGDQGNKGIDIAGQRGQAVVATADGTVVYSGNALRGYGNLIIIKHNEHYLSAYAHNDQLLAKEGQTVQAGQKIATMGSSGTNSVRLHFEIRYQGKSVNPKRYLP,48.9,115,136,29.412,40,73,57,5,23,41.91,36,/stor/work/Wilke/crisprtn7/reblast2/GCF_004358295.1_ASM435829v1_genomic.fna
NZ_SMZE01000014.1,88283..149274,tnsA,133188..134195,lcl|133188|134195|3|1,1,UniRef50_A0A3N1KIY1,1.98e-05,UniRef50_A0A3N1KIY1 tnsA TnsA endonuclease-like protein n=17 Tax=Streptomyces TaxID=1883 RepID=A0A3N1KIY1_9ACTN,MSVSNTVTKVEEFDFEDEALEVLETDAELASDEELVAVEGASEDVREEFDASAKSLDATQMYLSEIGFSPLLTAEEEVLYARRALRGDEAARKRMIESNLRLVVKISRRYSNRGLALLDLIEEGNLGLIRAVEKFDPERGFRFSTYATWWIRQTIERALMNQTRTIRLPIHVVKELNIYLRTARELSQRLDHEPTPEEIALELDRPVDDVTKMLRLNERISSVDTPIGGDGDKALLDILPDSHNADPEFSTQDDDIRESLLNWLDELNPKQKEVLARRFGLLGYEPSTLEEVGREINLTRERVRQIQVEGLRRLREILVKQGLNMEALFNVEYDN,44.3,103,48,45.833,22,26,30,0,0,62.50,14,/stor/work/Wilke/crisprtn7/reblast2/GCF_004358295.1_ASM435829v1_genomic.fna
NZ_SMZE01000014.1,88283..149274,csx1,89349..90161,lcl|89349|90161|3|1,1,gi|383762177|ref|YP_005441159.1|CAS-III|csx1|CARF,4.37e-04,gi|383762177|ref|YP_005441159.1|CAS-III|csx1|CARF csx1,MGGVRMPITTQEYLALGDAIAALKTPQFTSHLVAVLRCIADFDCAVILGYRPNKHPIYLYDSLSTQRELLFQRYLTHAYLDDPFYSALQHNTRSGVFHLSDLMPLNPQQKAYQHQFYAQTGWQDEVSLVVNLDGERAIVVYLGCFKPRSFPREQIAALQQRFTVLQALCQQHWQQQPLRLAESAQPSQELRTWVEQAIQSFGAQRLSPREQEITALLIQGLDSQEIAEALAISHGTVKNHRKHIYAQLHVSSLSELFQLFLNHLIGAAAD,39.7,91,48,39.583,19,29,28,0,0,58.33,18,/stor/work/Wilke/crisprtn7/reblast2/GCF_004358295.1_ASM435829v1_genomic.fna
NZ_SMZE01000014.1,88283..149274,glmS,112350..113120,lcl|112350|113120|3|1,1,WP_001906605.1,0.0,WP_001906605.1 glmS DeoR/GlpR transcriptional regulator [Vibrio cholerae],MSKRNTQLRRHTIVKLVNEQGEVSVEALSSQFETSEVTIRKDLASLEKNGQLLRRYGGAIALPKEVMHDELNEKVSVRKISLAKAAAKLIRDHNRIVIDSGSTTAALIQQLNDKRGLVVMTNSLHVANALNELENEPTLLMTGGTWDTHSESFQGKVAESVLRSYDFDQLFIGADGIDLDRGTTTFNELVGLSKVMAEVSREVIVMIESDKVGRKIPNLELSWDNIDVLVTDHELSDEFAKQIESHQVRVIRATVK,518,1334,256,100.000,256,0,256,0,0,100.00,100,/stor/work/Wilke/crisprtn7/reblast2/GCF_004358295.1_ASM435829v1_genomic.fna
NZ_SMZE01000014.1,88283..149274,glmS,113183..115015,lcl|113183|115015|2|1,1,P44708.2,0.0,P44708.2 glmS Glutamine--fructose-6-phosphate aminotransferase [isomerizing] [Haemophilus influenzae Rd KW20],MCGIVGAVAQRDVAEILVQGLRRLEYRGYDSAGIAVVDSDKQLTRLRRLGKVQELADAVEAAQVAGGTGIAHTRWATHGEPSEINAHPHLSGDITVVHNGIIENHEMLRTMLQERGYVFTSQTDTEVIAHLVEWELRSASSLLEAVQTTVKQLTGAYGTVVMDRNDPSRLVVARSGSPIVIGFGIGENFLASDQLALLNVTRRFMYLEEGDVAEMTRRDVRVFDALGQPVQREISESNLEHDAADKGHYRHYMQKEIFEQPKALINTMEGRITHDSVVVESIGVHAAEILAKVEHVQIVACGTSYNAGMTARYWFESLAGVSCDVEIASEFRYRKFVTRPNSLLITLSQSGETADTLAALRLAKEKGYMAAMTICNVAGSSLVRESDFAFMTRAGTEIGVASTKAFTTQLVTLLMLVTALGKQQQRIDRELEAEIVHALHQLPKQIETALSFEKQIETLAEDFADKHHTLFLGRGEYYPIAVEASLKLKEISYIHAEAYAAGELKHGPLALIDADMPVVVVAPSNELLEKLKSNIEEVRARGGLLYVFADEVAGFEADETMKIIAMPHVSEIVAPIYYTIPMQLLSYHVALIKGTDVDQPRNLAKAVTVE,989,2556,610,78.033,476,134,530,0,0,86.89,100,/stor/work/Wilke/crisprtn7/reblast2/GCF_004358295.1_ASM435829v1_genomic.fna
NZ_SMZE01000014.1,88283..149274,rsmJ,123619..124638,lcl|123619|124638|1|1,1,PRD22402.1,3.50e-07,PRD22402.1 rsmJ rsmJ [Trichonephila clavipes],MRIIGIETSCDETGIAIYDDEKGLLSHKLYSQVKLHADYGGVVPELASRDHVKKTIPLIKASMAEANVTPQDLDGVAFTAGPGLVGALLVGATIGRSLAYAWNVPAVPVHHMEGHLLAPMLEENPPPFPFVALLVSGGHTMLVEVKNIGEYRILGESIDDAAGEAFDKTAKLMGLDYPGGPLLAKLAEKGTPGRFKFPRPMTDRPGLDMSFSGLKTFTANTIAANGDDEQTRADIAYAFQEAVCDTLVIKCKRALEETGLKRVVIAGGVSANKQLRADLEKLAKKIGGEVYYPRTEFCTDNGAMIAYAGMQRLKNGDVCELGLQARPRWPIDQLTSIQK,49.3,116,114,21.053,24,74,57,2,16,50.00,34,/stor/work/Wilke/crisprtn7/reblast2/GCF_004358295.1_ASM435829v1_genomic.fna
NZ_SMZE01000014.1,88283..149274,rsmJ,127321..128124,lcl|127321|128124|1|1,1,PRD22402.1,2.32e-26,PRD22402.1 rsmJ rsmJ [Trichonephila clavipes],MSYFESFILALIQGFTEFLPISSSAHLILPSAILGWEDQGLAFDVAVHVGTLAAVVLYFRKEVVSLLSAFFASIFKGDRSKEAKLAWLIVLATIPACLFGFVMKDIVELYLRSAWVIATTTIVFGLLLWYVDKHAELKADEYQADWKKALFIGLAQAVAIIPGTSRSGATITAALYLGFTREAAARFSFLMSIPIIVLAGSYLGLKLVTSGEPVHSGFLLTGIITSFISAYICIHFFLKLISRMGMTPFVIYRLVLGVGLFAFLLTQ,105,262,201,38.806,78,112,124,7,11,61.69,73,/stor/work/Wilke/crisprtn7/reblast2/GCF_004358295.1_ASM435829v1_genomic.fna
NZ_SMZE01000015.1,68428..94273,tniQ,88428..89384,lcl|88428|89384|3|1,1,tr|A0A0W7WYX0|A0A0W7WYX0_9ACTN,6.25e-08,tr|A0A0W7WYX0|A0A0W7WYX0_9ACTN tniQ HTH lysR-type domain-containing protein OS=Streptomyces silvensis OX=1765722 GN=AT728_13705 PE=4 SV=1,MYTKDNIFAKHSRINSFQLSKLHTFEVAARHNSFSLAADELSLTPSAISHRINKLEEEIGIKLFERTHRKVVLTEEGQRIYHSLQKTLNNLNQEITDIKNGETSGLLTIYSRPSFAQCWLVPRIHAFKELYPSIDLKLLTGNENISFQGSGIDVAIYFDDHMPDKLSCKEIFSETIIPVCTPEYAQKYSLTSSMDNLYNTTLLHDNQAWDYNSDADEWKTWANANQLENLENISRIGFDRSDLAVIAAINNAGIAMGRFSLVKSQLSSGELMTPYPNTEVICKQRYYVATLSNKHNQKVKLFIDWLESQVKKQCKFIL,52.0,123,68,41.176,28,38,41,1,2,60.29,21,/stor/work/Wilke/crisprtn7/reblast2/GCF_004358295.1_ASM435829v1_genomic.fna
NZ_SMZE01000016.1,0..23014,tniQ,1077..3014,lcl|1077|3014|3|1,1,tr|A0A444K107|A0A444K107_9RHIZ,4.79e-135,tr|A0A444K107|A0A444K107_9RHIZ tniQ Uncharacterized protein (Fragment) OS=Mesorhizobium sp. M4B.F.Ca.ET.089.01.1.1 OX=2496662 GN=EN780_35465 PE=4 SV=1,MSNRKQARLEAKRFIDTLSVEPYPNSQKSYLLGSRPDIRVPVREITLSDTLVGGSKDAPIFEPNEPICVYDTSGVYTDPSHDIDLYKGLPKLREEWIEERRDTHILPSMSSHFARERLADETLDELRYGHLPRIRRAIGKHRVTQLHYARQGIITPEMEFVAIRENSRRLAHQDPSLLQQHAGQNFGAHLPDLITPEFVRREIAEGRAIIPCNINHPESEPMIIGRNFLVKVNANIGNSSVSSSIEEEVEKLVWATRWGADTVMDLSTGRNIHETREWILRNSPVPIGTVPMYQALEKVNGVAENLTWEVMRDTLLEQAEQGVDYFTIHAGLLLRYVPMTAKRVTGIVSRGGSIIAKWCLSHHQENFLYTHFREICEICAQYDVALSLGDGLRPGSIADANDEAQFAELRTLGELTKIAWEYDVQVMIEGPGHVPMHLIKANMDEQLKHCHEAPFYTLGPLTTDIAPGYDHITSGIGAAMIGWFGCAMLCYVTPKEHLGLPNKEDVKTGLITYKLAAHAADLAKGHPGAQIRDNALSKARFEFRWEDQFNLALDPVTARAFHDETLPQESGKVAHFCSMCGPKFCSMKISQEVRDYANNQTLDTTVIDLVMPAESIQLAMQDKSREFLASGAELYHPLVKEPIEE,395,1016,227,81.057,184,43,202,0,0,88.99,35,/stor/work/Wilke/crisprtn7/reblast2/GCF_004358295.1_ASM435829v1_genomic.fna
NZ_SMZE01000016.1,0..23014,rsmJ,15309..15752,lcl|15309|15752|3|1,1,WP_029772102.1,2.39e-61,WP_029772102.1 rsmJ class I SAM-dependent methyltransferase [unclassified Pseudoalteromonas],MVERHPVVAALLEDGLQRAKQDDEIGAWVSERISLLHASSHDALQQLASDPNFTSPDVVYLDPMYPHPENKKKTALVKKEMRVFQSLVGADNDADALLEPALQLAQKRVVVKRPDYAPWLGNRKPSMAMETKKNRFDVYVIAAMSGE,187,474,142,68.310,97,37,111,2,8,78.17,97,/stor/work/Wilke/crisprtn7/reblast2/GCF_004358295.1_ASM435829v1_genomic.fna
NZ_SMZE01000017.1,20031..61992,tnsA,40031..41992,lcl|40031|41992|2|1,1,UniRef50_A0A2D2C3Y7,3.04e-06,UniRef50_A0A2D2C3Y7 tnsA Tn7_Tnp_TnsA_N domain-containing protein n=4 Tax=Paracoccus TaxID=265 RepID=A0A2D2C3Y7_9RHOB,MSVLRLTGLGALTLLLALVSVQWGHNLTLNEQWQLVLGYQAAQSFAQVNFIYAQLPRAVMAIVVGAVLGLVGSLMQQLTQNRLTSPLTLGTSSGAWLGLIIVNIWFSDWVADYSALAAMAGALLAFALIISIAGLRNLTGLPLVVSGMVVNILLGSIATALVLLNEEFAQNVFMWGAGDLAQNGWEWLTWLLPRLTLVFPLLLFAPRVLTLLRLGHEGAAARGLAVLPAFLLLMAGGIWLVSASITAVGVIGFIGLLTPNIARSLGARTPKMELYSSALLGALLLLATDILAMGLSVWAEEVVPSGITAAVIGAPALIWFSRRQLQAQDSLSISLSSHRRSPSRWAVMLIAAALLLALGLHIGWQMESASWALPSEFQWPLRWPRMLTALFAGVGLAIAGTLLQRLIYNPLASPDILGVSSGATFALVFASLFLGQSLQSSHWLTALLGSAAVLVALLLLGRRHHYAPSSLILTGIAITALLEALVQFTLAKGTGDSYQILLWLSGSTYRVTGEQALLLSVGVVGLTLLALGLSRWLTLLSIGRGFASARGLSASRASLVLLILVALLCALVTATTGPVSFVGLIAPHMAMMLGAQRAPSQLLLAALVGGTLMLWADWLGQALLFPAQIAAGTLVAIIGGSYFLLLLLSQRAR,47.0,110,99,38.384,38,56,58,3,5,58.59,15,/stor/work/Wilke/crisprtn7/reblast2/GCF_004358295.1_ASM435829v1_genomic.fna
NZ_SMZE01000017.1,20031..61992,cas3,31383..33110,lcl|31383|33110|3|1,1,gi|307595798|ref|YP_003902115.1|CAS-I|cas3|cas3,2.54e-04,gi|307595798|ref|YP_003902115.1|CAS-I|cas3|cas3 cas3,MTLTLHSIDMTATLMAESSALFATPERVLHEVFGYQQFRVGQQEVIEAALAGRDSLVIMPTGGGKSLCYQIPALVLEGVTLVISPLISLMKDQVDQLKANGVAAECVNSTLAREELIAIYNRMHAGQLKLLYVSPERVLTAEFIERLSHLPLAMIAVDEAHCISQWGHDFRPEYASLGQLKQRFPNVPVMALTATADDATRHDIMQRLQLNEPHQYLGSFDRPNIRYMLVEKHKPVSQVIRYLETQRGQCGIIYCGSRKKVEMLTEKLCGNHIRAASYHAGMDADERAWVQEAFQRDDLQIVVATVAFGMGINKPNVRFVVHFDIPRNIESYYQETGRAGRDGLPAEAMMLYDPADMNWLRRMLDEKPDGAQKQVESHKLTAMGAFAEAQTCRRQVLLNYFGEYRDKPCGNCDICLDPPKRFDATEEARKALSCVYRVNQNFGIGYVVEVLRGMQNIRIREHGHDKITTYGIGRDHSHDYWVSIFRQLIHKGMLYQNITRNSTLQLTEEARPLLRGEMNIELAVPRLDTAARARNPTNCRAKTTTKSCLPNCVSCVNRSPMMKAYHRMWCSVTPP,42.7,99,64,37.500,24,37,37,2,3,57.81,11,/stor/work/Wilke/crisprtn7/reblast2/GCF_004358295.1_ASM435829v1_genomic.fna
NZ_SMZE01000017.1,20031..61992,rsmJ,20993..20493,lcl|20993|20493|1|-1,-1,WP_000954217.1,1.93e-122,WP_000954217.1 rsmJ 23S rRNA (adenine(2030)-N(6))-methyltransferase RlmJ [Vibrio],MVLTELHPSDYPLLEQEFHRDRQVSIYKEDGFARLKASLPPQERRGLVLIDPPYELAKEYRDVVRAIAQSYKRWATGIYAIWYPVVNRCDIDDMLEGLQGLEIRKILQIELGVAPDTNERGMTASGMIVINPPWTLESQMQTILPFLKQAIAPATGHYKVEWVVPE,343,881,166,100.000,166,0,166,0,0,100.00,100,/stor/work/Wilke/crisprtn7/reblast2/GCF_004358295.1_ASM435829v1_genomic.fna
NZ_SMZE01000017.1,20031..61992,glmS,42867..42019,lcl|42867|42019|3|-1,-1,WP_005919782.1,7.92e-11,WP_005919782.1 glmS MurR/RpiR family transcriptional regulator [Pediococcus acidilactici],MSVLQRIVSRRTQLSESGRQIGDWVLANAAQAAAMTSQDLAAWANVSQSSIVKFTQRLGFKGYSEFKLALTEELGRKQVMVNQPLHSNILADDPVAVIAQKLVQTKTEAMFHTTNALRLDEFSEAISWIQQAVRVQIIGIGGSALVAKDLAFKLLKLGITALTEQDSHVQIATARTLHSQDVLIAISFSGEKREILIAAEAAKQQGAKVIALTTPNKNRLRELADLALDTIADETQHRSSAIASRTAQNVLTDLIFLTLTQQRETSARQLIDDISSDIRQMR,58.9,141,209,24.402,51,133,100,4,25,47.85,73,/stor/work/Wilke/crisprtn7/reblast2/GCF_004358295.1_ASM435829v1_genomic.fna
NZ_SMZE01000017.1,20031..61992,glmS,43098..44000,lcl|43098|44000|3|1,1,AAV86896.1,6.14e-06,AAV86896.1 glmS glucosamine--fructose-6-phosphate aminotransferase [Anaplasma marginale str. St. Maries St. Maries],MKIDLTRLVTESRNPASEQIDTLSTLDMLQVINQQDQLVALAVAQTLPQVAQAVEAITAAFAQGGRLIYMGAGTSGRLGILDASECPPTYGSKPEQVIGLIAGGHTAILKAVENAEDNRELGQSDLKALHLSEKDVLVGIAASGRTPYVIAGMEYARSVGATVVSLACNPGCPMEACADIVITPVVGAEVVTGSSRMKAGTAQKLVLNMLTTGAMIKSGKVFGNLMVDVEATNAKLIQRQTNIVVEATGVSAEQAEAALAACGRHCKTAILMILGGFSAEQAAQKLAQHQGFIRAALNQE,45.1,105,79,36.709,29,48,44,1,2,55.70,26,/stor/work/Wilke/crisprtn7/reblast2/GCF_004358295.1_ASM435829v1_genomic.fna
NZ_SMZE01000018.1,0..43065,tniQ,6920..5829,lcl|6920|5829|2|-1,-1,tr|A0A099LTP3|A0A099LTP3_9VIBR,0.0,tr|A0A099LTP3|A0A099LTP3_9VIBR tniQ Uncharacterized protein OS=Vibrio navarrensis OX=29495 GN=EA26_05655 PE=4 SV=1,MEQHEAIAGAFPLELNRINIYHAQTTSQMRVRVLIHLENQLKLNNFGVLRLALSHSKAQFSPEYKAVHRLGSDYPFVFLGKRFTPICPLCISEAPYIRQQWQFLSQQACERHGCKLVHHCPECQSRLEYQTTESISQCECGFELRNSPVEDAPVAALLVARWLSGNDSKPLGLLKAEMTLSERYGFLLWYVNRYGDIENISFESFVEYCSCWPRVLKEELDELVNKADLIRIKDWKKTFFNEVFGALLKDCRQLPSRQLECNSVLTQVLAYFTKLMAAIPSSSKGNVGDVLLSPLEASTLLSCTTDEVYRLYEFGEIKAAIRPRMHTKIASHESAFTLRSVIETKLTRMCSENDGLSVYLPEW,597,1540,295,96.610,285,10,289,0,0,97.97,81,/stor/work/Wilke/crisprtn7/reblast2/GCF_004358295.1_ASM435829v1_genomic.fna
NZ_SMZE01000018.1,0..43065,tnsB,20608..19511,lcl|20608|19511|3|-1,-1,UniRef100_A0A1T0A091,4.28e-10,UniRef100_A0A1T0A091 tnsB Transposon Tn7 transposition protein tnsB n=1 Tax=Moraxella caviae TaxID=34060 RepID=A0A1T0A091_9GAMM,MTMILKILKGISLNLTPKQLEQLKSFETCFIEYPAITEIYSIFDQLRFNHSLGGEPESFLLTGEAGSGKTALINNYLSRFQSGSTWGKQPVLSTRVPSRINEQNTLTQFLVDLDCKSGGRGIRRRNEIALGEAVVKQLKRKSVELIIVNEIQELVEFSTAEQRQVIANTFKYMSEEARVSFVLVGMPYADVIATEPQWNSRLSWRRKIDYFKLLKANSHSSKTASYGFDLEQKKHFARFVAGLSSRMGFDEPPVLTKNELLYPLFAMCRGECRALKHFLKDALLTSFNDNADTIDKAILSRTFAFKFPYLDNPFDRPLEQLSLHQIDSGSAYHLNAITTEDKIVAPRFTDAIPLSMLLSKNGLKA,59.3,142,248,22.177,55,151,106,8,42,42.74,65,/stor/work/Wilke/crisprtn7/reblast2/GCF_004358295.1_ASM435829v1_genomic.fna
NZ_SMZE01000018.1,0..43065,tnsB,22439..20574,lcl|22439|20574|2|-1,-1,UniRef100_A0A378ML46,0.0,UniRef100_A0A378ML46 tnsB Transposon Tn7 transposition protein tnsB n=1 Tax=Vibrio anguillarum TaxID=55601 RepID=A0A378ML46_VIBAN,MPPDSNSIFGFFDEFEASEEESQLLPKELILEPVEISSTIDSLPAKIQEEVLRRIKVITFVEKRLKGGWTEKNLNPILSLVESELQLTPPSWRTVATWKKSYAEAGREASALIPKHTFKGNRQKEMDSQSLIDEAIQNVYLTRERLSVAEAYRYYKSRVIQMNRGIVEGKIKPIAERSFYNRINELPPYEVAIARFGKRYADREYRSVGQQVVATKPMEFVEIDHTPVPVILIDDELDIPLGRPYLTMLYDRFSKCIVGCSINFREPSFDSVRKALLNSLLDKSWLKAKYPSIENEWPCHGKIDCLVVDNGAEFWSQSLEDSLRPLVSDIQYSQAAKPWRKSGIEKLFDQMNKGLVNALPGKTFTNPTQLQDYNPKKDAVVRVSVFLELLHKWIVDYYHMAPDSREREIPYHKWHQSKWTPSYYDGAEKEQLRVELGLLRHRTIGVAGIRLHNLRYQSAELIEYRKYCTPNNGKQLFVKTKTDPSDISYIHVYLESEKKYIKVPAVDNSGYTNGLSLFEHQRIQKVRRLNTKDLADDEALADTFLYMKKRIHEETDRFRRVKSSKPNLPKTGNTSRLAKFNDVGSEGPNSINVTPVRLKSEVVSDASEYLDDDDFEDIEGY,1229,3180,621,95.491,593,28,607,0,0,97.75,100,/stor/work/Wilke/crisprtn7/reblast2/GCF_004358295.1_ASM435829v1_genomic.fna
NZ_SMZE01000018.1,0..43065,tnsA,23065..22442,lcl|23065|22442|3|-1,-1,UniRef50_A0A090P7F5,1.10e-110,UniRef50_A0A090P7F5 tnsA Tn7_Tnp_TnsA_N domain-containing protein n=102 Tax=Gammaproteobacteria TaxID=1236 RepID=A0A090P7F5_9VIBR,MFDQTKKSSHVHNICKFMSLKNDAVVRTLSILEFDFCFHLEYNPNIKSFTSQPFGFHYLFNNRKCRYTPDFLAIGHNEQSTFFEVKHSSQIPKPDFRERFEEKQRVALSEFNRRLVLVTEKQIRMGPTLDNFKLLHRYSGLRTVTEFQKRVLAFIQRKQMVKLQEVSLYFGLSEQDTLISTLPWISSGHVKTDLNTIGFGLETCVWC,313,803,207,70.048,145,62,169,0,0,81.64,100,/stor/work/Wilke/crisprtn7/reblast2/GCF_004358295.1_ASM435829v1_genomic.fna
NZ_SMZE01000018.1,0..43065,cas6,2689..2060,lcl|2689|2060|3|-1,-1,gi|375263740|ref|YP_005025970.1|CAS-I-F|cas6f|cas6,2.67e-91,gi|375263740|ref|YP_005025970.1|CAS-I-F|cas6f|cas6 cas6,MSQRYYFLIRYTNANADYGLLAGRCISQMHLFMVNHHQAMNRVGVSFPDWNESSVGQTIAFVSEDKEMMIGLSFQPYFSLMVNEGLFEISSVYEVPDTSAEVRFVRNQTIGKNFLGSKKRRIKRSMARAELFGVEQSLPVTNEDRVIDSFHRIPISSGSSRQDFILFIQKELADERAKSGFNSYGFATNQEKRATVPDLRFNLFEEDSF,265,676,199,63.819,127,71,151,1,1,75.88,95,/stor/work/Wilke/crisprtn7/reblast2/GCF_004358295.1_ASM435829v1_genomic.fna
NZ_SMZE01000018.1,0..43065,cas7,3732..2701,lcl|3732|2701|1|-1,-1,"gi|375263741|ref|YP_005025971.1|CAS-I-F|cas7f|G7,CASCADE",0.0,"gi|375263741|ref|YP_005025971.1|CAS-I-F|cas7f|G7,CASCADE cas7",MELCTQLNYVRSLSAGKAYFYYLSESGEMCPLDVDRTRLRAPKGSYSEAYKGNKFVDKNVAPQDLAYSNPQFIEECYVKPGVDEIYCAFSLRIRANSLTPDMCSDDEVRSKLSMLAKIYKDLNGYKELAHRYAKNILLGTWLWRNRECRNITIEVTTSELDTFVVEHAQKLSWYGHWDGDSTECLERLTAYLERALSDPTEYFYMDVKAKMRVGWGDEVYPSQEFLDSREDGIPTKQLATVELLSGKETVAFHGQKVGAALQSIDDWWNENADKPLRVNEYGADREYVIARRHVTHGNDFYQLVRNTENWIETMTASRTIPNDVHFIMSVLIKGGLFNCAKAN,526,1355,339,71.386,242,97,288,0,0,84.96,99,/stor/work/Wilke/crisprtn7/reblast2/GCF_004358295.1_ASM435829v1_genomic.fna
NZ_SMZE01000018.1,0..43065,cas8f,5826..3739,lcl|5826|3739|1|-1,-1,"gi|375263742|ref|YP_005025972.1|CAS-I-F|cas8f|LS,CASCADE",0.0,"gi|375263742|ref|YP_005025972.1|CAS-I-F|cas8f|LS,CASCADE cas8f",MTKLSDLLAIEDEAIKQTALKKMFMPYTEDVCVDGYEQETLTILLNLSSSHQADRCSDWLDVARAQRYLKDRENLDASLAEIQWFHTHNLKFPDCRVKDQRIIARPLSTAEEFISSAVLDQRLGWAHNSAVYRHTLWLLNPFKWQSQPVCILLLIQQKNPVWLDLLTEFGLDVKSLARLQRAIEEQLPENSFPDSVSTYSKQLRFPWGDDYVSITPVVSHALQCELEIRARSPENKFSFVSSSLPNSASIGNLCGSLGGYMRVLNYPLGVKQAKGGTLTENRQKSGHYFDDYQVTNAKICQVLNRLIGSEPSKTQRQRERARKVRSKILRKQIALWMLPLIELRDIAESEPNQQQLEHDDTLAQAFLSLPEWELGSLAGEFNRRLHLAFQNNIYSAKFAYHPKLMQVAKAQVTWVLEQLSKPINNQDTVTGEQYIYLSSMRVQDAVAMSNPCLCGVPSLTAIWGFMHDYQRQFNQLVNNDSPVEFSSFAFYVRNENIQSTAKLTEPNSIAKARTVSNAKRPTIRSKRLADLEIDLVIRVHSESRISDFRSALKTALPVAFAGGALYQPQLSTQIEWLRTFTGRSELFHVLKGLPAYGRWLYPSEKQPTNFDELERLLTQDDDNLLVSLGYHLLEHPTKRDNAITGCHAYAENAIGLAKRINPIEVRFSGRDHFLNHAFWSIECSSETILIKNYRD,864,2232,698,59.456,415,278,525,1,5,75.21,99,/stor/work/Wilke/crisprtn7/reblast2/GCF_004358295.1_ASM435829v1_genomic.fna
NZ_SMZE01000018.1,0..43065,glmS,38529..37432,lcl|38529|37432|1|-1,-1,WP_035343592.1,1.74e-13,WP_035343592.1 glmS two-component system response regulator GlrR [Dickeya],MFMYKSHIPEDCEEEAQITAAKLILLVDDDPVFRRMTKGYLQKYGYQVIEAENGLDGLRKLRDHEPDLILCDLSMPVLNGIEFVEEVSSSYPSLPLVVVSATEEMADVAKALRFGIKDFLPKPITNHSHLASAIEKVLANDDHQRDFASCWYGADRQGSIPEEQELHWHLQYLKDNPNAAKELLEALLPEKDSQLGSWKCSYRLLQSAELMPLVFDYAWLMNGQFVFYVVDAASHRECGAASTLLVRALFHDYLRNLRNFSVELKDLAEIIERGIHCSECIGKVSALFGVADLADGTLSLLPAGLDCQWSNGYVHNRITSGVQLGDNSLRNFITKDLPIRAACQISLSKPSAYSFTLDLYQGCEG,68.9,167,115,32.174,37,77,62,1,1,53.91,32,/stor/work/Wilke/crisprtn7/reblast2/GCF_004358295.1_ASM435829v1_genomic.fna
NZ_SMZE01000019.1,10732..75684,tniQ,30732..31712,lcl|30732|31712|3|1,1,tr|A0A2W1D0I8|A0A2W1D0I8_9PLEO,3.40e-10,tr|A0A2W1D0I8|A0A2W1D0I8_9PLEO tniQ Pectate lyase OS=Pyrenophora tritici-repentis OX=45151 GN=A1F97_07859 PE=3 SV=1,MFNALLLTQQDKITHATVTQINDDQLPAGNVTVAVNYSSLNYKDGLAITGKGKIIREFPMVPGIDFAGTVLESADARYQVGDAVVLTGWGVGENHWGGMAQKARLNADWLVKLPQGLTNQQAMMIGTAGFTAMLCVQALIDGGIKPQDGEILVTGASGGVGSVAVTLLAQLGYKVVAVTGRVAQNGPLLEQLGASRVIDRQEFSEASRPLEKQLWVGAVDTVGSKVLAKVLAQMHYNGVVAACGLAGGFDLPTTVMPFILRNVRLQGVDSVSCPVEKRLAAWKKLAELLPASYYAQACHEISLSQVPEYAEAITNGQVTGRVVVKL,58.2,139,195,27.692,54,104,92,7,37,47.18,59,/stor/work/Wilke/crisprtn7/reblast2/GCF_004358295.1_ASM435829v1_genomic.fna
NZ_SMZE01000019.1,10732..75684,tniQ,68213..69118,lcl|68213|69118|2|1,1,tr|A0A1X1NDK8|A0A1X1NDK8_9ACTN,4.64e-04,tr|A0A1X1NDK8|A0A1X1NDK8_9ACTN tniQ HTH lysR-type domain-containing protein OS=Streptomyces sp. CB03238 OX=1907777 GN=BKD26_21400 PE=4 SV=1,MFSKSSLEMLDAVARLGSFTAAAEVLHKVPSAISYSVRQIESELGVVLFRRLPRKVELTPAGELFMLEARQLLRQMEEIRAQTKRAAHGWRKTLKVTLDNVVKLDKMKPMVEAFYQTFDFAELQINMEVFNGSWEAIAQGRADIVIGATAAVPVGGDFEVRDMGILDWAFVMSPNHPCVREQNLSEEFISQFLAICLDDTSSVLPKRHTEHYPKQRRLLLPNWYSAIESLKSGLGVGYMPRHMAQPLLASGQLVEKVLPDEKLLSHCCLVWRKDDNHKLIEWMVNYLGSSDQLYSDWLQAK,39.7,91,79,32.911,26,44,41,2,9,51.90,23,/stor/work/Wilke/crisprtn7/reblast2/GCF_004358295.1_ASM435829v1_genomic.fna
NZ_SMZE01000019.1,10732..75684,parE,42618..40201,lcl|42618|40201|1|-1,-1,WP_008789656.1,0.0,WP_008789656.1 parE DNA topoisomerase IV subunit B [Coprobacillus cateniformis],MSNNYDSSSIKVLKGLDAVRKRPGMYIGDTDDGTGLHHMVFEVVDNSIDEALAGYCKDIVVTIHEDNSVSVSDDGRGIPTEMHPEEKVSAAEVIMTVLHAGGKFDDNSYKVSGGLHGVGVSVVNALSEKVLLTIYRGGKIHSQTYHHGVPQAPLAVVGDTERTGTTVRFWPSAQTFTNIEFHYDILAKRLRELSFLNSGVSIKLTDEREEDKKDHFMYEGGIQAFVTHLNRNKTPIHEKVFHFNQEREDGISVEVAMQWNDGFQENIYCFTNNIPQRDGGTHLAGFRGALTRTLNNYMDKEGFSKKAQAATSGDDAREGLTAVVSVKVPDPKFSSQTKDKLVSSEVKSAVESAMNEKLADFLAENPSEAKNVCSKIIDAARAREAARKAREMTRRKGALDLAGLPGKLADCQEKDPALSELYIVEGDSAGGSAKQGRNRKNQAILPLKGKILNVEKARFDKMLSSQEVATLITALGCGIGRDEYNPDKLRYHNIIIMTDADVDGSHIRTLLLTFFYRQMPELIERGYIYIAQPPLYKVKKGKQEQYIKDEEAMNQYQVALAMDGAELHVNADAPALAGEPLEKLVQQYNAAIKLVERMSRRYPYAMLHELIYVPRINAELCADKAAVEAWTQRLVEQLNAKEVGASQYSVLVEHNAELNVYLPKVQVRTHGVTHEYLLSADLINSKEYAKLADLSEALDGLIEAGAFIKRGERVQPISSFAAALDWLIKESRRGLSIQRYKGLGEMNPDQLWETTMDPETRRMMQVTIEDAVGADELFTTLMGDQVEPRRAFIETNALKVANLDV,541,1393,550,51.818,285,252,373,11,13,67.82,67,/stor/work/Wilke/crisprtn7/reblast2/GCF_004358295.1_ASM435829v1_genomic.fna
NZ_SMZE01000020.1,0..23545,tnsB,2991..3545,lcl|2991|3545|3|1,1,UniRef100_A0A3Q9JCR1,6.29e-10,UniRef100_A0A3Q9JCR1 tnsB Transposon Tn7 transposition protein TnsB n=1 Tax=Microbacterium oxydans TaxID=82380 RepID=A0A3Q9JCR1_9MICO,MRTLGLVSCQEPKHRYRKASQEHIDVPNHLSRQFAVTAPNEVWAGDVTYIWTGNRWMYLAVVIDLFARKVIGWSMSLSPDSRLTGKALSMAYESRGKPKGVMFHSDQGSHYTSRKYRQLLWRFQIKQSLSRRGNCWDNAPIERFFRSLKTEWVPTVGYRSFAEAQQEITRYYYRILLPTQATSV,55.1,131,134,27.612,37,83,66,4,14,49.25,65,/stor/work/Wilke/crisprtn7/reblast2/GCF_004358295.1_ASM435829v1_genomic.fna
NZ_SMZE01000020.1,0..23545,cas4,728..1288,lcl|728|1288|2|1,1,"gi|428774573|ref|YP_007166361.1|CAS-I,CAS-II,CAS-V|cas4|cas4",0.007,"gi|428774573|ref|YP_007166361.1|CAS-I,CAS-II,CAS-V|cas4|cas4 cas4",MRCQPLRRALCSYLSMDEKVIIRKLTVEDAESVLSLMYQLDRESKFMLLEPEERTTTLEQQIQIIHSFNDSSNKVIYLLTNDEKAFGFIVGVGNTANRNKHCMSLVIGLLQAVTGQGFGKELVNKLEGWAISHGYSRLELTVMQHNERAKRLYESCGFEVEGLKRHSLVVDGEYVNELYMSKLLTA,35.4,80,81,29.630,24,52,39,2,5,48.15,41,/stor/work/Wilke/crisprtn7/reblast2/GCF_004358295.1_ASM435829v1_genomic.fna
NZ_SMZE01000020.1,0..23545,parE,298..20,lcl|298|20|1|-1,-1,WP_000578471.1,3.31e-65,"WP_000578471.1 parE type II toxin-antitoxin system mRNA interferase toxin, RelE/StbE family [Vibrio]",MIFWEEASLNDREKIFEFLYDFNPAAAEKTDELIEAKVENLLEQPLMGVQRDGIRGRLLIIPEISMIVSYWVDGSKIRIMRVLHQKQKFPND,189,479,92,100.000,92,0,92,0,0,100.00,100,/stor/work/Wilke/crisprtn7/reblast2/GCF_004358295.1_ASM435829v1_genomic.fna
NZ_SMZE01000020.1,26917..68548,tnsA,48548..46917,lcl|48548|46917|3|-1,-1,UniRef50_UPI000996D35A,5.53e-05,UniRef50_UPI000996D35A tnsA TnsA-like heteromeric transposase endonuclease subunit n=1 Tax=Streptomyces sp. CNQ329 TaxID=1298879 RepID=UPI000996D35A,MHLERIEIAGFRGIRRLSLTFDEITTLIGENTWGKSSLLDALSVVLPADGTLYPFTPQDFHVDYSIADAQTQNLQIILVFAASDLHEPKAGRYRKLKPLWQTDEQGAQKIIYRISASRVKYDISTQYAFLDLEGNSLTLHHSEKLAQELMSLHPVIRLKDSRRFEKSLANGNGKNARVEKRISNTWRRLMATPGHVNKGEIRSSLSAMNSLVEHYFSFKSQSRKNPRRERDSLLYAASPSEKSLSQIIHETKNKQTKLLLLGLLNAYLQGKGPKELRRCARPILIIEDPEGRLHPTHLARAWSFLDLLPMQKILTTNSSDLLGAVPLHSIRRLVRKSDRTIATSVSQRSLSRDELRRIGFHIRFHRSGALFARCWLLVEGETEVWLFNELAHQCGYNLAAEGVHIIEFAQSGLKSLIKVARAFGIDWHVVTDGDPAGKKYSATVRGLLGHDQERHRLTELPDRDIEHFLYSHGFEYFFKELVKIPHDHPIPAKKVVSKVLKKHAKPDLALAIVSHCESNGTECIPVLLRWTLKRVITMANGNT,43.9,102,191,23.560,45,127,77,4,19,40.31,32,/stor/work/Wilke/crisprtn7/reblast2/GCF_004358295.1_ASM435829v1_genomic.fna
NZ_SMZE01000020.1,26917..68548,glmS,37310..38002,lcl|37310|38002|2|1,1,WP_035343592.1,5.97e-08,WP_035343592.1 glmS two-component system response regulator GlrR [Dickeya],MNSEIKILIIEDEAPIQRFLTVLISGYEYQVKVASTAEQGLHLVANWNPHLILLDLGLPDQDGISLTRELRAWTQTPIMVISAREKEADKVQALDAGANDYLTKPFGSEELMARIRVALRLAPSTESVEQTRFELGDLVLDLVLKQVTKAGEPVKLTKTEYNILKLLAKNMGKVLTHKQILKEVWGGNYVEHHHYVRIHVAQLRHKVEDNPAQPRFILTENGVGYRLVDK,50.1,118,119,25.210,30,88,61,1,1,51.26,51,/stor/work/Wilke/crisprtn7/reblast2/GCF_004358295.1_ASM435829v1_genomic.fna
NZ_SMZE01000021.1,28415..62501,tniQ,48705..48415,lcl|48705|48415|3|-1,-1,tr|A0A497WKY5|A0A497WKY5_9ACTN,1.75e-05,tr|A0A497WKY5|A0A497WKY5_9ACTN tniQ Putative transposase of IS4/5 family DUF4096 OS=Streptomyces sp. 74 OX=1827608 GN=CLW10_8994 PE=4 SV=1,MSSTQYLISDAIWEKIEPLLPVHKTNHPLGTHRKRVDNRDAMNGILFVLRTGCQWNALNATGICTSSSAHRRFQEWRDAGVFERFWQNGLIYEGVD,39.7,91,81,25.926,21,59,39,1,1,48.15,84,/stor/work/Wilke/crisprtn7/reblast2/GCF_004358295.1_ASM435829v1_genomic.fna
NZ_SMZE01000025.1,0..25912,tnsA,18350..17202,lcl|18350|17202|3|-1,-1,UniRef50_A0A1C6RKQ5,8.60e-07,"UniRef50_A0A1C6RKQ5 tnsA Murein DD-endopeptidase MepM and murein hydrolase activator NlpD, contain LysM domain n=2 Tax=Micromonospora inyonensis TaxID=47866 RepID=A0A1C6RKQ5_9ACTN",MTATDPHAIFSDFLGKTLTRRLLACLLFMVSPSLFAATQQELTGVKSEISRQQQSLAEQQKSLDQLQQALKQQELGINSIENQITKTKNDLENANRNIAQLNSNIQALETQKQQQADKLERLLQTYYLTKRSLTNGQFFHRSADEDRISQYYQHLAKSRAQAIEALEKTQADLNASQQQRQAEREQIEKLLAEQTQQRDKLAKTQSERKQTVKKIESSISGDKVYLAELQRNETRLKAEIAKAAKRNAVLMNGIASQRGKLPWPLKGRVLHNFGERQTGQIDWKGLVIDANYGQEVKAVYPGTIVFAEYLRGYGLVVLLDHGKGDMTLYGFNQTLLKKEGDKVIAGETIALAGDTGGQSRPALYFEIRRNSRAENPSQWLQR,48.9,115,172,26.744,46,97,73,6,29,42.44,39,/stor/work/Wilke/crisprtn7/reblast2/GCF_004358295.1_ASM435829v1_genomic.fna
NZ_SMZE01000029.1,0..10179,tniQ,4932..4618,lcl|4932|4618|1|-1,-1,tr|A0A417XIF4|A0A417XIF4_9CLOT,3.01e-05,tr|A0A417XIF4|A0A417XIF4_9CLOT tniQ GNAT family N-acetyltransferase OS=Clostridium sp. OF09-10 OX=2292309 GN=DXA91_00825 PE=4 SV=1,MMSVDNNVVGFCGFKDEPQDGEVEIGYNVSPYKQGRGFAKLAVNQLCQLAFNVDSIESVVALISSANLASLNVVRANNFVFIGFVVDSDHEKLEKWVLKRASCA,38.5,88,79,27.848,22,56,42,1,1,53.16,76,/stor/work/Wilke/crisprtn7/reblast2/GCF_004358295.1_ASM435829v1_genomic.fna
NZ_SMZE01000029.1,0..10179,cas1,7150..6764,lcl|7150|6764|3|-1,-1,AIM002411_asm6878_02383,0.003,AIM002411_asm6878_02383 cas1 CRISPR-associated endonuclease Cas1,MNHDEFNQFCRSFPATTYVVQWGGSHVWKVAGKVFSIGSIGKDQQPVFTFKTSDLNFEYLSEHDGYIPAPYFANRGMKWIQQTETSGVLDEELKYYLSESYRLVVLGLSKRLQKELGITPRADGESAS,35.0,79,118,26.271,31,63,53,5,24,44.92,82,/stor/work/Wilke/crisprtn7/reblast2/GCF_004358295.1_ASM435829v1_genomic.fna
NZ_SMZE01000042.1,0..1270,tnsD,41..385,lcl|41|385|2|1,1,UniRef90_A0A246WP65,5.85e-04,UniRef90_A0A246WP65 tnsD TnsD domain-containing protein n=2 Tax=Herbaspirillum robiniae TaxID=2014887 RepID=A0A246WP65_9BURK,MIATIAALGDEMAKKKGPNFSPEFRLETAQLVLDQGYSQKEAAQAMGVGYSTIGKWVNQLREERSGKSPKAMPMTPEQIEIRELKKRIERLELEKEVLKKATALLMSDSMNTSR,35.8,81,59,38.983,23,34,31,2,2,52.54,51,/stor/work/Wilke/crisprtn7/reblast2/GCF_004358295.1_ASM435829v1_genomic.fna
NZ_SMZE01000042.1,0..1270,tnsB,637..1263,lcl|637|1263|1|1,1,UniRef100_A0A0F0KMC2,1.35e-08,UniRef100_A0A0F0KMC2 tnsB Transposon Tn7 transposition protein TnsB n=1 Tax=Microbacterium oxydans TaxID=82380 RepID=A0A0F0KMC2_9MICO,MKKLELVSCQQPKHAYKKANQEHVDIPNRLDRQFDVVAPNQVWCGDVTYVWTGTRWAYLAVVLDLFARKPVGWALSHSPDSELTKQALSMAFEQRGRPKGVMFHSDQGSHYTSRSFRQLLWRYQITQSLSRRGNCWDNSPMERFFRSLKTEWIPEIGYRNFTEAKLAITQYILGYYSNIRPHHYNGGLSPNESERRYWLNYKPVASFT,52.0,123,155,28.387,44,88,68,5,23,43.87,64,/stor/work/Wilke/crisprtn7/reblast2/GCF_004358295.1_ASM435829v1_genomic.fna
NZ_SMZE01000045.1,0..1031,tnsB,990..13,lcl|990|13|3|-1,-1,UniRef100_A0A0P1F034,4.43e-08,UniRef100_A0A0P1F034 tnsB Transposon Tn7 transposition protein TnsB n=1 Tax=Thalassobacter stenotrophicus TaxID=266809 RepID=A0A0P1F034_9RHOB,MDREIQQRLQWVKMYEKCGDAGLVCRRCGISRPTLRKWAKRYKQCGIAGLESQSRRPHSSPDTKLTDELRALILTMRDKRNLGARRLQTELIRLHKIHLSTATLHKVLSEASVKPIVTYRRKKDFQRYERPIPGDRVQMDTCKIAPGIYQYTAIDDCSRYRVLRCYSRRTAANTVDFIDCVVEEMPFPIQRIQTDRGREFFAEKVQKQLMIYGIKFRPNKPDSPHLNGKVERSQKTDKSEFYPTIDVSVGLQELDLLLAEWQHYYNWERPHSSLNGLTPIDRITEISDQTPLSEEVSQNYQIKKERFQEQNYKLDLQLRKLKPSL,52.4,124,193,26.943,52,109,82,7,32,42.49,53,/stor/work/Wilke/crisprtn7/reblast2/GCF_004358295.1_ASM435829v1_genomic.fna
