NZ_FNFJ01000002.1,0..72479,tniQ,6870..7202,lcl|6870|7202|3|1,1,tr|A0A2P8WJK5|A0A2P8WJK5_9CYAN,2.48e-05,tr|A0A2P8WJK5|A0A2P8WJK5_9CYAN tniQ Transcriptional regulator OS=filamentous cyanobacterium CCP5 OX=2107701 GN=C7271_04335 PE=4 SV=1,MNLDKKVANRIFKLRQELNLTQEKLAEYSDIDVSSIAKIERGERANIKINTLEKILNGLQISATKFFDFENVTTKELIMERLNNKLKNEPDEKSLEYLQLFEQIIDISKK,38.9,89,67,31.343,21,45,37,1,1,55.22,61,/stor/work/Wilke/crisprtn7/reblast2/GCF_900101135.1_IMG-taxon_2608642220_annotated_assembly_genomic.fna
NZ_FNFJ01000002.1,0..72479,tniQ,31351..32256,lcl|31351|32256|1|1,1,tr|A0A391PPK1|A0A391PPK1_9MYCO,1.60e-04,tr|A0A391PPK1|A0A391PPK1_9MYCO tniQ HTH lysR-type domain-containing protein OS=Mycolicibacterium sp. NCC-Tsukiji OX=2185272 GN=NCCNTM_10160 PE=4 SV=1,MNFQQCRYVEAVARVGSFSQAAKELFMTQPNLSSSIKDLENELGVQLFTRSNTGTRLTEDGYDFLKYAKRIIGELDLLEQRYHDQFKKSFTVASHHYDFLSIPLAKVAQQFNQDYQEFQTIETTTKKILESVARFEADLGIIYLDDENKHILESSLEHQDLEFTSLGDFPTRVFLRRNHPLAHKDVISESDLKGYDQIRFRQEQSGLNFDEDALQIHDEQHVLYSNDRGTVMNLLCATDAYASGLGIVNSFVRDQIVLIPLQDSPKHTLGYVTNKKKKVSKIGTAFIQEIKKSLNEFPEAN,41.2,95,67,35.821,24,41,38,1,2,56.72,22,/stor/work/Wilke/crisprtn7/reblast2/GCF_900101135.1_IMG-taxon_2608642220_annotated_assembly_genomic.fna
NZ_FNFJ01000002.1,0..72479,tniQ,42427..40655,lcl|42427|40655|1|-1,-1,tr|A0A081NVM8|A0A081NVM8_9BACL,2.44e-05,tr|A0A081NVM8|A0A081NVM8_9BACL tniQ ABC transporter domain-containing protein OS=Paenibacillus tyrfis OX=1501230 GN=ET33_22665 PE=4 SV=1,MENKKKTSFYGRMKPYIKGFQLPFLLAVIGAIVSATVTVIGPDKLKEITNTITKGLTPTATGMIPGIDLDKVGKIALTLAILYVISAVVGYIQSFTVATIVQRFSQRLRKAIQTKIDKVPLNYFDSHSQGDTLSRVTNDVDLLGQSLNQSLGTLVTSTMLLIGSIFMMFHSNVSMALTAIGSVLIGFVLVMVIMGSSQPLFKRQQNNLAAINGYVEEIYSGHNVVTSYNAAGETSETFKKLNSNLYKSMWQSQFLSGIMMPLMIFVGNFGYVMVCVVGAIKVINGDITMGDVVAFMTYVRIFSQPLSQIAQAFTQMQSATAAMSRVFEFLEEDEMEDESDKERQLSDVKGEVAFDNVFFGYSKDKTIIHDFSAVAKPGQKVAIVGPTGAGKTTIVNLLMKFYEIDKGQITIDGVDTRLMTREEVHDQFSMVLQDTWLFEGTIKENLIYNQENITDEQVIAAAKAVGVHHFIMTLPKGYDTYLDDSVTLSIGQKQLLTIARALLKDSPLLILDEATSSVDTRTEELIQKAMDKLMEGRTSFVIAHRLSTIRNADLILVMKDGNIIEQGNHDDLMEQGGFYADLYNSQFEVA,44.7,104,176,24.432,43,121,74,4,12,42.05,29,/stor/work/Wilke/crisprtn7/reblast2/GCF_900101135.1_IMG-taxon_2608642220_annotated_assembly_genomic.fna
NZ_FNFJ01000002.1,0..72479,tniQ,52479..50710,lcl|52479|50710|2|-1,-1,tr|A0A081NVM8|A0A081NVM8_9BACL,1.39e-05,tr|A0A081NVM8|A0A081NVM8_9BACL tniQ ABC transporter domain-containing protein OS=Paenibacillus tyrfis OX=1501230 GN=ET33_22665 PE=4 SV=1,MSKRNVFLRLWDYLQQYKGALFLAIFLKVFSSVMSVLEPFILGLAITELTANLLDMAHGVAGAHINISYIAMILALYFLRGLGYELGSYWSNYFMTDAVQKSIHDLRRDLSEKINKIPVSYFDSQQFGNVLGRFTSDVETVSNALQQSFLQIINAFLTIFLVICMVLYLNWRLALVVILIIPITYISAQFILKKSQPYFKKQADALGDMNGFVQENLTGFNVIKLYGREEISSEEFREITQNLQEVGFKASFISGIMMPVLSAISDMAYLIVAVLGALQVLSGNLTVGNMQAFVQYVWQVSQPVQTITQLASILQSAKSSLDRIFEVLDEPEEVADVTEHLTHDLTGQVSFENVSFQYVADKPLIQNFNLDVKPGEMVAIVGPTGAGKTTLINLLMRFYDVTSGSIKIDGHDIRNLSRQEYRKQFGMVLQDAWLYEASIKENLRFGNLDATDEEVVEAAKAANVDHFIRTLPGGYNMEMNQESSNVSLGQKQLLTIARALLADPKILILDEATSSVDTRLELLIQKAMAKLMEGRTSFVIAHRLSTIQEADKILVLNNGQIIEQGNHESLLAAKGFYYDLYNSQFAKSK,45.4,106,348,20.115,70,220,123,10,58,35.34,55,/stor/work/Wilke/crisprtn7/reblast2/GCF_900101135.1_IMG-taxon_2608642220_annotated_assembly_genomic.fna
NZ_FNFJ01000002.1,0..72479,glmS,35245..34565,lcl|35245|34565|1|-1,-1,WP_035343592.1,3.33e-08,WP_035343592.1 glmS two-component system response regulator GlrR [Dickeya],MKILVAEDEIQMNRVLTTALTHEGYDVDSVYDGQAAIDMANKNAYDVMVMDIMMPVKSGIEAVQEIRQTGNQSHIIMLTAMAEVDDRVTGLDAGADDYLTKPFSLKELLARLRSMSRRVDTNFTSNILTVGTVTLNVGEQELVSQNTIRLAGKESKMLEFFMLNAGKKLSTDQIFNHVWANDKDDPEIDNGYVFIYVSYLRQKLKSIGANVVIEGEEMGDYELKEL,50.8,120,100,27.000,27,73,52,0,0,52.00,44,/stor/work/Wilke/crisprtn7/reblast2/GCF_900101135.1_IMG-taxon_2608642220_annotated_assembly_genomic.fna
NZ_FNFJ01000002.1,0..72479,parE,35898..35275,lcl|35898|35275|2|-1,-1,WP_000226838.1,2.38e-06,WP_000226838.1 parE GTP diphosphokinase [Salmonella],MTDMIYGEYADYLPLILEDFSQRIRKKNDEVKKETGYKLFEHFIARIKTAESMAEKCQRKNLPVTTESALKKVRDSIGLRIVCGFVDDIYTLVDLIRSFDDCTIVAEKDYIKNAKPNGYRSYHLIVEVVTPYPDCLGNKQGSYFIEIQLRTIAMDSWASLEHQMKYKHDIKDPKRIVRELKRCADELASCDLTMQTIRNLIQESSQD,45.1,105,155,29.032,45,81,68,6,29,43.87,73,/stor/work/Wilke/crisprtn7/reblast2/GCF_900101135.1_IMG-taxon_2608642220_annotated_assembly_genomic.fna
NZ_FNFJ01000002.1,129209..170318,tnsA,150318..149209,lcl|150318|149209|2|-1,-1,UniRef50_A0A3N1KIY1,6.95e-06,UniRef50_A0A3N1KIY1 tnsA TnsA endonuclease-like protein n=17 Tax=Streptomyces TaxID=1883 RepID=A0A3N1KIY1_9ACTN,MAKEKEITTFNVQVAEFIRNHKKNGTAVDDEVTEKLVIPFSLDADQIDDLLERLTDGGISITDKEGNPSTKYVVEEPKPEELTDEELLGSNSAKVNDPVRMYLKEIGVVPLLTSEEEKELAVAVAAGDLQAKQRLAEANLRLVVSIAKRYVGRGMQFLDLIQEGNMGLMKAVDKFDYSKGFKFSTYATWWIRQAITRAIADQARTIRIPVHMVETINKLVREQRNLLQELGQDPTPEQIAERMDMTPDKVREILKIAQEPVSLETPIGEEDDSHLGDFIEDEVIENPVDYTTRVVLREQLDEVLDTLTDREENVLRLRFGLDDGKMRTLEDVGKVFNVTRERIRQIEAKALRKLRHPSRSKQLRDFIED,45.8,107,85,34.118,29,51,51,3,5,60.00,22,/stor/work/Wilke/crisprtn7/reblast2/GCF_900101135.1_IMG-taxon_2608642220_annotated_assembly_genomic.fna
NZ_FNFJ01000002.1,329323..369610,tniQ,349323..349610,lcl|349323|349610|3|1,1,tr|A0A1N7J2L3|A0A1N7J2L3_9BACI,8.54e-04,tr|A0A1N7J2L3|A0A1N7J2L3_9BACI tniQ TniQ protein OS=Salimicrobium flavidum OX=570947 GN=SAMN05421687_103237 PE=4 SV=1,MVFLFSLICSISTVKACLRAAISANSASSVVFCDSKSCEPPSVSDSCRRSQSWLMSFKRSANCWYSSSAFCSAKRASSPCALRLAKVSLLALKAS,34.7,78,50,34.000,17,32,28,1,1,56.00,53,/stor/work/Wilke/crisprtn7/reblast2/GCF_900101135.1_IMG-taxon_2608642220_annotated_assembly_genomic.fna
NZ_FNFJ01000002.1,329323..369610,cas12a,345441..344011,lcl|345441|344011|2|-1,-1,gi|167627878|ref|YP_001678378.1|CAS-V|cpf1|cpf1,0.006,gi|167627878|ref|YP_001678378.1|CAS-V|cpf1|cpf1 cas12a,MGLFDRLFGNKKKEVEETVDSQSQEETLQEVVETSEQTEASSDTVKETVEVSEQAEIVNDTVEETLEVQDVVNVNSEAESVETETLVQSENSETVVENTASQTEEISEATAVTNEAETDQHFSDVMADYYAKKAAAQEAIDRGEAVTFEAVKTRQETEPEEVVVQEATETEEEKYNRSLKKTRTGFSARLNAFLANFRRVDEEFFEELEEMLILSDVGVNVATQLTEDLRYEAKLENAKRADDLKRVIIEKLVDIYEKDGVFNEKINFQDDLTVMLFVGVNGVGKTTSIGKLAYKYKNEGKKVMLVAADTFRAGAVAQLVEWGRRVGVPVVTGPEKADPASVVFDGMEKAVAENVDILLIDTAGRLQNKDNLMAELEKIGRIIKRVVPDAPHETLLALDASTGQNALSQAKEFSKITPLTGLILTKIDGTAKGGVVLAIRQELDIPVKFIGFGEKIDDIGEFDSEDFMRGLLEGIV,37.7,86,77,32.468,25,49,38,1,3,49.35,16,/stor/work/Wilke/crisprtn7/reblast2/GCF_900101135.1_IMG-taxon_2608642220_annotated_assembly_genomic.fna
NZ_FNFJ01000002.1,329323..369610,glmS,355920..355210,lcl|355920|355210|2|-1,-1,WP_035343592.1,9.04e-13,WP_035343592.1 glmS two-component system response regulator GlrR [Dickeya],MKKILIVDDEKPISDIIKFNLTKEGYETVTAFDGREAITKFEEEDPDLIILDLMLPELDGLEVAKEVRKTSHIPIIMLSAKDSEFDKVIGLEIGADDYVTKPFSNRELLARVKAHLRRTENIETAVAEENASASNSEITIGDLKILPDAFVAQKRGEDIELTHREFELLHHLATHMGQVMTREYLLETVWGYDYFGDVRTVDVTIRRLREKIEDTPSRPEYILTRRGVGYYMKSYE,64.7,156,100,35.000,35,64,58,1,1,58.00,42,/stor/work/Wilke/crisprtn7/reblast2/GCF_900101135.1_IMG-taxon_2608642220_annotated_assembly_genomic.fna
NZ_FNFJ01000002.1,329323..369610,glmS,362855..362163,lcl|362855|362163|3|-1,-1,WP_035343592.1,1.16e-06,WP_035343592.1 glmS two-component system response regulator GlrR [Dickeya],MAKVYVADDEKNIRELIASFLREQGLDVEIFETGDQLLLRFMEEEADVVILDVMMLGTNGVEIATMLRKRSDVPIILLTARDSDADFVKGFSAGADDYFTKPFSPLKLSLRVKAILARQPQSQEVAKGTSDVVTYEALTLSEKERTVTYDNQVLKLTNTEFELLKMLMNHAEEAVSRDELLHHIWGCESSIETRVTDDTIKRLRKKLRGVDSHVLIETVWGYGFKLTKKQ,46.2,108,102,29.412,30,71,50,1,1,49.02,44,/stor/work/Wilke/crisprtn7/reblast2/GCF_900101135.1_IMG-taxon_2608642220_annotated_assembly_genomic.fna
NZ_FNFJ01000002.1,373846..430644,tniQ,394736..393846,lcl|394736|393846|3|-1,-1,tr|A0A1H1AQR5|A0A1H1AQR5_9ACTN,7.16e-06,"tr|A0A1H1AQR5|A0A1H1AQR5_9ACTN tniQ Regulatory helix-turn-helix protein, lysR family OS=Tsukamurella pulmonis OX=47312 GN=SAMN04489765_0335 PE=4 SV=1",MNFQKFQVFLSLCETLNYTETAEQLYTTQGSISKQIIALEKELGVILFNRKHRQISLTEEGEIVRVYVQKIMGTFQEMQETLEDLCEQEKHKLTIHGIPSMSSYPIISDIAAFQKHYPDYTVVVEEEETDQLMHSLDDGICDVVFTRSFTEVSPDIYDSLTLDYDRFVLVLPENHPLANKEKLDLVELKDETFFQLGNKTQLLQKVRELCHAYGFEPKMGYQGNRINLIIDFIEKEMGVSVMMEKLVAPFKTKAIICRPLEVDMVSEMNLIRRKKKTTPALDVFWKGMQEKYSKQE,45.4,106,61,37.705,23,36,37,1,2,60.66,20,/stor/work/Wilke/crisprtn7/reblast2/GCF_900101135.1_IMG-taxon_2608642220_annotated_assembly_genomic.fna
NZ_FNFJ01000002.1,373846..430644,tniQ,410644..410177,lcl|410644|410177|1|-1,-1,tr|A0A417XIF4|A0A417XIF4_9CLOT,1.22e-04,tr|A0A417XIF4|A0A417XIF4_9CLOT tniQ GNAT family N-acetyltransferase OS=Clostridium sp. OF09-10 OX=2292309 GN=DXA91_00825 PE=4 SV=1,MFAYVSDEENTRWNFPANKTLEETKAAIKNIYLKTPLGRYGMVLKSTNAFIGTIDLMNFSDEKMAELGYIINKKYWNQGLATEASQKLIALCFEKLGLEEVHGYCALNNPASARILEKLGMAELERIPNDRILNGQNITSQHFVITKTKWQEIQK,38.1,87,76,28.947,22,53,39,1,1,51.32,49,/stor/work/Wilke/crisprtn7/reblast2/GCF_900101135.1_IMG-taxon_2608642220_annotated_assembly_genomic.fna
NZ_FNFJ01000002.1,450124..512645,tnsA,470124..471146,lcl|470124|471146|3|1,1,UniRef50_A0A2D2C3Y7,3.50e-12,UniRef50_A0A2D2C3Y7 tnsA Tn7_Tnp_TnsA_N domain-containing protein n=4 Tax=Paracoccus TaxID=265 RepID=A0A2D2C3Y7_9RHOB,MKQLYLLFQKNKRSRAWPLFFSLCFLFILGWYLSLRFGAVAYSNAQLMSVFRHPLTDSNLQDVIFDLRLPRTIAAILVGAAMAQAGSIIQGVTRNPIADPGLLGINAGAGLALIAGYAILGSMHYSLILIICLFGAILAAILVFGIAYHPRKGYQQLRLILAGAMISTLFSSLGQAITLYFDLSKAVIGWQSGGLAQINWKMLGIIAPFIVLGLLLAQLFARQLTILSLDETVAKALGQRTFAMTMTFLAIVVILSAAAVALVGSIAFVGLIIPHFIKMFVAKDYRIILPLTAFAGSTFMLWVDLICRTINPPAETPVSAIVSIVGLPCFLWLVRKGENL,63.5,153,106,31.132,33,72,60,1,1,56.60,31,/stor/work/Wilke/crisprtn7/reblast2/GCF_900101135.1_IMG-taxon_2608642220_annotated_assembly_genomic.fna
NZ_FNFJ01000002.1,450124..512645,tnsA,471107..472144,lcl|471107|472144|2|1,1,UniRef50_A0A2D2C3Y7,4.34e-09,UniRef50_A0A2D2C3Y7 tnsA Tn7_Tnp_TnsA_N domain-containing protein n=4 Tax=Paracoccus TaxID=265 RepID=A0A2D2C3Y7_9RHOB,MLSVVGAKGGKFMTSGKKVACHFSVLIFLLCLIFLLSLSLGYANSSLLEVCKVFLGKSDATMSFIVTQIRLPRILACMLGGGSLAISGVLLQTLTKNPLADSGILGINAGAGLVIAIMVGLLDVTNSMMIALMPFLAMLGGILTICTVYFVSRQKNQPISPTRLIITGVGISSLLSGIMISIIANLDTSKTDYIVSWLSGKVSGGNWQTLMILAPLLLITWLLTYSQSYALNIMSLNEETAIALGLNLKRERLYTLILSTALAALSVVLVGNITFIGLLAGHITRQLLGSDHRISLPSSLLIGMIIFLIADTIGRVFLVGTGIPTGLVVAVIGAPYFLYLMIKTT,54.3,129,105,32.381,34,70,60,1,1,57.14,30,/stor/work/Wilke/crisprtn7/reblast2/GCF_900101135.1_IMG-taxon_2608642220_annotated_assembly_genomic.fna
NZ_FNFJ01000002.1,450124..512645,tnsC,492645..491830,lcl|492645|491830|2|-1,-1,UniRef100_A0A0Q0A3P1,3.12e-19,"UniRef100_A0A0Q0A3P1 tnsC Transposition protein, TnsC-like protein n=2 Tax=Pseudomonas syringae TaxID=317 RepID=A0A0Q0A3P1_PSESX",MKKSHNLLERLMLLITLINGVTAVEKWLFHVKPLENVQYRLFCLPYAGAGASLFSTWKNLREFGIEVCPIQLPGRENRFNEPSRNNIKSLVSDICTVIADYLDKPFAIFGHSLGGIIAYELTLEVYRRYQKKPNFVVLSASSIFTRKKDYIVSQLSDEKLMDYLKFIGGTPEILLTSRYFEKYSQVIRSDYKLLENYRFQLQKLPCKLVALASSQDKLVLLEDIEKMKYFASEFSMISVEGTHFFINQLTDEIQQIISENFDSSNSKKDSL,82.8,203,224,25.000,56,156,101,6,12,45.09,79,/stor/work/Wilke/crisprtn7/reblast2/GCF_900101135.1_IMG-taxon_2608642220_annotated_assembly_genomic.fna
NZ_FNFJ01000002.1,450124..512645,guaC,453422..452748,lcl|453422|452748|3|-1,-1,WP_003150717.1,1.60e-05,WP_003150717.1 guaC IMP dehydrogenase [Bacillus],MRRIVMAVKDFMTKKVVYVSPDTTVAHAADMMREQGLRRLPVIENDKLVGIVTERTMAEASPSKATTLSIYEMNYLLNKTKIRDVMIRDVVTVSPYASLEDAIYTMMKNRVGIVPVVESGQVYGVITDKDVFKAFLEISGYGEEGIRVAISADDTVGTLAKIVDTISNDNLNIKRTVVATRKSGKVVIEIQIDGKANVTNLREKLLNQGIQVDAIELTEAKSLD,42.7,99,121,28.099,34,67,65,5,20,53.72,52,/stor/work/Wilke/crisprtn7/reblast2/GCF_900101135.1_IMG-taxon_2608642220_annotated_assembly_genomic.fna
NZ_FNFJ01000004.1,110880..151611,tnsA,130880..131611,lcl|130880|131611|2|1,1,UniRef50_A0A3M5N9X7,1.70e-07,UniRef50_A0A3M5N9X7 tnsA HTH gntR-type domain-containing protein n=380 Tax=Bacteria TaxID=2 RepID=A0A3M5N9X7_PSEAZ,MNKGEKMEKYNFIANDVRKKILEGVYQPNEQLPFEKDLCQVYNVSKMTVKKALDILVAEGLIYKRRGAGTFVMDLSVEKMEKMLMDIQMMGTTAFYPDKKITSKVIDFSVVKATPEIADKLKIKETSFVYKIHRVRIVDDKPTVIEETYMPIDLISGLKLEHVENSIYDYIESDLGLKIQSGHRTITVRRATDMEADYLDLEKGAPVAIAVQTGYLSTGVAFEYSISTHRYDEFSVEIVLTHN,48.5,114,60,35.000,21,39,37,0,0,61.67,25,/stor/work/Wilke/crisprtn7/reblast2/GCF_900101135.1_IMG-taxon_2608642220_annotated_assembly_genomic.fna
NZ_FNFJ01000004.1,110880..151611,parE,134419..136638,lcl|134419|136638|1|1,1,WP_000226838.1,2.34e-163,WP_000226838.1 parE GTP diphosphokinase [Salmonella],MAKTVNLTGEEVVALTAQYMSESDVAIVQKALDYATKAHISQVRQSGEPYIIHPIQVAGILADLHLDVVTVACGFLHDVVEDTEVTLDDIEAEFGKDVRDIVDGVTKLGKVEYKSHEEQLAENHRKMLMAMSKDIRVILVKLADRLHNMRTLKHLRKDKQERISRETMEIYAPLAHRLGISRIKWELEDLSFRYLNEIEFYKISHMMNEKRREREALVDEIVKKIKDYTQEQGLYGEVYGRPKHIYSIYRKMRDKKKRFDQIYDLIAIRCIMETPSDVYAMVGYIHELWRPMPGRFKDYIAAPKANGYQSIHTTVYGPKGPIEIQIRTKEMHQVAEYGVAAHWAYKQGIKGKVDNQEQAVGMNWIKELVELQDASNGDAVDFVDSVKQDIFSERIYVFTPTGAVQELPKDSGPIDFAYAIHTQVGEKAVGAKVNGRMVPLTAKLKTGDVVEIVTNPNSFGPSRDWIKIVKTNKARNRIRQFFKNQDKETSINKGRELLVDYFQEQGYVANKYLDKKHIEEILPRFSVRSEEALYAAVGFGEISAASVFNRLTEKERREEERAKAKAEAEELMNGGEVKTENKDVLKVRSENGVIIQGASGLLMRIAKCCNPVPGDPIEGYITKGRGVAIHRADCHNIKSQEGYEQRLIEVEWDDTSASNDYLAEIDIYGLNRSGLLNDVLQVLSNATKNISTVNAQPSKDMKFANIHVSFAIPNLTALTTVVDKIKIIPDVYSVKRTNG,487,1254,700,36.714,257,412,417,13,31,59.57,93,/stor/work/Wilke/crisprtn7/reblast2/GCF_900101135.1_IMG-taxon_2608642220_annotated_assembly_genomic.fna
NZ_FNFJ01000004.1,110880..151611,glmS,140222..139452,lcl|140222|139452|1|-1,-1,CCQ11306.1,7.20e-23,"CCQ11306.1 glmS Transcriptional regulator of glmS gene, DeoR family [Pseudoalteromonas luteoviolacea B = ATCC 29581 B = ATCC 29581]",MLKKERLQWILEKVNAKGVITVNDVIKELGVSDMTVRRDLDELDKDGLLIRIHGGAQSIDSPKIRSKHEKSNTEKQELQIEEKRAIAKFASQLVQEGETIFIGPGTTLEHFASELVAKNIRVITNSLPVFNILNENKNTDLILTGGEYRDITGAFVGSLTANYLQNLKFSKAFVSANGVFGDSIATYSESEGEIQRIALDNAIETFLLVDHEKFDRYDFYDFYRISDINHLVTDSAITSDTKEKFGQLTDIIVAKD,92.0,227,256,27.344,70,174,133,6,12,51.95,98,/stor/work/Wilke/crisprtn7/reblast2/GCF_900101135.1_IMG-taxon_2608642220_annotated_assembly_genomic.fna
NZ_FNFJ01000005.1,0..22502,tnsA,2502..520,lcl|2502|520|2|-1,-1,UniRef50_A0A0P9PXI9,1.80e-07,UniRef50_A0A0P9PXI9 tnsA TnsA endonuclease n=3 Tax=Pseudomonas syringae group TaxID=136849 RepID=A0A0P9PXI9_PSESX,MKNNKNNGFVRNSFIYILLIIAGITAFQYYLRGTSTQSQQINYSTLIKQIKAGDIKSITYQPSGSIIEVSGEYTKAQTTETSSSLPFLEGSTTSTVTEFTSIVLPSDSSIEAITSAAEDADVEVTVKQESSSGTWISYIITYIPFIVLIVFFFVMMNQGGNGARGAMSFGKNRAKSQSKGNVKVRFSDVAGAEEEKQELVEVVDFLKNPKKYKALGARIPAGVLLEGPPGTGKTLLAKAVAGEAGVPFFSISGSDFVEMFVGVGASRVRSLFEDAKKAERAIIFIDEIDAVGRRRGAGMGGGNDEREQTLNQLLIEMDGFEGNESIIVIAATNRSDVLDPALLRPGRFDRKILVGSPDVKGREAILRVHAKNKPLAEDVNLKVVAQQTPGFVGADLENVLNEAALVAARRNKKKIDASDIDEAEDRVIAGPSKKDRTISQKEREMVAYHEAGHTIVGLVLSSARVVHKVTIVPRGRAGGYMIALPKEDQMLHSKDDLKEQLAGLMGGRVAEEIIFNAQTTGASNDFEQATQLARAMVTEYGMSDKLGPVQYEGNHAVMTGQLSPEKTYSAQTAQMIDDEVRTLLNEARDKAADIINNNRETHKLIAEALLKYETLDAAQIKSIYETGKMPEELENDTEEAHALSYDEVKEKMDDSDDSKE,48.1,113,95,33.684,32,59,51,2,4,53.68,14,/stor/work/Wilke/crisprtn7/reblast2/GCF_900101135.1_IMG-taxon_2608642220_annotated_assembly_genomic.fna
NZ_FNFJ01000005.1,0..22502,cas3,11757..8248,lcl|11757|8248|2|-1,-1,gi|557605421|ref|YP_008773532.1|CAS-I|cas3HD|cas3,1.23e-06,gi|557605421|ref|YP_008773532.1|CAS-I|cas3HD|cas3 cas3,MGKSMNIIDLFSQNKLIQTWHSGVANLGRQLIMGLSGSSRALAIASAYQANEEKIVVITSTQNEVEKLASDLSSLIGEDKIYTFFADDVAAAEFIFASMDKAHSRLEALNFLQDNKQSGILITSLVGARVLLPNPEIYAESQLNFVVGEDYNLDKVVKVLSNVGYQKVSQVLNPGEFSRRGDIVDIYEMTADYPYRLEFFGDEVDGIRQFDAETQKSLSNIEQVTIYPADELILSEEDFARASKAFETFLENAKDEQQDYLSELYAATQEQYKHQDIRRFLSLFYAKEWTLLDYIPKGTPVFFDDFQKLVDRNAKFDLEIANLLTEDLQHGKAVSSLVYFADIYKDLRQYQPATFFSNFHKGLGNLKFDKLHNFTQYPMQEFFNQFPLLIDEVNRYQKSKATVLIQADSQHGLERLQENLHEYGLELPVVAEDVLQAQQAQLVVGNLSNGFYFADEKIVLITEHEIYHKKIKRRIRRSNISNAERLKDYNELSKGDYVVHHVHGIGKFLGIETIEIHGVHRDYLTIQYQGSSTISLLVEQIESLSKYVSADGKEPKINKLNDGRFQKTKQKVSKQVEDIADDLLKLYAERSQLKGFAFSPDDDLQREFDEDFAFVETEDQLRSIKEIKHDMEEDKPMDRLLVGDVGFGKTEVAMRAAFKAVKDHKQVAVLVPTTVLAQQHYTNFSERFENYPVTVDVLSRFRSKKEQNDTLDKLKKGQVDIIIGTHRLLSKDVDFADLGLIIIDEEQRFGVKHKEKLKELKTKVDVLTLTATPIPRTLHMSMLGIRDLSVIETPPTNRYPVQTYVLETNPGLIREAIIREIDRGGQVFYVYNRVDTIDQKVSELQELVPEASIGFVHGQMSEIQLENTLMDFIDGVYDVLVATTIIETGVDISNVNTLFIENADHMGLSTLYQLRGRVGRSNRIAYAYLMYRPDKILTEVSEKRLDAIKGFTELGSGFKIAMRDLSIRGAGNILGASQSGFIDSVGFEMYSQLLEEAIAKKQGKSQARRKSNAEMNLQIDAYLPSEYINDERQKIEIYKRIREIESQKDYQSLQDELIDRFGEYPDQVAYLLEIGLVKAYMDNAFTELVERKDNNLLVRFEKASLQHYLTQDYFEALSKTNLKARIGENQGKIEITFNIRDKKDYEILEELQNFGKMLAEIKSRKIEKD,51.6,122,204,24.510,50,126,95,7,28,46.57,16,/stor/work/Wilke/crisprtn7/reblast2/GCF_900101135.1_IMG-taxon_2608642220_annotated_assembly_genomic.fna
NZ_FNFJ01000005.1,36785..77111,tniQ,57111..56785,lcl|57111|56785|2|-1,-1,tr|Q0RUV8|Q0RUV8_RHOJR,3.74e-04,tr|Q0RUV8|Q0RUV8_RHOJR tniQ HTH lysR-type domain-containing protein OS=Rhodococcus jostii (strain RHA1) OX=101510 GN=RHA1_ro11281 PE=4 SV=1,MYFPTSATVIEFLILAIVDKDDSYGYAISQTIKQIANIKESTLYPILKKLEKAGYLTTYQQAYQGRKRKYYAITAAGKEQLTFLKKEWQRYKEKIDEIIEGRLEDDKS,36.2,82,72,29.167,21,35,35,2,16,48.61,56,/stor/work/Wilke/crisprtn7/reblast2/GCF_900101135.1_IMG-taxon_2608642220_annotated_assembly_genomic.fna
NZ_FNFJ01000003.1,44306..85187,tniQ,65187..64306,lcl|65187|64306|1|-1,-1,tr|A0A1U1BRW6|A0A1U1BRW6_9MYCO,6.97e-05,"tr|A0A1U1BRW6|A0A1U1BRW6_9MYCO tniQ Regulatory helix-turn-helix protein, lysR family OS=Mycobacteroides abscessus subsp. massiliense OX=1962118 GN=SAMEA2275744_05269 PE=4 SV=1",MNLRDLEYFYQLAKLKSYTAAAQYFQVSQPTITYAIKRLEKELGCDLVIKDPSHRSAALTLQGDIFQSHVEDVLLQIKTAVNEVHQSLNPMMAVGLPPIICNYLLTELLHKNESIAPFSQVKAVRGGSNSLMMKLLDGQLDFSLLGSLAPLKNDQLIIHSLFKKDFYVVLSPKHPLANQKELSFQDILYEKFILLDEHNIHLTAFNQLNHRYHDQASILFKIDDVSVIKQMVAENMGISLLSDIALTSGSDQLVKVPLAEQDRISFYVSYAHSRHAILSKEAKDLVRLIEKIS,42.0,97,93,32.258,30,61,44,2,2,47.31,31,/stor/work/Wilke/crisprtn7/reblast2/GCF_900101135.1_IMG-taxon_2608642220_annotated_assembly_genomic.fna
NZ_FNFJ01000009.1,0..44540,tniQ,10212..10790,lcl|10212|10790|3|1,1,tr|A0A417XIF4|A0A417XIF4_9CLOT,1.88e-05,tr|A0A417XIF4|A0A417XIF4_9CLOT tniQ GNAT family N-acetyltransferase OS=Clostridium sp. OF09-10 OX=2292309 GN=DXA91_00825 PE=4 SV=1,MIKILGQIKDSKLPDIETERLYLRPRLVSDAEDIFAYASLPEVTWPAGFPPAESVEAEAYYLENIMPKRWGEQKVPSGYGICLKGKNKVIGSVDFNKRHADDVLEMGYLLHPDYWGQGLVPEAARALLEVGFTLLNLHKIEIECYGYNKASQRIAEKLGFTLEARIRDRKDAQGKRCDLLRYGLLKSEWEGR,41.2,95,90,26.667,24,65,44,1,1,48.89,47,/stor/work/Wilke/crisprtn7/reblast2/GCF_900101135.1_IMG-taxon_2608642220_annotated_assembly_genomic.fna
NZ_FNFJ01000009.1,0..44540,tniQ,32592..34343,lcl|32592|34343|3|1,1,tr|A0A081NVM8|A0A081NVM8_9BACL,9.01e-05,tr|A0A081NVM8|A0A081NVM8_9BACL tniQ ABC transporter domain-containing protein OS=Paenibacillus tyrfis OX=1501230 GN=ET33_22665 PE=4 SV=1,MLMKNNANQWRVFKRLMSYLKPYKFLTVLALALLLLTTVVRSVIPLIASYFIDHFLTDMNQTAMLILVGYYLMYVLQMIIQYLGNFYFARVSYSVVRDIRRDAFANMEKLGMAYFDQTPAGSIVSRLTNDTEAVSDMFSGILSSFISAIFIFTVTLLTMLRLNAVLTGWVAIFLPFIFILVNLYRKKSVAVIEKTRALLSDINSKLSESIEGIRIIQSFSQEDRLKDEFEAINEEHVLYANRSMALDSLFLRPAMSLLKLLAYAILMAYFGFRGMEIGISAGLMYAFIQYVNRLFDPLIEVTQNFSTLQTSMVSAGRVFDLIDERQYEPEQKNGEATVQAGNIEFKNVSFSYDGERQILDNISLKVNQGETIAFVGSTGSGKSSIINVFMRFYEFQSGEVLLDGVDIREYPKEELRRNIGLVLQDPFLYHGTIKSNIKMYQDISDEAVQAAAAFVDADQFIQKLPEKYETKVTERGSSFSTGQRQLLAFARTVASQPKILILDEATANIDSETETIVQESLKKMRQGRTTIAIAHRLSTIQDANCIYVLDKGKIIESGSHDELLSQKGTYYRMYQLQAGMMEN,43.1,100,97,26.804,26,63,53,2,8,54.64,16,/stor/work/Wilke/crisprtn7/reblast2/GCF_900101135.1_IMG-taxon_2608642220_annotated_assembly_genomic.fna
NZ_FNFJ01000009.1,0..44540,cmr6,34684..35562,lcl|34684|35562|1|1,1,"gi|307591964|ref|YP_003899555.1|CAS-III-B|cmr6gr7|G7,CASCADE",0.008,"gi|307591964|ref|YP_003899555.1|CAS-III-B|cmr6gr7|G7,CASCADE cmr6",MITVENLSKTIKGKPILQDISFEVVAGDCVALIGPNGAGKTTLMSCLLGDLKISKGKIVINALAPKSQQLKEIVAVLPQENRLPQKLRVSELIEFFKSIAKTPLADQEIDKILQFSEEQKAQLTEKLSGGQKRLLAFVLCLISQPKILFLDEPTAAMDTSTRQHFWQIIQSLKAKGVTIFYSSHYIEEVEHTAERILVLHHGKLLRDTTPFAMREAEHEKQLTLPKNFLSIVEKLPHIDNIELKNDTVTFMTKEIDSVWQKLQEQGCQIADIEIQNKTLLNTLFDQTQEDEK,36.6,83,65,26.154,17,48,32,0,0,49.23,22,/stor/work/Wilke/crisprtn7/reblast2/GCF_900101135.1_IMG-taxon_2608642220_annotated_assembly_genomic.fna
NZ_FNFJ01000009.1,0..44540,csx1,37380..37976,lcl|37380|37976|3|1,1,gi|338730931|ref|YP_004660323.1|CAS-III|csx1|CARF,0.001,gi|338730931|ref|YP_004660323.1|CAS-III|csx1|CARF csx1,MKLLVAEDQSMLRDALCQLLLMEDDVDEILQAGDGAQAIGILQVENVDVAILDVEMPKKSGLDVLEWIRKHKEMKVIIVTTFKRVGYFERAVKAGVDAYVLKDRSTSELMTTIHTVLAGKKEYSPELMETMMTQDNPLSQQEKRILQLISLGKTNQEIADTLYLSNGTIRNYISSILNKLSANNRVEATRIAEEHGWV,37.7,86,43,37.209,16,27,31,0,0,72.09,22,/stor/work/Wilke/crisprtn7/reblast2/GCF_900101135.1_IMG-taxon_2608642220_annotated_assembly_genomic.fna
NZ_FNFJ01000001.1,50503..91498,tniQ,71498..70503,lcl|71498|70503|2|-1,-1,tr|A0A2W1D0I8|A0A2W1D0I8_9PLEO,5.02e-24,tr|A0A2W1D0I8|A0A2W1D0I8_9PLEO tniQ Pectate lyase OS=Pyrenophora tritici-repentis OX=45151 GN=A1F97_07859 PE=3 SV=1,MKAFALTDSSQRAISDLAIIDIPKPKISADDVLVKVTAVGLNPVDFKVIENGVDAWTFPHIIGMDVVGEIVELGEHVTQFQIGDRVAGHGNLTKQGCLAEFASVPAYQLAKIPDSISHTDAAALLCNGLTAYQALFRKATLANKKTILIHAGSGGVGSIAIQLAKMAGLTVYTTASTAKVDFVKSLGADIVIDYKTENVSRRIAELTDGLGVDMIINTIGKDESTEDLKRLAYNGSLIAVVSPPRIDKPSDLFSRALSIDVLNLGGAHLSHNPQQAQDLATMTEELFALVQEQKVKALVSQTFPFEQTKEALQLIKDRKVTGKLVIDMNLN,98.6,244,326,28.528,93,210,152,11,23,46.63,95,/stor/work/Wilke/crisprtn7/reblast2/GCF_900101135.1_IMG-taxon_2608642220_annotated_assembly_genomic.fna
NZ_FNFJ01000001.1,50503..91498,CRISPR array,58381..58455,,,,,"Copies: 2, Repeat: 25, Spacer: 24",CTCGAGAAAAAACTATCCACTGGAT,,,,,,,,,,,,/stor/work/Wilke/crisprtn7/reblast2/GCF_900101135.1_IMG-taxon_2608642220_annotated_assembly_genomic.fna
NZ_FNFJ01000001.1,145214..186074,tniQ,166074..165214,lcl|166074|165214|1|-1,-1,tr|A0A1X0DTB1|A0A1X0DTB1_9MYCO,5.84e-04,tr|A0A1X0DTB1|A0A1X0DTB1_9MYCO tniQ HTH lysR-type domain-containing protein OS=Mycobacterium heidelbergense OX=53376 GN=BST25_05950 PE=4 SV=1,MIDDYLLEALVAFAKYGTLSATAEHLMVTQPTVTRGMQKLEDELGVTLFKRTPNRISLTETGQLAAKEAEKLLEAKQAFIEHIQDFEKHSGKIRLGSVAPGPLYIAEDVASEHISIDNDLLLENDVIAKLLSQDYQLIFTHQEIQTDDIESLYVGTESLRVNSDAMVVPANKTETTFQEMAGFSFVVLRDIGIWQQIIEDNIPNAKFIYQDEVDDFNEIRRYSSLPYFTTNITHLTREKQVHNRRLEMPITDETAQIDFYLAYLKTNKSQFKEEIAAIQTAWANLK,39.3,90,76,34.211,26,45,43,3,5,56.58,25,/stor/work/Wilke/crisprtn7/reblast2/GCF_900101135.1_IMG-taxon_2608642220_annotated_assembly_genomic.fna
NZ_FNFJ01000001.1,231814..275556,tniQ,251814..252368,lcl|251814|252368|3|1,1,tr|A0A417XIF4|A0A417XIF4_9CLOT,9.70e-05,tr|A0A417XIF4|A0A417XIF4_9CLOT tniQ GNAT family N-acetyltransferase OS=Clostridium sp. OF09-10 OX=2292309 GN=DXA91_00825 PE=4 SV=1,MDIWTRLGRYAFFETERMYLRPFAYKDSQGFFEICSNPDNLRFIFPSRASHHESDYLMVHYFMKEPLGVWAIEDKKSHKMIGCIRFEKIDLNRSSAEIGYFLNQQFWGQGLMTECLKSLCFLSFQEFGFKELHVIVHEENLASQRVAQKSGFKLKQRFKGSDRYTRKMRDYVDYQISKGDYRYE,38.9,89,83,30.120,25,56,35,1,2,42.17,45,/stor/work/Wilke/crisprtn7/reblast2/GCF_900101135.1_IMG-taxon_2608642220_annotated_assembly_genomic.fna
NZ_FNFJ01000001.1,231814..275556,tnsA,254624..255556,lcl|254624|255556|2|1,1,UniRef50_C1B711,9.76e-13,UniRef50_C1B711 tnsA Putative ribonuclease n=294 RepID=C1B711_RHOOB,MNRKQLIDKLVSRLEWQPLQVYLKHYRSAEIDLSAIAVAYYLLLTAFPLIVIAANIFPYLNIDISVLLSFMEKNLPTNLYPSVSAITTDIFSKPSGSILGVATLTAFWTMSKSLTSLQKAINKAYGVSQHRDFVIGRLIGVLASLLILFLLTFVLIFSTFSKVVLQIISAHYDLSDTVATVVLNLSQPVTVLTIVFGLMLLYFILPNVKIRRFRYILPGTIFTSFVIVFLNNLFSNYILRTFERMVDIKTFGSVVIFVLMLWFIFLAHILILGAIFNATYQELRQGKMESRRGDILSILTHRKQDKDTKK,65.9,159,293,25.256,74,204,133,8,15,45.39,92,/stor/work/Wilke/crisprtn7/reblast2/GCF_900101135.1_IMG-taxon_2608642220_annotated_assembly_genomic.fna
NZ_FNFJ01000001.1,299151..378909,tniQ,319151..319861,lcl|319151|319861|2|1,1,tr|A0A1I2IVI7|A0A1I2IVI7_9BACL,0.001,tr|A0A1I2IVI7|A0A1I2IVI7_9BACL tniQ TniQ protein OS=Paenibacillus algorifonticola OX=684063 GN=SAMN04487969_1416 PE=4 SV=1,MIILEGKFMQTVLSQRLAAVAEFVPQGARLLDVGSDHAYLPIVLTEEKKISFAIAGEVVKGPYESALHNVAGAGLADKIAVRLADGLAAFDESDNVTAITICGMGGGLIADILAAGVDKLASVERLILQPNNREDELRAWLMANHFKIIAEKIMTENDKFYEIMVVEHGEMTLSDTELRFGPFLNQEKSAIFKLRWKRELKKLEIALPHVPKNRIDDRAAISQKIAAIKEAINESK,36.2,82,128,25.000,32,85,56,4,11,43.75,53,/stor/work/Wilke/crisprtn7/reblast2/GCF_900101135.1_IMG-taxon_2608642220_annotated_assembly_genomic.fna
NZ_FNFJ01000001.1,299151..378909,tniQ,357158..358909,lcl|357158|358909|2|1,1,tr|A0A081NVM8|A0A081NVM8_9BACL,4.26e-05,tr|A0A081NVM8|A0A081NVM8_9BACL tniQ ABC transporter domain-containing protein OS=Paenibacillus tyrfis OX=1501230 GN=ET33_22665 PE=4 SV=1,MIKTLLAQVKEYKTPSLLAPLCAALEVFFDMSIPFVIAKLIDQGIQAGNLAVAMKYGLFMLLLAICGLTTGFLAGKFAAQASAGFAANLREGMYDNIQTFAFSNIDKYSTAGLVTRMTTDVTNVQNAYQMIIRVVVRAPLTIIFSMFMCFVVDRQLSLIFLLAVIILATSLLFIMRKAMPAFNYVFRKYDDLNASVQENISGIRVVKAFVREEHENTKFTKAAENIYRLFVKAEKIVIFNNPIMMFVIFACMICLSWFGAQFIVAGSLTTGELTSLLSYIFAMMMSLMMLSMIMVMISMSMASAERISEVLNEKADIVNPENPLMEVSDGSITFDHVHFSYKHGGGEEVLSDINLSVKSGEIIGVIGGTGSGKTSFANLISRLYDVDSGSIKVGGRDVREYDLEVLRDQVAVVLQKNVLFSGTILDNLRWGNENATDEECMEACRQACADEFIERFPDKYNTWIEQGGSNVSGGQKQRLCIARALLKKPKVLILDDSTSAVDTATDANIRQSFAETIPGTTKIIIAQRISSVQHADKILVLDDGKISGFASHDELLKTNAIYREINDVQQQGGGDFDEEGGSN,43.9,102,170,24.118,41,97,70,5,32,41.18,25,/stor/work/Wilke/crisprtn7/reblast2/GCF_900101135.1_IMG-taxon_2608642220_annotated_assembly_genomic.fna
NZ_FNFJ01000001.1,299151..378909,cas5,340066..341151,lcl|340066|341151|1|1,1,"gi|332290395|ref|YP_004421247.1|CAS-I-F|cas5f|G5,CASCADE",0.009,"gi|332290395|ref|YP_004421247.1|CAS-I-F|cas5f|G5,CASCADE cas5",MSTFLAKSFETIVAYNPGEQLGDDYLKLNANESSQEPSPRVLEVLKNAQKLNYYNDPFQSKLRQKLADLHSLEMSNILVGTGADDVLDLIFRTFFERGDKIAFPKITYPFYKGYADTFGYEALEVPLTKDLHVDLSDYEELPHAVLVVNPDAPTGFLKPLSAIKKLVASHPERLVIVDEAYIDFGGESETAISLVNDFSNVIVVRTFSKSRQLAGARIGYAVACKELIKDMEALKMAVNPFNISLLQEEVALASLEDEFHFEKHVKEIIENRDFLTSALRILGFTVLNSKTNFVYASSKVISGAELYEKLRARHILIRHYATEEVKDFVRISIGTKQEMHRLVSEIDAILKEKDHVKSVNF,36.6,83,77,29.870,23,51,41,1,3,53.25,21,/stor/work/Wilke/crisprtn7/reblast2/GCF_900101135.1_IMG-taxon_2608642220_annotated_assembly_genomic.fna
NZ_FNFJ01000001.1,299151..378909,csx1,345925..346683,lcl|345925|346683|1|1,1,gi|163847825|ref|YP_001635869.1|CAS-III|csx1|CARF,0.007,gi|163847825|ref|YP_001635869.1|CAS-III|csx1|CARF csx1,MKKIVELKNATVQVNNGLDEVKTILDDVNLTIYEHDFLTILGGNGAGKSTLFNVIAGTLMLTSGSIYILDKDVTHLPAEKRANYLARVFQDPKMGTAPRMTVAENLLIAKYRGEKRRLLPRKIHAFTDEFQALVARTGNGLEKHLETPTGLLSGGQRQALSLLMATLKRPELLLLDEHTAALDPKTSVSLMNLTDEFVTGDHLTALMITHHMEDALKYGNRLIVMKDGKIIKDLNQDEKAQMAIADYYQLFE,36.2,82,63,36.508,23,35,33,2,5,52.38,25,/stor/work/Wilke/crisprtn7/reblast2/GCF_900101135.1_IMG-taxon_2608642220_annotated_assembly_genomic.fna
NZ_FNFJ01000001.1,400475..441383,tniQ,421383..420475,lcl|421383|420475|1|-1,-1,tr|B5GZK9|B5GZK9_STRCL,3.01e-04,tr|B5GZK9|B5GZK9_STRCL tniQ Uncharacterized protein OS=Streptomyces clavuligerus OX=1901 GN=SCLAV_p0400 PE=4 SV=1,MRIQQLHYIVKIVETGSMNEAAKQLFITQPSLSNAVRDLEREMGIEIFIRNPKGITLTKDGVEFLSYARQVLEQTALLEERYKSKNTNRELFSVSSQHYAFVVNAFVSLLEGTDMSRYELFLRETRTYEIIDDVKNFRSEIGVLFLNSYNHDVLTKMFDDNHLTYTSLFRTRPHIFVSKNNPLASKKLVTMEDLEEFPYLSYDQGIHNSFYFSEEIFSQIPHKKSIVVSDRATLFNLLIGLDGYTIATGILNSNLNGDDIVSIPLDVEDMIDIVYIRHEKANLSKMGERFIDYLLEEVKFDN,40.0,92,77,32.468,25,49,42,1,3,54.55,25,/stor/work/Wilke/crisprtn7/reblast2/GCF_900101135.1_IMG-taxon_2608642220_annotated_assembly_genomic.fna
NZ_FNFJ01000001.1,400475..441383,csm6,419662..420438,lcl|419662|420438|1|1,1,gi|488650959|ref|YP_007922763.1|CAS-III-A|csm6|CARF,4.60e-67,gi|488650959|ref|YP_007922763.1|CAS-III-A|csm6|CARF csm6,MQEIYETIDILLDVYAYNHAWKIAEQHSDFPAQSRYLLEMLKERRELNVDFAFSHPAENKAILANYDVSLITNAREEEQLANYIMDLEAKVKNGNIIDFVRSVSPILYRLFYRLAKREVPNLENYINDAKNDQYDTWLFTKMKQSDYAIFHKYLEIRRDGKVTSKALAELLQYGQLPQEIKQLISELRNFEKSVRNPLAHLIKPFDEEELHRTTNFSSQAFLDKIIALATYAGVKYNKEKFYFDQVNDIIKGELKENG,207,527,247,43.320,107,133,162,4,7,65.59,95,/stor/work/Wilke/crisprtn7/reblast2/GCF_900101135.1_IMG-taxon_2608642220_annotated_assembly_genomic.fna
NZ_FNFJ01000001.1,441579..497188,tnsA,461947..461579,lcl|461947|461579|3|-1,-1,UniRef50_A0A3M5N9X7,2.10e-04,UniRef50_A0A3M5N9X7 tnsA HTH gntR-type domain-containing protein n=380 Tax=Bacteria TaxID=2 RepID=A0A3M5N9X7_PSEAZ,MSWKFDEKSPIYVQIAQHIKMQIISQEIKSGDQLPTVRELAEEAGVNPNTMQRAFSELEREGMVYSQRTSGRFVTEDTDLIMQKRREVAEAELQSFVNNMQKMGFQIDDIVSVLESYIKEKK,37.4,85,66,25.758,17,49,43,0,0,65.15,54,/stor/work/Wilke/crisprtn7/reblast2/GCF_900101135.1_IMG-taxon_2608642220_annotated_assembly_genomic.fna
NZ_FNFJ01000001.1,441579..497188,tniQ,476853..477188,lcl|476853|477188|3|1,1,tr|A0A2S5Z7P1|A0A2S5Z7P1_9ALTE,6.49e-04,tr|A0A2S5Z7P1|A0A2S5Z7P1_9ALTE tniQ Uncharacterized protein OS=Marinobacter sp. N4 OX=2055143 GN=KEHDKFFH_15295 PE=4 SV=1,MMSLPNCPQCNSEYVYEDGLLLVCPECAYEWNPSDSVEEEGLVVLDSNGTRLADGDSVTIVKNLKVKGAPKDLKQGTRVKNIRLVEGDHNIDCKIDGFGAMKLKSEFVKKL,35.8,81,30,36.667,11,19,17,0,0,56.67,27,/stor/work/Wilke/crisprtn7/reblast2/GCF_900101135.1_IMG-taxon_2608642220_annotated_assembly_genomic.fna
NZ_FNFJ01000001.1,441579..497188,casR,461947..461579,lcl|461947|461579|3|-1,-1,gi|57640383|ref|YP_182861.1|CAS-I|casR|CARF,0.008,gi|57640383|ref|YP_182861.1|CAS-I|casR|CARF casR,MSWKFDEKSPIYVQIAQHIKMQIISQEIKSGDQLPTVRELAEEAGVNPNTMQRAFSELEREGMVYSQRTSGRFVTEDTDLIMQKRREVAEAELQSFVNNMQKMGFQIDDIVSVLESYIKEKK,33.5,75,37,35.135,13,24,25,0,0,67.57,30,/stor/work/Wilke/crisprtn7/reblast2/GCF_900101135.1_IMG-taxon_2608642220_annotated_assembly_genomic.fna
NZ_FNFJ01000001.1,441579..497188,parE,449092..450951,lcl|449092|450951|1|1,1,WP_006532015.1,0.0,WP_006532015.1 parE DNA topoisomerase IV subunit B [Streptococcus],MYIGSTDATGLHHLVWEIVDNAVDEALSGFGTQIDVIINSDGSVTVSDQGRGMPTGKHAMGIPTVEVIFTVLHAGGKFGQGGYKTSGGLHGVGSSVVNALSSWLEVEITRDGAVYKQRFENGGKPVTTLKKIGTAPKSKSGTKVTFMPDDTIFSTIDFKFNTIAERLKESAFLLKDVTLTLTDNRPEEAEHLEFHYENGVQDFVEYLNEDKETLTPVISVTGEDQNFQVEVALQYNDGFSDNILSFVNNVRTKDGGTHETGLKSAITKAMNDYARKSGLLKEKDKNLEGSDYREGLSAVLSILVPEEHLQFEGQTKDKLGSPLARPIVDGIVSEKLTYFLLENGEIASNLVRKAIKARDAREAARKARDESRNGKKNKKDKGLLSGKLTPAQSKNPKKNELYLVEGDSAGGSAKQGRDRKFQAILPLRGKVLNTAKAKMSDIVKNEEINTMIYTIGAGVGAEFNVENSNYDKIIIMTDADTDGAHIQTLLLTFFYRYMRPLVETGHVYIALPPLYKMSKGKGKKEQVEYAWTDGELEELRQKFGKGAQLQRYKGLGEMNADQLWETTMNPETRTLIRVTIEDLARAERRVNVLMGDKVEPRRKWIEDNVKFTLEENTIF,1234,3193,619,97.092,601,18,610,0,0,98.55,100,/stor/work/Wilke/crisprtn7/reblast2/GCF_900101135.1_IMG-taxon_2608642220_annotated_assembly_genomic.fna
NZ_FNFJ01000001.1,441579..497188,glmS,468973..470787,lcl|468973|470787|1|1,1,WP_014407629.1,0.0,WP_014407629.1 glmS glutamine--fructose-6-phosphate transaminase (isomerizing) [Streptococcus pyogenes],MCGIVGVVGNKNATDILMQGLEKLEYRGYDSAGIYVTNGTDQGRLIKSVGRISDLRAKIGIDVAGYTGIGHTRWATHGQATETNAHPHTSETGRFVLVHNGVIENYLQIKETYLSEHHLKGETDTEIAVHLVGQFVSEGLSVLEAFKKALTIIEGSYAFALVDAEDADTIYVAKNKSPLLIGLGDGYNMVCSDAMAMIRETSEFMEIHDKELVVLTKDSATVTDYEGNEIERESYTAELDLSDIGKGTYPYYMLKEIDEQPTVMRKLINAYSDSEGNMVVDPDIVKTVQEADRIYILAAGTSYNAGFASKAMLEKLTDTPVELGIASEWGYNMPLLSKKPMFILLSQSGETADSRQVLVKANQMGIPSLTVTNVPGSTLSREATYTMLLHAGPEIAVASTKAYTAQIAALAFLAKAVGEANGKKEAFEFDLVHELSIVAQSIEATLSEKDVIAEKVESLLKTTRNAFYIGRGNDYYVAMEASLKLKEISYIQCEGFAAGELKHGTISLIEDGTPVLALISSSEAIASHTRGNIQEVSARGANVLTVVEEELAKPGDDIVVNQVHPYLTSISMVIPTQLIAYFASLQRGLDVDKPRNLAKAVTVE,1091,2822,605,86.942,526,77,568,2,2,93.88,100,/stor/work/Wilke/crisprtn7/reblast2/GCF_900101135.1_IMG-taxon_2608642220_annotated_assembly_genomic.fna
NZ_FNFJ01000001.1,441579..497188,parE,492714..493379,lcl|492714|493379|3|1,1,WP_000226838.1,1.36e-07,WP_000226838.1 parE GTP diphosphokinase [Salmonella],MDWEKFLDPYIQTVGELKIKLRGIRKQFRKQNRHSPIEFVTGRVKSVESIKEKMELRGIKPENIAQDLQDIAGVRVMVQFVDDVDEVLALLRGRHDMTIVQERDYINNMKASGYRSYHVIIEYPVDTIDGQKTVLAEIQIRTLAMNFWATIEHSLNYKYKGEFPDEIKKRLETTAKIALELDEEMRKIREDIREAQLLFDPASRKLSDGVGNSDDTDEYYR,49.3,116,121,31.405,38,72,63,3,11,52.07,55,/stor/work/Wilke/crisprtn7/reblast2/GCF_900101135.1_IMG-taxon_2608642220_annotated_assembly_genomic.fna
NZ_FNFJ01000001.1,497691..601049,tniQ,517691..519505,lcl|517691|519505|2|1,1,tr|A0A081NVM8|A0A081NVM8_9BACL,5.56e-04,tr|A0A081NVM8|A0A081NVM8_9BACL tniQ ABC transporter domain-containing protein OS=Paenibacillus tyrfis OX=1501230 GN=ET33_22665 PE=4 SV=1,MMSYSSKMMFTALFITHNTKKKRRHKMKAKNQNHTSRRLFKDLLSQKGLVLGATLGTIAQVALTVYLPILIGNAVDVVLSPKSISLIVPIVAKMIVVVALNTLVQWVNPLIYNRLTFGYIYTLRQKVMEKLNQMPISYLDKKSSGDLVSRVTTDTEQLSNGLLMVFNQFFIGILTIIITIVTMADIDLLMLGLVLILTPLSLFLARFIAQKSYHLYQNQTKSRGQQTQYIEEMIRQESLIHTFNAQDMAVDTFTMINDTYADYSQGAIFYSSTVNPSTRFINSLIYALLAGVGALRIMSGAFTVGQLTTFLNYVNQYTKPFNDISSVLSELQGAIACAERLYTILDEENEPLPVKAHLNADSIQGQIEFKDVSFGYTSQNTLINHLDLSIPSASKVAIVGPTGAGKSTLINLLMRFYEVNSGAIYLDGVSMADYSVSELRQQIGMVLQETWLKVGTIHDNIAYGNPDATREEVIAAAKAANADFFIRQLPNGYDTYLADAGASLSQGQRQLLTIARIFVKLPKILILDEATSSIDTRTEVLIQEAFEKLMQGRTSFIIAHRLSTIQSADFILVMVDGDIVEHGTHDDLMAKQGVYYQMQTAQAG,40.4,93,98,28.571,28,63,49,2,7,50.00,16,/stor/work/Wilke/crisprtn7/reblast2/GCF_900101135.1_IMG-taxon_2608642220_annotated_assembly_genomic.fna
NZ_FNFJ01000001.1,497691..601049,tnsA,556322..557020,lcl|556322|557020|2|1,1,UniRef50_A0A3M5N9X7,7.31e-08,UniRef50_A0A3M5N9X7 tnsA HTH gntR-type domain-containing protein n=380 Tax=Bacteria TaxID=2 RepID=A0A3M5N9X7_PSEAZ,MVPAYIRIHDAIKKEIDGGVWEIGQRLPSERDLADDYEVSRMTLRQAITLLVEEGILERRVGSGTYVASHRVQEKMRGTTSFTEIVRSQGKTPSSQLISYQRKPANETEIQQLQLKATDTVVRMERVRFADNVPLVFEVASIPEKLIQSFNQEDITEHFFQTLTDNGYEIGKSQQTIYAKNASERVANYLKVPKNHAVLALTQVSYFTDGRPFEYVHSQYVGDRFEFYLENN,49.7,117,63,38.095,24,39,39,0,0,61.90,27,/stor/work/Wilke/crisprtn7/reblast2/GCF_900101135.1_IMG-taxon_2608642220_annotated_assembly_genomic.fna
NZ_FNFJ01000001.1,497691..601049,tniQ,564504..566243,lcl|564504|566243|3|1,1,tr|A0A081NVM8|A0A081NVM8_9BACL,1.88e-05,tr|A0A081NVM8|A0A081NVM8_9BACL tniQ ABC transporter domain-containing protein OS=Paenibacillus tyrfis OX=1501230 GN=ET33_22665 PE=4 SV=1,MFKVYKKLFSYVPEYKFMAYLAILLAALSSILSIGAFYFVYQFLNRLIVQNNATDSAFYAMIIMVMMVASILIYMFAGGLTHLVAFRLETNLRKKGIDALTTSNFSYFDTTTSGKIRKTIDDNAAETHTIIAHLIPDNTTSFVTAVVLLGITFAINAYMGIALLVLAAVAIFQITNMMGNAEFMKSYMQSLENMNSETVEYVRGMQVIKIFKTSVQSFKALYQAIKDYSDYALNYSFSCRQAYVIFQVMFAAYTVLFIPIYTALVPQSQHLESVPQFIFFFCAVGLMYLTSMKIMYVFMYLYKGDISAEKIETICEEMTSNCVSIGQEEVFADGSIRFENVSFGYEEQNIIEDLSFTLDENKVYAFVGSSGSGKSTIAKLIAGFYKINSGSILLGGKPIENYRQEALMKHVAFVFQQSKLFKMSIFDNVKLGNPKASYEQVMNALKLASCQEILDKFPERENTVIGSKGVYLSGGEQQRIAIARAILKDAKIVILDEASAATDVNNEYQIQKAFANLIANKTVIIIAHRLSSIKGVDEILVIDKGAIVERGSDQELTVAAGRYKYFKELYASANEWRVS,45.1,105,102,28.431,29,68,50,2,5,49.02,17,/stor/work/Wilke/crisprtn7/reblast2/GCF_900101135.1_IMG-taxon_2608642220_annotated_assembly_genomic.fna
NZ_FNFJ01000001.1,497691..601049,tniQ,566228..567973,lcl|566228|567973|2|1,1,tr|A0A081NVM8|A0A081NVM8_9BACL,1.58e-07,tr|A0A081NVM8|A0A081NVM8_9BACL tniQ ABC transporter domain-containing protein OS=Paenibacillus tyrfis OX=1501230 GN=ET33_22665 PE=4 SV=1,MEGLMKNKLQNVFGVTENGANNVIKACFTAILVFIAEMAPIALLVYYVQNVIEGHPLSLSTMIVGLIAIIVVAYSFMYIDYNATYTATYQESFDIRVNIAEILQKLPLSYFSQRDLTDLSQTLMSDVERLEHALSHAISKTVGFVIYFTLVTIAMLFFNVPLSLCILIPVLVSAACLIFSKKAQEKAVTKYWKQLRANSDSFQEAIELQQEIKAYNLAEQFHDSLYQQMEDSERIHIKSEFTQGMPLSIANPLVRLTIGIVIFFGSTLYFQGKVSLIVFIVYLLLAIKISDALQNVYFDVAEIFYINSAVKNINTLRNIEQQVGEDVTLETFDIELKDVKFGYKDAQQVIKGVSFTANQNEITALVGPSGCGKTTLLRLVSRLYDYEEGQILVGGHDIKQISTNSLFDKISIVFQDVTLFNNTVLENIRMGRPEATDEEVKEAARLANCQDFIAKLPQGFDTKIGENGAKLSGGERQRLSIARAILKQAPIVLLDEITSSLDIENEKLIQESLNYLLKDKTVLIISHRLKSVENADKIVVLKDGQIDGIGRHPDLLESSAVYRELIETSQKIEDFKYKKNA,51.6,122,99,32.323,32,62,51,2,5,51.52,16,/stor/work/Wilke/crisprtn7/reblast2/GCF_900101135.1_IMG-taxon_2608642220_annotated_assembly_genomic.fna
NZ_FNFJ01000001.1,497691..601049,tnsA,576498..577172,lcl|576498|577172|3|1,1,UniRef50_E8JUC8,3.32e-96,UniRef50_E8JUC8 tnsA TnsA endonuclease domain protein n=7 Tax=Streptococcus TaxID=1301 RepID=E8JUC8_STRCR,MLDNNKIKPVKSKFSATRAYGNNRYIVYSPKLGREVILYSNLEYYCFLLLEFDSEVSFYCEQPNLNISQNIEGKIKKSIVDFIKEDSAGITIIECKPTAELSKQEVMEQIHIQKEWATLQHISHEVFTEDMLKDKQVMLENLKSLHTALVQYSTAEHFGKESILLFLEENRKSSIHHLLNYCPNVSERTVLPILAQLIHEGKIELAMTSSRIDFETEVHINDER,278,710,218,62.844,137,78,167,1,3,76.61,97,/stor/work/Wilke/crisprtn7/reblast2/GCF_900101135.1_IMG-taxon_2608642220_annotated_assembly_genomic.fna
NZ_FNFJ01000001.1,497691..601049,tnsB,577162..579021,lcl|577162|579021|1|1,1,UniRef100_A0A1Y0NA13,1.31e-16,UniRef100_A0A1Y0NA13 tnsB Transposon Tn7 transposition protein TnsB n=1 Tax=Curvibacter sp. AEP1-3 TaxID=1844971 RepID=A0A1Y0NA13_9BURK,MRDKLKEMDIPKKYLDVKLWEPVEISILSDKELNDFLRKKEAIDLYFMTNIPIKEICESCNISTRALYILVERCLTLKSSGNIYGYSAILPYARIKSSRRKFNTFIVQHNELHELMLKKFKTYQVKHSPNFKSIHRSFLRWCYQNDIKENEYPFTLSDKGYRSLLRYYNDWLKNQDFIKEGGVTKIAFEKLPQTSLTPLTEVEIDGHRIDAYFITEFQTPSGTWREAVIERPWILCTIDRSTRCILGFELVLKSEYDSMDLLSCIEKSIIPTDDEDLSKDKEFDINFLPNQLFPDIEYALFDELYLDNAKAHLADSVLNTLVKKLGVKVCFGKVAEPTRRAIIERFFKTLEERSFHELPSTTGTSPIDPRRHFPEKQAKRYRISVDDLKRITFSAIAEYNNTPHSSLYGNSPLEDFRQKINNRLYTYLPVSLRDGSDFHIIKDSRTVVANNKINYLHINFAGAKYTSSKLTNDKAMLREKLLLQINFKDIRVIKAFYASGEYYGDLFVEKKWRGRKHNLKERKLINKLSRKGQFSQLNQLNILETYDNYLFNKTVVDKKTGSKIAELQNRQDNFLDDEPSIKSSIDINNTTPSDNKQDDELKTHRRLRTKPIEIKGLNL,81.3,199,384,24.479,94,242,167,15,48,43.49,60,/stor/work/Wilke/crisprtn7/reblast2/GCF_900101135.1_IMG-taxon_2608642220_annotated_assembly_genomic.fna
NZ_FNFJ01000001.1,497691..601049,tniQ,579931..581049,lcl|579931|581049|1|1,1,tr|A0A4S3PI69|A0A4S3PI69_9BACI,3.63e-10,tr|A0A4S3PI69|A0A4S3PI69_9BACI tniQ Uncharacterized protein (Fragment) OS=Bacillus timonensis OX=1033734 GN=E1I69_24165 PE=4 SV=1,MDENSMIGINYYQLDTHLSKWCILERFKRIFHLYETSKVNCSVMFEELYQVNLSKRTDGIYKELFGDFLYSTPYHQTLRYCPLCLSRGIHLYEHQSLVFTHCLLHPHQPLLTTCLKCHSAIQLPYQSARKREPFSCQCGHCFLKDNTLNILLFYWQQELLSARNDNAFKKTDWNVFPRDVSKVSTKSLSILYNASSDFPFNITLEKTFSRRLLDEDKFHFYRNRDEVIECSCQNFLSRLLSGKIISENHLRLFIRYIIQTDDIYDDEISYYLNTRKNYQKLVKSLYRSTTLSECYYDFLWNMIIDTSINGAHYIAQNWLIYHFIQYLYSEIIRRITTKDDSWQPFLYHIDYSEEMRQVHIKIQYHTIETMVK,57.8,138,108,29.630,32,73,49,2,3,45.37,28,/stor/work/Wilke/crisprtn7/reblast2/GCF_900101135.1_IMG-taxon_2608642220_annotated_assembly_genomic.fna
NZ_FNFJ01000001.1,497691..601049,cas3,548474..550069,lcl|548474|550069|2|1,1,gi|312623458|ref|YP_004025071.1|CAS-I|cas3HD|cas3,0.004,gi|312623458|ref|YP_004025071.1|CAS-I|cas3HD|cas3 cas3,MAESKDLLQVLWSGADVLRGKMDANEYKTYLLGLIFYKYLSDSYLVSAYDLLNDEMPETLEEAQAAYEEEMQEDDAEDFLNELKGSLHYTLEPQMTYTSMLKDVKFNAFNREKLQSAFNRIHESDELFNGLFADVDLYSNRLGTGDQKQSATIAEVLRVLEDADLIHAEGDVLGNAYEYLIGQFASETGKKAGEFYTPHGPAQLLTRIAIMGQEDKRGLQVYDPCMGSGSLLLSCKNYSNEPDYIKYYGQELMPSTYNLARMNMFLHKVHPENQVLHNADTLDADWPTDVETGFDMVTMNPPYSAKWSAAKGFLQDERFMDYGGKLAPKSKADYAFLLHGFYHLKQTGTMAIVLPHGVLFRGAAEKTIRETLLKNGSICAVIGLPANMFYNTSIPTCIIVLKRHREGRDVLFIDASKQFEKEKKQNVMKEEHIEHVLDLYKKRENVEKEAYLASFDDIAENDFNLNIPRYVDTSEEEIPVDLKALTKEIEETNKAINEANATFLDMLGDLTFADNETKESVEAFLKVFKEK,38.9,89,75,28.000,21,49,42,2,5,56.00,14,/stor/work/Wilke/crisprtn7/reblast2/GCF_900101135.1_IMG-taxon_2608642220_annotated_assembly_genomic.fna
NZ_FNFJ01000001.1,497691..601049,cas3,583750..583070,lcl|583750|583070|3|-1,-1,gi|428208006|ref|YP_007092359.1|CAS-I|cas3|cas3,0.009,gi|428208006|ref|YP_007092359.1|CAS-I|cas3|cas3 cas3,MFSGEKLKNIREEKGYSQAEVAKLLNISRVSYFNWENGKTKPNQKNLNLLSRLLGVEETYFVSEYDIVDTYFKLNKDNRHKLENYADDLLKEQEKIVQLPKYYVYKVFEKLSAGTGYSYFGDGNYDTVFYDEQLDHDFASWVFGDSMEPTYLNGEVVLIKQTGFDYDGAIYAVDWDGQTYIKKVYREEDGLRLVSLNKHYADKFAPYDENPRIIGKIVGNFMPLEV,35.8,81,123,25.203,31,74,53,5,18,43.09,50,/stor/work/Wilke/crisprtn7/reblast2/GCF_900101135.1_IMG-taxon_2608642220_annotated_assembly_genomic.fna
NZ_FNFJ01000001.1,497691..601049,csm5,601011..599662,lcl|601011|599662|1|-1,-1,"gi|281412442|ref|YP_003346521.1|CAS-III-A|csm5gr7|G7,CASCADE",0.007,"gi|281412442|ref|YP_003346521.1|CAS-III-A|csm5gr7|G7,CASCADE csm5",MTKKLKIKTLRQRILQTVMEIIIGIILVAISIFIITDTLAYTNQITSTSNQLTITISDKASKNDIIQEMKNIPYDYILYDKNSGKIINQTNVSNDFTNYQKAFETKQIVNASDGVTYTIVENTNYSLIVRKPSIPEFANHTLRHISYNSLTYITFIVGIFLVLIWAITRLLKEFAKNFYHIQNLVLNMGNLALSAPLNSSDIAEFDTILTILSEKSDELAELIEKERNEKKDLSFQIAALAHDVKTPLTVIKGNLELLEMTSLTENQLSFLNSINNSVVVFENYFNAMLTYSRLLSDENNDKETIHLEIFLTELSKEIQDILKPTTIQFTLNNQAQCSYFLGNQLNLNRALVNIFVNAVQHAPNGKIRLSIEESDNHLNFKIWNNGAPFSAKALKNADKFFFTENNGRSDKHYGIGLSFAKAVAEKHHGKLILSNPEKGGAEVVLSIPK,37.4,85,87,28.736,25,49,39,3,13,44.83,18,/stor/work/Wilke/crisprtn7/reblast2/GCF_900101135.1_IMG-taxon_2608642220_annotated_assembly_genomic.fna
NZ_FNFJ01000001.1,497691..601049,guaC,503520..504503,lcl|503520|504503|3|1,1,WP_020916633.1,0.0,WP_020916633.1 guaC GMP reductase [Streptococcus lutetiensis],MYNEMPVFDYEDIQLIPNKCIISSRSEADTQVTLGDYTFKLPVIPANMQTIIDENIAEDLAKNGYFYIMHRFDEEARKPFVERMHEQGLIASISVGVKDYEYDFVTSLKDDAPEFITIDIAHGHSDSVINMIQHIKKELPKTFVIAGNVGTPEAVRELENAGADATKVGIGPGKVCITKVKTGFGTGGWQLAALRWCAKAARKPIIADGGIRTHGDIAKSIRFGATMVMIGSLFAGHLESPGKLVEVDGEQYKEYYGSASEYQKGEHKNVEGKKILLPVKGHLKDTLVEMQEDLQSAISYAGGRDLHSLTRVDYVIVKNSIWNGDSI,642,1655,327,93.884,307,20,319,0,0,97.55,100,/stor/work/Wilke/crisprtn7/reblast2/GCF_900101135.1_IMG-taxon_2608642220_annotated_assembly_genomic.fna
NZ_FNFJ01000001.1,497691..601049,glmS,558362..557514,lcl|558362|557514|2|-1,-1,WP_005919782.1,1.79e-07,WP_005919782.1 glmS MurR/RpiR family transcriptional regulator [Pediococcus acidilactici],MGIIADLENQTTFTELEKELSNYILEHLNDIPQLTISQLAQQSFTSNATVNRLCKKLGVAGYKAFRIALAAELEKQRFSKSHVDFDNPFSMSENTANIFKNVASISKEAIDICYASVSQDLVAKAAQQIAKAKRVYIFATGDSYLVGLSFSNMLVKLGIQAIVVNQFHDSIAVIYHSNKDDVILFLSYSGNILNAYTQELELIKTRHGKTILISSKAFKDKIDLNITFPAKESIVNKAGGYYSQTAMHYILNCLYSLLYTSNYFTNRKQKNAIENLAKKDLQ,48.9,115,184,24.457,45,121,72,2,18,39.13,65,/stor/work/Wilke/crisprtn7/reblast2/GCF_900101135.1_IMG-taxon_2608642220_annotated_assembly_genomic.fna
NZ_FNFJ01000001.1,497691..601049,glmS,585476..584778,lcl|585476|584778|2|-1,-1,WP_035343592.1,2.19e-05,WP_035343592.1 glmS two-component system response regulator GlrR [Dickeya],MVVMTIFCYNKTMKQGKIYIVEDDETIVKLLKQHLSQTYDVFSVTNFRAIKQEVEEIKPDLILIDITLPYFNGFYWTTEIRKTMTLPIIFISSSDDEMDTVMALNMGGDDFVSKPFSLTILDAKISAFLRRAYQFTSDNYQLEQFSLSRDGILSNGDNHITLSPTENKILAILFEHQNQVVPKEELLEKLWENESFIDQNTLSVNITRLRKKTQPLGFDRIHTVRGVGYLLK,42.4,98,197,20.812,41,118,82,4,38,41.62,84,/stor/work/Wilke/crisprtn7/reblast2/GCF_900101135.1_IMG-taxon_2608642220_annotated_assembly_genomic.fna
NZ_FNFJ01000001.1,497691..601049,xre,526605..527495,lcl|526605|527495|3|1,1,tr|A0A5M8S2Q9|A0A5M8S2Q9_BACAT,7.18e-04,tr|A0A5M8S2Q9|A0A5M8S2Q9_BACAT xre XRE family transcriptional regulator OS=Bacillus atrophaeus OX=1452 GN=DX926_05700 PE=4 SV=1,MKEDLGKSFKMLRESKGLSQKEIAGDIISIAQLSRFERGISSINAETLYNCLENMNVSVEEFQCVCRDFLQSQNAIFQNDVAKAFLEKNTLKLREYLAKYQSLASIAPGQKFYRLNTIIIKSVLYQCDDFDKVSKKDIQFLVDYLFSVEEWGRYELWLFTYSAALMTNNLVEIFASEMINRTQFYQEIPENRRLVNQMLFNVIIICVERNRFSLAFKLLNYADNLKREETDLFTRNAVKYCRGYYLCKRGNLSGLTIMEKCTEIMIFLECYTIAQQMSDRLTKLKQEKSYLQKEIT,28.5,62,57,35.088,20,34,30,2,3,52.63,19,/stor/work/Wilke/crisprtn7/reblast2/GCF_900101135.1_IMG-taxon_2608642220_annotated_assembly_genomic.fna
NZ_FNFJ01000001.1,497691..601049,xre,583750..583070,lcl|583750|583070|3|-1,-1,tr|A0A5D4N4K4|A0A5D4N4K4_BACIU,1.07e-07,tr|A0A5D4N4K4|A0A5D4N4K4_BACIU xre Helix-turn-helix transcriptional regulator OS=Bacillus subtilis OX=1423 GN=FZC70_16325 PE=4 SV=1,MFSGEKLKNIREEKGYSQAEVAKLLNISRVSYFNWENGKTKPNQKNLNLLSRLLGVEETYFVSEYDIVDTYFKLNKDNRHKLENYADDLLKEQEKIVQLPKYYVYKVFEKLSAGTGYSYFGDGNYDTVFYDEQLDHDFASWVFGDSMEPTYLNGEVVLIKQTGFDYDGAIYAVDWDGQTYIKKVYREEDGLRLVSLNKHYADKFAPYDENPRIIGKIVGNFMPLEV,38.9,89,63,30.159,19,42,37,1,2,58.73,28,/stor/work/Wilke/crisprtn7/reblast2/GCF_900101135.1_IMG-taxon_2608642220_annotated_assembly_genomic.fna
NZ_FNFJ01000001.1,604735..645148,tniQ,625148..624735,lcl|625148|624735|2|-1,-1,tr|A0A081NLT3|A0A081NLT3_9GAMM,2.64e-04,tr|A0A081NLT3|A0A081NLT3_9GAMM tniQ HTH_17 domain-containing protein OS=Endozoicomonas numazuensis OX=1137799 GN=GZ78_05485 PE=4 SV=1,MKLNAVHHVAFIVSDYEKSRDFYVNKLGFEIIRENHRPERHDYKLDLKCGTIELEIFGNKLSDPDYVAPPKRVGQPEYHMEACGLRHLAFYVNDVDAYKAELESMGIYVQPVRYDDYTGKKMTFFFDPDGLPLELHE,37.7,86,128,26.562,34,82,60,4,12,46.88,86,/stor/work/Wilke/crisprtn7/reblast2/GCF_900101135.1_IMG-taxon_2608642220_annotated_assembly_genomic.fna
NZ_FNFJ01000001.1,604735..645148,glmS,641350..640676,lcl|641350|640676|3|-1,-1,WP_035343592.1,1.41e-04,WP_035343592.1 glmS two-component system response regulator GlrR [Dickeya],MIKILLVEDDLSLSNSIFDFLDDFADVMQVFDGEEGLYEAESGVYDLILLDLMLPEKDGFQVLKELREEGISTPVLIMTAKESLDDKGHGFELGADDYLTKPFYLEELKMRIQALLKRSGKYNDNNLSYEELTVDTSTNTTTVNGEEVELLGKEFDLLVYFLQNQNVILPKSQIFDRIWGFDSDTTISVVEVYVSKIRKKLKGTTFAKNLQTLRSVGYILKNAE,40.0,92,100,28.000,28,71,48,1,1,48.00,44,/stor/work/Wilke/crisprtn7/reblast2/GCF_900101135.1_IMG-taxon_2608642220_annotated_assembly_genomic.fna
NZ_FNFJ01000001.1,646595..711379,tniQ,668313..666595,lcl|668313|666595|1|-1,-1,tr|A0A081NVM8|A0A081NVM8_9BACL,1.81e-06,tr|A0A081NVM8|A0A081NVM8_9BACL tniQ ABC transporter domain-containing protein OS=Paenibacillus tyrfis OX=1501230 GN=ET33_22665 PE=4 SV=1,MRNLRNSCQHKKNWRRFYMASKDLSTKTLVKRLANLVKGLWLQYVLAVGGAVLGFLMTILIPSLVIRLAWQALEGQTPHFSFVVILFALGLMRGILRYIEHFFGHYVAFKTLYDFRCMVFAKLRRLAPTKLDQQDSGNMLKMIGEDIEAMEVFFAHTLPPVMTASLVTIILAVYYWSVSPVIAVISLLVYAILAIFLPRAQARQLQPLLQKQSQTRKAYMSHFSDSLHGMKELLQFGQIKSDLEHLNKESESVNAREKEVAQAQHLQASLSFLVIGLAIMLVAVLAISQANQGQISLVSATTIIVVFSTSFAPYLELSRLPLGFKRAMTAARQVFELLDEKEFDQSGQTFDETIDSIVLEDVSFAYENRNQSIFNHLSVAFENHKIIGLVGQSGSGKSTLMKLVMRWYDNTKGQILVNHKPLSTLAARDIQNRIAYIPQIPQVFSQSIRDNLTLGNPDITDDMILEAAAKCRIKDKILSTKNGLDTLLNSEQILFSAGELQRLELTRALLKDADCYIFDEPTSNLDSLNEAAFLQVVREHCKGYVFLISHRLSTVAASDVIYKVENETLTQI,48.1,113,146,28.082,41,84,70,5,21,47.95,24,/stor/work/Wilke/crisprtn7/reblast2/GCF_900101135.1_IMG-taxon_2608642220_annotated_assembly_genomic.fna
NZ_FNFJ01000001.1,646595..711379,tnsA,689979..691379,lcl|689979|691379|3|1,1,UniRef50_A0A3M5N9X7,1.26e-04,UniRef50_A0A3M5N9X7 tnsA HTH gntR-type domain-containing protein n=380 Tax=Bacteria TaxID=2 RepID=A0A3M5N9X7_PSEAZ,MLTYTLDNHGKIPLYEQLYRAIKTDITNGTLKANDKLPSKRSLAKHLGISIVTVETSYQQLKAEGYIYSQAKKGFFVANIKPHRPPVKKTVRLVSTPASMPDETKPTLNLSNNQTNSETFPFATWSKLVRQVLNNCQNELVTPSPSKGVPLLRQAIANHLNDYRGMAVDPRQIIIGAGTEYLYTLLIQLLGLDRSVALEEPSYPKITEIYQQFNINPIYISMKNDGLDTAQLKKSTADIVHLSPSHQFPTGAILSISKRYELLSWANQGDRYIIEDDYDSEFRFQGLPIPSLQEIDSSGKVIYINTFSKSLASTLRISYMILPPQLLDTFEEKLSFYNNTVSNLEQYTLAYFIQEGYFEKHLNRMRLFYQKKRDELIHRLMTSPLNKRISIHEQESGLHFILHIQSDRSEQTICQLAKKHGLQMTPLSRYYRCQNTHSDKDFIVNYANITSADIDKIINILLQIVP,41.2,95,58,32.759,19,39,35,0,0,60.34,12,/stor/work/Wilke/crisprtn7/reblast2/GCF_900101135.1_IMG-taxon_2608642220_annotated_assembly_genomic.fna
NZ_FNFJ01000001.1,646595..711379,cmr6,707360..706347,lcl|707360|706347|2|-1,-1,"gi|312623455|ref|YP_004025068.1|CAS-III-B|cmr6gr7|G7,CASCADE",0.006,"gi|312623455|ref|YP_004025068.1|CAS-III-B|cmr6gr7|G7,CASCADE cmr6",MTSQKVMTMKKNDYFIDVSSYQSADLTAICQQAGTRKTIIKVSEGTGYLSPNRFTQAQTSEPIGYYHFARFGGNISQAVAEANYFLANLPTKTPYLVCDYEDSASMSKQANTDAVLAFMDKCASAGYKPIYYSYKPYTLSNVDYTQIIAKYPNSLWIAAYPNYNVTPDPVWSVFPSMDGIRWWQFTSTGVAGGLDKNVVLLDDDTTQSTNSTFKGEETMDFLFNIKGDPAWNEGTLYFYNGHTNQVRALAHVDEMKIIQQIYKDNNGHDIPSYTWTNQAPWYARFFRAMNPDSTSAEIKEAIKTTKEQSKATVDAITAEIAKSKDVPQKVEVTIKDK,37.0,84,61,36.066,22,34,30,2,5,49.18,18,/stor/work/Wilke/crisprtn7/reblast2/GCF_900101135.1_IMG-taxon_2608642220_annotated_assembly_genomic.fna
NZ_FNFJ01000001.1,734610..769023,tnsA,755413..754610,lcl|755413|754610|3|-1,-1,UniRef50_P0AC11,8.00e-33,UniRef50_P0AC11 tnsA Dihydropteroate synthase type-2 n=619 Tax=cellular organisms TaxID=131567 RepID=DHP2_ECOLX,MMKIGKHEIDGTACIMGILNVTPDSFSDGGSYTSIENALAQAEKMIAAGAKIIDVGGESTRPGYTFVEAEEEINRVVPVIRALKERFDVLVSIDTYKTETARAALEAGADILNDVWAGLYDGKMLALAAEKNVPIILMHNQEEEKYDNITKEVCDFLTERAQAALDAGVALENIWIDPGFGFAKNEAQNIELLKGLDAVCKLGYPVLFGISRKRTVDYLLGGGTLAADRDMGTAALSAWAVAKGCQVVRVHNVDVNRDIVKVISQLS,119,297,220,34.091,75,133,115,5,12,52.27,79,/stor/work/Wilke/crisprtn7/reblast2/GCF_900101135.1_IMG-taxon_2608642220_annotated_assembly_genomic.fna
