NZ_BADY01000203.1,53494..101383,tniQ,73494..74372,lcl|73494|74372|3|1,1,tr|A0A1U1BRW6|A0A1U1BRW6_9MYCO,1.27e-06,"tr|A0A1U1BRW6|A0A1U1BRW6_9MYCO tniQ Regulatory helix-turn-helix protein, lysR family OS=Mycobacteroides abscessus subsp. massiliense OX=1962118 GN=SAMEA2275744_05269 PE=4 SV=1",MNLHALRVFYTVAKLGSFSGAAEALFISQPAVSKALKELEHQLNIQLIERASKGKKLTLSEAGQALYDHARSIFAIEKAAIEDIKSRTGLKRGTLVIGTSTTIASYWLPPYLAKFCSQYPHIKVEVQVANTAQIEHAILECTIDLALVEGTPTEPHIINKHWQNDLMSIVIPSNFKPAKNLKAWLNKQFWLLREPGSGTLEMSVKLLAQHGAIAERSMQLGSNEAIARAVAQGMGVALLPNVVTEDLVQLGKLTRLSQKNNEQLSRPLYQLHYKDRPSSHAAQAFEKSLFSE,47.8,112,74,37.838,28,45,40,1,1,54.05,25,/stor/work/Wilke/crisprtn7/reblast2/GCF_000241185.1_PspBSi20495_1.0_genomic.fna
NZ_BADY01000203.1,53494..101383,tniQ,91036..92064,lcl|91036|92064|1|1,1,tr|A0A2W1D0I8|A0A2W1D0I8_9PLEO,4.46e-17,tr|A0A2W1D0I8|A0A2W1D0I8_9PLEO tniQ Pectate lyase OS=Pyrenophora tritici-repentis OX=45151 GN=A1F97_07859 PE=3 SV=1,MSTTSRQLTLESRPNGAPNEKNFKLKTVELPALKDGEVLLRTIYLSLDPYMRGRMSDAKSYADPVNIGDVMVGATVCQVEESKNDKFRIGEWVLAYTGWQDYAITDGEGLMQLGKEPANPSYALGIMGMPGFTAYMGLLDIGQPKEGETVVVAAATGPVGATVGQIAKIKGCKVVGVAGGSEKCAHAVKKLGFDACIDHKADGFAEQLEKACDNGIDVYYENVGGKVFDAVLPLLNTAARVPLCGLVSQYNATSLPEGPDRLGMLMGQLLTKRIKMQGFIIFDDYGDRYDEFAQDMQKWLQDGKIQYREHMVEGIENTVGAFNDMICGKNFGKTVVKINNPL,79.0,193,221,28.507,63,136,112,8,22,50.68,62,/stor/work/Wilke/crisprtn7/reblast2/GCF_000241185.1_PspBSi20495_1.0_genomic.fna
NZ_BADY01000203.1,53494..101383,csx1,68257..67799,lcl|68257|67799|1|-1,-1,gi|428222744|ref|YP_007106914.1|CAS-III|csx1|CARF,0.007,gi|428222744|ref|YP_007106914.1|CAS-III|csx1|CARF csx1,MYCPRSDTPLEPLLVGGITVFTSAQGGVFFDNSQIFKFSSPELKHGQVLLKYLSNYTEGEGDVSLRINCPKCKKIVMMRRYFSPVKAVEIDECPGCAGIWLDSGELAKIHENHLTPKERKLLAHEMATNHGFITIKSPASRFMPTNKNKNSA,34.7,78,107,24.299,26,50,44,3,31,41.12,50,/stor/work/Wilke/crisprtn7/reblast2/GCF_000241185.1_PspBSi20495_1.0_genomic.fna
NZ_BADY01000203.1,53494..101383,cas3,97911..95983,lcl|97911|95983|2|-1,-1,gi|332797418|ref|YP_004458918.1|CAS-I|cas3|cas3,8.49e-05,gi|332797418|ref|YP_004458918.1|CAS-I|cas3|cas3 cas3,MTTPLIQSLEQHFGFSQFRTGQQQTIEQLLNGQSSLAIFPTGSGKSLCYQLTALHLPNLTLVVSPLLALMKDQISFLNSKGIYAASLDSSQDQMQSSTVMNDVRNGKIKVLMVSVERFKNERFREFISQVALSMLVVDEAHCISEWGHNFRPDYLKLPRYREELNIPLVLLLTATATKKVKRDMAERFAISPECIVQTGFYRANLDLSVLSVKTADKNTELTNIVRAQSGPGIVYVTLQQSAEQVANVLSAQGIHAVAYHAGLEDTLRWQIQDDFMAGKINVVVATIAFGMGIDKSDIRFVIHYDLPKSIENYSQEIGRAGRDGNPSNCYTLANLDGLNTVENFVYGDTPELSGIEYVINDIRQSHQQWEMQEYSLSSESNIRQLALKTLLVQLEMQGAITPQYAYYADFKYKFLVDKNELLSQFDQQRQAFLTQIFSHTDFKKIWGTLNFDSLTQAAQVDRKRVVAALDYLAEKNLITLETKRITQVYKVHGEVINNPELAQQLHDYFSDKEQAEIKRIAALVRFFELQSCLSYNLARYFDDQNAPEQCGHCSVCRGHAVKLEYSIEPAYIDEQLIYQKVDEFLAHMAGKGNHNVGIETQCRFLAGMSVPLFARNKVRQLSGFALCEQMRYSEIKATLLAR,44.3,103,335,21.194,71,215,134,12,49,40.00,48,/stor/work/Wilke/crisprtn7/reblast2/GCF_000241185.1_PspBSi20495_1.0_genomic.fna
NZ_BADY01000203.1,53494..101383,parE,88113..82291,lcl|88113|82291|2|-1,-1,WP_188125465.1,6.22e-11,WP_188125465.1 parE unnamed protein product [Actinoplanes lobatus],MEETDLLEQDQIQLEIDVISTFSLAAQQNAYSVLRNIQVFVSENNQSIYRNLKLKLCGIDGWLDTVEWLIDEVTSGQPVRLPIKELKFPFETLFGLTEEMVLQLNFELVDSEDKIICNKIHKVSVLPSNFWGGETRQPDLLAAFVKPNGLYVESLVRKVASVLETGGHGRSVDGYQSNTREKPYLMLAALWNVIFQEKLAYVSPPQGFAKTGQRIRLAADISQSKIAACLDSSILFASCIEAMGLNPVIAITQGHAFAGAWLIDEKLPVLCNDDPQDIRKRFDNRDLVLFETTLVTNASAVTFEQAKEYARNLLGEDKEEEFIMVLDIAQARSQSIKPLSTIEEARIESESTGESIELVLSEIPPLPPVRAEERIVEDSPETRIESWCRKLLDLTKRNRLLNFNDRSVSIKLYCPDIANMEDMLADGTKFKFLSTQESPYFDSDRDSELFRFQTGSEIHKEYALNQLKNKVLLANQPPKRVEKSAIELFRKAKNDLEESGSNTLFLALGFLKWKENADDSRSFKAPLILIPVNLTRKSARAPIYVEQVQGEDPIFNLTLIEFLLSEHDINLNEFKDELPEDDSGIDVPFIWHKVRQAVSEQQGFEVVEELVLSSFSFAKYLMWKDLRDRLEVLKENQFVQHLVDNPKEAYIQTAEFVEQHKVDDAIDPAEVFTPLNCDSSQLVAVDASAKEQDFVLEGPPGTGKSETIANIIAHNIGKGRKVLFVAEKMAALNVVYKRLQKVGLDHLCLELHSNKANKKAVLDQLGQAWQFREGLNPETWTMHISDLKDKKDKLNDYVRELHKKSKSDISVRDAISKLALNKDNIKFSLDWPLDLGADKTLENDLGTLKDAVLQLKIAFEDIYDLDITSFSCVNSSSWSNVWQSQLIQKIDEWASQFASISNRFKSALDVLELKLPDMTGKSLSALNSLHKLKEFAKSRNILFVLKPGFNERLKLIEDIALRKEKLDELISKQDSLIKIELLLAAPIREWHSEFKAADNSWFKTFFARWKINQQVKSFGFQKFNNLSVLSELIRAKNLAEEISKDVTELENLDIWKDWSTTTEELIATAEFGRLVKAKLNEVFPLTNDLTNILVLINKYFVDGRDYLDSSLLVSKLDEFNSTYIEFEKVQKDLFDFSITVPFDSNLTKISKSLAKVKDNQAKLKSWCEWVNAKDIVSNIGLSTVEQALSSGVVSSSELLDQFELAYYSWLAPLMIDESKVLREFKASTHEATIDAFCKLDEKVAKITSEYIIALASSRAPSKEIKDSKNDQRFGVLAKEVQKKTRHIPIRALINELGESLLELTPCMMMSPLSVAQFLPADFKGFDLVVFDEASQMTTWDSVGSIARGRNVIIVGDPKQMPPTNFFSAGTSDAPDEEDLESILDQALAARLPLKRLMGHYRSKHETLIAFSNSKYYENSLVTYPSSETKESAVSLHKVNGLYAKGKGRNNVKEAQAVVNEITRRLLDKQLQNYSIGVVTLNSEQQRTIEDLLDETRRNNPDIERFFHESETSDSVFVKNLESVQGDERDIIMLSLGYGPTEPEAKTMSMNFGPLNKQGGERRLNVAITRATTEVIVFSSFSSSMIDLSRTSSTAIEHLKHYLEFAERGPVALAETVRAEHGVDQFDSDFEQAVANDLRQLGWKVQTQVGVSKFRVDLGILHPDKPGCYITGVECDGATYHSSPAARDRDRVRQIILESLGWNIVRLWSTDYFVDAETAIKKLDLKLNEILELEREKDRLLKAEAEAEAEAEAEAVMTHKDYEHNAIDQDTLSNQSVLSRGLPLLASDEFDANNYFKPEYKARLEKLVKETLRERPGITLHTLALEIANLHGLTRTSKKQVDYICELITPWAGIKDNAGYSPTVWLSPEDTCELINWRGVNAFGYERNWKELAYEEALGLAIHAKSANVENPVEEMCLELGLKRKHETTIKQFQMWLSLVK,65.5,158,443,23.928,106,247,169,16,90,38.15,22,/stor/work/Wilke/crisprtn7/reblast2/GCF_000241185.1_PspBSi20495_1.0_genomic.fna
NZ_BADY01000198.1,0..4973,tnsB,340..1053,lcl|340|1053|1|1,1,UniRef100_A0A132I4M5,2.58e-06,UniRef100_A0A132I4M5 tnsB Transposon Tn7 transposition protein TnsB n=1 Tax=Micrococcus luteus TaxID=1270 RepID=A0A132I4M5_MICLU,MSGGSAGARTIAAIATNNDFELSRYRAAKLMVKLKLESCQVPQRSYKRGGNEHLEIPNLLDRQFDVVEPDTVWCGDVTYIWTGNRWAYLAVVIDLFARKVVGWAMSLSPDTNLTLKALELAYESRGKPTGLMFHSDQGSHYTSLKYRQRLWRYKITQSMSRRGNCWDNAPMERFFRSFKTEWMPKSGYGNFIDAKYSVSDYINGYYNNVRPHHYNAGLAPNESEVRYQDSKTVAKIS,45.4,106,104,28.846,30,67,51,3,7,49.04,41,/stor/work/Wilke/crisprtn7/reblast2/GCF_000241185.1_PspBSi20495_1.0_genomic.fna
NZ_BADY01000198.1,0..4973,tnsC,2143..1382,lcl|2143|1382|2|-1,-1,UniRef100_A0A0Q0A3P1,1.48e-24,"UniRef100_A0A0Q0A3P1 tnsC Transposition protein, TnsC-like protein n=2 Tax=Pseudomonas syringae TaxID=317 RepID=A0A0Q0A3P1_PSESX",MLTSTWFTKFQPKLAPQLRLICFPYAGGSASNFFSWASKLPICVELVAIQLPGRGNRFNEHPYSNMDDLIQSLLVDFKSIMDKPYILFGHSLGSRVAFELMNQIKQADLILPIHFVASGSKGPNCHPRKEPIHHLPAKEFIYELSNLNGTPKQVLKNKEIMELYLPTLRADFQMAHEYIYKGDDVFNCPISVLGGEQDIDITLSDLQSWGKHFEAPCDVHILPGDHFFVDSHSGHVLKQVNRIIQDLLNNRSC,96.7,239,232,27.586,64,159,104,5,9,44.83,89,/stor/work/Wilke/crisprtn7/reblast2/GCF_000241185.1_PspBSi20495_1.0_genomic.fna
NZ_BADY01000181.1,19024..60076,tnsA,39024..40076,lcl|39024|40076|3|1,1,UniRef50_A0A2D2C3Y7,5.73e-18,UniRef50_A0A2D2C3Y7 tnsA Tn7_Tnp_TnsA_N domain-containing protein n=4 Tax=Paracoccus TaxID=265 RepID=A0A2D2C3Y7_9RHOB,MLALGNRLLAQQRIRVLSIPVLFIICILVFFIALSQGGVVITLRETMLMLTQPVDDQLKHAIIWQIRLPRILLSMVVGAGLATCGAAMQALFRNPLADPGLIGIASGAALGAVATIVLGTSLFANFSDNLGYYAVPVGAFLSCIAVCMFIYRLGAQNGRFTIVSLLLAGIAVNAIVNAIIGILTLVSNEQQLRDLTFWSMGSLAGNHLAMIMPTLGIIIGCCIGLLRLSKPLNVYLLGEAQAKHVGINVTKLKKQVFIYTALCIAAAVAITGVIGFVGLIVPHIMRLILGPDHRYLLPACMLGGALMLSLADLFARTIMLPAEVPIGLITSAIGGPFFLIMLLKTYQGAK,80.1,196,103,45.631,47,55,67,1,1,65.05,29,/stor/work/Wilke/crisprtn7/reblast2/GCF_000241185.1_PspBSi20495_1.0_genomic.fna
NZ_BADY01000181.1,19024..60076,glmS,58893..59549,lcl|58893|59549|3|1,1,WP_035343592.1,4.62e-12,WP_035343592.1 glmS two-component system response regulator GlrR [Dickeya],MHLLLVEDDHLVAQGLIRSLRQEGYSVEHSGTVKHALECLSSGEIELVILDLGLPDGDGSQVLKHIKEQKVIPVVILTARGSIDDKVQGLDMGADDYLAKPFDPAELFARLRVVSRRINQTQSSLLRCGDVVMDTSAHTVKLSGQSLTLPRKEYMLLKALMENQGRVQSKQQLENKLYQWGEEVGSNAIEVHIHHLRKKFPSDFIKTLRGIGYVVGKR,62.0,149,107,37.383,40,66,59,1,1,55.14,49,/stor/work/Wilke/crisprtn7/reblast2/GCF_000241185.1_PspBSi20495_1.0_genomic.fna
NZ_BADY01000179.1,0..20767,tniQ,17018..17905,lcl|17018|17905|2|1,1,tr|A0A1B1MDJ1|A0A1B1MDJ1_STRLN,1.13e-05,tr|A0A1B1MDJ1|A0A1B1MDJ1_STRLN tniQ HTH lysR-type domain-containing protein OS=Streptomyces lincolnensis OX=1915 GN=SLCG_4177 PE=4 SV=1,MDRIIAADVFIKIVEQKSLAGAARALDMSRSMVTRYLNQMEKWANTQLLHRSTRKITLTAEGEKVLNHSRELIAIAQNISAPIESNNKLNGQIRLSCSPFLAHDVLPDMLQQFLHAHPEVSIDVQISNHVTNLVEERIDLAIRITNDLDPNIIARPLGKCHSVLCASPEYLEKNSKPITTDDLSRHNCLNYSRFEKSMWHFSHPEKPVSVAIAGNFSANDSSLLLKAALNNQGITLQPKFAAQKYINNGKLIHLLPHLKPQTLSIYGIYRSRKHQSLALRSFIDSLVTYFDKIDT,44.7,104,64,32.812,21,40,44,1,3,68.75,21,/stor/work/Wilke/crisprtn7/reblast2/GCF_000241185.1_PspBSi20495_1.0_genomic.fna
NZ_BADY01000176.1,0..25010,tniQ,3988..5010,lcl|3988|5010|1|1,1,tr|A0A2W1D0I8|A0A2W1D0I8_9PLEO,2.13e-04,tr|A0A2W1D0I8|A0A2W1D0I8_9PLEO tniQ Pectate lyase OS=Pyrenophora tritici-repentis OX=45151 GN=A1F97_07859 PE=3 SV=1,MQAAQYIGNKSFNIVEGTSIKPKAGEIRLSVGYVGICGTDMLIYHGVMDQRVSIPQTIGHEISGVVAEIGEGVEGFAVGENVVVRPLDWCGDCPTCNAGHTHICQNLKFMGIDTPGAFQSSWTVKARTLHKLPAGVDLKQGALIEPLSVACHDVRRSRLQAGEKVVVLGGGPIGQLVAAVAKSVGAEVLVSEPNESRRAFADELGVKSVNPIEEDLAAYVDSWTQTKGADVVFEVSGVKPAIEAMTEIAGRRGRIVMVAIHSVKPEIDLFQFFWKELELLGARVYEAADFDWAIELISSGQIDLKPFISSVSSLTDIGSAFASMDGNPEGMKALVECNPQ,40.4,93,178,24.719,44,116,82,7,18,46.07,48,/stor/work/Wilke/crisprtn7/reblast2/GCF_000241185.1_PspBSi20495_1.0_genomic.fna
NZ_BADY01000174.1,0..3056,tniQ,202..687,lcl|202|687|1|1,1,tr|B5GZK9|B5GZK9_STRCL,5.98e-04,tr|B5GZK9|B5GZK9_STRCL tniQ Uncharacterized protein OS=Streptomyces clavuligerus OX=1901 GN=SCLAV_p0400 PE=4 SV=1,MVKNIPFYETLDLTLCGNMGRVHRLCREAVTIAVEPLGLTQSRWTALMHINMLKEGVTQLALSQSLGIEMPSLTRTLKQLEEQSLIVRRVDEHDKRSKKLYFTEQGRSILHTLNERITDIKAQLYNGFSHAQLDAMAYGLVKMEENALNCIKSQTKAKNDT,37.4,85,84,30.952,26,50,43,2,8,51.19,51,/stor/work/Wilke/crisprtn7/reblast2/GCF_000241185.1_PspBSi20495_1.0_genomic.fna
NZ_BADY01000173.1,0..32080,tniQ,12080..10686,lcl|12080|10686|2|-1,-1,tr|A0A6G6FFC3|A0A6G6FFC3_9RHOB,0.001,tr|A0A6G6FFC3|A0A6G6FFC3_9RHOB tniQ TniQ family protein OS=Pseudohalocynthiibacter aestuariivivens OX=1591409 GN=G5B38_04715 PE=4 SV=1,MSFEGLGLSQSLVNAVLEKGYETPTPIQAQAIPAIIERRDVMAAAQTGTGKTAGFTLPLIERLSSGPKAKSNHVRALILTPTRELALQVSENVEEYAKHSDVSSFVVYGGVKINPQMQRLRKGVDILVATPGRLIDLHNQNAVKFDSVEVLVLDEADRMLDMGFIHDIKRLIAKMPAKRQNLMFSATFSDEIRALAKGLINDPVEISVAAKNTTAKSVTQCVYAVDKTRKTALLSHLIRTNDWQQVLVFSRTKHGANRLVKQLERDDIVGAAIHGNKSQGARVKALDGFKSGEVRVLVATDIVARGLDIVELPHVVNYDLPNVYEDYVHRIGRTGRAGASGHAISFVTTEDAVDLYGIERFIGELIPRAEEDGFEPINPVAERALDARPLPAKKPKKKQPFNKPKSDSSKPNSKKPNNGGNGTGPRRGGSKKPAAKTDDNAQNPWAKRESVGGNGQRRRRTNND,39.3,90,90,34.444,31,45,44,3,14,48.89,18,/stor/work/Wilke/crisprtn7/reblast2/GCF_000241185.1_PspBSi20495_1.0_genomic.fna
NZ_BADY01000173.1,0..32080,cas3,12080..10686,lcl|12080|10686|2|-1,-1,gi|386346436|ref|YP_006044685.1|CAS-I|cas3|cas3,5.22e-06,gi|386346436|ref|YP_006044685.1|CAS-I|cas3|cas3 cas3,MSFEGLGLSQSLVNAVLEKGYETPTPIQAQAIPAIIERRDVMAAAQTGTGKTAGFTLPLIERLSSGPKAKSNHVRALILTPTRELALQVSENVEEYAKHSDVSSFVVYGGVKINPQMQRLRKGVDILVATPGRLIDLHNQNAVKFDSVEVLVLDEADRMLDMGFIHDIKRLIAKMPAKRQNLMFSATFSDEIRALAKGLINDPVEISVAAKNTTAKSVTQCVYAVDKTRKTALLSHLIRTNDWQQVLVFSRTKHGANRLVKQLERDDIVGAAIHGNKSQGARVKALDGFKSGEVRVLVATDIVARGLDIVELPHVVNYDLPNVYEDYVHRIGRTGRAGASGHAISFVTTEDAVDLYGIERFIGELIPRAEEDGFEPINPVAERALDARPLPAKKPKKKQPFNKPKSDSSKPNSKKPNNGGNGTGPRRGGSKKPAAKTDDNAQNPWAKRESVGGNGQRRRRTNND,47.8,112,148,29.054,43,82,70,5,23,47.30,29,/stor/work/Wilke/crisprtn7/reblast2/GCF_000241185.1_PspBSi20495_1.0_genomic.fna
NZ_BADY01000173.1,0..32080,glmS,28379..27615,lcl|28379|27615|2|-1,-1,WP_019095991.1,2.62e-05,WP_019095991.1 glmS glutamine--fructose-6-phosphate transaminase (isomerizing) [Pseudomonas],MCELLGMSANVPTDICFSFSGLLERGGNTGPHKDGWGITFYEGKGCRTFKDPQPSYQSEIAKLVKAYPIKSVSVISHIRQGNRGRVCLENTHPFTRELWGREITYAHNGQLSNYHDLKPQYYRPVGNTDSELAFCWLLDKIREKYPKRPSNMASVFRYAAKLSQTLREKGVFNMLLTDGVFVLAYCTNNLHYITRRAPFGKATLIDADMVVDFQQETTPNDVVTVIATRPLTNDERWQKMEPGEFALFKMGELI,42.7,99,149,24.161,36,96,62,5,17,41.61,56,/stor/work/Wilke/crisprtn7/reblast2/GCF_000241185.1_PspBSi20495_1.0_genomic.fna
NZ_BADY01000159.1,59074..100000,tniQ,79074..80000,lcl|79074|80000|3|1,1,tr|A0A3D8NHY0|A0A3D8NHY0_9ACTN,1.03e-04,tr|A0A3D8NHY0|A0A3D8NHY0_9ACTN tniQ LysR family transcriptional regulator OS=Streptomyces sp. IB2014 011-12 OX=2174847 GN=DDV98_25620 PE=4 SV=1,MTNLPSIKQLQYLLAVHQHQHFGRAASACFIGQSTLSSAIQNLEETLGCQLIERENRSLMFTSIGEEVVERSRKIINDTISLKELTKSFLTPLSGKLTVGVIPTIASFIAAPLYHFCKQTFCDLELVLIEDTSDKLLDKLEHGHIDLALLALPYETDKFHTQILAKDHFSLVHHKEYMPAKGVEDFNLLPDASVFLLEREHCMTGHALSACHLNRASCINPFEAASLHTLLSMVEHQLGVTFLPQMAINAGILDNKNMTATPSQSDAYRDIGILWRKTTGRIRDFKLFSQQLEVFLQRQCSLEFNKTK,41.6,96,77,36.364,28,47,41,1,2,53.25,24,/stor/work/Wilke/crisprtn7/reblast2/GCF_000241185.1_PspBSi20495_1.0_genomic.fna
NZ_BADY01000159.1,59074..100000,parE,62977..66096,lcl|62977|66096|1|1,1,VFJ66771.1,3.33e-20,"VFJ66771.1 parE ParE toxin of type II toxin-antitoxin system, parDE [Candidatus Kentron sp. DK]",MITAIIRWSVSNRFFVLLLTLILLGGGLFAIKNTPVDALPDLSDVQVIIKTTYPGQAPQVVQDQVTFPLTTAMLSVPGAQTVRGFSFFGDSYVYVIFDEKTDLYWARSRVQEYLSQVASRLPDSATPELGPDATGVGWIYLYALIDKTNKHDISQLRSLQDWFLKFELQTVPGVSEVAAVGGMVKQYQVNVEPDKLRAYGIPLSLIQTAIQQGNQEMGASVVEMAEAEYMVTSTGYIKSVADLEAIPLGVNANGTALQLRDVADIRVGPQMRRGIAELNGEGEVTGGIVIMRYGENAQKTIELVKAKLESLKKGLPEGVEIVPVYDRSNLINNAVDNLTSKLIEELIVVALVCVVFLFHVRSSLVAIITLPLGILTAFIIMYWQGINANIMSLGGIAIAIGAMTDGAIVMIENMHKHMEKTPLTNENRWEVVAKSASEVGPALFFSLLIITVSFMPVFILEAQEGRMFAPLAYTKTYAMAASAGLAITLVPVLMGYFIRGKVISEQKNPVNRLLVAAYRPLLNWVLKFPKMTLVLAVVVSVIGFYPVNKIGSEFIPPLDEGDLMYMPTTYPGLSVGKAREILQQTDKLIATVPEVKTVFGKVGRAETATDPAPLTMIETFIQLKPKNEWREGMTLEKLKKELDGLVKFPGLTNAWVMPIKTRIDMLATGIKTPVGIKVAGPKLSEIQKIGQQIEVLLKDVQGTASVYSERVAGGRYIKVDINREKAARYSLNISDVQQVVSTAIGGTNVTQTVEGQERYPVNLRYPQAYRDSPEELMLLPIVTPTGQRIALGDVADVFIEDGPPGIKSENARLNGWSFIDIDGVDIGTYVEHAQQVLDKDLILPAGYSITWAGQYEYMQRAKDKLTYVLPLTLAIIIVLLYLNFRSFAEVTIIMATLPLAMIGGVWLMYLEGFNFSVAVGVGFIALAGVAVEIGVIMLVYLNQAYQEKCLEAEQAGKPLSLVQLQQAIIEGAGLRVRPVMMTVATIIIGLLPVLYGTGTGSEVMSRIAAPMVGGMGSAIVLTLLVIPAVYLLWRKQGLK,86.3,212,97,46.392,45,44,62,1,8,63.92,9,/stor/work/Wilke/crisprtn7/reblast2/GCF_000241185.1_PspBSi20495_1.0_genomic.fna
NZ_BADY01000159.1,59074..100000,glmS,85590..85928,lcl|85590|85928|3|1,1,PRD36068.1,2.14e-16,PRD36068.1 glmS glmS [Trichonephila clavipes],MSLFISNAQASTGAAAAGGGTMQMLIMLAIFGLVFYFLIYRPQANRVKEHKSLMNAMAKGDEVLTQGGLVGKIVKISEDKDFIVISLNEQAEVTVQKSSVSAVLPKGTMKSL,71.2,173,103,35.922,37,65,61,1,1,59.22,92,/stor/work/Wilke/crisprtn7/reblast2/GCF_000241185.1_PspBSi20495_1.0_genomic.fna
NZ_BADY01000158.1,4882..45781,tniQ,24882..25781,lcl|24882|25781|3|1,1,tr|A0A498PN23|A0A498PN23_9MYCO,7.37e-05,tr|A0A498PN23|A0A498PN23_9MYCO tniQ HTH lysR-type domain-containing protein OS=Mycobacterium attenuatum OX=2341086 GN=LAUMK136_00063 PE=4 SV=1,MAIKFEDWQDVKVAFEVARLGTLTAAAEELNVHHSTVLRRINNLEENLNARLFHRHARGYKVTEIGTKLFATAQTIHSSLEQLHNDIVAADSTLRGSLLLTTVSGFMDILGDVCEQFQALHPQVQLEVILEQKRLRLDHGQAHIAVRAGPRPDEGDYIAQHLAQLSSGLYANKRYINKYGMPKLLSDLQQHNFVSGVVGFNARVPYFSWADEHIPASQIKLRVSETAEATRAIIKGLGIGGLQHDVAAQYPDLVPILHSELSWPTDVWLVTHHLVHRTAKVQAFAGLLKTHFSELAANQ,42.0,97,72,34.722,25,45,38,1,2,52.78,23,/stor/work/Wilke/crisprtn7/reblast2/GCF_000241185.1_PspBSi20495_1.0_genomic.fna
NZ_BADY01000158.1,4882..45781,glmS,27359..25803,lcl|27359|25803|1|-1,-1,WP_035343592.1,1.38e-66,WP_035343592.1 glmS two-component system response regulator GlrR [Dickeya],MNQQFNLTQVALELAQSTLHEHSFDQLLATVERVIPSDASALLVLQGEQLKPLAIKGLMSDSLGRRFKIVEHPRLEAICKSTLALQFAHDCPLPDPYDGLLLAKTGDIPVHACLGLPLYDKNALLGVLTFDSLNANAFNSISADTLNTLQTLCSAHFKTALELAHYKQHAQHSSALVQELNREALTRDGGEIIGQSPLMQTLKNEIKLVAASNFSVLILGETGVGKELVARNIHLNSARKDQPLIHLNCASLPENLAESEFFGHAKGAFTGAQNSRQGKFQLADGGTLFLDEIGELPLAMQSKLLRVLQSGEIQTVGEDTPKYVDVRVVAATNRNLKEEVAQGRFRADLYHRLSVYPITVPPLSKREHDITLLAGYFIEQTARKLGIKQLKLSPEAQVLLNQYNWPGNVRELEHVISRSALKAKQSQWQNPIITITSEHCDLTPSAPQNSLVASQSTTNTLINQPLKQAVESLQYNVITEQLKKHNYNWSAAARVLELDRANLVRLAKRLGIEVKKTL,219,559,225,48.444,109,116,155,0,0,68.89,43,/stor/work/Wilke/crisprtn7/reblast2/GCF_000241185.1_PspBSi20495_1.0_genomic.fna
NZ_BADY01000158.1,4882..45781,parE,37528..39120,lcl|37528|39120|1|1,1,ADU33911.1,1.15e-67,"ADU33911.1 parE cytochrome c oxidase subunit I, partial [Edentulina cf. ovoidea 'Pare']",MSSIVEQPNANEAHHAHHPAKGFKRWLYTTNHKDIGSLYLIFSLTMFLIGGAMAMVIRAELFQPGLQLVDPHFFNQMTTVHGLIMVFGAVMPAFTGLANWMIPLMIGAPDMALPRMNNWSFWILPFAFLILLASLFMPGGGPAFGWTFYAPLSTTYSNDNTALFVFAVHIMGISSIMGAINVIVTIVNLRAPGMTWMKLPLFVWTWLITAFLLIAVMPVLAGAVTMVLTDKYFATSFFDAAGGGDPVMFQHIFWFFGHPEVYIMILPAFGIISTIVPTFSRKKLFGYASMVYATSSIALLSFIVWAHHMFTTGMPVAGELFFMYATMLISVPTGVKVFNWVATMWKGSITFEVPMLFSIAFIVLFTLGGFSGLMLAITPADFQYHDTYFVVAHFHYVLVTGAVFSIMAGAYYWLPKWTGNMFNITLAKWHFWLSLVSVNVLFFPMHFVGLAGMPRRIPDYALQFADFNAIISIGGFAFGLSQLLFVAVVIKCARGGDKVPAKVWEGAEGLEWEVDSPAPYHTFSTPPVIK,215,548,220,50.455,111,104,158,4,5,71.82,41,/stor/work/Wilke/crisprtn7/reblast2/GCF_000241185.1_PspBSi20495_1.0_genomic.fna
NZ_BADY01000158.1,4882..45781,glmS,45031..45303,lcl|45031|45303|1|1,1,WP_035343592.1,5.35e-10,WP_035343592.1 glmS two-component system response regulator GlrR [Dickeya],MKKILAVDDSASMRQMVSFTLKTAGFDVIEAKDGSEALAIAKQQDFDVVISDVNMPIMDGITLIRELRGLPNYKFTPLLMLTTESGLEKK,52.0,123,84,34.524,29,53,48,1,2,57.14,93,/stor/work/Wilke/crisprtn7/reblast2/GCF_000241185.1_PspBSi20495_1.0_genomic.fna
NZ_BADY01000158.1,4882..45781,CRISPR array,30172..30248,,,,,"Copies: 2, Repeat: 17, Spacer: 42",TTAAAAGTGAGCATATT,,,,,,,,,,,,/stor/work/Wilke/crisprtn7/reblast2/GCF_000241185.1_PspBSi20495_1.0_genomic.fna
NZ_BADY01000157.1,0..20780,tniQ,453..995,lcl|453|995|3|1,1,tr|A0A417XIF4|A0A417XIF4_9CLOT,4.50e-07,tr|A0A417XIF4|A0A417XIF4_9CLOT tniQ GNAT family N-acetyltransferase OS=Clostridium sp. OF09-10 OX=2292309 GN=DXA91_00825 PE=4 SV=1,MKMNAPVTKRLNFKLMNEHDWPQLFELDQDPAVMQYLTRGVPTSLEQIKNEGVPRMLAYRNELKGWGLWSITIKQTNTFIGWVLIRPMDFFSDAPNYGDIEIGWRFKQSSWGHGYATEAALALCDELIKQDDVKAISATALKDNTASIKIMKKLGLQFIKNYTHTDEQGDLPAVLYSKKV,45.4,106,91,30.769,28,56,40,1,7,43.96,51,/stor/work/Wilke/crisprtn7/reblast2/GCF_000241185.1_PspBSi20495_1.0_genomic.fna
NZ_BADY01000157.1,0..20780,cas5,16472..17593,lcl|16472|17593|2|1,1,"gi|374326454|ref|YP_005084654.1|CAS-I-A|cas5a|G5,CASCADE",0.003,"gi|374326454|ref|YP_005084654.1|CAS-I-A|cas5a|G5,CASCADE cas5",MKILADQNMPLVEQYFADFGEVERFDGRKLTPEQLIDVDVLLTRSVTNVNYELLSQANKLSFVGTATIGIDHIDTQLLHDRDIAFTSAPGCNAVAVAEYVISSLFALSQENARPLCGQTIGIVGMGNIGTCLAEKLKALDVDVLLCDPIKHEQGLLQDHIALDELLARSDVVTFHVPLVKSGEHKTLHMMGKERLKALKPGLTLINASRGDVIDNQALLEVMEAGADLDLVLDVWEKEPNILTELLEHVRYASVHIAGHTLEGKARGTQMLYQKLCELKSVDASKSLNDFLPTPAITQSVITPNFNEQDVARLVHLIYDVRRDDGILLRHLESDGFDSLRKSYPVRREFSTLSIQGDSSQLAALSQLGFTIAK,37.7,86,51,41.176,21,26,28,1,4,54.90,13,/stor/work/Wilke/crisprtn7/reblast2/GCF_000241185.1_PspBSi20495_1.0_genomic.fna
NZ_BADY01000153.1,850..42601,tnsA,22601..20850,lcl|22601|20850|3|-1,-1,UniRef50_A0A345DB38,3.37e-07,UniRef50_A0A345DB38 tnsA ResIII domain-containing protein n=396 RepID=A0A345DB38_9BURK,MSYKLRPYQQEAVERTVLHFRKSNDPAVIVLPTGAGKSLVIAELARIAKQKILVLAHVKELVEQNSQKYKSFGLEASIFSAGLKEKSLNHQVTFASVQSLSRNLNKLNEHYSLLIIDECHRVNGDRKSQYGKVISSLKEYNPQLKVLGLTATPYRLGTGWIYHHHYHGFVKGTNESPFKSCIFELPLRYMIKHNYLTSPNEVDAAISHYDFSSLDSNAFGQYTTDDMNALLKNSERATKAILQQVIQYSEEREGVMVFAATVMHAQEILSYLPAQQSALITGDTPNTERDKIIKQFKAKQLKYLVNISVLTTGFDAPHVDFIAILRPTESVSLYQQIVGRGLRLSESKTDCLVIDYAGNGFNLFHPEVGDKKGDSDNEPVQVLCPGCGFANIFWGKTDSAGKVIEHFGRRCKGLLEDDDGHKEQCDYRFRFKECEQCGAQNDIAARKCHDCGAAMADPDDKLRNALNLKDALVLRCSGLSVTQIKDELIKITYFDEDGASCDEIYNLANKGGQFIFNKQFGLRVGLGQTPINFKTAEQVVKAQFELVPPDFVIARKSKKYGWKVADKLFDYKGGFRKANQLSR,51.2,121,255,23.529,60,140,118,12,55,46.27,40,/stor/work/Wilke/crisprtn7/reblast2/GCF_000241185.1_PspBSi20495_1.0_genomic.fna
NZ_BADY01000153.1,850..42601,DEDDh,2293..1475,lcl|2293|1475|1|-1,-1,gi|118580761|ref|YP_902011.1|CAS-I|DEDDh|DEDDh,1.06e-19,gi|118580761|ref|YP_902011.1|CAS-I|DEDDh|DEDDh DEDDh,MSHRCKSLRFFALFYLDLMYNKVIIERYQNQAKFDMARRQIVLDTETTGIDPKQGHRIIEIGCVELVNRRLTGNNFHVYINPQRPSEEEAIDVHGITNEFLRDKPLFHQIAQEFFDYIEGAELVIHNAPFDVGHMDNEFALLNQGYPKTSTFCEVLDTLKMARDLHPGQKNNLDALCRRYDVDNAKRTLHGALLDSEILADVYLAMTGGQTKLNLNQNKDDGSEQRKGGIKRLNSDRAPLVVLRASDAEQSAHEARLDLVNKEGGQCLWRAE,82.8,203,174,35.632,62,90,88,8,22,50.57,61,/stor/work/Wilke/crisprtn7/reblast2/GCF_000241185.1_PspBSi20495_1.0_genomic.fna
NZ_BADY01000153.1,850..42601,cas3,22601..20850,lcl|22601|20850|3|-1,-1,gi|28211141|ref|NP_782085.1|CAS-I|cas3HD|cas3,0.006,gi|28211141|ref|NP_782085.1|CAS-I|cas3HD|cas3 cas3,MSYKLRPYQQEAVERTVLHFRKSNDPAVIVLPTGAGKSLVIAELARIAKQKILVLAHVKELVEQNSQKYKSFGLEASIFSAGLKEKSLNHQVTFASVQSLSRNLNKLNEHYSLLIIDECHRVNGDRKSQYGKVISSLKEYNPQLKVLGLTATPYRLGTGWIYHHHYHGFVKGTNESPFKSCIFELPLRYMIKHNYLTSPNEVDAAISHYDFSSLDSNAFGQYTTDDMNALLKNSERATKAILQQVIQYSEEREGVMVFAATVMHAQEILSYLPAQQSALITGDTPNTERDKIIKQFKAKQLKYLVNISVLTTGFDAPHVDFIAILRPTESVSLYQQIVGRGLRLSESKTDCLVIDYAGNGFNLFHPEVGDKKGDSDNEPVQVLCPGCGFANIFWGKTDSAGKVIEHFGRRCKGLLEDDDGHKEQCDYRFRFKECEQCGAQNDIAARKCHDCGAAMADPDDKLRNALNLKDALVLRCSGLSVTQIKDELIKITYFDEDGASCDEIYNLANKGGQFIFNKQFGLRVGLGQTPINFKTAEQVVKAQFELVPPDFVIARKSKKYGWKVADKLFDYKGGFRKANQLSR,38.1,87,89,29.213,26,59,43,1,4,48.31,15,/stor/work/Wilke/crisprtn7/reblast2/GCF_000241185.1_PspBSi20495_1.0_genomic.fna
NZ_BADY01000153.1,850..42601,DinG,28846..30921,lcl|28846|30921|1|1,1,gi|386313924|ref|YP_006010089.1|CAS-IV|DinG|DinG,1.35e-58,gi|386313924|ref|YP_006010089.1|CAS-IV|DinG|DinG DinG,MLSDSLKKTIRQVHQHVANNLTDYRPRSSQNYLVAEIAKTLAGDYHKKQRICVIEAGTGTGKSLAYCLGALPLALAQKKKLVISTATVALQEQLIAKELPFFKKHSGLDFKFDLVKGRHRYICAHKLHNAVNGDSQTQMDFMPSLTSPLSAMETKCLNELYNAYVNKKWQGDRDSWADTVPDRVWNLIACDKHSCQRQMKAHQTCPFQLARNQLMQMDVLVINHSLLLADLDLGGGKILPEPDNTIYVIDEAHHLAHITRDFSSAAATIKGTIEWLDKLTKFSGKMAKVLVGQRAIGQNFKLCDSINDANKDLKVVRDILDNADFEYSKDDTYRFEHGEIPESLHSKAKDISEATQDALRCLNKMHDTLTQDVSDGDIKPYVADPILGESGQYINRLEQLNKLWFSYAKKGEGAPHARWIKRLEYKSHHDHLLSDCPIEVGYYLKDKLWRECAGAVLCSATLSALGSFDHFAYETGLAKEEGVKFIKVPSPFDYPKQATLRIPVSKVEPTDKDFSDHLAKTLPEYLNDKKANLVLFASYWQMDHVTKFLRTKGFNLLVQGEMSREALLKLHTKSVDEGKGSILFGTQSLSEGLDLPGKYLENLIITKIPFAVPTSPIEEAQAEFVQSKGGNPFLTITVPDAAKKLVQSCGRLLRKESDEGCITILDRRLVTKRYGKAMLDTLPPFKRQIDY,208,530,691,28.220,195,399,320,26,97,46.31,98,/stor/work/Wilke/crisprtn7/reblast2/GCF_000241185.1_PspBSi20495_1.0_genomic.fna
NZ_BADY01000153.1,850..42601,DEDDh,36971..34773,lcl|36971|34773|3|-1,-1,gi|452943617|ref|YP_007499782.1|CAS-I|DEDDh|DEDDh,1.36e-20,gi|452943617|ref|YP_007499782.1|CAS-I|DEDDh|DEDDh DEDDh,MLDTVFIYSCGDIMKKELPAKYYLAHFRELIEFVTSKCMHLLEPKHSEFISKINQLDEQSQCMLARVYSRKPYLVQAQSLNYEEITSPHQAIYTLKKAGILFEPNEQHYSQLLAHLTKPSLVELLSNYSEQISFKKSAAKGELVDIAREFFKACPQELAPLYSQYVINNRSDYYEYFEFLFAGKLSGGDVNHQNRFVMRDLGLTATREGHSESLSRFETLDEAQSNYLLNRYRLAFKNITDESDYVALASQVLVQAAHGVIAIVLKNKLLVRLYRQLKIVDSELAFSLLEGCVDDSEAQEIQIREQYRLGNKEWVKARLEAIIENPLTDDLLYFADDFLMRKFNKKTRSRLSAMLADTQCVLEIDELYRGEVEQGVNDYYTRQGMAVFNTENTLWQSLFGLVFWHELFVESPYPPCNEFDIYPQVLRLGNFYEAQQTQINERLAQCQTSQALLNLVCKHAAQYFEQPNGLFRWRSNLLEPLEALILNSPIKALIAHLTAMSKHYLQLKDGYPDLMVINNGQVHFEEVKAPGDKLRRNQLTTIDNLKNVGFTVHIAAVKWFVDPNRVYSVVDIETTGGLKGGNRITEIGLVKVQYGKVIDTWTSLVNPERHIPGFITSLTGISDSMVYNAPVFADIAKPLLDKLAGSIFVAHNVNFDYGFIKKECEVAGHFFKMPKMCTVVESRKAFKGLKSYSLGNLSSHFNLNLTSHHRALADATATAELLLLIQQSQISE,89.4,220,160,33.125,53,106,80,1,1,50.00,22,/stor/work/Wilke/crisprtn7/reblast2/GCF_000241185.1_PspBSi20495_1.0_genomic.fna
NZ_BADY01000153.1,850..42601,parE,22601..20850,lcl|22601|20850|3|-1,-1,WP_184123230.1,4.49e-11,WP_184123230.1 parE DEAD/DEAH box helicase family protein [Mycobacteroides chelonae],MSYKLRPYQQEAVERTVLHFRKSNDPAVIVLPTGAGKSLVIAELARIAKQKILVLAHVKELVEQNSQKYKSFGLEASIFSAGLKEKSLNHQVTFASVQSLSRNLNKLNEHYSLLIIDECHRVNGDRKSQYGKVISSLKEYNPQLKVLGLTATPYRLGTGWIYHHHYHGFVKGTNESPFKSCIFELPLRYMIKHNYLTSPNEVDAAISHYDFSSLDSNAFGQYTTDDMNALLKNSERATKAILQQVIQYSEEREGVMVFAATVMHAQEILSYLPAQQSALITGDTPNTERDKIIKQFKAKQLKYLVNISVLTTGFDAPHVDFIAILRPTESVSLYQQIVGRGLRLSESKTDCLVIDYAGNGFNLFHPEVGDKKGDSDNEPVQVLCPGCGFANIFWGKTDSAGKVIEHFGRRCKGLLEDDDGHKEQCDYRFRFKECEQCGAQNDIAARKCHDCGAAMADPDDKLRNALNLKDALVLRCSGLSVTQIKDELIKITYFDEDGASCDEIYNLANKGGQFIFNKQFGLRVGLGQTPINFKTAEQVVKAQFELVPPDFVIARKSKKYGWKVADKLFDYKGGFRKANQLSR,63.2,152,371,24.798,92,237,161,18,42,43.40,59,/stor/work/Wilke/crisprtn7/reblast2/GCF_000241185.1_PspBSi20495_1.0_genomic.fna
NZ_BADY01000146.1,35936..66204,tniQ,55936..56898,lcl|55936|56898|1|1,1,tr|A0A2W1D0I8|A0A2W1D0I8_9PLEO,1.30e-14,tr|A0A2W1D0I8|A0A2W1D0I8_9PLEO tniQ Pectate lyase OS=Pyrenophora tritici-repentis OX=45151 GN=A1F97_07859 PE=3 SV=1,MKYISHEDGNLAFSETEKPVLKSHEVLVKVAAIGVNRADSMQRQGKYPAPAGDSSILGLECAGTVTELGKDVDKSWLNKRIFTLCSGGAYSEYVAVDAKQLMELPDDVTMAEGAAISEVYLTAFGALFELGKLQKGQTALIHAGASGVGGAAIQMAKSAGATVVITAGTDDKCRHAKELGADHAINYKTTEFVEYMKANELTANAIVDPVSGSYLNKNAAIAAMDCQIVMLAFLDGRFAEVDFAALLRKRISFHASTLRNRSIEFKRQVRDDFVARFYNDIATKKYDFNLYKTLPWSDANEAHAILERNENAGKVVLLVE,71.6,174,158,30.380,48,101,84,4,9,53.16,49,/stor/work/Wilke/crisprtn7/reblast2/GCF_000241185.1_PspBSi20495_1.0_genomic.fna
NZ_BADY01000146.1,35936..66204,tniQ,65587..64691,lcl|65587|64691|3|-1,-1,tr|A0A1H5ELX7|A0A1H5ELX7_9NOCA,1.22e-04,"tr|A0A1H5ELX7|A0A1H5ELX7_9NOCA tniQ Regulatory helix-turn-helix protein, lysR family OS=Rhodococcus koreensis OX=99653 GN=SAMN04490239_9271 PE=4 SV=1",MAIFVKVVELGSFSSAAQNIGVSPSSISRAVSRLEGFLNEKLLERTTRNMRLTSTGQEVFMLCRDMLESAKMAVSAAQSDQNNVAGSLIVAAPKALSKQVLMPMILDFIQKYPNVTFQLKVTDIMIDPIGDEVDVLIHLTNKPIEGLIAKRIGECRLILCASTGYVEKFGKPIHPDDLAQHNCLCLGENPIDQVWKFTNITQKVVVNVSGSFVVNHSEIRRAAVLNGTGISVFPDFVILRDIESNEAVELLPDWHVSGSYQGEILAQYAQSKYIPNQIKVFVKYMQDYFNVESPNNIE,41.6,96,65,35.385,23,40,36,1,2,55.38,21,/stor/work/Wilke/crisprtn7/reblast2/GCF_000241185.1_PspBSi20495_1.0_genomic.fna
NZ_BADY01000145.1,6768..47664,tniQ,27664..26768,lcl|27664|26768|1|-1,-1,tr|A0A498PN23|A0A498PN23_9MYCO,3.46e-06,tr|A0A498PN23|A0A498PN23_9MYCO tniQ HTH lysR-type domain-containing protein OS=Mycobacterium attenuatum OX=2341086 GN=LAUMK136_00063 PE=4 SV=1,MSRRVPPLNALKAFEAAARHLSFTKAAEELYVTQAAVSHQIKTLEEHLGLKLFLRKNRSLLLTEEGQGYFLDIKEIFTQLIDATEKLLARGAKGSLTVSLTPSFAIQWLVPRLSLFNELHPEIDVRIKAQDQDENSLTDDVDVAIYYGRGHWSGVQAYKLHTEYLVPLCSPMLLSGIKPLDQPSDLAHHTLLHDTTRKNWKTWMKTAGVRNIQVNQGPIFSHSSMVLQAAVHGQGVAIGNSVLAKPDIDAGRLVIPFNHSLESKNAYYLVLRESQTELGKIVSFKEWMLSLVEQEQEY,46.2,108,58,43.103,25,31,36,1,2,62.07,19,/stor/work/Wilke/crisprtn7/reblast2/GCF_000241185.1_PspBSi20495_1.0_genomic.fna
NZ_BADY01000141.1,0..9497,tnsA,1502..2212,lcl|1502|2212|2|1,1,UniRef50_A0A1C6RKQ5,2.69e-06,"UniRef50_A0A1C6RKQ5 tnsA Murein DD-endopeptidase MepM and murein hydrolase activator NlpD, contain LysM domain n=2 Tax=Micromonospora inyonensis TaxID=47866 RepID=A0A1C6RKQ5_9ACTN",MEWQFIRAMEHKCDRLTICRFNFNKHDYAKALLQSLKKSVQFDNNNPVAQFNSGALCVDDYKARLTHIAYPTNKSRLTLTLKFFLMLLVIFSLHIFLKDSAMTGNLTWQHPLDNHTISSTFRSISKVRDYKPHRGVDYVGERGSPVLSAADGIIVISDNKTLHSNYGNTVLIQHKNGYQTLYAHLESSDAKVGSWVKAGQVIGDTGKATGVHLHFEVIKDNQRVDPSLVLGAKTTR,45.8,107,153,28.758,44,77,65,7,32,42.48,53,/stor/work/Wilke/crisprtn7/reblast2/GCF_000241185.1_PspBSi20495_1.0_genomic.fna
NZ_BADY01000136.1,0..17386,tniQ,5174..4248,lcl|5174|4248|3|-1,-1,tr|A0A2Z5JF85|A0A2Z5JF85_STRAR,2.41e-04,tr|A0A2Z5JF85|A0A2Z5JF85_STRAR tniQ LysR family transcriptional regulator OS=Streptomyces atratus OX=1893 GN=C5746_20965 PE=4 SV=1,MNIFRVICVKLMIDYQLLNALSAVISEGGFEKASKKLFITQSAVSRRIHQLEAKLGEPVIIRTQPPRPTALGKRLLNHLQQVLQLEVALNVDALNEHSSLNTPLSVKLAANADSLATWLPEALAVLDTESDCKFRFEVISEDQSIAHKRMKDGEVMVCISSSSEPVNGGLASPLGAIRYKAIASPDFIKQHNLTSLTQLAQVPCLVFSEYDKLQHQFLADINGSTPEYIHIYPSSEGFKQAMIAGLGYGLLPTLQLGDSLQKGELVDLFPEYYIDTPLYWHYWQSESPQLKALRKFAMQVAANRLEPI,40.4,93,65,36.923,24,38,37,1,3,56.92,20,/stor/work/Wilke/crisprtn7/reblast2/GCF_000241185.1_PspBSi20495_1.0_genomic.fna
NZ_BADY01000127.1,0..934,tnsB,77..904,lcl|77|904|2|1,1,UniRef100_A0A0W0RF01,1.58e-04,UniRef100_A0A0W0RF01 tnsB Transposon Tn7 transposition protein TnsB n=1 Tax=Fluoribacter bozemanae TaxID=447 RepID=A0A0W0RF01_FLUBO,MCRILGVKSNNYYSYQKRFSTKSEDPTHQEMIDCVKDIAHFSDNTYGERRIQKVLNALGFPVSRYKTAQLMKEANVWVRYKKRYKVTTNSEHNKPIYPNVLEQNFNVEAADQAWVQDITYVWTAEGWLYLAVVIDLYSRKVVGWSMGSRMKAQLVCDALTMAMWQRQPKTGLIIHSDQGVQYASHQYRKLVKSNDFIGSMSKKGCCWDNAVAESFFGSLKQERVHWKNYPTRYEAQQDVMNYICMWYNSRRLHSYLNYQSPNDFEERIETLDMVS,40.8,94,129,27.132,35,80,58,5,14,44.96,42,/stor/work/Wilke/crisprtn7/reblast2/GCF_000241185.1_PspBSi20495_1.0_genomic.fna
NZ_BADY01000124.1,0..2029,tniQ,1435..686,lcl|1435|686|1|-1,-1,tr|A0A1I2JDF2|A0A1I2JDF2_9RHIZ,2.44e-08,tr|A0A1I2JDF2|A0A1I2JDF2_9RHIZ tniQ TniQ protein OS=Aureimonas phyllosphaerae OX=1166078 GN=SAMN05216566_11921 PE=4 SV=1,MPRLMLTDKLWSKLKSILLEDRVYNKLEHRQTMEGILYRLRVGCPWRDLPECFGLWNTIYRRFLLWSKKGILIRLFKSLSANSDTEWEFIDGSYVKAHQHSTGAASQQEQAIALSRGGNTSKIHLAVDSYGLPIEFIITGGDVHDSKVANELIELLPEGDFVIADKGYDSEVIRNKVRERNSSPVIPRKKNSKTGNGDIDWCLYKYRHLVENAFARLKHFRAIATRYDKLKLQFGSMLALACAMIWLPM,52.0,123,67,35.821,24,42,40,1,1,59.70,27,/stor/work/Wilke/crisprtn7/reblast2/GCF_000241185.1_PspBSi20495_1.0_genomic.fna
NZ_BADY01000123.1,0..27331,tniQ,6387..7331,lcl|6387|7331|3|1,1,tr|A0A5C7P1D4|A0A5C7P1D4_9ACTN,5.96e-04,tr|A0A5C7P1D4|A0A5C7P1D4_9ACTN tniQ LysR family transcriptional regulator OS=Actinobacteria bacterium OX=1883427 GN=E6Q90_12735 PE=4 SV=1,MDLRHISFRLLEVFMSVVKTGSISETARRLHLTQPTVSLQIKRLQEAVGEPLLLIQQQKLHVTDVGLELFKTCQQVFGHFEDYQDFLTELNGGSRGRCKIAMVNTAQYILPKLLGPYSNLHPHVELPLEIGNRAEVLDRFERGEDDIYVFSHPPSLEHAQAARFLHNPLEFIVPLNHPLAHVKAVKLTDLMQYRFLLRENGSATRMLFESELQSRGLVLSDSVQMASNEAIRVAVASGMGIAVLSRHVLATDDTSFKILNVTDAHLASHWYFVMRTDRHISHAARNFLKFAKQHVEQYLDTQWVRNELHNLDLN,39.3,90,71,30.986,22,46,38,1,3,53.52,22,/stor/work/Wilke/crisprtn7/reblast2/GCF_000241185.1_PspBSi20495_1.0_genomic.fna
NZ_BADY01000123.1,0..27331,CRISPR array,11385..11462,,,,,"Copies: 2, Repeat: 19, Spacer: 39",GGAAGCGCTTCCATATTTA,,,,,,,,,,,,/stor/work/Wilke/crisprtn7/reblast2/GCF_000241185.1_PspBSi20495_1.0_genomic.fna
NZ_BADY01000117.1,0..36601,tnsA,15894..16601,lcl|15894|16601|3|1,1,UniRef50_A0A3M5N9X7,6.37e-07,UniRef50_A0A3M5N9X7 tnsA HTH gntR-type domain-containing protein n=380 Tax=Bacteria TaxID=2 RepID=A0A3M5N9X7_PSEAZ,MTTPKFAQIKQFIVDKIRSGTWQENQRVPSENELSSQFSVSRMTARRALSELTEAGILTRSQGLGTFVATFKSQSSLLEIKNIADEVKERNGNYTCSVLILESINAVAPIAIALGVEVDSVVYRSVLVHNENDSPLQLEERFVNPALATGYLQQDFSMLTPHEYLSSVAPLTQARHTVEAIMPNSEMCQWLNLYNEEPCLQVIRRTWSINGIVSFARLVSPGSKYRLGGHLTFKK,46.6,109,54,38.889,21,33,35,0,0,64.81,23,/stor/work/Wilke/crisprtn7/reblast2/GCF_000241185.1_PspBSi20495_1.0_genomic.fna
NZ_BADY01000117.1,0..36601,cas6,18338..19879,lcl|18338|19879|2|1,1,"gi|288957881|ref|YP_003448222.1|CAS-I,CAS-III|cas6|cas6",0.003,"gi|288957881|ref|YP_003448222.1|CAS-I,CAS-III|cas6|cas6 cas6",MIMFELTLTPGSLDLNTLRKINNSAVKLSLAKHAESQIAASAQTVQNVINEHRTVYGINTGFGLLANTKIADDELELLQRSIVLSHAAGIGEYMDDSTVRLMITLKVNSLSRGYSGIRLQVIQFFMQLLSSEVYPCVPKKGSVGASGDLAPLAHMCLPLLAEGQMRHKGKIISAAQGLKIAGLEPLTLAAKEGLALLNGTQASTAFALQGLFRSENLYAQSCVIGSISIEAAMGSRAPFDARIHDIRGQRGQIDTAQVFRELLDTHSQISDSHVNCEKVQDPYCLRCQPQVLGACLTQIRQAAEVLLCESNGVTDNPLVFADVGDIISGGNFHAEPVAMAADNLAIAIAEIGALAERRIALLIDSNLSKLPPFLVENGGVNSGFMIAQVTAAALASENKSLAHPASVDSLPTSANQEDHVSMATFAARRLDEMANNTQGVLAIEWLASVQGLEFRKPLEPSNKVQSAKALLREHVSYYDKDRYFAPDIEAANTLLSEGKLCDFIESSPLPSAY,38.5,88,104,33.654,35,43,51,5,26,49.04,20,/stor/work/Wilke/crisprtn7/reblast2/GCF_000241185.1_PspBSi20495_1.0_genomic.fna
NZ_BADY01000111.1,0..39273,tniQ,18389..19273,lcl|18389|19273|2|1,1,tr|A0A0W7WYX0|A0A0W7WYX0_9ACTN,8.63e-05,tr|A0A0W7WYX0|A0A0W7WYX0_9ACTN tniQ HTH lysR-type domain-containing protein OS=Streptomyces silvensis OX=1765722 GN=AT728_13705 PE=4 SV=1,MNWTLDQLLAFVTAAEQGSFSAAARQLQKAQSRISSAIANLELDLGFELFDRSSKFPVLTPLGKEMLPEARAVLNQCLRLDSRALTAANKEPISLRIALDEALPLETIHSIFSQVGDLFPNTHLVITNGSQDDITNAIVNQNADIGFMISNSALPTKLSLHSLGYFRKILIVGKKHVLAKEDVLTLAQLQQYRQFVLCNRSGENRENALSPDHWDLDSYYLICELVTQNQGWAIVPEHIAKAHWFFEQIKIAQADFLTEQLIEIGIVKRLDSPNNKLTDWITEQMRHLMNNHAI,42.0,97,64,45.312,29,33,39,2,2,60.94,21,/stor/work/Wilke/crisprtn7/reblast2/GCF_000241185.1_PspBSi20495_1.0_genomic.fna
NZ_BADY01000111.1,0..39273,csx1,22176..22475,lcl|22176|22475|3|1,1,gi|375256009|ref|YP_005015176.1|CAS-III|csx1|CARF,5.16e-04,gi|375256009|ref|YP_005015176.1|CAS-III|csx1|CARF csx1,MPLSLNSSSTTRIFSMRCSCIKPKISSRAAPSLTVTSFSFLVITVETGCSSLVSKRISRLVTMPTSTLLLSVTGKPEKPFSCESSTASAIVKSAVTVTG,36.2,82,62,38.710,24,29,29,1,9,46.77,63,/stor/work/Wilke/crisprtn7/reblast2/GCF_000241185.1_PspBSi20495_1.0_genomic.fna
NZ_BADY01000111.1,0..39273,cas3,32800..31553,lcl|32800|31553|2|-1,-1,gi|219848098|ref|YP_002462531.1|CAS-I|cas3|cas3,4.96e-07,gi|219848098|ref|YP_002462531.1|CAS-I|cas3|cas3 cas3,MSATTFSSLNLDPLLLTAIEQNNYTQPTAIQIKTIPPILAGSDVMGSAQTGTGKTAAFVLPLLHKLLNTPKKDEQGLARVVILTPTRELAQQVFASFEKYAQGTHINGALAYGGASIGPQIKALKTAQVIVATPGRLLDHIVKGSVVLSSVDSLVFDEADRMLDMGFIDEIRRILRHIPGDRQTLLFSATFDDSVFELSKKLLKNPELIEVDKRNSAAVEVEQVIYAVDEDRKRELVSHMIGMKNWRQVLIFTRTKQMADQLAKEMCKDGLKTESIHGDKSQGARDRALQNFKEGITRVLVATDVAARGLDISTLRYVINFELPYIAEDYVHRIGRTGRAGEQGLAMSLVSLDEQWLLEEIEVLLDTRLTPQWLEGYEPDPNKKPKDNRKNTNKSRKDRDKKRITGKREPSRRRK,50.8,120,344,24.419,84,209,137,14,51,39.83,74,/stor/work/Wilke/crisprtn7/reblast2/GCF_000241185.1_PspBSi20495_1.0_genomic.fna
NZ_BADY01000111.1,0..39273,cas6,36383..37720,lcl|36383|37720|2|1,1,"gi|283778924|ref|YP_003369679.1|CAS-I,CAS-III|cas6|cas6",4.17e-31,"gi|283778924|ref|YP_003369679.1|CAS-I,CAS-III|cas6|cas6 cas6",MNLNSHRSPCCDSDEQRSTVNNTSNHDLMARVLSNHNIGTAWQHVKRNKGAAGIDNMSIEEFNHFAKLHWRGIKQQLLNGTYQPLPVKRVIIPKPDGGERMLGIPSVIDRVIQQAIAQVISPYFEPQFSPHSYGYRAHKRASQAVNHVQSCVKQGYKTAVDIDLSKFFDEVDHDMLMNRVGRKIKDKALMRLLGKYLRAGIAERETGLWFESTKGVPQGGPLSPLISNILLDELDKKLTYKHLQSARYADDIIILVKTKSEGLIIQREITAFITQRLKLKVNESKSRVGPVSGSKFLGFTFRYAQVQIHEQALKKFKASVRELTNRNWGISMTLQIHKLTQYLRGWGHYYLIANTYQLTVDLDHWIRRRIRMCYWRQWRKPRTKVRSLIKLGVSERLAIACGITSKGPCRSSKTKGINIALGNDYLASQGLVSLRDIWIGIHYGR,125,314,231,32.468,75,146,123,3,10,53.25,52,/stor/work/Wilke/crisprtn7/reblast2/GCF_000241185.1_PspBSi20495_1.0_genomic.fna
NZ_BADY01000111.1,0..39273,glmS,12804..15470,lcl|12804|15470|3|1,1,WP_035343592.1,5.92e-05,WP_035343592.1 glmS two-component system response regulator GlrR [Dickeya],MKTSKLSIRLLWYITPLVILPLLFLGGFTLTNVTNSTQKQADLIMSRFVEQQQQKVFNYIDSFHSTTKLLSTSPVLSDFLANDVRANGSYTRQLGALMDVFASYSEAYPDIVSINLVSASGKSDAYYSNNLTTAPKSYPFLNKVLQSNLSQQQFMDQKSDGTTSLYFIQRIYSVDYYLKRPQQLGFIVVHVEPSILNTSILEAPYNNTLNLLLTKDGKILFSSDYSMRGQYISEYELNRIHDLADIGTLSTIELSSIDKIERMIFAVQMSGGYYYVSTIPKAVLYQSGKAISLITGLIVLISVITLPILIFVVVRNLLLNPIELLGAASHRVGDGDLSVNLPAHTNDEVGILFNDFNHMVNQIRHYQQQLEDYKHHLEDKVESRTKALEAMNSQLELAIAQAEQANQLKSRFLANMSHEIRTPLTAIMGFTEQLLHNDKIANDKQHLSTILRNSKHLLELINNILDLSKIEAEKLAVDQAPINVVQLVHDIESIIEPLAKEKQLTLNINYELPLPRTIYSDITRLKQILINVANNAVKFTEQGSVSICVHFHQKRKMLEFVVTDTGIGMSENQIKRVFKPFEQADATTTRRFGGTGLGLCISKNLAQLLGGDVVLKSEIGKGSKFSISVSCHLTGRKPALQLLTDKSQLTPERDPLLSFATNHFDANILVAEDNPDNQLLIKLLLQTWGLEPDIASNGAQAVEMALVNDYQLIIMDMQMPVMGGLEATRMLRHAAYDGPIIALTANVMNHDIGTYLEAGCDKALGKPIDKDALENVLVSYLHLEKDNQNKWDNLLKSEKFQQIADNYLANLPTYLDEVKTYQRSDDWEALRNVAHSIKGSAGCFNFDDIYHSAGALEDSLKSDNKIVRDDLIADLITAIENSINNKQV,44.3,103,132,25.758,34,97,59,1,1,44.70,15,/stor/work/Wilke/crisprtn7/reblast2/GCF_000241185.1_PspBSi20495_1.0_genomic.fna
NZ_BADY01000111.1,0..39273,guaC,22759..21290,lcl|22759|21290|2|-1,-1,WP_003150717.1,0.0,WP_003150717.1 guaC IMP dehydrogenase [Bacillus],MLRIAKEALTFDDVLLVPGHSTVLPHTANISTRLTRGIKLNLPLISASMDTVTEARLAIALAQEGGLGFIHKNMTIEEQAKNVRKVKTYEAGIVSYPVTVTADLTIADAVELSHEKGFSGFPVTDSNNVLVGIVTSRDMRFETKLEQPVSTVMTKKEKLVTVKEGAAREEILGLMHEHRIEKILVVDDEFKLKGMITVKDYQKAQDKPDACKDDQGRLRVGAAVSVGAGTDERIAALVEAGIDVLLIDTSHGHSQGVIDRVTKTRKEYPDLQIIAGNIATAEGAIALADAGADAVKVGIGPGSICTTRIVTGCGVPQITAISDAVEGLKGRDIPVIADGGIRFSGDIVKALVAGASCVMVGSLLAGTEEAPGEVELYQGRYYKSYRGMGSLGAMDQKEGSSDRYFQKSNEADKLVPEGIEGRVAYKGPIATIIHQQVGGLRSAMGLTGCATIEELNTKPQFVRVTSAGMGESHVHDVQITKEAPNYRLG,532,1370,488,54.918,268,213,354,4,7,72.54,99,/stor/work/Wilke/crisprtn7/reblast2/GCF_000241185.1_PspBSi20495_1.0_genomic.fna
NZ_BADY01000110.1,0..31067,tniQ,8801..9358,lcl|8801|9358|2|1,1,tr|A0A417XIF4|A0A417XIF4_9CLOT,7.06e-12,tr|A0A417XIF4|A0A417XIF4_9CLOT tniQ GNAT family N-acetyltransferase OS=Clostridium sp. OF09-10 OX=2292309 GN=DXA91_00825 PE=4 SV=1,MVFPSLETDRLLLTELRVEDEAELFNLFSNPSVIEYYDLDVFREHNQAANLINLFNKRYHEQQGIRWAIRLKPTGQLIGTCGFNSWNSKMRNAVIGYELHPQFWRCGYTVEAVRAIVDAGFSGILACGKLNRIQADTIPENIASESLLLRLGFKEEGLRRECGFWKSKFHDLKCFGLLRSEFSPI,58.9,141,97,38.144,37,52,50,3,8,51.55,51,/stor/work/Wilke/crisprtn7/reblast2/GCF_000241185.1_PspBSi20495_1.0_genomic.fna
NZ_BADY01000110.1,0..31067,tnsA,10463..11203,lcl|10463|11203|2|1,1,UniRef50_A0A3M5N9X7,1.29e-12,UniRef50_A0A3M5N9X7 tnsA HTH gntR-type domain-containing protein n=380 Tax=Bacteria TaxID=2 RepID=A0A3M5N9X7_PSEAZ,MQNVKKRRRFWMVVEKLEALIDQGIYPVGGRLPAEREMAEVYDVSRPTIREAIIALEVRKRVEVKTGSGVFVTSSKKTASLTPPISAFELTQARALVESEAAALAASKISDSELQALKQTLIDMEFSDKADEADQLFHEIIAQATRNKALALTINNFWKLRRSEPQILLAHQGVCSQNINQRLAEHTTIYDAIADRNPSAARKAMHNHFNRLINALFEASEAKALEEVRRKTDETRGLYSISHLTK,63.5,153,210,29.524,62,105,92,7,43,43.81,74,/stor/work/Wilke/crisprtn7/reblast2/GCF_000241185.1_PspBSi20495_1.0_genomic.fna
NZ_BADY01000110.1,0..31067,parE,5687..5394,lcl|5687|5394|1|-1,-1,WP_033023880.1,1.96e-68,WP_033023880.1 parE type II toxin-antitoxin system RelE/ParE family toxin [Pseudoalteromonas sp. Bsw20308],MNKFALSAKAKSDLIKIAKYTQLTWGQAQRNSYLKILDNSFQLLANDPKIGINCDYIREGYSKYPHANHVIYYKGHKENQILIVRILHKSMDVNRAL,197,501,97,98.969,96,1,96,0,0,98.97,100,/stor/work/Wilke/crisprtn7/reblast2/GCF_000241185.1_PspBSi20495_1.0_genomic.fna
NZ_BADY01000104.1,0..22935,tnsA,2935..950,lcl|2935|950|3|-1,-1,UniRef50_A0A0P9PXI9,5.13e-06,UniRef50_A0A0P9PXI9 tnsA TnsA endonuclease n=3 Tax=Pseudomonas syringae group TaxID=136849 RepID=A0A0P9PXI9_PSESX,MSAIIPQLQVPHSEQERRVAYHLYQFGSALKAQDEHLSDTVKELHEQLNKLIFMPRFNHLTDLFSLSHSETKLLALVYIQVQDPDVIAPFLGLSWFEQGPTLSLDKLVTLVDESLNKYNTIAEFGPKSALFKWGLIYLTNESIGLQSAVNIAPYLHEFLQCGTTSCDYLSFFTLVDTAQDPVFDSCFSLPEEVAAQSLLIIDSENDEITAWYTQQLALRCDTTLAHYVAEPNNGFNISHLAHEFACLQLIAQTQPVLLYWPEIGSLLQHNLIQLNTLVEQCTKLALITTTASPLFDEVFTQSLKIKVQVPNLSQLKEAWLSLCNSEQHTHLDKAQAQQLVAKYPVALPHMKQLANNAKADKSDEQDYWETLQALCFSAQSQHCDELAKLCQARFTLDDMILNDKITVQLQELIARINFKASLQQRLPSFNQGCKALFWGKPGTGKSMAAEAIAGELQLPLYIVNLANIASKWIGETEKHLAKLFDSAQKYNAVLMFDEADAIFAKRSEVESSHDKNANMGVSYLLQRMEHYTGLLLLSTNFKSNLDEAFLRRFQGVIEFTLPDKQQRVDIWQRNLSTNADSDLCQGISQLAALFELSAAQIINICEMALLQSLIADKKLISRAEIANALHRELSKQHAGFMTQQSLSTWLTGGHNGRNLNL,44.3,103,111,30.631,34,75,53,1,2,47.75,16,/stor/work/Wilke/crisprtn7/reblast2/GCF_000241185.1_PspBSi20495_1.0_genomic.fna
NZ_BADY01000104.1,0..22935,csx1,9466..8627,lcl|9466|8627|3|-1,-1,gi|20090786|ref|NP_616861.1|CAS-III|csx1|CARF,0.005,gi|20090786|ref|NP_616861.1|CAS-III|csx1|CARF csx1,MNKTASISTPTIVALQMCSGLNPDDNIASLKRALKTLPATRPLLVCLPEAFLVFSKTGNDTLLVAKQVEQYKLQLSELCQHHNIWLNAGTMPEPFNEHKYYAASHLYNNQGELVATYNKIHLFDVNVDDKTGSYRESDFTQAGSDMVVVESPFGKIGLTVCYDLRFSGLFNDLVRQGAEIILVPSAFTVVTGQAHWQPLLAARAIETQCYVVAAAQHGTHENGRQTYGHSIIISPWGNTLSELPTGTGFISCHADLDQLQKIRRDMPVQSHQRFREHLL,37.0,84,83,31.325,26,48,41,4,9,49.40,29,/stor/work/Wilke/crisprtn7/reblast2/GCF_000241185.1_PspBSi20495_1.0_genomic.fna
NZ_BADY01000104.1,0..22935,CRISPR array,6842..7142,,,,,"Copies: 4, Repeat: 30, Spacer: 60",TAAAAAGCGAGGTGTAAAACCTCACCTACA,,,,,,,,,,,,/stor/work/Wilke/crisprtn7/reblast2/GCF_000241185.1_PspBSi20495_1.0_genomic.fna
NZ_BADY01000103.1,0..1286,tnsB,722..9,lcl|722|9|1|-1,-1,UniRef100_A0A132I4M5,2.21e-06,UniRef100_A0A132I4M5 tnsB Transposon Tn7 transposition protein TnsB n=1 Tax=Micrococcus luteus TaxID=1270 RepID=A0A132I4M5_MICLU,MSGGSAGARTIAAIATNNDFELSRYRAAKLMVKLKLESCQVPQHSYKRGGNEHLEIPNLLDRQFDVVEPDTVWCGDVTYIWTGNRWAYLAVVIDLFARKVVGWAMSLSPDTNLTLKALELAYESRGKPTGLMFHSDQGSHYTSLKYRQRLWRYKITQSMSRRGNCWDNAPMERFFRSFKTEWMPKIGYGNFIDAKYSVSDYINGYYNNVRPHHYNAGLAPNESEVRYQDSKTVAKIS,45.8,107,106,28.302,30,69,52,3,7,49.06,42,/stor/work/Wilke/crisprtn7/reblast2/GCF_000241185.1_PspBSi20495_1.0_genomic.fna
NZ_BADY01000095.1,7755..48651,tniQ,28651..27755,lcl|28651|27755|1|-1,-1,tr|A0A327UUJ5|A0A327UUJ5_9ACTN,2.49e-04,tr|A0A327UUJ5|A0A327UUJ5_9ACTN tniQ TniQ protein OS=Streptomyces sp. PsTaAH-130 OX=1305828 GN=K376_01223 PE=4 SV=1,MKLNQLIILDAIVQSASLSGAALKLHKTQPALTLAIKKLEEKIGFELLDRSKYRLQLTEKGRIFHREAQQLLHANGELAQLAKELALGNEPQFRICYEQLCHMQSYNEIISNTFRLFTSTEFSLTSGKRFISLEQVNSGQAELGIGPWFDLFHATGDLESVPIGRLDIGIVSAKGVLPQKLTYSELQTYPCLAMFESDLSIDSDRLSYSKGSAMMKIDDVSTLKSFLLSGAGWAMMSLEHCDPEIKAGLLQEIHITDREHKFSAQIRAFRQHAVHHGPVARTIWEQFKVLSEAYLNER,40.4,93,42,45.238,19,23,25,0,0,59.52,14,/stor/work/Wilke/crisprtn7/reblast2/GCF_000241185.1_PspBSi20495_1.0_genomic.fna
NZ_BADY01000095.1,7755..48651,parE,29859..32927,lcl|29859|32927|3|1,1,VFJ66771.1,0.001,"VFJ66771.1 parE ParE toxin of type II toxin-antitoxin system, parDE [Candidatus Kentron sp. DK]",MSFAQLSIEKKVISWMFTLLLLIGGSISYFDLGQLEDPEFTLKKAMVITMYPGASPQQVEEEVTFPIENAIQQLPYVDYVTSISSNGKSQITVEMKSTYRKEQLRQIWDEMRRKINDLSPSLPTGVYPSIILDDFADVYGVMYSVTGDGYSYDELKDYVDYLKRELVLVKGVSKVTVAGEQQAQVMVEISTRKLAQLGIAPSHIFQLLQSQNTVSNAGKIRVGDESIRFHPTGEFKNVKELETLLISKTGASELIYLGDVAKVHREYAEVPSNIIRYNNEQALLIGVSFTSGVNVVDIGKHIDEHLASLEYQRPHGIDISSVYNQPKEVEKSVDGFIISLVEAIAIVIVVLLLFMGLKSGILIGGILLLTVLGTFIFMKLFAIDLQRISLGALIIALGMLVDNAIVVTEGILINLKRGQTKLKAAVNIVEQTKWPLLGATVIAVTAFAPIGLSSDASGEFAGSLFWVLFISLLLSWITAITLTPFFANLMFKETQFKGENDQEDEDPYKGFIFNGYKAVLDFSLHFRKTTLILMVVLLCTAVVGFGSVKQSFFPASNTPMFYVDYWQAQGSDVRSTLEGVKQLEAFLQKEELVEEVTSTTGQGAPRFMLTYAPEKSYPAYGQLIVRVADREAVATIMQKVRDYSNQYALSAQLKIKPMEIGPSTDAKIEARFSGPDPVILRQLAAKAEELIGNDDGAYNIRNDWRARTKMIRPQFNEQKARRLGISKSDLDDILLTSLSGKQVGVYRDGTQLLPIIARSPANERLNVESVHDLQIYSPVLGVFVPVTQVVDEFIVQWEDSLIMRRDRKRTITVMADHNVLGDETPAKLFARIRGPIENMELPRGYQLEWGGEFESSSKAQKAIFGSLPLGYLAMFAVTVLLFNSVKQPLVIWATVPLAIIGVSAGLLIMNTPFSFMGLLGLLSLSGMLIKNGIVLVDQINLELREGKSPYEAVFDSGVSRVRPVAMAAITTILGMIPLLFDVFFQSMAVTIMFGLGFATILTLIVVPVLYTVIFRIDYEPRK,38.9,89,85,31.765,27,46,48,4,12,56.47,7,/stor/work/Wilke/crisprtn7/reblast2/GCF_000241185.1_PspBSi20495_1.0_genomic.fna
NZ_BADY01000091.1,16700..47917,tniQ,36700..37623,lcl|36700|37623|1|1,1,tr|A0A1X0DTB1|A0A1X0DTB1_9MYCO,7.22e-04,tr|A0A1X0DTB1|A0A1X0DTB1_9MYCO tniQ HTH lysR-type domain-containing protein OS=Mycobacterium heidelbergense OX=53376 GN=BST25_05950 PE=4 SV=1,MKVSFEQLKSMVVFAQIVEQGSLTAAAKQLGLTRAVASYHLKKLETQLEITLLNRSTRTMALTEAGIAYYERCRIITEQANAANQQIENIKSEPQGLLKISCPVNVGMQLIVPAINTFKRQYPKIKIDLQLTDDVIDIIKNGFDFAIRGVALSDSNLQATKLTTMSTCICGAPEYFAHFGKPKTPLELAEHQWVVYQLGSKTLTLQKDGKKHDITMQGGLSTNNAAARTAFVEAGHGIGRIPLYDAWPKVQAGLLEIILDDYKSKDIELYGVFPPGAAGSKKLRLFIDYLKAYFVKQHTALGMLKSS,38.9,89,57,35.088,20,35,36,1,2,63.16,18,/stor/work/Wilke/crisprtn7/reblast2/GCF_000241185.1_PspBSi20495_1.0_genomic.fna
NZ_BADY01000088.1,0..26340,tnsA,4490..6340,lcl|4490|6340|2|1,1,UniRef50_A0A380Q0N8,7.45e-05,UniRef50_A0A380Q0N8 tnsA RNA polymerase sigma factor n=17 Tax=Enterobacterales TaxID=91347 RepID=A0A380Q0N8_YERFR,MDPTPQSQLKLLIQKGKEQGYLTFAEVNDHLPQDIIDSDQVEDIISMINDMGIKVSENAPDADELMMQETTTDEDAAEAAAAALATVEKEIGRTTDPVRMYMREMGTVELLTREGEIVIAKRIEEGINQVQISVAEYPEAITYLLEQWDKFEAEEMRLSDIIVGFIDPNEDTAPISATNIGSELSAKQLDDDDKDDKDDADSDDEDEEEIDTGPDPEEARIHFENLRDLYNKARDTFEAKGRSHPESQAAIFEIGELFRTFKLIPKQFDRMVNNMREMMDRVRVQERLIMKQAVQIAKLPKKTFVKHFANNETDASWVDLEISGNEKYSAKLEEVKPEIIRSINKLSVIEQTTGLSIERIKDINRRMSIGEAKARRAKKEMVEANLRLVISIAKKYTNRGLQFLDLIQEGNIGLMKAVDKFEYRRGYKFSTYATWWIRQAITRSIADQARTIRIPVHMIETINKLNRISRQMLQEMGREPNPEELAERMMMPEDKIRKVLKIAKEPISMETPIGDDEDSHLGDFIEDTTIDSPIDSATMESLRGATNDVLAGLTAREAKVLRMRFGIDMNTDHTLEEVGKQFDVTRERIRQIEAKALRKLRHPSRSDLLKSFLDAK,43.5,101,50,42.000,21,28,33,1,1,66.00,8,/stor/work/Wilke/crisprtn7/reblast2/GCF_000241185.1_PspBSi20495_1.0_genomic.fna
NZ_BADY01000086.1,0..20264,tniQ,14225..11073,lcl|14225|11073|1|-1,-1,tr|A0A5S4FIA1|A0A5S4FIA1_9ACTN,1.96e-45,tr|A0A5S4FIA1|A0A5S4FIA1_9ACTN tniQ PLDc_2 domain-containing protein OS=Nonomuraea turkmeniaca OX=103838 GN=ETD86_18860 PE=4 SV=1,MQQIGIYEQLITQVIKQNLNRDQFYVGERQLETAEAATWLSRFLSKLVTHAIDAIPNSNERLQEQISLANSLVLWLKDHICDDELINENLIDSQGRILTALFNTQNPIAANLKDYSSDIFPLTGLTQSELFSGANAGISLETELKREIKSSDTIYWLVSFIKWTGLRIFKNELEAFTKSGNKLKVITTSYMGATDAKAVEFLANLPNTEVKLSYNNQQERLHAKSYLFIRNTGFHTGYIGSSNLSHSALTSGLEWNLKITAQEIPHIIAKTKSTFETYWESKDFELFTGAVECKEKLINSLNEQRGVGQSSSQFYFDITPKTHQLAILEKLSAERSVHNRFKNLVVAATGTGKTIISAFDFKTVYDKNPNAHFLFVAHREEILKQAQSAYRGVLKNNDFGELWVGNYKPQRYNQLFASIQTLNSQIESLNLTHDYYDYIVIDEVHHVSAASYRTILSYFTPAILLGLTATPERQDGANILDDFCGVIAAEIRLPEAINQRHLCPFQYFGLDDDTDLSQITWRGGRYDISELSNLYTGENSRANKIISSLADIVTNVHAIKALAFCVSQKHAEFMAKKFNLAGINTDVLTSKNTNERAAKQQALRQGEIQILCVVDIFNEGVDIPEVDTLLFLRPTESLTLFLQQLGRGLRLPDNSQKQCCTVLDFVGNARPEYDFASKFRALIGKSNQPIKTEIENNFPHLPLGCRIELQKRTQQTILKNIQRAINSKRRLQQLINSYSQHTNDALTLSNFLRINPQVTLEDIYKPKDGRLGGWHWLKGDEIPAKQANIYAAYYRAINTQLLGCDSLSYLCFLRDLCNNDFSFAPTPQNQQYAIMAHYNFWDSTGTSLGFKTLEQSLQALKHKELQHELAQVITLLINRIQQQESDLACLPNHAIKLHSRYTRQQILAAFRAHSFDKKSTAREGVLEFKNQNLELLFVTLNKCEKTYSPTTLYHDYAISPILFHWQTQNSARPEHGRGLSYIQHQQTGKTILLFVREQGKDENGRTMGFVNYGEVKYQSHNDSQPMNITWELTNPMPSEMWREAGKLAVG,174,440,287,33.101,95,180,161,8,12,56.10,27,/stor/work/Wilke/crisprtn7/reblast2/GCF_000241185.1_PspBSi20495_1.0_genomic.fna
NZ_BADY01000086.1,0..20264,cas9,5603..6703,lcl|5603|6703|2|1,1,"gi|15602992|ref|NP_246064.1|CAS-II-A,CAS-II-B,CAS-II-C|cas9|cas9",1.14e-04,"gi|15602992|ref|NP_246064.1|CAS-II-A,CAS-II-B,CAS-II-C|cas9|cas9 cas9",MIGAMQQQLDFIAYIQRLLVEGDFSATYKFALLHALADISIEKHHADPQAQLQIKFDELVDKFITLYWHQASPFGAIGNNREQLLLQNTNSNKQAKIITTLHDAKLNNINSISQLKKSDGWKNIRSSTLQTIKEGPLWLLQKLNGKEECFLYPHIKGQSYITLNEDIAGCFRRFYDLVVYLAKNAWLQKIQSIKHNQALIGPQSQLHEFLFGFDRNALSKAKPVLIELQHGNCFYCQKPLNSKTEVDHFIPFSRYANDLGHNFVAAHSTCNNSKSDFLAAQLHRERWQEQNLVINNQHLTNELSDYFNCDSDKSLSVSDWAYQVAQANSAKLWVKKGYFEEAASFKYQQPSTGLDLVAEEKPRYDV,43.1,100,76,32.895,25,39,39,2,12,51.32,17,/stor/work/Wilke/crisprtn7/reblast2/GCF_000241185.1_PspBSi20495_1.0_genomic.fna
NZ_BADY01000085.1,0..50495,tnsA,7975..6836,lcl|7975|6836|2|-1,-1,UniRef50_A0A1C6RKQ5,2.53e-05,"UniRef50_A0A1C6RKQ5 tnsA Murein DD-endopeptidase MepM and murein hydrolase activator NlpD, contain LysM domain n=2 Tax=Micromonospora inyonensis TaxID=47866 RepID=A0A1C6RKQ5_9ACTN",MNKRINRLIKCGLILTSLAAAPAVANEDRTKKDLSEVQNALEQNQAQYNEQRKKIAKLQKNLKSHELNIAKNAKALNMAEQSVKKNQQQQKLQQQKAEQLDQKHALFQRILAAQLKSAYMAGGDDYSKMILNQEDTAKFERTLSYYNYLNKARIEQIEDLKALQEEIASNQIELAKTKQRLIALHDEQKRRQTALLNAQSERQANLKNLQAQLTSTKSSINYLKENQQTLITTIEELEKEKTQKIELLGLNKSKGKLNWPTRGKLEHTFGQRKHGGIDWKGVLIGAKEGVNVNSVHNGQVVFADWLKGYGWVIVVDHGEGFMSLYGHAQTLLRDVGDMVREGETLALVGQSGGQASSGLYFEIRHKGRAVNPVKWCRRI,44.3,103,95,27.368,26,60,43,3,9,45.26,23,/stor/work/Wilke/crisprtn7/reblast2/GCF_000241185.1_PspBSi20495_1.0_genomic.fna
NZ_BADY01000085.1,0..50495,tnsA,30331..31080,lcl|30331|31080|1|1,1,UniRef50_A0A3M5N9X7,5.21e-17,UniRef50_A0A3M5N9X7 tnsA HTH gntR-type domain-containing protein n=380 Tax=Bacteria TaxID=2 RepID=A0A3M5N9X7_PSEAZ,MSLKIKAAKLSDVILQQLENMILEGSLAPGEKLPPERELAKQFEVSRPSLREAIQKLEAKGLVTRRQGGGTFVKNQLEEGLTDPLFDLISKHPESQFDLLEFRHALEGIAAYYAALRGTSNDFSKVKQSFDEIALVNDDLQQKAKAINAFHFSVAEASHNVVLLHLVRGMKALLEQNVLQNLTVLLKKSDISSQLAQHRRLLMDAVIDGNPEQARLASNAHLAFIEEALLEAGKEHSRIERSLRRTKQN,75.5,184,204,31.373,64,133,100,4,7,49.02,81,/stor/work/Wilke/crisprtn7/reblast2/GCF_000241185.1_PspBSi20495_1.0_genomic.fna
NZ_BADY01000085.1,0..50495,cas7,1372..2049,lcl|1372|2049|1|1,1,"gi|410732168|ref|YP_006972086.1|CAS-I-E|cas7|G7,CASCADE",0.007,"gi|410732168|ref|YP_006972086.1|CAS-I-E|cas7|G7,CASCADE cas7",MINFQQVSKTYPGGHRALEKVNFHIKPGELAFLTGHSGAGKSTLLKLISLMERPSAGNVFINGVDLNKVNSRQIPYARRDIGIIFQNHRLLERHTVFDNVALPLIIEGTHHNQIAKRVHGALDKVGLIDKVKCHPSMLSGGEQQRVGIARAIVNSPPILLADEPTGNLDPELSMEILRLFEDFNKHGTTVLIATHDLGLVARMRYRSLTLKDGRMLQDPLAQEVL,35.8,81,153,26.144,40,104,62,2,9,40.52,66,/stor/work/Wilke/crisprtn7/reblast2/GCF_000241185.1_PspBSi20495_1.0_genomic.fna
NZ_BADY01000085.1,0..50495,cas3,23192..21516,lcl|23192|21516|1|-1,-1,gi|157162211|ref|YP_001459529.1|CAS-I|cas3|cas3,0.009,gi|157162211|ref|YP_001459529.1|CAS-I|cas3|cas3 cas3,MNINSPLLRKFITLGRIDADTVKVKQRDFASTAELIAKCGNIDSKDLAEQCIDLFRVPYFDLKDFEPARIPAELVKEKLIRKHHILPLVQKGRKVYIAASDPTDYGAFENYEFSTGLSCEIVVVDYIELDKKIDQLLDATGSLNLSDDEFKEFADLDSENTKEATPKDDEKDDAPIIVYINKILMDAIKKGASDLHFEPYEHKYRIRFRIDGILHEVASPPNTLATKLSARIKVMSRLDIAEKRKPQDGRIKLKITERKSIDFRVSTMPTLWGEKIVMRILDSSSAMLGIDVLGYEPEQKKLYMDALAQPQGMILVTGPTGSGKTVSLYTGLNILNQPERNISTAEDPVEINLEGINQVQINIKADMTFANALRAFLRQDPDVVMVGEIRDLETAEISIKAAQTGHLVLSTLHTNSAPETITRLLNMGVPAYNVASSISLIIAQRLARRLCPKCKTPEILPNEELTRQGFSEQQISEMTLYAPKGCDSCTDGYKGRVGIYEVMQITPEIAQIIMRGGNSLEIAEVSLKAGFNNLRLSGLRKAADGMTSLAEINRVTSF,37.7,86,32,46.875,15,17,22,0,0,68.75,6,/stor/work/Wilke/crisprtn7/reblast2/GCF_000241185.1_PspBSi20495_1.0_genomic.fna
NZ_BADY01000085.1,0..50495,glmS,20257..19568,lcl|20257|19568|2|-1,-1,WP_035343592.1,2.95e-09,WP_035343592.1 glmS two-component system response regulator GlrR [Dickeya],MKLLMIDDDTGLCELLSEYLTAQGFEIQSVHDGEQGLKLAQVNDYALILLDVMLPTLDGFEVLKQLRQTKLTPVIMLTAKGEDFDRIFGLELGADDYIPKPFNHRELLARVKAITRRIEHINSFNITTSNKLQVNGITVNLAAREASVNDHALTLTGTEYEILALLSKNAGEVVSKELISEEVLGRRLASFDRSIDMHVSNIRKKIAEHISGERIKTMRGTGYVFIQGE,53.9,128,106,27.358,29,76,58,1,1,54.72,46,/stor/work/Wilke/crisprtn7/reblast2/GCF_000241185.1_PspBSi20495_1.0_genomic.fna
NZ_BADY01000084.1,0..8701,tnsA,5389..4544,lcl|5389|4544|1|-1,-1,UniRef50_P0AC11,1.87e-36,UniRef50_P0AC11 tnsA Dihydropteroate synthase type-2 n=619 Tax=cellular organisms TaxID=131567 RepID=DHP2_ECOLX,MTNILKLPRGRTLNIEKPVIMGILNVTPDSFSDGGQFLDPTIAVKRAMQLLDDGAKIVDIGGESTRPGAPDVSLKDELARVIPAIKAIREHSDCVISIDTSKAQVMEQAILAGADIVNDVRALQELDALETVAHYEDVAICLMHMQGQPRSMQCAPHYDDLFADINMFFSQRIKACETAGIKFERLILDPGFGFGKTLNHNYQILAKFNDFNKLGLPLLAGLSRKSMIGNLLNRETSERLAGSLAGALIAAQNGAKIIRVHDVKETADVLSVLRACEQGIQ,129,323,263,34.221,90,168,140,4,5,53.23,93,/stor/work/Wilke/crisprtn7/reblast2/GCF_000241185.1_PspBSi20495_1.0_genomic.fna
NZ_BADY01000084.1,0..8701,tnsA,7568..5625,lcl|7568|5625|3|-1,-1,UniRef50_A0A0P9PXI9,4.18e-09,UniRef50_A0A0P9PXI9 tnsA TnsA endonuclease n=3 Tax=Pseudomonas syringae group TaxID=136849 RepID=A0A0P9PXI9_PSESX,MAKNLILWLVIAVVLMSVFQSFNGGDQVDRQTSYSQFVKDARNGSIQEVAIESTSGTITGTKTSGERFQTIMPIYDKDILNDLLKSNVNVKGVKPEEQSFLASIFISWFPMILLIGVWIFFMRQMQGGGGKGAMSFGKSKARLMSEDQIKTTFADVAGCDEAKEDVTELVDFLRDPSKFQKLGGSIPKGVLMVGPPGTGKTLLAKAVAGEAKVPFFTISGSDFVEMFVGVGASRVRDMFEQAKKAAPCIIFIDEIDAVGRKRGAGMGGGNDEREQTLNQMLVEMDGFGGNEGIIVIAATNRPDVLDPALLRPGRFDRQVEVGLPDIRGREQILKVHMRKVPLGDNVEAALIARGTPGFSGADLANLVNEAALYAARGNKRVVSMAEFDAAKDKIMMGAERKTMVMSEQEKAMTAYHEAGHAIVGRMVPEHDPVYKVSIIPRGRALGVTMYLPEQDRVSHSKELLESMISSLYGGRIAEALIYGADKVTTGASNDIERATDIARKMVTHWGLSEKLGPLLYAEDQNEMYMGGGGSRASSMSDDTAKIIDAEVRLLSDRNYQRAEEILKENIDILHSMKDALMKYETIDAKQIDDLMARQPVREPRDAHDRHEAKPVKAEESQEPVSDESQKSDDSSKKDETNLDDKAE,52.8,125,114,28.947,33,77,59,2,4,51.75,18,/stor/work/Wilke/crisprtn7/reblast2/GCF_000241185.1_PspBSi20495_1.0_genomic.fna
NZ_BADY01000084.1,0..8701,glmS,4544..3204,lcl|4544|3204|3|-1,-1,WP_000251875.1,2.78e-23,WP_000251875.1 glmS phosphoglucosamine mutase [Bacteria],MKERKYFGTDGVRGLVGTAPINPEFAMKLGWAAGRVLSLGGTKKVIIGKDTRISGYMLETALEAGLIAAGIDVVLLGPMPTPAVAYLAQTFRAEAGIVISASHNPYYDNGIKFFNGQGLKLADSVELQIEAMLDEPMTCVASDKLGKASRLVSADGRYIEFCKSQFPQGLSLEGLKVVVDCANGATYHIAPSVMRELGAEVITHACEPNGVNINHECGATHVDTLKRKVLEFKADVGIAYDGDGDRVMMVDHNGRVFDGDDLVYIIACQAAQEDNLGGGVVGTVMSNMGLENALKAKGIEFARSKVGDRYVMELLQQKGWKIGGESSGHVLNLDLISTGDGIISSLQVLAAMVAQNRTLQDLGAGFTKYPMKMINVRYTPGTDPTSTAEVLAAVAEVEKSLGDKGRVLLRKSGTEPVVRVMVEAEQEKIVLDSAQKIATVVESMSK,91.7,226,79,55.696,44,34,56,1,1,70.89,17,/stor/work/Wilke/crisprtn7/reblast2/GCF_000241185.1_PspBSi20495_1.0_genomic.fna
NZ_BADY01000082.1,0..22714,tnsA,2100..2714,lcl|2100|2714|3|1,1,UniRef50_A0A3M5N9X7,4.60e-10,UniRef50_A0A3M5N9X7 tnsA HTH gntR-type domain-containing protein n=380 Tax=Bacteria TaxID=2 RepID=A0A3M5N9X7_PSEAZ,MAGNRATKILSVKDQIAEQLRSDIISGEMPPQTKLNEKELAERFGLSRGPIRDVILQLTKEGLLISRNNCGASVNSVLEPKLQRLMIKLRRSIEEYAITELNGNLTEQNIAELEGILASLEDALDREDYTEVTKIDISFHQYLIYQAGGEELVNIWYPYVMRMRLNYKRITSSSECVNEHRAILEALKAQDSAAAVKAVKHNIK,55.5,132,196,21.939,43,125,91,5,28,46.43,84,/stor/work/Wilke/crisprtn7/reblast2/GCF_000241185.1_PspBSi20495_1.0_genomic.fna
NZ_BADY01000076.1,0..21285,tniQ,13484..12492,lcl|13484|12492|2|-1,-1,tr|A0A2W1D0I8|A0A2W1D0I8_9PLEO,3.48e-10,tr|A0A2W1D0I8|A0A2W1D0I8_9PLEO tniQ Pectate lyase OS=Pyrenophora tritici-repentis OX=45151 GN=A1F97_07859 PE=3 SV=1,MSTPIKAIVINKEDNNYSASLSTIENSDLPNENVSIDVLYSTLNYKDGLAITGKGPVVRSFPMVPGIDLVGTVTNSTSDEFKNGDNVILNGFGVGEKYWGGLAQKAALNSDWLIPLPAGISPKQAMQIGTAGYTAMLSVIALEKQGITPESGEILVTGANGGVGSFAIYLLNQLGYNVTAATGRLDQSEYLKELGAKQVIDRNELSNPGKPLQKERFAAAIDSVGSHTLANICASLKYGGVVTACGLAQGMDLPASVAPFILRGVSLIGIDSVMRPKADRIEAWDRLAKLVNVDYLDKISTEISLEHAIDNAELLMQGKIRGRVVVNCQS,58.2,139,278,24.820,69,176,126,13,33,45.32,79,/stor/work/Wilke/crisprtn7/reblast2/GCF_000241185.1_PspBSi20495_1.0_genomic.fna
NZ_BADY01000076.1,0..21285,tnsA,16354..17202,lcl|16354|17202|1|1,1,UniRef50_A0A1C6RKQ5,4.54e-06,"UniRef50_A0A1C6RKQ5 tnsA Murein DD-endopeptidase MepM and murein hydrolase activator NlpD, contain LysM domain n=2 Tax=Micromonospora inyonensis TaxID=47866 RepID=A0A1C6RKQ5_9ACTN",MKVLEKDRLVMFKTLLATALVASASFSAMALELKGHLTQGGLVTGKLENAKSVSLDGKSLKLSQNGDFVFGFGRDAETTHTLKWVDNNGKSHSQPIAITKREYKIDKITGVAKKYVSPPKEVSARISREAVAVRKAREVESDLLYFLDPVLKPAEGRISGVYGSQRYFNGEPRRPHFGLDIANKTGSPVYAPISGTVVFAEPDLYYSGGTLIIDHGHGITSTYIHLSKLDVKVGDKIEQGNKVAEIGATGRVTGPHLDWRFNWKGERLDPALLMQDTLANKK,45.4,106,133,26.316,35,72,56,3,26,42.11,38,/stor/work/Wilke/crisprtn7/reblast2/GCF_000241185.1_PspBSi20495_1.0_genomic.fna
NZ_BADY01000076.1,0..21285,yciA,17208..17639,lcl|17208|17639|3|1,1,WP_029772286.1,1.79e-101,WP_029772286.1 yciA acyl-CoA thioesterase [unclassified Pseudoalteromonas],MTDVNRDAIIAQRIEDSTTSVTKTVFPGRTNHHNTLFGGDALAWMDEVAFIAATRFCRKPLVTISSDRVDFKEAIPAGTFAELIAKVVHVGNTSLKVDVDILLETMHKDDKHSAISGSFTFVAVDDNHRPTPVVCDKMIYGFD,285,728,143,96.503,138,5,142,0,0,99.30,100,/stor/work/Wilke/crisprtn7/reblast2/GCF_000241185.1_PspBSi20495_1.0_genomic.fna
NZ_BADY01000074.1,7038..48057,tnsA,27038..28057,lcl|27038|28057|2|1,1,UniRef50_A0A2D2C3Y7,2.73e-14,UniRef50_A0A2D2C3Y7 tnsA Tn7_Tnp_TnsA_N domain-containing protein n=4 Tax=Paracoccus TaxID=265 RepID=A0A2D2C3Y7_9RHOB,MATNNMSTVNTRQSLALFVSVAAALFSLFAALSFGAADTSLQDVLNSFLLSNEASFNTRIIFELRMPRTLLAFLAGSGLAISGLILQTVTRNPLADPYLFGISSGASFGVVLLMALAGISAGFMLSAAALLGSLLAMSLLILIAGRQQSAQVESMLLAGVALSFLFSAFTSLLLYWSDPQAVAAILFWTLGSFARAQWPTLWLPLLVITLCTFVMLSFRRQLNAMLLGDESAITLGVRVQRFRILMLVLSSLITAVLVAMCGGIGFVGLMIPHIVRFFISQGTIAGLLVTSLVGGTFMVWVDVLSRSLLKNQELPVGVITAAIGSVFFLSLLFFRKRKV,69.7,169,98,41.837,41,56,62,1,1,63.27,29,/stor/work/Wilke/crisprtn7/reblast2/GCF_000241185.1_PspBSi20495_1.0_genomic.fna
NZ_BADY01000074.1,7038..48057,cas3,20155..18332,lcl|20155|18332|3|-1,-1,gi|307595798|ref|YP_003902115.1|CAS-I|cas3|cas3,2.19e-05,gi|307595798|ref|YP_003902115.1|CAS-I|cas3|cas3 cas3,MNTLTPPSSTLVRKPETVLKQVFGYSEFRDGQKAVIDAAINGHDSLVLLPTGGGKSVCYQIPALVLEGVTIVISPLISLMQDQVTQLQALGVKAAYVNNSLAREEQQLVYQQLHQGLIKLLYVAPEKVLQRDFLERLSHLNVSLFAIDEAHCVSHWGHDFRPHYFRLNELKQRFAHVPMMALTATADKATRFDIVEQLKLQQPYIHTGSFDRPNIRYTIEEKFKPMVQLLRYLKEQKNQSGIIYCTSRKRVDDIAEKLADAGLNAAAYHAGMSNEQRQFVQTGFARDDIQIVVATVAFGMGINKPNVRFVLHYDIPKSIESYYQETGRAGRDGLAAEAIMYFDPADIGRVRRFFEDIDDEQRRRVEEQRFNAMASFAEAQTCRRQILLNYFSEYQREPCGNCDICLNPPKSFDGTLVAQQALSCVYRAEQRFGLGYIVELLRGANTSRIRDNNHHELSTYGIGKDKSSEFWLSILRQLIHQGLLSQDITQGASLRLTEAARAILKSEYALQLAEPRLQAKHVYQDKLAQFNYDKKLFARLRALRKELADADDVPPYVVFNDKTLAEMAQLMPTNDSEFLKVSGVGFTKLNKYGGAFLTAIRNYLATN,46.2,108,46,50.000,23,22,31,1,1,67.39,8,/stor/work/Wilke/crisprtn7/reblast2/GCF_000241185.1_PspBSi20495_1.0_genomic.fna
NZ_BADY01000074.1,7038..48057,cas3,38192..36966,lcl|38192|36966|2|-1,-1,gi|341581811|ref|YP_004762303.1|CAS-I|cas3|cas3,2.26e-09,gi|341581811|ref|YP_004762303.1|CAS-I|cas3|cas3 cas3,MQFSEFDLDNKLLDAINKMGYETPTSIQQQAIPEALQGRDILASAPTGTGKTAAFLIPAIQYLLDFPRRDPGFARVLVMTPTRELAYQIHEQCELLAKRTHLKIGVVTGGINYGTHKEIFEKNNDILIATPGRLMEYLETENFHAEHVEMLIIDEADRMLDMGFKKEMSRICDEAKNRRQCFLFSATLEGDSVERFAEKTLNDPALLEAESSRKEKAKIHQWVHLADDYHHKLELLVNTLKNPDVTKAIVFVKTRERLETLIGELTTNDVKAAWLRGEMPQDKRMKAMENFHSGKTSILVATDVAARGIDVSDISHVINFDMPRTADVYVHRIGRTGRAGKKGIAISLVEAHDIGILYKVERYVEQKLKRRVIRGVEPQHKEAKPPAKKRKDPVKMKAKKKAKVKKKK,58.2,139,351,23.932,84,220,147,14,47,41.88,79,/stor/work/Wilke/crisprtn7/reblast2/GCF_000241185.1_PspBSi20495_1.0_genomic.fna
NZ_BADY01000074.1,7038..48057,glmS,22733..21729,lcl|22733|21729|2|-1,-1,WP_035343592.1,3.32e-04,WP_035343592.1 glmS two-component system response regulator GlrR [Dickeya],MTGNIDKKTRDTVEKYPIIDYIIKENKQAYQYLEKQLLRLPRNENVKVLVVDDSLSTRQYICSLLTRHKYQTLQAEDGKQALVMLEASPDISVIITDNEMPNMNGDELCTEIRRLYDNDEKAIIGISGADSSDLSTLFLKNGANDYLHKPFNSEEFYCRLSQNVDMLTLLATIKNQANTDYLTKIPNRRYFFEEARKSLKKIELDNGNGALAMLDIDHFKAINDTYGHDAGDEVLKGLSICFSKYFKKYLVARLGGEEFAVYFADTDKQEALKKLEGFRYFIEANSQQFSKANIRFTISIGFSSGPVYQIDELLKQADLKLYDAKETGRNKIIS,39.7,91,126,26.984,34,86,59,3,6,46.83,38,/stor/work/Wilke/crisprtn7/reblast2/GCF_000241185.1_PspBSi20495_1.0_genomic.fna
NZ_BADY01000073.1,0..38433,tniQ,12818..11670,lcl|12818|11670|2|-1,-1,tr|A0A5J6PLS4|A0A5J6PLS4_9BACI,7.53e-05,tr|A0A5J6PLS4|A0A5J6PLS4_9BACI tniQ Transposase OS=Psychrobacillus sp. AK 1817 OX=2303505 GN=D0S48_13815 PE=4 SV=1,MSSETEQLDFSSTHSDNFPKILAQLGISLIVTSYQSQRVILVRSNNGNLETKLKAFPRPMGLYADENRITLGTLNQVIDFQRTPNGYADVINGDLDSYEELPKKLQDNELRDIAKFREEWDEQVQSVKAADSLFIERATLSTGMINIHDICWGNDGLWVVNSMFSCLSKLSPDHSFIAAWVPSFISDLKPENRCHLNGMALLDGVPRYATAFSESDTAEGWREELGEKGVLIDVVENKVIKSGISMPHSPRCHAGKVYYCASGDGDIHVYDPKLGTSRVLCELQGFTRGMTFFGDLMLVGTSTLRKSEEHIRFKANPRLLDGQSECAVWLVNVSTGEVIGNLTFSGEVKQIYDIAVVPNSIKPELFQSSDALSSHIFEFCRG,42.7,99,118,32.203,38,70,55,5,10,46.61,30,/stor/work/Wilke/crisprtn7/reblast2/GCF_000241185.1_PspBSi20495_1.0_genomic.fna
NZ_BADY01000073.1,0..38433,tniQ,23131..22622,lcl|23131|22622|3|-1,-1,tr|A0A417XIF4|A0A417XIF4_9CLOT,5.80e-05,tr|A0A417XIF4|A0A417XIF4_9CLOT tniQ GNAT family N-acetyltransferase OS=Clostridium sp. OF09-10 OX=2292309 GN=DXA91_00825 PE=4 SV=1,MQLFTERLKMRQLSDADWSVFLQLHREPDVLEYCFDMPKEVFVRQRFEQRLPIWDPDSRHPLCFAVINNETQEVIGVTGFTYDGITAELGYLFLPKHFSKGYATESLRTVIEWAWQECGIKQFKAVVTRGNTSSENVLSKCGLTQTDAIPQSHIIAGTRYDDLIYTLKV,39.3,90,74,33.784,25,48,35,1,1,47.30,43,/stor/work/Wilke/crisprtn7/reblast2/GCF_000241185.1_PspBSi20495_1.0_genomic.fna
NZ_BADY01000073.1,0..38433,tnsB,24654..26663,lcl|24654|26663|3|1,1,UniRef100_A0A038GSS8,8.35e-46,UniRef100_A0A038GSS8 tnsB Transposon TnsB n=1 Tax=Caballeronia jiangsuensis TaxID=1458357 RepID=A0A038GSS8_9BURK,MIKNAQIHFNHSGTPVASDFDDIYFSDGNGLAESHYVFYDQNNIDTRLQNHDQPHFVIAETGFGTGLNFLNTWQRFTDHLARQQVQNQLDNGVKRLHFISFEKYPLHIDDLNKALQAWPSLSAFSNKLSKQYPINLEGCHRLEFDNGLVVLDLYLGDALESIQAMSYPQTGIVDAWYLDGFAPSKNPEMWQQSLFNSMVNISRASATLSTFTSAGFVRRGLIDAGFSMQKTKGFSKKQNILFAKLKQANSSQSAPAYFNQDKSTLKNVAVIGGGIASSCILYSLAKRGIASQLFCQDEKPAMGASHNVQGAIYPHLQAKNSPHSELFAHSFLYAKRLYNNLLSSGFNFDYDWCGVLQHAVKKPLADKHENLAQKQLWPTQLMHNVTAEQGDEIAGVETGYSGVFFEQGGWVNPPQLVNAMLSAANSINPFKSVFNCNIKQLKKTDSGWFLLTNDEQLGPFSDVIMCAGEHSDAFEQTKALPIVGVRGQVSHIEASEQSRKLKTVLCHKGYFTPAYLDHHCMGATFEKNTKSRQVTALDNQLNQEQLLSFYQQSEFASTLGNITSAKAAVRCTFIDHLPMAGQWCEQSDYTMAFANLRLGKRYQYEQLNKPQQGLHIFTGFGARALCSAPLSAEHLISCLNNEPRPLSERVSQAIHPARFIVRDLIRNKI,161,407,253,37.945,96,139,133,5,18,52.57,37,/stor/work/Wilke/crisprtn7/reblast2/GCF_000241185.1_PspBSi20495_1.0_genomic.fna
NZ_BADY01000061.1,0..25603,tniQ,3639..5603,lcl|3639|5603|3|1,1,tr|A0A444K107|A0A444K107_9RHIZ,4.85e-135,tr|A0A444K107|A0A444K107_9RHIZ tniQ Uncharacterized protein (Fragment) OS=Mesorhizobium sp. M4B.F.Ca.ET.089.01.1.1 OX=2496662 GN=EN780_35465 PE=4 SV=1,MRQVMSNTTNKASRRETRAAASEYIYNLTGQPFPNSHKVYVEGTQPGVRVGMREITLSDTFIGGTDENPVYESNDPLRVYDTSGPYTDPNFELDVRKGLPKFREQWIENRGDTEILESVTSQFSQQRMADEGLDHIRFDHLPKIRRGVAGKNVTQMHYARQGIITPEMEYVAVRENMGRAEIRKELLAAQHKGESFGASIPEFITPEFVRDEIARGRAILPNNINHPETEPMIVGRNFLVKVNANIGNSSVSSSIEEEVEKMVWSTRWGADTVMDLSTGRYIHETREWVVRNSPVPIGTVPIYQALEKVNGVAEDLTWEIFRDTLIEQAEQGVDYFTIHAGVLLRYVPMTAKRVTGIVSRGGSIMAKWCLAHHKENFLYTHFEDICEILKQYDVCFSLGDGLRPGSIADANDEAQFSELRTLGELTKIAWKHDVQVFIEGPGHVPMHMIKANMDEQLKHCDEAPFYTLGPLTTDIAPGYDHITSGIGAAQIAWYGCAMLCYVTPKEHLGLPNKEDVKEGLITYKIAAHAADLAKGHPGAQERDNALSKARFEFRWHDQFNIGLDPERAREYHDETLPQESGKVAHFCSMCGPKFCSMKISQEVRDYAKDLETRGIDPNDAGEAIEIKMIDVEAEMKAKSAQFKQTGSEIYHKAV,396,1017,227,80.176,182,45,201,0,0,88.55,35,/stor/work/Wilke/crisprtn7/reblast2/GCF_000241185.1_PspBSi20495_1.0_genomic.fna
NZ_BADY01000061.1,0..25603,cas2,12825..13370,lcl|12825|13370|3|1,1,gi|406025971|ref|YP_006724803.1|CAS-I-E|cas2|cas2,0.009,gi|406025971|ref|YP_006724803.1|CAS-I-E|cas2|cas2 cas2,MTINKSNLIWLDLEMTGLEPETDKILEIATVVTDADLNILAEGPTIAIHQNDELLNGMDEWCTTQHGKSGLTARCKASTFDEAYAVEQTLAFLKQWVPAGTSPMCGNSIGQDRRFMNKYMRELEDFFHYRNLDVSTIKELARRWKPEVLAKVNKKGSHLALDDIKDSIMELKIYRENFFNL,34.7,78,122,25.410,31,67,53,3,24,43.44,65,/stor/work/Wilke/crisprtn7/reblast2/GCF_000241185.1_PspBSi20495_1.0_genomic.fna
NZ_BADY01000061.1,0..25603,CRISPR array,13824..13922,,,,,"Copies: 2, Repeat: 21, Spacer: 56",AATGCGGTACTAGCTCAGTTG,,,,,,,,,,,,/stor/work/Wilke/crisprtn7/reblast2/GCF_000241185.1_PspBSi20495_1.0_genomic.fna
NZ_BADY01000054.1,0..40273,tnsA,19581..20273,lcl|19581|20273|3|1,1,UniRef50_A0A3M5N9X7,2.13e-05,UniRef50_A0A3M5N9X7 tnsA HTH gntR-type domain-containing protein n=380 Tax=Bacteria TaxID=2 RepID=A0A3M5N9X7_PSEAZ,MTHTFLNEAPITTASDQVFVDMRREIVEGSIVQGSKISEPELAKRYGVSRATLREALNRLESCYLVERKANVGCRVVALTAERLIEVYQVRSSLEGLACRLAADNMEPEEIKGLKQLLNQHLQTQRVKEGESYYQEAGDLDFHYRIIQGSKNAHLIHLLCNELYQLIRMYRVQMGMVGPRVSKAFDEHLAIINAIENHDGELAEMLMKRHISASQANIQTKFDLLAKQKA,42.4,98,218,22.477,49,143,95,6,26,43.58,86,/stor/work/Wilke/crisprtn7/reblast2/GCF_000241185.1_PspBSi20495_1.0_genomic.fna
NZ_BADY01000054.1,0..40273,cas9,13099..13725,lcl|13099|13725|1|1,1,"gi|433625054|ref|YP_007258684.1|CAS-II-A,CAS-II-B,CAS-II-C|cas9|cas9",0.003,"gi|433625054|ref|YP_007258684.1|CAS-II-A,CAS-II-B,CAS-II-C|cas9|cas9 cas9",MKPKFIVIEGLEGAGKSTAISLCQDFLNKKQIDFINVREPGGTPLAESLRTLVKAEHEEEIAFETELLIMYAARSQLMHNVINPALEQGQWILADRHDLSSQAYQGGGRGISSNTLASLSSMVLKGLKPDLTIYLDIDPVIGLERAKGRGELDRIEQEAIEFFQRTRMRYLELANDDSSIKTVDANQDIDKVHRDITNVLRTFFEGLK,37.4,85,136,21.324,29,78,67,6,29,49.26,55,/stor/work/Wilke/crisprtn7/reblast2/GCF_000241185.1_PspBSi20495_1.0_genomic.fna
NZ_BADY01000050.1,0..32163,tnsA,12163..11189,lcl|12163|11189|2|-1,-1,UniRef50_A0A3N1KIY1,4.08e-07,UniRef50_A0A3N1KIY1 tnsA TnsA endonuclease-like protein n=17 Tax=Streptomyces TaxID=1883 RepID=A0A3N1KIY1_9ACTN,MANAAKFDKNITNDDKFDDTTVEENTSLLEKVDDEDIFAKEEVTKNLDATQLYLGEIGFSPLLSAEEEVFFARKSLKGCDASRKRMIESNLRLVVKIARRYNNRGLALLDLIEEGNLGLIRAVEKFDPERGFRFSTYATWWIRQTIERAIMNQTRTIRLPIHVVKELNVYLRTARELTQKLDHEPTAEEIAESLDRPVEDVTKMLRLNEKIASVDMPIGGENDSVLLDIIPDEKSAGPEGQVQTNDINKHIVDWLGELNPKQREVLARRFGLLGYEPSTLEDVGREIGLTRERVRQIQVEALRRLKDILQQEGLSTDSLFNQFS,49.3,116,56,50.000,28,25,37,2,3,66.07,17,/stor/work/Wilke/crisprtn7/reblast2/GCF_000241185.1_PspBSi20495_1.0_genomic.fna
NZ_BADY01000049.1,0..21873,tniQ,19824..20705,lcl|19824|20705|3|1,1,tr|B5GZK9|B5GZK9_STRCL,6.99e-06,tr|B5GZK9|B5GZK9_STRCL tniQ Uncharacterized protein OS=Streptomyces clavuligerus OX=1901 GN=SCLAV_p0400 PE=4 SV=1,MQTPIRGLRSFCFAARSLSFKHAANELYLTPSAVSHQIKQLEEQLGIELFQRKTRSISLTTAGKNFFDAVSPIITMLEGTINEFSQMQQNTNLTITLPEFFASELLMPKLSEWTTEHPNINLQMDTLKTRKEITRHSDLSIVLSSSKPTEGLVTELFNLEYIPACNEKLLNQWKNDHRKALNQVPLILHKARPWAWHQWAEKAGIDDFSPSQIIQIDSMFGVARAAQQGMGIALIPLPISQSWLDEKWLYKLFEQPLTTKDKYYLVQHESNTPNHPLDLFAKWVVNTFRKIQE,45.4,106,61,29.508,18,43,39,0,0,63.93,21,/stor/work/Wilke/crisprtn7/reblast2/GCF_000241185.1_PspBSi20495_1.0_genomic.fna
NZ_BADY01000049.1,0..21873,casR,10888..11322,lcl|10888|11322|1|1,1,gi|333910097|ref|YP_004483830.1|CAS-I|casR|CARF,0.005,gi|333910097|ref|YP_004483830.1|CAS-I|casR|CARF casR,MKPDNQTNFASSAKMPASNEQTFSISELAKEFDITTRSIRFYEDQGLITPERNGQTRIYSKRDKVRLKLILRGKRLGFTLAETGRLFELYDADKSSAKQLVTMLDLISEKKADLSQQMDDIKVVLMELVTAERRCRDTLNKIDE,34.7,78,60,36.667,22,33,35,2,5,58.33,39,/stor/work/Wilke/crisprtn7/reblast2/GCF_000241185.1_PspBSi20495_1.0_genomic.fna
NZ_BADY01000048.1,0..14945,tniQ,2779..3810,lcl|2779|3810|1|1,1,tr|A0A2W1D0I8|A0A2W1D0I8_9PLEO,2.55e-15,tr|A0A2W1D0I8|A0A2W1D0I8_9PLEO tniQ Pectate lyase OS=Pyrenophora tritici-repentis OX=45151 GN=A1F97_07859 PE=3 SV=1,MNQKMKAAVVEQFDKPLVLRDLDIPSPNAGQILVKTEACGVCHTDLHAANGDWPLKPTPPFTPGHEGIGLVTKVGEGVTSVKVGDRVGVPWLYSACGHCEFCLSAYEPVCPDAEFGGYTKNGGFAEYIIADPNYVAHIPDGLSAVQAAPIICAGITTYKGIKETDAKPGEWVAISGCGGLGHLAIQYAKAMGLKVCAVDIDDTKLEHATSLGADAVVNAKKANAADTVKEITQGGAHGVLITAPSLPAFEQGVNMTRKHGTCVLVGLPPGEFPTPLFDVVANCITIKGSFVGNRKDMAEALAFAAQGKVKADIELQPLSAINNIFERLENGKVPSRVVIDFTL,73.9,180,281,28.114,79,156,120,10,46,42.70,80,/stor/work/Wilke/crisprtn7/reblast2/GCF_000241185.1_PspBSi20495_1.0_genomic.fna
NZ_BADY01000048.1,0..14945,CRISPR array,9952..10014,,,,,"Copies: 2, Repeat: 17, Spacer: 28",TATTTTGTTGTGGTGCA,,,,,,,,,,,,/stor/work/Wilke/crisprtn7/reblast2/GCF_000241185.1_PspBSi20495_1.0_genomic.fna
NZ_BADY01000047.1,0..29404,tniQ,16343..15861,lcl|16343|15861|3|-1,-1,tr|A0A417XIF4|A0A417XIF4_9CLOT,8.00e-08,tr|A0A417XIF4|A0A417XIF4_9CLOT tniQ GNAT family N-acetyltransferase OS=Clostridium sp. OF09-10 OX=2292309 GN=DXA91_00825 PE=4 SV=1,MFNTTKLERVTLCLITHKHAACLFNILNHPHVSEFNDYETPLSKTQIKQLIQDDISAYYEGEVIRVAIEHNTSGKLMGTCGLYNLTPCKSSAFIGFELHPDFWDKGIMFEVVSGFIETLVKDIALKHLSAEVSAHNARSHNLLIKLGFSLRENSIWHKSL,47.4,111,78,37.179,29,45,38,2,4,48.72,48,/stor/work/Wilke/crisprtn7/reblast2/GCF_000241185.1_PspBSi20495_1.0_genomic.fna
NZ_BADY01000046.1,0..22814,tnsA,1861..2814,lcl|1861|2814|1|1,1,UniRef50_W4AAL3,1.19e-30,UniRef50_W4AAL3 tnsA Ribonuclease BN n=55 Tax=Bacteria TaxID=2 RepID=W4AAL3_RHORH,MKETKRGQQAAQPVHIPVVGWWDIVKRIFKQMNEDNLSLVAAGVAFYALLAIFPAIAAVVSIYAYFSSPTDISEHLSLFVTLLPDSSRELILSQVSSLAQSSNASLSISALGTLVLTIWSSSKGSQALITACNISYREYEKRSFFKALLVRFLFSMGAIIVAIFSLIIIGILPIVLNLVGLKEGIDLLIKLISWPLLALIFNFTLVLLYRYAPHRKPAKWRWITIGSSIATVLWILASIGFSFYVSRFSSYNETYGSLGGVVIMLMWLYISAYIVILGASTNAATEQQTAIDSTIGPAKKRGNRGAYVADHLDVKNK,119,297,296,28.041,83,200,155,6,13,52.36,91,/stor/work/Wilke/crisprtn7/reblast2/GCF_000241185.1_PspBSi20495_1.0_genomic.fna
NZ_BADY01000041.1,89618..118444,tniQ,110643..109618,lcl|110643|109618|2|-1,-1,tr|A0A2W1D0I8|A0A2W1D0I8_9PLEO,2.73e-11,tr|A0A2W1D0I8|A0A2W1D0I8_9PLEO tniQ Pectate lyase OS=Pyrenophora tritici-repentis OX=45151 GN=A1F97_07859 PE=3 SV=1,MKALSKLKAEPGIWMTDAPKPEVGHNDLLIKIRKTAICGTDVHIYKWDEWASKTIPTPMVVGHEYVGEVVDMGQEVRGFKVGDRVSGEGHITCGHCRNCRAGRVHLCRNTTGVGVNREGAFAEYLVIPAFNAFKIPDNISDELASIFDPFGNAVHTALSFDLVGEDVLITGAGPIGIMAAAVAKHVGARHVVITDVNEYRLDLARKMGASRAVNVANEKLEDVIKDLGMTEGFDIGLEMSGVPSAFNSMLNNMNHGGKIAMLGIPPSDMAVDWNQVIFKGLVIKGIYGREMFETWYKMASLIQSGLDLNPIITHQYSVDDFQAGFDMMISGQSGKVILNWD,61.6,148,270,25.926,70,156,119,11,44,44.07,76,/stor/work/Wilke/crisprtn7/reblast2/GCF_000241185.1_PspBSi20495_1.0_genomic.fna
NZ_BADY01000038.1,0..28114,tnsA,8114..6951,lcl|8114|6951|3|-1,-1,UniRef50_A0A1C6RKQ5,5.19e-10,"UniRef50_A0A1C6RKQ5 tnsA Murein DD-endopeptidase MepM and murein hydrolase activator NlpD, contain LysM domain n=2 Tax=Micromonospora inyonensis TaxID=47866 RepID=A0A1C6RKQ5_9ACTN",MSVFIKSFYQKTFPARQLLIRQNGEVKHVVLASWVQLTVAVLVFATLAWISISTLRVYSQTNKISNIQQNQLNKQLLWQKKVSEQNALYTNQLEQLAILEQKQALLQSMIESLPASISKDSIQLDSNLESPISERKEEFHAPLLDEEPNNKQVNLVTPLTFSARYQHLAQAYQKNFALLDSQINKRHDDILAMLKGAGLESALKQHLALSEQKTAQGGPLDVFDETKIPTQFLLIADKLLLLNNLESFLTELPNSLPLPAAKYYISSSFGLRKDPMNNRRAFHKGVDLAGWHKTEIFAPADAIVLRAGRNGGYGNFIELEHKNGLVTRFGHLNKIKVKKGQLITKNDVIGLMGSTGRSTSTHLHYEVLLDGKHVNPLKITKALSHVR,58.9,141,114,35.088,40,52,57,4,22,50.00,24,/stor/work/Wilke/crisprtn7/reblast2/GCF_000241185.1_PspBSi20495_1.0_genomic.fna
NZ_BADY01000037.1,0..7951,tniQ,3885..4787,lcl|3885|4787|3|1,1,tr|A0A1H1AQR5|A0A1H1AQR5_9ACTN,2.53e-06,"tr|A0A1H1AQR5|A0A1H1AQR5_9ACTN tniQ Regulatory helix-turn-helix protein, lysR family OS=Tsukamurella pulmonis OX=47312 GN=SAMN04489765_0335 PE=4 SV=1",MNLKDFEYVKAIAHYKHFRKAADACFVSQPTLSGQVKKLEQELGVVLFDRSTKQVTLTSKGARLLAQIELILEQTQILKELAATSNEPLQGKLTIGIIPTIAPYLLPALLTSMKAAFIDSQFSFIEMQTATILEALNNGELDFAILADVPELINYHTVALYKEDFLVAVSQDNALSKHKKVALSDLQGCSLLMLSDGHCFKDQAQKFCFSAGVDVSNQYKGNSLETLLALVAMDDGITFVPKLACTERAGIDYMPIFPNQQRNVVFACRKHYPHLSGVEQLGEWLSAHPNLKAKLTKKVN,46.6,109,66,39.394,26,38,38,1,2,57.58,21,/stor/work/Wilke/crisprtn7/reblast2/GCF_000241185.1_PspBSi20495_1.0_genomic.fna
NZ_BADY01000030.1,4405..25622,tniQ,24405..25430,lcl|24405|25430|3|1,1,tr|A0A2W1D0I8|A0A2W1D0I8_9PLEO,1.02e-09,tr|A0A2W1D0I8|A0A2W1D0I8_9PLEO tniQ Pectate lyase OS=Pyrenophora tritici-repentis OX=45151 GN=A1F97_07859 PE=3 SV=1,MKAIGYKKSLPVSNPESLIDVELPQPVATGRDLLIKVKAIAVNPADYKVRLYMPPTNGEVKVIGWDAVGEVVATGEAVTAFKPGDAVYYAGDITRPGSNAEFQLVDERIVGFKPQSLNDAEAAALPLTAITAYELLFEHLNIVKQAADAKTKSDEVILVTGAAGDVGSIFIQLAKAITGATVIATASRESSQAWVKKLGADYVVDHTKPLPAQIDALNIGSVTHVASLHSTDTYFEAYTEVIAPFGKIAMIDDPESLDVSKLKMKSLSLHWEFMFARSMFNAKDLIEQSKLLNHVAELIDQGHIQTTIGKNLGIINAANLRIAHAELEEGRSIGKIVLEGF,57.0,136,128,33.594,43,71,63,3,14,49.22,38,/stor/work/Wilke/crisprtn7/reblast2/GCF_000241185.1_PspBSi20495_1.0_genomic.fna
NZ_BADY01000030.1,4405..25622,parE,19049..22198,lcl|19049|22198|2|1,1,VFJ57583.1,9.44e-05,"VFJ57583.1 parE ParE toxin of type II toxin-antitoxin system, parDE [Candidatus Kentron sp. DK]",MNTRETGLIAWFARNPVAANLLMIFILVGGILMAMTIRKQMFPQFESNWISVQAVYPGAAPQEVEEGITIKVEENLEGIEGIKRLITYSNRGFSQAWIEIEEQYNPQEVLDEIKVQVDSINTFPAGMERPVVRRDKFEQEVMILALYGDMSNYQLKELGNDIKDELQALPHVNLVNFNGGLEYEIGIEVSPDKLREYGLTFRDIAGAVQNFSANMSAGQIRSENGYISMRVEKQAYRGFEFEKLPLITLADGAQIYLGDVATINDGFEEGLQYSKYNGKNSLSFEVNASKDQDITDVAKVLKSYMATKEPLLPAGVKLSPIVDLTYYLEGRLDMMVDNMIWGGLLVMIVLALFLPLRLAFWVMMGLPVSFLGAFLFMPIGFLDVTINLASLFAFILVLGIVVDDAIVVGESASAEIEKYGHTLDNVVRGVKRVAMPATFGVLTTIAAFLPQTLATGPGAAFSKAIGGVIILCLIFSLIESKLILPAHIAAMNPRKPNPKNLLHRLRMVIDSGLKGFVNNYYLPFVSRCIHYRYTVIVGFMCLLIVSAGMFAGGLVKFVPNPKIPHDFPRIDIEMNLASSEQATLETARKIESVLLKVDQQLQEQYGKPMIRDLSVSLRGRTQANIMAILVEPDLRPIDTFALSALWREQMPALPGIKTMTIQDSIMNGGRDDGDVSFKLEGKNADELKEVAGKLKAKLQTMEGVGDVNDSMQSATDEVQLDLKPLAYSMGLTLADVASQVSFSYYGLEAQRILREGEEIKVMIRYPEDERNSISDIASVRIITPTGAEVPLSEVAEVKLVDGVNRIRRENSKRTVNVWAAVNTDQAEPFAIAEEIRDEYLPTLLKSYPGVTSDVAGRIQEEMDSASEQLRDFGISMMIIFALLAIPLRSYSQPLIIMSVIPFGVVGAMFGHMILGMTMSSLSMFGIIAVAGVVVNDSLVMVDFVNKARAEGVSIKDAVMQAGARRFRAILLTSITTFIGVMPIIFETSLQAKIVIPMAVSLAFGVLFATVITLILIPCQYVALEDAKRLVRKMRGKPPLVDAQPAPTNS,41.6,96,100,27.000,27,70,51,2,3,51.00,9,/stor/work/Wilke/crisprtn7/reblast2/GCF_000241185.1_PspBSi20495_1.0_genomic.fna
NZ_BADY01000026.1,15035..55775,tnsA,35035..35775,lcl|35035|35775|1|1,1,UniRef50_A0A3M5N9X7,9.94e-14,UniRef50_A0A3M5N9X7 tnsA HTH gntR-type domain-containing protein n=380 Tax=Bacteria TaxID=2 RepID=A0A3M5N9X7_PSEAZ,MGNRRLFWRIVDKVESLINQGEFSAGMRLPPERELAEMFDVSRPTIREAIIALEVRGRVEVKTGSGVYVVESLDAPIKSQEISAFELTQARALIEGEIAALAALSITEQELEKLNKTLEAMQEGLYVEQADREFHEIIARATRNKALEFAVANLWDLRLTNAQIVTDYSSVCANNNECVMDEHTAIYNALKQHDANAARAAMHQHFNRLINALFDAVESRALEEVKRKNSEKRGLYSLDGLVKSAH,66.6,161,203,26.601,54,132,94,4,17,46.31,77,/stor/work/Wilke/crisprtn7/reblast2/GCF_000241185.1_PspBSi20495_1.0_genomic.fna
NZ_BADY01000026.1,15035..55775,cas6,44871..45938,lcl|44871|45938|3|1,1,"gi|188995791|ref|YP_001930043.1|CAS-I,CAS-III|cas6|cas6",2.43e-30,"gi|188995791|ref|YP_001930043.1|CAS-I,CAS-III|cas6|cas6 cas6",MIPKPDGGERMLGIPSVIDRVIQQAIAQVNSPYFEPQFSPHSYGYRAHKRASQAVNHVQSCVKQGYKTAVDIDLSKFFDEVDHDMLMNRVGRKIKDKALMRLLGKYLRAGIAERETGLWFESTKGVPQGGPLSPLLSNILLDELDKKLTYKRLKFARYADDIIILVKTKSEGLIMQRDITAFITQRLKLKVNESKSRVGPVSGSKFLGFTFRYGQVQIHEQALKKFKANVKELTNRNWGISMTLQIHKLTQYLRGWGHYYLIANAYQLTVDLDHWIRRRIRMCYWRQWRKPRTKVRSLMKLGVSERLAIACGITSKGPCRSSKTKGINIALGNDYLASQGLVSLRDIWINIHYGR,120,302,261,31.418,82,168,133,6,11,50.96,71,/stor/work/Wilke/crisprtn7/reblast2/GCF_000241185.1_PspBSi20495_1.0_genomic.fna
NZ_BADY01000026.1,96869..119221,tniQ,116869..117771,lcl|116869|117771|1|1,1,tr|A0A2W6DER9|A0A2W6DER9_9PSEU,4.42e-04,tr|A0A2W6DER9|A0A2W6DER9_9PSEU tniQ HTH lysR-type domain-containing protein OS=Pseudonocardiales bacterium OX=2201155 GN=DLM58_12285 PE=4 SV=1,MKDLNAIRIFIKVAQLSSFSKAATSLNLPKSSVSQAVTMLESTLNTRLLHRTTRTVNMTSDGELFYQRALGIISDADDLKNLFVSEDKGLTGRIRVDMPQAVSRDTIIPNLSSFLKMHPNLEIELGSSDRRVDVIKEGFDCVVRVGELTDSSLIARRLGSFKVLNCVSRYYVKNHGLPKTLNDLKNHYIVRYSQTLGIPDPGFEYLDSNNQLQSITMKSQLTVNSSEAYLSAVLSGFGLIQSPIHGISKYLESGELIQVLPQYAMPDLPINILYPNRHHLPKRVSAFMLWLEEQLSVFTK,39.7,91,66,36.364,24,39,37,1,3,56.06,21,/stor/work/Wilke/crisprtn7/reblast2/GCF_000241185.1_PspBSi20495_1.0_genomic.fna
NZ_BADY01000024.1,0..46656,tniQ,19851..18823,lcl|19851|18823|3|-1,-1,tr|A0A2W1D0I8|A0A2W1D0I8_9PLEO,8.94e-15,tr|A0A2W1D0I8|A0A2W1D0I8_9PLEO tniQ Pectate lyase OS=Pyrenophora tritici-repentis OX=45151 GN=A1F97_07859 PE=3 SV=1,MPNTDVTHEYTIPHTMRAIVLPEPNEEISLADVQLPVPECADNELLIKVEYVGLNPVDGQFAKSGFCNWQYPHVLGLDAVGVVVKANKGVFPSVGERVMWHASVGGQGVLSEYTKVPNYAVSVLPAGLSPAVAAILPCAGMAALISIDKLSINEGDTVLIEGGAGAVGQFAIQYAKQRGANVFATASKRNHKLVKQLGAEVVFDYNDKKLCDKIRRELGPQGFDAVIDTIGGESTARNIELMRFCGKIACLNPLPCFDQDLMYRRAPNISVVSLGGAWLANSLCAQQRLSFMGNLLLEGACNGDIKTPALTAVEFNAQAVSDALNKQLAGGFTGKQVVHVAP,72.4,176,330,26.364,87,214,147,11,29,44.55,91,/stor/work/Wilke/crisprtn7/reblast2/GCF_000241185.1_PspBSi20495_1.0_genomic.fna
NZ_BADY01000024.1,0..46656,tniQ,25718..26656,lcl|25718|26656|2|1,1,tr|A0A1N1MBJ4|A0A1N1MBJ4_9MYCO,9.84e-05,"tr|A0A1N1MBJ4|A0A1N1MBJ4_9MYCO tniQ Regulatory helix-turn-helix protein, lysR family OS=Mycobacteroides abscessus subsp. abscessus OX=1185650 GN=SAMEA2149858_03031 PE=4 SV=1",MDTTSRLLMLLEVVEQGSFAKAAEIRNIDRSVISKQISRLEDELGVRLLNRTTRSFSLTAAGAEMIKKAAELRELLGETVRMAENYHLEPRGVLKITSSTLIGRRYLQPVLNNFQKRFPQVEVELRLDDRLVDIVSEGFDLAFRVGEPKDSSLIARKIARNRLLIVAAPEFIETYGMPKTMEDLADLPAASYASNSIRVEGVDYYNSKGEPCEQKIKSVYRANDAEVLLMKAISGTAYFVAPAFIIGNEITDGKLIPLLTDIKLMEYSAMYAVYPHRDLPVRTRLFFDAVREYLGKDKPIWENGIPNFEQMY,42.0,97,64,37.500,24,38,36,1,2,56.25,20,/stor/work/Wilke/crisprtn7/reblast2/GCF_000241185.1_PspBSi20495_1.0_genomic.fna
NZ_BADY01000024.1,0..46656,cas3,2921..3238,lcl|2921|3238|2|1,1,gi|332798129|ref|YP_004459628.1|CAS-I|cas3|cas3,6.26e-04,gi|332798129|ref|YP_004459628.1|CAS-I|cas3|cas3 cas3,MRPPSWIRGSSFWVRKIGPRRCVVTSDSNCSSLASAKLENRPLPALLTRKSKFSRPKWFFRVFAMFSANAGKLDVSVTSSASISALPPRASISCFSVSASAAPLR,36.2,82,45,37.778,17,26,25,1,2,55.56,41,/stor/work/Wilke/crisprtn7/reblast2/GCF_000241185.1_PspBSi20495_1.0_genomic.fna
NZ_BADY01000024.1,0..46656,parE,24419..21267,lcl|24419|21267|1|-1,-1,VFJ66771.1,1.78e-05,"VFJ66771.1 parE ParE toxin of type II toxin-antitoxin system, parDE [Candidatus Kentron sp. DK]",MKFSHFFIQRPIFAAMLSLVILIAGGISLFQLPVSEYPEVVPPTVVVTASYPGANPTVIAQTVATPLEQEINGTENMLYMFSQATSDGRMTLTVTFALGTDLDRAQVQVQNRVNSALPRLPEEVQRLGVVAEKSSPDLTMVVHLYSPEKTHDTAYLSNYADLYVKDEIARLPGVGDIRLFGAGKYSMRVWLNPDALAARELTATDVVTALRSQNQQVAAGSLGAQPVSNDSQFQILLNVKGRLNSIEEFEQVIIKVGDEGQLTRLSDIARVELGQDTYSLRAELDTQPALAMPIFQRPGSNAIELSDQVRETMARLSKDFPEGVKYDIVYDPTVFVRGSIDAVIATLLEAIVLVVIVVIVFLQTWRASIIPLIAVPISLIGTFAVMQWLGVSINTLSLFGLVLAIGIVVDDAIVVVENVERNIEQGLSPLEATRVAMNEVTGPIIAIALVLSAVFIPTAFITGLSGQFYKQFALTITISTIISAFNSLTLSPALAALLLKSHDAKPDAFTRLLNKLFGRWLFKPFNRIFDRGAKGYEKLVKKLIRLSLIAMVAYVALVGGTIKLFDTVPGGFIPQQDKQYLVAIAQLPDAASLDRTEDVLRQMQQIALDVPGVAHTVAFPGLSVNGFTNSPNSGIVFTPLDAFEDRADPSKSAMAIAAQLNQRFAAIDEAFVAVFPPPPIQGLGTTGGFKLQIEDRSNKGFEALFNSLQTVIGKAQQDPALMGLYSSFRIQVPQMDIDVDREQALIQGIPLDEVFNALQIYLGSVYVNDFNLFGRTYQVNAQADADYRLDPDQILNLKVRNRAGNMVPLGSVLTVTPTIGPDRVMHYNGYPSAELNGSPAPGYSSDQAQLAIEAILADNLPSGIEYEWTEVTYQQVLAGNTMVYVFPLVVLLVFMVLAAQYESLRLPLAIILIVPMTIFSALLGVWFVGSDNNIFTQIALIVLVALASKNAILMIEFAKDQNETGLSHFDAILAACRMRLRPILMTSIAFTAGVIPLVLATGAGAEMRHAMGNAVFSGMIGVTVFGLLFTPVFYMLVVNKKEKAQELPHE,43.9,102,72,31.944,23,49,38,0,0,52.78,7,/stor/work/Wilke/crisprtn7/reblast2/GCF_000241185.1_PspBSi20495_1.0_genomic.fna
NZ_BADY01000024.1,0..46656,glmS,41664..40300,lcl|41664|40300|3|-1,-1,WP_035343592.1,2.80e-90,WP_035343592.1 glmS two-component system response regulator GlrR [Dickeya],MIDSLLCKHIIVIDDEAMIRDSLKQLLTLEGYTVECFNDASTALSKLSRRYNGIVLSDINMPTMNGLTLLEQITAFDSELPVIFLTGYADVSIAVKAMQLGAYDLFEKPLNEHLLDCIARACDKRSLVMENRALKVVVQKASAPGVRILGDTPKMQHMMHLLNTVIDTPTDIMIEGETGTGKELVARYLHDQSIRSSCNFVAINCGAVPEQLIESELFGAASGAYTGATQSRKGKFEYAQGGTVFLDEIESTPMSLQVKLLRVLEERKVTPVGDNKAIDLNIRIVAATKVDLLSLVEKGEFRADLYYRLSLVKVNIPPLRERKADILLLFKHFSSIAATRYHKPPAPLNSEIQQRLVAYDWPGNVRELRNQAERAVLLGAELAFTEVNTQQFGGLSPDLSLSEKVAFYEQSLIEYALEQNHGSIKNTMETLQIARKTLYDKMSKYNLNRDMFTE,279,714,449,36.526,164,269,249,5,16,55.46,98,/stor/work/Wilke/crisprtn7/reblast2/GCF_000241185.1_PspBSi20495_1.0_genomic.fna
NZ_BADY01000023.1,0..23552,tniQ,3552..2707,lcl|3552|2707|3|-1,-1,tr|A0A2Z5JF85|A0A2Z5JF85_STRAR,1.37e-04,tr|A0A2Z5JF85|A0A2Z5JF85_STRAR tniQ LysR family transcriptional regulator OS=Streptomyces atratus OX=1893 GN=C5746_20965 PE=4 SV=1,MKNISTDSLRTFVMVVEVSGFAKAGDLLGLSQPAVSLQIKRLEDVLGYKLFKKQGQRQVLNQYGELLLPMAKQMMQHNDAILQQFTSENIAGKVRLGIPSEFAARILPSIIGDFVALYPEVSLEVKSRLSKHLLSASRQDQFDLVLALNERLCSEKFPIFMQDKLVWVGDLSLAQNDVVTLVTAPEGCIYRRRATDALKSAGIKYRIVYSNADLTGLIAALKEGLGITVLAKSTVPSELNYQVQTKHLPALGNIGISLVKSSGESENAVDKLAEFIALRLG,41.2,95,74,33.784,25,47,36,1,2,48.65,26,/stor/work/Wilke/crisprtn7/reblast2/GCF_000241185.1_PspBSi20495_1.0_genomic.fna
NZ_BADY01000023.1,0..23552,cas8c,6846..6448,lcl|6846|6448|3|-1,-1,"gi|479209858|ref|YP_007837793.1|CAS-I-C|cas8c|LS,CASCADE",0.005,"gi|479209858|ref|YP_007837793.1|CAS-I-C|cas8c|LS,CASCADE cas8c",MSAATQAIAFLLCTPAIRSVMSTTSPDVVGYWNNAPKMSWFTASSALPTIISKPNCSARVVTTSIVCVCTSSAIKKAFAFLAFDTRFARPIASAAAVDSSSSDALAKSRPVKSRVIVWKFNSDSKRPCAISG,34.7,78,113,28.319,32,65,53,3,16,46.90,73,/stor/work/Wilke/crisprtn7/reblast2/GCF_000241185.1_PspBSi20495_1.0_genomic.fna
NZ_BADY01000022.1,0..15263,tniQ,5339..6355,lcl|5339|6355|2|1,1,tr|A0A2W1D0I8|A0A2W1D0I8_9PLEO,1.01e-14,tr|A0A2W1D0I8|A0A2W1D0I8_9PLEO tniQ Pectate lyase OS=Pyrenophora tritici-repentis OX=45151 GN=A1F97_07859 PE=3 SV=1,MIMKAAINNEYKGKLEITDLPIPEVGTNDVLVKIAACGVCHTDLHACHGDWPVKPKMPLVPGHEGVGVIEKLGSNIKHLKVGDRVGIPWLYSACGHCEFCLDGKETLCLSQHNTGYSIDGSYAEYCLAHGDYVVKIPEGLGFSEAAPLFCAGVTTYKALKVSDAKPGQWVAIVGVGGLGHLAVQYAKAMGFNVIAVDTGKEKLALAKELGADITLDFKEVVPSDAIFEQVGGAHGVVCTAVSKAGFEQAYKSVRRGGKCVLVGLPPEDMPLPIFDTVLNGVSVVGSIVGTRKDLQECLEFAAQGKVKAIIEEKRLEDINEIFDDMLKGEINGRIVVTI,72.0,175,236,28.814,68,151,115,7,17,48.73,65,/stor/work/Wilke/crisprtn7/reblast2/GCF_000241185.1_PspBSi20495_1.0_genomic.fna
NZ_BADY01000018.1,0..26087,tnsA,6087..5605,lcl|6087|5605|1|-1,-1,UniRef50_A0A4R3Y649,2.95e-04,UniRef50_A0A4R3Y649 tnsA TnsA endonuclease-like protein n=2 Tax=Sulfurirhabdus autotrophica TaxID=1706046 RepID=A0A4R3Y649_9PROT,MSTEQKKLTEANLTVGYVAKRSGVKVSTLHFYETKYLIRSWRNSGNQRRYKPDVLRRVAVIKAAQTMGITLEEIKNTLATLPDNRTPTKQDWSALSKHWQAQLDDRIAYMQRLRDKVDGCIGCGCLSLKNCPIYNKDDHLGEQQSGAVLLDKVDYTNSPN,37.7,86,63,36.508,23,34,32,2,6,50.79,39,/stor/work/Wilke/crisprtn7/reblast2/GCF_000241185.1_PspBSi20495_1.0_genomic.fna
NZ_BADY01000018.1,0..26087,csx1,16916..17614,lcl|16916|17614|2|1,1,gi|219847991|ref|YP_002462424.1|CAS-III|csx1|CARF,8.34e-04,gi|219847991|ref|YP_002462424.1|CAS-III|csx1|CARF csx1,MKFMSHKNHVFVRTTFQSSFHSHSYTAILRTLQALFTDIKMDDTVPQLEERSHYDLFLIDGTKNNWQDLIPTDLICLAKHCNVVVFNVERETVCEKNLLLNHFNGVFYKSDPPEVIFKGLVKINAGELWFARKIISIAFNDILAVASSFNSLYDGIEIKKDDYDHLTKREKSVIYLIAQGASNNAIADKLNISDHTVKTHLYSAFKKTSSRNRVELANWAQRYISVLLPMAK,38.5,88,56,37.500,21,33,33,1,2,58.93,24,/stor/work/Wilke/crisprtn7/reblast2/GCF_000241185.1_PspBSi20495_1.0_genomic.fna
NZ_BADY01000017.1,0..51127,tniQ,17463..16546,lcl|17463|16546|2|-1,-1,tr|A0A1B1MDJ1|A0A1B1MDJ1_STRLN,5.86e-04,tr|A0A1B1MDJ1|A0A1B1MDJ1_STRLN tniQ HTH lysR-type domain-containing protein OS=Streptomyces lincolnensis OX=1915 GN=SLCG_4177 PE=4 SV=1,MIISILLKHFYSMVIMARWNGIDEFIAVGEEGSFTSAAKMLGLSVAHISRHVTALEQRLNTQLLTRTTRKVVLTKEGEVYLHQIKHLQHAMDEATQGLATHQTTPKGKIKLTAPVMYGESFIMPIVHNFMKDHPEVEVVATLSNEQENLLEGGFDLAIRLGHLKDSSLKARRLSARRFIMCAAPQYLTRFGEPHTLGELNSHECLIGNSSYWRVNENGRDKHIKIAGRLQCNSGWALVDGAKKGLGIVQLPDYYIENEINSGQLVPILTPYQPQQEGVWGVYPPRQFVATNVRVLLDYLVKGLKA,39.3,90,86,29.070,25,58,45,1,3,52.33,27,/stor/work/Wilke/crisprtn7/reblast2/GCF_000241185.1_PspBSi20495_1.0_genomic.fna
NZ_BADY01000017.1,0..51127,tniQ,17553..18674,lcl|17553|18674|3|1,1,tr|A0A2W1D0I8|A0A2W1D0I8_9PLEO,2.11e-10,tr|A0A2W1D0I8|A0A2W1D0I8_9PLEO tniQ Pectate lyase OS=Pyrenophora tritici-repentis OX=45151 GN=A1F97_07859 PE=3 SV=1,MSEFIKSKAAIAWGPNQPLSVEEVDVMMPKQGEVMVKITATGVCHTDAFTLSGQDPEGIFPAILGHEGAGVVYAVGEGVTSVEVGDHVIPLYTAECGVCKMCTSGKTNLCSAVRETQGKGLMPDGTTRFFKDGQPIYHYMGTSTFSEYTVLPEISLAKVNKEASLEEICLLGCGVTTGMGAVTNTAKVKPGDTVAIFGLGGIGLSAIIGAKMAGAGRIIGVDINTTKFDLATKLGATDLINPKDFDKPIQEVIVEMTDGGVDYSFECIGNVDVMRSALECCHKGWGESVIIGVAGAGQEISTRPFQLVTGRVWRGSAFGGVKGRSQLPEIVERYMAGEFALSDFITHTMSLEDINEAFDLMHEGKSIRTVIHY,59.3,142,157,31.210,49,98,85,6,10,54.14,41,/stor/work/Wilke/crisprtn7/reblast2/GCF_000241185.1_PspBSi20495_1.0_genomic.fna
NZ_BADY01000017.1,0..51127,tniQ,30789..31127,lcl|30789|31127|3|1,1,tr|A0A2S5Z7P1|A0A2S5Z7P1_9ALTE,7.21e-04,tr|A0A2S5Z7P1|A0A2S5Z7P1_9ALTE tniQ Uncharacterized protein OS=Marinobacter sp. N4 OX=2055143 GN=KEHDKFFH_15295 PE=4 SV=1,MSLPACPKCQCEYVYEDQQLLVCPECAHEWNPNTAHDEDAILVKDANGTLLNDGDKVTVAKDLKIKGSSQVIKIGTKAVVRRVLDKKDHELDCKVEGIGEMMVTAKFVKKAT,35.4,80,28,42.857,12,16,15,0,0,53.57,25,/stor/work/Wilke/crisprtn7/reblast2/GCF_000241185.1_PspBSi20495_1.0_genomic.fna
NZ_BADY01000017.1,0..51127,parE,32126..31809,lcl|32126|31809|3|-1,-1,WP_072841483.1,3.56e-49,WP_072841483.1 parE type II toxin-antitoxin system RelE/ParE family toxin [Marinomonas],MAEIIWTNPALDDLNDIAEYIALSNLQSAKKLVSKIFEKVERLELFPESGKKPIELANLNYLELVVNPCRIFYKKDNDKVYILHVMRQERDLRKFLLLTQYEANK,149,376,102,67.647,69,33,86,0,0,84.31,97,/stor/work/Wilke/crisprtn7/reblast2/GCF_000241185.1_PspBSi20495_1.0_genomic.fna
NZ_BADY01000015.1,3051..68592,tnsC,24844..23051,lcl|24844|23051|3|-1,-1,UniRef100_A0A0L6ZA33,4.67e-05,UniRef100_A0A0L6ZA33 tnsC Transposon Tn7 transposition protein TnsC n=1 Tax=Clostridium homopropionicum DSM 5847 TaxID=1121318 RepID=A0A0L6ZA33_9CLOT,MTTNPRPDRAQQQSLRAFLKRQSKPAAVWLKLSIALGTFNALLMIAGAYLLAQAIHNVMFEGNNLAQVTYLLWPLAGIILLRAVFLALSERLSAFAALKIKSAMRQTLLNKLSLLGPSYIEQHGQGATLNTLHNGVEALHDYYAKYLPGAAYSALIPLAILVVIFPTDYKAGLIFLLTAPLIPFFMILVGSKAEALNQKRWKQLAVLGNYFFDRVQGLTQLKLFNATRTELKQIAKISDDFRHATLDVLKIAFLSSFALEFLATISVALVAVIIGFRLFFGTLDFATGFVVLLLAPEFYLPLRQLGSHYHARLQGISAATDMVAILNAPLPSDESEPVTTSAPENNLTLNTINSISITDLNFIYPDSNEGIININLTLPNKGLIAVVGSSGSGKSTLFDCLLGFHPEVIKHLSINDQSLSTTDITYLQNNIAWIPQKATLFYDTIAANIKLAKPTATQQELEHAAEQAGVLEFINTLPDGFNTLIGEQGEGLSGGQKQRIALARAFIKQAPVLVLDEPTAHLDSQTELLIQDAINEYAKNNLVLVIAHRLNTVKHASNIIVMHDGKIAEQGHFETLAAQNGAFANLLKTAEQGVAHA,44.3,103,101,29.703,30,56,51,3,15,50.50,15,/stor/work/Wilke/crisprtn7/reblast2/GCF_000241185.1_PspBSi20495_1.0_genomic.fna
NZ_BADY01000015.1,3051..68592,tnsA,41719..42369,lcl|41719|42369|1|1,1,UniRef50_A0A0M9UIE8,1.16e-105,UniRef50_A0A0M9UIE8 tnsA Tn7_Tnp_TnsA_N domain-containing protein n=43 RepID=A0A0M9UIE8_9GAMM,MVRWLTHMYRRKLKHSRVKNLHKFASQKNKSTCLVESSLEFDACFHFEFSPSIAAFEAQPLGYEYEFDNRICRYTPDFLLTHTDGTQKFIEVKPQSKIADEDFRARFIEKQAIAKQGGRDLILVTDKQIRVYPTLNNLKLLHRYSGFQSLTELQASVLELVQQYESIKVGQLVSYLKVTAGELLATVLRLLSLGQLFADLTTNEISIETAIWSNNV,301,770,208,67.308,140,68,175,0,0,84.13,96,/stor/work/Wilke/crisprtn7/reblast2/GCF_000241185.1_PspBSi20495_1.0_genomic.fna
NZ_BADY01000015.1,3051..68592,tnsB,42362..42751,lcl|42362|42751|2|1,1,UniRef100_A0A0N8TSW6,2.78e-73,UniRef100_A0A0N8TSW6 tnsB Transposon Tn7 transposition protein TnsB n=1 Tax=Pseudoalteromonas sp. P1-25 TaxID=1723758 RepID=A0A0N8TSW6_9GAMM,MFNDGLFDDEFNQPLPKVETKLPQNYAKDLQALPEKIKTTTFAKLKYIQWLEANIQGGWTQKNLEPLLKVMPEVEGEKKPSWRTAARWYSAYTNADKNIIALIPSHQKKVIERAIQQRISFLKKHLSVT,227,578,109,98.165,107,2,108,0,0,99.08,84,/stor/work/Wilke/crisprtn7/reblast2/GCF_000241185.1_PspBSi20495_1.0_genomic.fna
NZ_BADY01000015.1,3051..68592,tnsB,43069..44184,lcl|43069|44184|1|1,1,UniRef100_A0A0N8TSW6,0.0,UniRef100_A0A0N8TSW6 tnsB Transposon Tn7 transposition protein TnsB n=1 Tax=Pseudoalteromonas sp. P1-25 TaxID=1723758 RepID=A0A0N8TSW6_9GAMM,MLVDVYSHCIVGYYFSFSEPSYDAVRRAMLNAMKPKSEVAKLYPDTINEWKCAGKIETLVVDNGAEFWSNSLELACEEIGINTQYNPVAKPWLKPFVERMFGTINTELLDPVPGKTFSNILQKHEYNPKKDAIMRFTTFMQLFHKWVVDVYHQDADSRFKYIPSQLWDQGFNTLPPTVLSNDDLQQLDVVLSISNHRVLRKGGIRLENLSYDSTELANYRKQFSHKVSQEVLIKLNPDDISYIYVYLDKLEHYIKVPCIDPNGYTQNLSLNQHKINIRIHRDFISSSIDNVGLAKARMFIHNKIQNEFEELKNAPKHSKVKGGKALAKHQNVSSDSQKSIAQSEPVEHKKVTPKEQPTDSWDDFISDLDGF,762,1967,371,98.113,364,7,368,0,0,99.19,100,/stor/work/Wilke/crisprtn7/reblast2/GCF_000241185.1_PspBSi20495_1.0_genomic.fna
NZ_BADY01000015.1,3051..68592,tniQ,44187..45188,lcl|44187|45188|3|1,1,tr|K0Q410|K0Q410_9RHIZ,5.17e-16,tr|K0Q410|K0Q410_9RHIZ tniQ Putative TniB-like ATP-binding protein (Modular protein) OS=Rhizobium mesoamericanum STM3625 OX=1211777 GN=BN77_p40112 PE=4 SV=1,MLTDKQKEKLNEFRDVFIEYPIISTVFNDFDRLRLGKGLTGEKPCMLLNGDTGTGKTALIKQYKERHLPQFINGVMNHPVLVSRIPSNPTLESTLAELLKDLGQVGSTERKLRINGTRLTTSLIKCLKTCGTELIIIDEFQELIEHNQGKKRREIANRLKYINDEAGVSIVLVGMPWTEKIADEPQWSSRLLVRRQLPYFKLSENPKHFVQLIIGLANRMPFTEKPNLSEQATVFALFSLSKGCFRTLKYFLDDAVLYALIENAKTLTTKHLVKAFEVLFPDVPNLFTLPVAEITASEVERYSLYKSESAQDEDPFIATKFTDRMPISQLLRK,76.6,187,221,25.339,56,147,105,7,18,47.51,64,/stor/work/Wilke/crisprtn7/reblast2/GCF_000241185.1_PspBSi20495_1.0_genomic.fna
NZ_BADY01000015.1,3051..68592,tniQ,52108..53283,lcl|52108|53283|1|1,1,tr|A0A2N1BBG8|A0A2N1BBG8_9GAMM,0.0,tr|A0A2N1BBG8|A0A2N1BBG8_9GAMM tniQ Uncharacterized protein OS=Pseudoalteromonas sp. GutCa3 OX=888433 GN=CXF64_12925 PE=4 SV=1,MHFLVQTKPYPDEALESYLLRLASDNSYDGYSELADILWQWLAEQDHELEGALPLELSKVDVYHARQASSFRIRALKLVAQLADVNAGYILALAWRRSNFKFGNLAAVSRNELTIPLELLRTDNIPVCIECLSESSYIPFYWHLKPYKACHKHKTQLTMHCKECHDSIDYRASEAFLECSCGYKLTRSEQLNDADFKIAFALASSNSPKIMGLLSWFAKVKQIDVSDLDFNCAFVDYFSTWPDGFNAELDLLTNNARLKQLNPFNKTKFNSVYGNVICDAQIAATSNRKNKVLDEIINYFVELVDSNPKAKHPNIADLVLCTFDAAVLLNTTTEQVYRLHQEGFLTCAYPQKKHEQLRADSHVFYLRQVIELQQAFAAEKPQTKNQFIAPW,723,1867,391,91.049,356,35,369,0,0,94.37,100,/stor/work/Wilke/crisprtn7/reblast2/GCF_000241185.1_PspBSi20495_1.0_genomic.fna
NZ_BADY01000015.1,3051..68592,cas8f,53287..55338,lcl|53287|55338|1|1,1,"gi|315127127|ref|YP_004069130.1|CAS-I-F|cas8f|LS,CASCADE",0.0,"gi|315127127|ref|YP_004069130.1|CAS-I-F|cas8f|LS,CASCADE cas8f",MNLQNAFAIESLKEKTTTLRKLFAPYMPHVAVDGFEEQALVVLINLVYKRSEIDDLTSTRTAKSVLRDEVLLTKCINEAKWFHTHNLKYPDIRVSHQRLISEVVSEDIAGICSRSLPLSFGWSHNSAEINHAKLFLTSFNWQGEVTCLAKLLITEELVWINLIRGYGFTKKAVLDIAGKIKQLLPVAELPLEVSSFSPQLQMPFQQSYLAVTPVVSHAMLAKIQQLTTDRKLNFALVEHSRPANVGDLASSVGGNIRVLRYFPKTYSKATNRSKVANNDIEKIFKIRALLNSQFQQALLVLVGIKQFNTLRQKQLARVAAIRQVRASLQLWLDNILEAKNNAQNQVYPEWAKHYLDQSVTNCISQFSNVLNESLSSLSKLKRFAYHPNLMGMFKTQLNYVFTHCTAEQETLNDEQIVYVHCQDMRVFDAEAMANPYIQGMPSLTALNGLAHNFERKLKNFIDPSIKCIGSAIYIENYQLYTGKPLPEPSKLKQVAGRSHVISSGIIDKPKCDITLDLIFRLFVPNKEVLNKLNSQLIKPALPSVFAGGTMHPPSLYQNIDWCHLHTKPSELFKNIKVKSLNGSWLYPSKKVVKSFEQLIDALNGNFDLRPAAIGFAALEKPVKREAALHESHCYAEPVIGLLECVSNTSVKYAGAKQFFHDAFWVMDVQKESMLMKKSKFEYE,1306,3380,683,91.654,626,56,650,1,1,95.17,100,/stor/work/Wilke/crisprtn7/reblast2/GCF_000241185.1_PspBSi20495_1.0_genomic.fna
NZ_BADY01000015.1,3051..68592,cas7,55338..56366,lcl|55338|56366|3|1,1,"gi|315127126|ref|YP_004069129.1|CAS-I-F|cas7f|G7,CASCADE",0.0,"gi|315127126|ref|YP_004069129.1|CAS-I-F|cas7f|G7,CASCADE cas7",MQLPRHLSYTRSLSPSKAVFFYKTPESDFEPLQIEQNKLVGQKSGFGDAYQKQDVAKNLAPQDLAFGNPQTIDVCYVPPTVNELFCRFSLRVEANSNEPHVCDDPKVIYWLRRFFETYKKNNGLNEVATRYAKNILMGNWLWRNRQSPNVDIEILTENSDPIIVESAQKLKWQGNWQNNQTALLTLSEAIQEGLSNPQNYCYLDITAKIKNAFSQEVHPSQKFVDNVEQGMSSKQLAYTQVGDKKAASLNSQKVGAAIQTIDDWYEGGYKPLRTHEYGADKQILVAHRTPKTHSDFYSLLPRIALHIKYMEKHGLEQSEESDAVHFIAAVLIKGGLFQRSKA,681,1758,342,93.860,321,21,334,0,0,97.66,100,/stor/work/Wilke/crisprtn7/reblast2/GCF_000241185.1_PspBSi20495_1.0_genomic.fna
NZ_BADY01000015.1,3051..68592,cas6,56456..56965,lcl|56456|56965|2|1,1,"gi|315127125|ref|YP_004069128.1|CAS-I-F,CAS-IV|cas6f|cas6",5.09e-114,"gi|315127125|ref|YP_004069128.1|CAS-I-F,CAS-IV|cas6f|cas6 cas6",MSSREISNIGVCFPKWNEQTIGNQIAFVSTDKKQLINLSQQSYFEMMAHDKLFGLSKILEVPVNQSEVMFVRNQSVAKAFVGEKQRRLKRAKKRAEARGEVYNPEYKFEAKDIGHFHSIPVSSKGNGENFILHIQKIENTNAVRNQFNNYGFATNQTFQGTVPSLNTLF,320,821,166,91.566,152,14,158,0,0,95.18,98,/stor/work/Wilke/crisprtn7/reblast2/GCF_000241185.1_PspBSi20495_1.0_genomic.fna
NZ_BADY01000015.1,3051..68592,csm6,57773..57324,lcl|57773|57324|2|-1,-1,"gi|433654546|ref|YP_007298254.1|CAS-III-A,CAS-III-D|csm6|CARF",0.002,"gi|433654546|ref|YP_007298254.1|CAS-III-A,CAS-III-D|csm6|CARF csm6",MPSDMQPSTNHKFVDILSNGKVNLSSNPLDEIELIQRGLDIKSVEKFRLQLGWDIQSFAKAIGTNIRTLERHKKEYTRLNATLSENTFELAHLASACIDYFENIERWNKWLNTYSLQFSSKTPLTFVNTIAGRRLIRNVINSLKYGYNA,35.8,81,95,23.158,22,57,47,3,16,49.47,53,/stor/work/Wilke/crisprtn7/reblast2/GCF_000241185.1_PspBSi20495_1.0_genomic.fna
NZ_BADY01000015.1,3051..68592,xre,47631..47957,lcl|47631|47957|3|1,1,tr|A0A4R6HQ65|A0A4R6HQ65_BACIU,3.25e-08,tr|A0A4R6HQ65|A0A4R6HQ65_BACIU xre Transcriptional regulator OS=Bacillus subtilis OX=1423 GN=DFO69_2782 PE=4 SV=1,METPTPSRLKSARKAAGLTQQQLGMALGMEPNTASARMNQYEKGKHAPDFLTMKRIAKELDVPVAYFYCEEDDLAELICAWGKADQNDKAKLLDSIKTSKISLGLIKE,38.5,88,70,31.429,22,42,37,2,6,52.86,65,/stor/work/Wilke/crisprtn7/reblast2/GCF_000241185.1_PspBSi20495_1.0_genomic.fna
NZ_BADY01000013.1,0..8623,tnsA,6906..7619,lcl|6906|7619|3|1,1,UniRef50_A0A3M5N9X7,1.35e-05,UniRef50_A0A3M5N9X7 tnsA HTH gntR-type domain-containing protein n=380 Tax=Bacteria TaxID=2 RepID=A0A3M5N9X7_PSEAZ,MRIFKAKSPAGFAEEYIVESIWNGDFPPGSILPAERELSELIGVTRTTLREVLQRLARDGWLTIQHGKPTRVNNFWETSGLNILETLARLDEDKMPELTDQLLSARTNISAIYTRAAIKLNPERVIEILSQSHELEDTAQAFADYDYKVHHELAVAGNNRIYVLILNGFRGFYSKIGCHYFSDAGTRELARQFYKDLTILAENKEHDGAISMMRKYGHQTGEIWQNIRGDMPSDIMD,42.7,99,161,25.466,41,106,72,5,14,44.72,65,/stor/work/Wilke/crisprtn7/reblast2/GCF_000241185.1_PspBSi20495_1.0_genomic.fna
NZ_BADY01000012.1,13542..34880,tnsA,33542..34855,lcl|33542|34855|2|1,1,UniRef50_A0A1C6RKQ5,5.88e-12,"UniRef50_A0A1C6RKQ5 tnsA Murein DD-endopeptidase MepM and murein hydrolase activator NlpD, contain LysM domain n=2 Tax=Micromonospora inyonensis TaxID=47866 RepID=A0A1C6RKQ5_9ACTN",MVHVVNTLPKKHKLLILGLVSAIAGLLFLPSEKATASKDNSVNALEIGKRYELQVKVDNNEKLTELNSEQAAEKLPEYDFVDHKVKNGDNLAIIFKRAGFSAQTLHKLINTNAETRKLTKIHPGEILSFATAEDGSLAQLRYVISKTDTLFVTLNEEGNYDTAIDSKEIETLTKTAGGEISNNFWTSAIAAGLSERQIMNFADIFGWDVDFANDIRKGDVFGLIYESHYVDGEFIGTGKIIAAEFVNQGQRFAAIRHTDGNFYTPEGRSMKKAFLRAPVSFKYISSSFNPRRLHPVTGQVRAHRGIDFAARTGTPVVASGNGKVIKAGYSKYNGNYVFISHGTQYVTKYLHLNKKLVKTGQKVKQGQKIGTVGSTGRVTGAHLHYEFLVNGVHRNPKTVKLPKSEPLPRSELAKFKPIADNFIAQLERNRELQLALK,65.5,158,111,36.036,40,49,55,3,22,49.55,20,/stor/work/Wilke/crisprtn7/reblast2/GCF_000241185.1_PspBSi20495_1.0_genomic.fna
NZ_BADY01000012.1,13542..34880,glmS,25264..25980,lcl|25264|25980|1|1,1,WP_035343592.1,3.46e-04,WP_035343592.1 glmS two-component system response regulator GlrR [Dickeya],MQTPVILIVEDEDVTRLNLVSLFEAEGYKVIEAIDGDDMHDKLTNNDDVNLVVMDINLPGKNGLILARELRQKRKVGLIFLTGRDNDVDRILGLEIGADDYITKPFNPRELTIRARNLITRTALGGEESALETNGVITFNGWELDENSRCLTSPNGDAKRLPKGEYRALRLMLDSPGRIFSREQLIKHMTGRELRANDRTVDVTIRRIRKHFESDNSTSELISTIHGEGYRFIGKIDS,38.9,89,124,24.194,30,91,63,3,3,50.81,51,/stor/work/Wilke/crisprtn7/reblast2/GCF_000241185.1_PspBSi20495_1.0_genomic.fna
NZ_BADY01000012.1,13542..34880,yciA,28545..29465,lcl|28545|29465|3|1,1,WP_010787592.1,1.24e-07,WP_010787592.1 yciA GTP cyclohydrolase I FolE2 [Bacillus atrophaeus],MQTNMPDIADTAPALQTGKLDWVGMGEIELPFIFESRDLAPVTVNAKARAFVNLHKEEAKGIHMSRLFLALDMLSTEQQVNPQTIAQALDTFITSHEGLSDKAQIEFKFELPLRRKSLLSGKTGWKSYPITLTSTLENNNIHYELTVDVTYSSTCPCSAALARQLIQNAFSEKFNQETLSQKDVHEWLGTTQGIVATPHSQRSIANVKVKLNSKTDEFDVVNLINMLEEELKTPVQAAVKREDEQEFARLNGQNLMFCEDAARKIKALLEHNNYADYWLQINHYESLHAHDAVAIAVKGLTNGYQA,49.7,117,246,25.203,62,141,103,8,43,41.87,78,/stor/work/Wilke/crisprtn7/reblast2/GCF_000241185.1_PspBSi20495_1.0_genomic.fna
NZ_BADY01000010.1,64029..105774,tniQ,84029..85774,lcl|84029|85774|2|1,1,tr|A0A081NVM8|A0A081NVM8_9BACL,6.51e-04,tr|A0A081NVM8|A0A081NVM8_9BACL tniQ ABC transporter domain-containing protein OS=Paenibacillus tyrfis OX=1501230 GN=ET33_22665 PE=4 SV=1,MDQSTTQIYKRLISYVGAYKSVAFVAIIGMIGYSGMDALFIQLMKPFIDEGLNQRNSDVLKYAPFVVIALVIGRGIFNFMSSYCLSYVGSQVVRSLRQELFEHILHLPVSFHDKNSTGDLISKITFDTEQVQQAITKALLIVVREGAFVVFLLGVMFYTSWKLSLIFLVIIPLVAIIVAVVSKRFRHISKSIQSAMGQVTRSSEQMLSGHKVIHGFGGQEQEINKFSKINNHNRQQRIKMDATKALSVSIIQILAASAMAVILWVVSMPSMIDTISSGDFVVLISSMMMLLRPLKQLANVNSDMQRGISASQSIFLILDENVEKDTGTVAVDKVKGLIEVKNVTFKYPTKDEAVLNDLSLTIKAGESIALVGRSGSGKSTISNLLPRYYDLDLPSEILLDGIALQDYKLTDLRRQFALVSQQVVLFNDTIANNICYGIKHDVTNDELVQVAKQAHVWEFVKDLPEQLNTMVGENGVMLSGGQRQRIAIARAILKDAPILILDEATSALDTESEKLIQQALETLMKDKTSIVIAHRLSTIENSDRIYVIDNGRVIESGDHNSLLANDGTYSALCKMQFGDQA,40.0,92,90,30.000,27,53,49,3,10,54.44,14,/stor/work/Wilke/crisprtn7/reblast2/GCF_000241185.1_PspBSi20495_1.0_genomic.fna
NZ_BADY01000008.1,0..7385,tnsA,4937..5665,lcl|4937|5665|2|1,1,UniRef50_A0A3M5N9X7,1.91e-21,UniRef50_A0A3M5N9X7 tnsA HTH gntR-type domain-containing protein n=380 Tax=Bacteria TaxID=2 RepID=A0A3M5N9X7_PSEAZ,MARIENLNLSQQVTNELGKAIINGYYTAESGLPTEAKLCEEYGISRTAVREAVKMLAAKGLISSRPRQGIRVEPANTWNLYDTSVLKWLLESSPSLYVLKDFLQVRLAIEPQAAALAARRADKAAIAEIAVALENMQAASDAPDGEIHEADLSFHTAILFASGNQFFFQLRDFIRTALNVSIQHTTPAKGSKKAIVDEHFKVYQAILHGESERAKNMMTYMIDEAMLFIEKEIADQEAAQSS,87.4,215,207,34.300,71,118,105,6,18,50.72,82,/stor/work/Wilke/crisprtn7/reblast2/GCF_000241185.1_PspBSi20495_1.0_genomic.fna
NZ_BADY01000002.1,0..15622,tniQ,13055..12738,lcl|13055|12738|3|-1,-1,tr|A0A417XIF4|A0A417XIF4_9CLOT,7.64e-06,tr|A0A417XIF4|A0A417XIF4_9CLOT tniQ GNAT family N-acetyltransferase OS=Clostridium sp. OF09-10 OX=2292309 GN=DXA91_00825 PE=4 SV=1,MKNAVIGYDLLPKYWGKGFSTEAVHRIVKAAFSGDLSCGKLNRIQGDTVLGNSASESLLLKVGFKEEGIRRQSGYWKNQFHDLKCFGLIHSEYSEIRQVRIITNS,40.4,93,93,31.183,29,48,47,4,16,50.54,89,/stor/work/Wilke/crisprtn7/reblast2/GCF_000241185.1_PspBSi20495_1.0_genomic.fna
NZ_BADY01000001.1,4556..80615,tnsA,24556..25461,lcl|24556|25461|1|1,1,UniRef50_A0A1W6LD49,2.53e-51,UniRef50_A0A1W6LD49 tnsA UPF0761 membrane protein A4W93_20890 n=42 Tax=Betaproteobacteria TaxID=28216 RepID=A0A1W6LD49_9BURK,MNDKLSNYKQQVKTFIRQQPSWWMQYFNRCIDDQITVNAGYLAYVTLLSLIPLIAVGVAIFSAFPGFESTRMEIESFLFTNFVPTSTDVIREHISSFAGNANQMTAVGIGFLAAIALLLIRNVDATLNRIWRIKKKRPMMISFAVYWMVLSLGPMLLGASIGVTSYIVSLVSFADQGIPGFSGFLLKLLPYGISMVGFIMLYTLVPNTRVSFKAAIPGALFAALLFELTKKGFALYISHFPSYEVIYGAVATIPILFVWVYLSWVVVLLGAEFTACISPDEIPETPEIEFEDDKPTVKDTV,168,425,250,36.400,91,158,142,1,1,56.80,83,/stor/work/Wilke/crisprtn7/reblast2/GCF_000241185.1_PspBSi20495_1.0_genomic.fna
NZ_BADY01000001.1,4556..80615,tnsA,60615..59893,lcl|60615|59893|3|-1,-1,UniRef50_A0A3M5N9X7,1.47e-12,UniRef50_A0A3M5N9X7 tnsA HTH gntR-type domain-containing protein n=380 Tax=Bacteria TaxID=2 RepID=A0A3M5N9X7_PSEAZ,MNSETRTMKSQPRQNLTHQLTHDLGFAIVRGVYPVSEGLPSEADLCIKYDVSRSATREAVKMLSAKGLISSRPKQGIRVLPESSWNMFDTDVLRWILSSKPSLSLLKEFTQVRVALEPQAAALAAVNATAEQLVEIDNALARMADADEGLDDPLEADIAFHTSILVASNNRFFVQLTEFISTALRVSIRYTNHIKGVPGADVAKHADILNTIKSRNPELAKKAVETILEEALELIESKLV,63.2,152,148,32.432,48,90,75,3,10,50.68,61,/stor/work/Wilke/crisprtn7/reblast2/GCF_000241185.1_PspBSi20495_1.0_genomic.fna
NZ_BADY01000001.1,4556..80615,cas3,18501..17095,lcl|18501|17095|3|-1,-1,gi|257388875|ref|YP_003178648.1|CAS-I|cas3HD|cas3,0.008,gi|257388875|ref|YP_003178648.1|CAS-I|cas3HD|cas3 cas3,MSQSVLDFIKENDVKFIDLRFTDTKGKEQHVSIPHHQVDEDFFEDGKMFDGSSIAGWKGINESDMVLLPDADSIKLDPFTEETTLIVRCDVVEPSTLQGYERDPRSVAKRAEDYMRSTGIADTVLFGPEPEFFVFDDVKYKSDMSGSMYKIDSKQAAWNSDKEYADGNTGHRPGVKGGYFPVAPVDDFQDWRSATCLVLEEMGQVVEAHHHEVATAGQNEIATRFNTMVLKADEIQEMKYVIHNMAHLYGKTATFMPKPVVGDNGSGMHCHQSLAKDGVNLFAGDKYGGLSEDALYYIGGIIKHAKAINAFANASTNSYKRLVPGFEAPVMLAYSARNRSASIRIPVVPSEKGRRIEVRFPDPTANPYLAFSAMLMAGLDGIKNKIHPGDAMDKDLYDLPAEEAAEIPTVAASLDEALSALSADREFLTQGGVFTDDLIDAYISLKSKEVEKLNMTTHPVEFEMYYSC,37.7,86,116,25.000,29,76,47,2,11,40.52,23,/stor/work/Wilke/crisprtn7/reblast2/GCF_000241185.1_PspBSi20495_1.0_genomic.fna
NZ_BADY01000001.1,4556..80615,glmS,15143..13743,lcl|15143|13743|1|-1,-1,WP_035343592.1,3.80e-101,WP_035343592.1 glmS two-component system response regulator GlrR [Dickeya],MFGVCMKTVWLVDDDASIRFVLEKALTRAGFNTESFANAQDVLSALKFSQPAVLVSDVKMPGMDGMALLELIAEQNPGLPVIIMTAHSDLDSAVNAFQKGAFEYLAKPFDLNEAVALVESAFRANSTKKTKRKQAPPKSAHIIGEAPAMQEVFRAIGKLSASSMSVLINGESGTGKELVASALHNHSPRKENQFIALNMAAIPKELVESELFGHEKGAFTGADSVRKGRFEQANGGTLFLDEIGDMPLDVQTRLLRVLADGEFYRVGGHQSIKVDVRIIAATHQNLEDLVKQGKFRDDLFHRLNVVRLRLPALRERTEDIDRLSQHFLHKSAKDLQVESKVLSPKATEQLKLFNWPGNVRQLENTCRWLTVMAPGELVTEQDLPPEILDASPIQEEGDWLDAFQQWLNHELKQGKENIWPDIQAQLETRLIKTALANCSGHKQDAAIKIGWGRNTLTRKLKERNIS,307,787,384,44.271,170,203,240,4,11,62.50,81,/stor/work/Wilke/crisprtn7/reblast2/GCF_000241185.1_PspBSi20495_1.0_genomic.fna
NZ_BADY01000001.1,4556..80615,yciA,43075..43473,lcl|43075|43473|1|1,1,WP_184052402.1,2.07e-04,WP_184052402.1 yciA acyl-CoA thioesterase [Sphingobium sp. B12D2A],MFIEKVMPRFSETDALGHINNTVLPVWFEVARGPIFKFFTPDLNPHDWKLIIAKVEVSFVGELFYGHEVTVKTSVEHIGTSSFTLRQEAWQHDKCCAIGKAVMVRYDFIAKSKQALSIDEKTALNEHITAES,36.6,83,66,31.818,21,44,36,1,1,54.55,49,/stor/work/Wilke/crisprtn7/reblast2/GCF_000241185.1_PspBSi20495_1.0_genomic.fna
