NZ_JJMN01000001.1,0..10536,tniQ,2573..1986,lcl|2573|1986|2|-1,-1,tr|A0A417XIF4|A0A417XIF4_9CLOT,1.22e-07,tr|A0A417XIF4|A0A417XIF4_9CLOT tniQ GNAT family N-acetyltransferase OS=Clostridium sp. OF09-10 OX=2292309 GN=DXA91_00825 PE=4 SV=1,MHGGKMIETPRLLLRKFELSDIESIVELLRNPEFMVYSPTGAMSYEQAIIRFQELLDAYEIHGIGKFALVEKSTGELIGYSGLENFSYQGKNVVELGYRIRPQSRGYGYAIEASSAVLDYAKQIGYSSVLALTEPENGQSQHILKSLVLSVVVKVYLKICPWTTLKNAFNKRLKRDCQRVAFPVPMSRGGFGCCV,47.4,111,76,39.474,30,42,43,2,4,56.58,38,/stor/work/Wilke/crisprtn7/reblast2/GCF_000696385.1_OP3Hv1_genomic.fna
NZ_JJMN01000006.1,0..21695,tnsA,1695..64,lcl|1695|64|3|-1,-1,UniRef50_UPI000996D35A,6.73e-05,UniRef50_UPI000996D35A tnsA TnsA-like heteromeric transposase endonuclease subunit n=1 Tax=Streptomyces sp. CNQ329 TaxID=1298879 RepID=UPI000996D35A,MHLERIEIAGFRGIRRLSLTFDEITTLIGENTWGKSSLLDALSVVLPADGSLYQFTLQDFHVDYSIADPQTQDLQIILIFQAADHYEPKAGRYRKLKPIWQTDEQGAQKIIYRISASRIKYDISTQFAFLDLAGNPLPLHHSEKLAQELMSLHPVIRLKDSRRFEKNIQNGNGKNARVEKRISNTWRRLMATPGHVNKGEIRSSLSAMNSLVEHYFSFKSQTRKNPRRERDSLLYSASPNEKTLSQIVHETKNKQTKLLLLGLLNAYLQGKGPKELRRCARPILIIEDPEGRLHPTHLARAWSFLDLLPMQKILTTNSGDLLGAVPLHSIRRLVRKSDRTIATRVSQRSLSRDELRKIGFHIRFHRSGALFARCWLLVEGETEVWLFNELARQCGYNLAAEGVQIVEFAQSGLKSLIKVARAFGIDWHVVTDGDPAGKKYSATVRGLLGHDQERHRLTELPNRDIEHFLYTHGFEYFFKELAKIPHDHPIPAKKVVSKVLKKHAKPDLALAIVSHCEMNGMECIPVLLRWTLKRVITMANGNT,43.5,101,191,23.560,45,127,77,4,19,40.31,32,/stor/work/Wilke/crisprtn7/reblast2/GCF_000696385.1_OP3Hv1_genomic.fna
NZ_JJMN01000006.1,0..21695,cas4,1695..64,lcl|1695|64|3|-1,-1,"gi|365967614|ref|YP_004949176.1|CAS-I,CAS-II,CAS-V|cas4|cas4",1.28e-04,"gi|365967614|ref|YP_004949176.1|CAS-I,CAS-II,CAS-V|cas4|cas4 cas4",MHLERIEIAGFRGIRRLSLTFDEITTLIGENTWGKSSLLDALSVVLPADGSLYQFTLQDFHVDYSIADPQTQDLQIILIFQAADHYEPKAGRYRKLKPIWQTDEQGAQKIIYRISASRIKYDISTQFAFLDLAGNPLPLHHSEKLAQELMSLHPVIRLKDSRRFEKNIQNGNGKNARVEKRISNTWRRLMATPGHVNKGEIRSSLSAMNSLVEHYFSFKSQTRKNPRRERDSLLYSASPNEKTLSQIVHETKNKQTKLLLLGLLNAYLQGKGPKELRRCARPILIIEDPEGRLHPTHLARAWSFLDLLPMQKILTTNSGDLLGAVPLHSIRRLVRKSDRTIATRVSQRSLSRDELRKIGFHIRFHRSGALFARCWLLVEGETEVWLFNELARQCGYNLAAEGVQIVEFAQSGLKSLIKVARAFGIDWHVVTDGDPAGKKYSATVRGLLGHDQERHRLTELPNRDIEHFLYTHGFEYFFKELAKIPHDHPIPAKKVVSKVLKKHAKPDLALAIVSHCEMNGMECIPVLLRWTLKRVITMANGNT,43.5,101,165,26.667,44,109,75,6,12,45.45,29,/stor/work/Wilke/crisprtn7/reblast2/GCF_000696385.1_OP3Hv1_genomic.fna
NZ_JJMN01000006.1,36521..77174,tnsA,57174..56521,lcl|57174|56521|3|-1,-1,UniRef50_A0A3M5N9X7,3.27e-05,UniRef50_A0A3M5N9X7 tnsA HTH gntR-type domain-containing protein n=380 Tax=Bacteria TaxID=2 RepID=A0A3M5N9X7_PSEAZ,MLMPRQKLPAERKLAESFDTTRVTLREALSLLEAEGKIYREDRRGWFISPAPLRYDPTQTLNFTNMALAQNRQPKTELMSAKAVIANKQATRLLKLKPFSDVYRVDRVRYLDNRPVVYVTNYIRPELFPNLLDFDLSQSLTDLYREHYATQYQTIHYRISTSSLLGEMAQALRATSGTPAMVVERVNYNQKGELIDCDIEYWRHDAITIESMAELKR,41.6,96,51,39.216,20,31,31,0,0,60.78,24,/stor/work/Wilke/crisprtn7/reblast2/GCF_000696385.1_OP3Hv1_genomic.fna
NZ_JJMN01000006.1,36521..77174,cas3,51467..50946,lcl|51467|50946|1|-1,-1,gi|333922758|ref|YP_004496338.1|CAS-I|cas3HD|cas3,0.004,gi|333922758|ref|YP_004496338.1|CAS-I|cas3HD|cas3 cas3,MKPLYVAVHPEIKPLNEQRIVQRKAARAIAMQGEQILLLYTERYHDYSLPGGGLETDEDVLMGMIRELQEETGAQNIRNIEPFGLYQEFRPWNKQQDVDVIHMVSYCYRCEVDAQLGSPQLESYEQRNGMKPVWVNIHEAIAHNEQTLLNDPRKGMSIERETYLLRLIAKTLH,35.8,81,120,28.333,34,74,51,5,12,42.50,65,/stor/work/Wilke/crisprtn7/reblast2/GCF_000696385.1_OP3Hv1_genomic.fna
NZ_JJMN01000006.1,36521..77174,yciA,40433..39981,lcl|40433|39981|1|-1,-1,WP_054595093.1,8.83e-04,WP_054595093.1 yciA PaaI family thioesterase [Pseudomonas],MAIWNKPITLEVLNATSKNTLIEHLNIVYTQLTDNSISATMPVCHFTHQPLGMLHGGASVVLAETLGSVAANFSVGEEAYCVGLDINANHVRAMREGMVIGTATPLHMGISTQVWQIEIKDEQGHLVCISRLTVAVKRARVQKNQQSLEV,35.0,79,68,32.353,22,46,36,0,0,52.94,45,/stor/work/Wilke/crisprtn7/reblast2/GCF_000696385.1_OP3Hv1_genomic.fna
NZ_JJMN01000008.1,10471..51451,tniQ,30471..31451,lcl|30471|31451|3|1,1,tr|A0A2W1D0I8|A0A2W1D0I8_9PLEO,3.24e-12,tr|A0A2W1D0I8|A0A2W1D0I8_9PLEO tniQ Pectate lyase OS=Pyrenophora tritici-repentis OX=45151 GN=A1F97_07859 PE=3 SV=1,MFQALILNQQDKRTLASIEQINENQLPDGEVLIAVDYSSLNYKDGLAITGKGKIIRQFPMVPGIDLAGKVLSSEDARYQPGDDVVLTGWGVGENHWGGMAQKVRLKADWLVPMPQGFTSKQAMMIGTAGFTAMLCVQALLDGGIKPEDGEVLVTGASGGVGSVAVTLLAAQGYQVVAVTGRVEQNGPLLEKLGASRIIDRSEFEEPARPLEKQLWAGAIDTVGSKVLAKLLAQMDYDGVVAACGLAGGFDLPTTVMPFILRNVRLQGVDSVNCPLEKRIAAWEKLVELLPANYFEQACTEISLEQAVQYAEDITNGQVTGRVVIKL,64.3,155,190,28.421,54,119,99,6,17,52.11,56,/stor/work/Wilke/crisprtn7/reblast2/GCF_000696385.1_OP3Hv1_genomic.fna
NZ_JJMN01000008.1,10471..51451,parE,41331..40888,lcl|41331|40888|2|-1,-1,WP_014215397.1,7.38e-26,WP_014215397.1 parE DNA topoisomerase IV subunit B [Pediococcus claussenii],MCTCQKFRYVLTVCTHEYLLSADLINSKEYAKLAELSEALDGLIEAGAFIKRGERVQPISSFAAALEWLIKESRRGLSIQRYKGLGEMNPDQLWETTMDPDTRRMMQVTIEDAVGADELFTTLMGDQVEPRRAFIETNALKVANLDV,99.8,247,73,63.014,46,27,58,0,0,79.45,50,/stor/work/Wilke/crisprtn7/reblast2/GCF_000696385.1_OP3Hv1_genomic.fna
NZ_JJMN01000008.1,10471..51451,parE,43063..41282,lcl|43063|41282|1|-1,-1,WP_008789656.1,7.68e-147,WP_008789656.1 parE DNA topoisomerase IV subunit B [Coprobacillus cateniformis],MHPEEKVSAAEVIMTVLHAGGKFDDNSYKVSGGLHGVGVSVVNALSEKVLLTIYRGGKIHSQTYHHGVPQAPLAVVGDTERTGTTVRFWPSAQTFTNIEFHYDILAKRLRELSFLNSGVSIKLSDEREEDKKDHFMYEGGIQAFVTHLNRNKTPIHEKVFHFNQEREDGISVEVAMQWNDGFQENIYCFTNNIPQRDGGTHLAGFRGALTRTLNNYMDKEGFSKKAQAATSGDDAREGLTAVVSVKVPDPKFSSQTKDKLVSSEVKSAVESAMNEKLADFLAENPSEAKNVCSKIIDAARAREAARKAREMTRRKGALDLAGLPGKLADCQEKDPALSELYIVEGDSAGGSAKQGRNRKNQAILPLKGKILNVEKARFDKMLSSQEVATLITALGCGIGRDEYNPDKLRYHNIIIMTDADVDGSHIRTLLLTFFYRQMPELIERGYIYIAQPPLYKVKKGKQEQYIKDEDAMNQYQVALAMDGAELHVNADAPALAGEPLEKLVQQYNAAIKLVERMSRRYPYAMLHELIYVPRINAELCADKAAVEAWTQRLVEQLNAKEVGASQYSVLVEHNAELNVYLPKIQVRTHGVYP,436,1121,473,49.894,236,224,309,10,13,65.33,78,/stor/work/Wilke/crisprtn7/reblast2/GCF_000696385.1_OP3Hv1_genomic.fna
NZ_JJMN01000010.1,53907..80532,tniQ,74569..73907,lcl|74569|73907|3|-1,-1,tr|A0A0W7WYX0|A0A0W7WYX0_9ACTN,1.68e-06,tr|A0A0W7WYX0|A0A0W7WYX0_9ACTN tniQ HTH lysR-type domain-containing protein OS=Streptomyces silvensis OX=1765722 GN=AT728_13705 PE=4 SV=1,MMEVRQLRHFVTVAEWESFTLAAQQLHIAQPALSISIKKFEQQLGVTLFKRDERKVALTHEGEVLLEHAKRILQQVNDAQLAVDELKGVVKGEVRLGAPSMMGSYFFPQIIMAFKSHFPNLKMTVIEAGTQSIRKMLLSGELDIGVILNHDLPDDLAADPLLSSQMVAVVGKNHELAERRHLTFAEFFEHELVMFKPGYFHRDFIDKVCREHKFTANFSF,46.2,108,68,39.706,27,39,38,1,2,55.88,30,/stor/work/Wilke/crisprtn7/reblast2/GCF_000696385.1_OP3Hv1_genomic.fna
NZ_JJMN01000010.1,53907..80532,cas8c,60365..59388,lcl|60365|59388|2|-1,-1,"gi|333984701|ref|YP_004513911.1|CAS-I-C|cas8c|LS,CASCADE",3.75e-04,"gi|333984701|ref|YP_004513911.1|CAS-I-C|cas8c|LS,CASCADE cas8c",MSNPSSTILTESGTNELEIIEFHLEKVLPDGRTKTCYYGINVAKVREVIRVPETTDYPNAQPHMIGVFSSREILTPLVDLAGWLGVPTSTDISKKYVIVTDFNRMTNGFLIDSISRIHRISWNDVESPSQFLEAGEQDCVVAVVRQDKKLIMILDFEKIIADINPELSMEKYDVTVDRKVDLNQRMVTKRNAKTVMVVDDSAFIRSLIQDTLSSAGYNIIACKDGGEAFEKLMEIKTVAKEENIAVSELVDAVVTDVEMPRMDGMHLVKRLRDDESYRSMPIVMFSSLMSDDNRAKALALGANDTITKPEIGRMVSMMDKYVLNM,40.8,94,112,23.214,26,77,53,2,9,47.32,32,/stor/work/Wilke/crisprtn7/reblast2/GCF_000696385.1_OP3Hv1_genomic.fna
NZ_JJMN01000018.1,88028..150232,tniQ,108028..108924,lcl|108028|108924|1|1,1,tr|A0A2Z5JF85|A0A2Z5JF85_STRAR,5.20e-05,tr|A0A2Z5JF85|A0A2Z5JF85_STRAR tniQ LysR family transcriptional regulator OS=Streptomyces atratus OX=1893 GN=C5746_20965 PE=4 SV=1,MRGLDYRWIEALDSVVSKGSFERAAEQLFISQSAVSQRIKQLEKYLAQPVLIREQPPRPTLVGKKLLGLYRRVCLIEQELVPELTNQEHVRPVSMSIATNADSLATWLLPALDKVMKSRQVELNLVIYGESRTLDKLKNGEVVGAISLEPQPITGCSAEYLGQMEYLCVASPEFYQKYFAKGVNPRSLIKAPAVSYDQYDELHNKFLWDYFAVPRDKVINHTVGSSEAFVRLALSGAAYCLIPRLQIISELESGALINMTPEFMLSYPIFWHHWQLETGVLLEISQAITGYAKSVLPQ,42.7,99,71,38.028,27,39,39,2,5,54.93,22,/stor/work/Wilke/crisprtn7/reblast2/GCF_000696385.1_OP3Hv1_genomic.fna
NZ_JJMN01000018.1,88028..150232,tnsA,118944..118639,lcl|118944|118639|2|-1,-1,UniRef50_A0A380Q0N8,6.49e-07,UniRef50_A0A380Q0N8 tnsA RNA polymerase sigma factor n=17 Tax=Enterobacterales TaxID=91347 RepID=A0A380Q0N8_YERFR,MMKIRIWVISSRIPPSNCRLDSATATSLKAATRDVLAGLTPREAKVLRMRFGIDMNTDHTLEEVGKQFDVTRERIRQIEAKALRKLRHPSRSEVLRSFLDE,43.9,102,52,42.308,22,29,34,1,1,65.38,51,/stor/work/Wilke/crisprtn7/reblast2/GCF_000696385.1_OP3Hv1_genomic.fna
NZ_JJMN01000018.1,88028..150232,tnsA,131987..132925,lcl|131987|132925|2|1,1,UniRef50_A0A1C6RKQ5,4.10e-07,"UniRef50_A0A1C6RKQ5 tnsA Murein DD-endopeptidase MepM and murein hydrolase activator NlpD, contain LysM domain n=2 Tax=Micromonospora inyonensis TaxID=47866 RepID=A0A1C6RKQ5_9ACTN",MRLYSFRLVLLCLLSGLLIGCTAHTPAPVSGLGKDYNAIERGSYRGSYYEVKKGDTLYFIAYLTDKDVNDLINYNDLSAPYTIHPGQKLKLWIPNYTPPAYGGIGGAANVAAVSSVTTATGKAASATNSAQSVSKSSNAKNTQKGSNNSQNLTKKDPAKAVDQTKTKEYVEPVGKQNVNVNVANAKPSNEKIAKWLWPTKGRVIKNFSAGDQGNKGIDIAGQRGQAVVATAEGTVVYSGNALRGYGNLIIIKHNEHYLSAYAHNDQLLAKEGQTVQAGQKIATMGSSGTNSVRLHFEIRYQGKSVNPKRYLP,49.3,116,140,29.286,41,76,58,5,23,41.43,38,/stor/work/Wilke/crisprtn7/reblast2/GCF_000696385.1_OP3Hv1_genomic.fna
NZ_JJMN01000018.1,88028..150232,csx1,89172..89969,lcl|89172|89969|3|1,1,gi|383762177|ref|YP_005441159.1|CAS-III|csx1|CARF,5.94e-04,gi|383762177|ref|YP_005441159.1|CAS-III|csx1|CARF csx1,MPITTQEYLALGDAIAALKTPQFTSHLVAVLRCIADFDCAVILGYRPNKHPIYLYDSLSTQRELLFQRYLTHAYLDDPFYSALQHNTRSGVFHLSDLMPLNPQQKAYQHQFYAQTGWQDEVSLVVNLDGERAIVVYLGCFKPRSFPREQIAALQQRFTVLQALCQQHWQQQPLRLAESAQPSQELRIWVEQAIQSFGAQRLSPREQEITALLIQGLDSQEIAEALAISHGTVKNHRKRIYAQLHVSSLSELFQLFINHLIGIAAD,39.3,90,48,39.583,19,29,28,0,0,58.33,18,/stor/work/Wilke/crisprtn7/reblast2/GCF_000696385.1_OP3Hv1_genomic.fna
NZ_JJMN01000018.1,88028..150232,cas9,90620..91360,lcl|90620|91360|2|1,1,"gi|325972003|ref|YP_004248194.1|CAS-II-A,CAS-II-B,CAS-II-C|cas9|cas9",0.002,"gi|325972003|ref|YP_004248194.1|CAS-II-A,CAS-II-B,CAS-II-C|cas9|cas9 cas9",MTLRISIVSLAVRCKLAAMISGGNIVSGIDLTRRLNGVEVCGLTLPLITKSDGTKFGKTESGAVWLESSKTSPYRFYQFWLNSDDADVYRFLAYYTFLSSAEIEGIRQADALRTGKPQAQQILAEHVTRFVHGEEGLAAAKRITQALFSGDVSYLSLSELSQLELDGLPCVAASRSDTLLDLLITSGLASSKRQAREWLENGAIRVNGERVQQEGVLSGFALFDRYYVLQRGKKQFALIKLDGLAE,38.1,87,157,25.478,40,85,67,6,32,42.68,56,/stor/work/Wilke/crisprtn7/reblast2/GCF_000696385.1_OP3Hv1_genomic.fna
NZ_JJMN01000018.1,88028..150232,glmS,112176..112571,lcl|112176|112571|3|1,1,WP_001908200.1,1.85e-89,WP_001908200.1 glmS DeoR family transcriptional regulator [Vibrio cholerae],MSKRNTQLRRHTIVKLVNEQGEVSVEALSSQFETSEVTIRKDLASLEKNGQLLRRYGGAIALPKEVMHDEMNEKVSVRKISLAKAAAKLIRDHNRIVIDSGSTTAALIQQLNDKRGLVVMTNSLHVANAFK,258,658,130,98.462,128,2,129,0,0,99.23,99,/stor/work/Wilke/crisprtn7/reblast2/GCF_000696385.1_OP3Hv1_genomic.fna
NZ_JJMN01000018.1,88028..150232,glmS,112598..112948,lcl|112598|112948|2|1,1,EEX67371.1,1.73e-83,"EEX67371.1 glmS transcriptional regulator of GlmS, DeoR family [Vibrio metoecus]",MTGGTWDTHSESFQGKVAESVLRSYDFDQLFIGADGIDLDRGTTTFNELVGLSKVMAEVSREVIVMIESDKVGRKIPNLELSWDCIDVLVTDHELSDEFAKQIESHQVRVIRATVK,241,616,116,100.000,116,0,116,0,0,100.00,100,/stor/work/Wilke/crisprtn7/reblast2/GCF_000696385.1_OP3Hv1_genomic.fna
NZ_JJMN01000018.1,88028..150232,glmS,113014..114846,lcl|113014|114846|1|1,1,P44708.2,0.0,P44708.2 glmS Glutamine--fructose-6-phosphate aminotransferase [isomerizing] [Haemophilus influenzae Rd KW20],MCGIVGAVAQRDVAEILVQGLRRLEYRGYDSAGIAVVDSDKQLTRVRRLGKVQELADAVEAAQVAGGTGIAHTRWATHGEPSEINAHPHLSGDITVVHNGIIENHEMLRTMLQERGYVFTSQTDTEVIAHLVEWELRSAASLLEAVQATVKQLTGAYGTVVMDRNDPSRLVVARSGSPIVIGFGIGENFLASDQLALLNVTRRFMYLEEGDVAEMTRREVRVFDLLGNPVQREISESNLEHDAADKGQYRHYMQKEIFEQPKALINTMEGRITHDSVVVESIGVHAAEILAKVEHVQIVACGTSYNAGMTARYWFESLAGVSCDVEIASEFRYRKFVTRPNSLLITLSQSGETADTLAALRLAKEKGYMAAMTICNVAGSSLVRESDFAFMTRAGTEIGVASTKAFTTQLVTLLMLVTALGKQQQRIGRELEAEIVQALHQLPKQIETALSFEKQIETLAEDFADKHHTLFLGRGEYYPIAVEASLKLKEISYIHAEAYAAGELKHGPLALIDADMPVIVVAPSNELLEKLKSNIEEVRARGGLLYVFADEVAGFEADETMKIIAMPHVSEIVAPIYYTIPMQLLSYHVALIKGTDVDQPRNLAKAVTVE,993,2567,610,78.361,478,132,533,0,0,87.38,100,/stor/work/Wilke/crisprtn7/reblast2/GCF_000696385.1_OP3Hv1_genomic.fna
NZ_JJMN01000018.1,88028..150232,rsmJ,123411..124430,lcl|123411|124430|3|1,1,PRD22402.1,1.41e-07,PRD22402.1 rsmJ rsmJ [Trichonephila clavipes],MRIIGIETSCDETGVAIYDDEKGLLSHKLYSQVKLHADYGGVVPELASRDHVKKTIPLIKAAMEEANVTPQDLDGVAFTAGPGLVGALLVGATIGRSLAYAWNVPAVPVHHMEGHLLAPMLEDNPPPFPFVALLVSGGHTMLVEVKNIGEYRILGESIDDAAGEAFDKTAKLMGLDYPGGPLLAKLAEKGTAGRFKFPRPMTDRPGLDMSFSGLKTFTANTIAANGDDEQTRADIAYAFQEAVCDTLVIKCRRALEETGLKRVVIAGGVSANKQLRADLEKLAKKIGGEVYYPRTEFCTDNGAMIAYAGMQRLKNGDVCELGLQARPRWPIDQLTPIQK,50.8,120,114,22.807,26,72,57,2,16,50.00,34,/stor/work/Wilke/crisprtn7/reblast2/GCF_000696385.1_OP3Hv1_genomic.fna
NZ_JJMN01000018.1,88028..150232,rsmJ,127128..127931,lcl|127128|127931|3|1,1,PRD22402.1,1.15e-25,PRD22402.1 rsmJ rsmJ [Trichonephila clavipes],MSYFESFILALIQGFTEFLPISSSAHLILPSAILGWADQGLAFDVAVHLGTLAAVVIYFRKEVVSLLSAFFASIFKGDRSKEAKLAWLIVLATIPACVFGFLMKDIVELYLRSAWVIATTTIVFGLLLWYVDKNSALNADEYQADWKKALFIGLAQAVAIIPGTSRSGATITAALYLGFTREAAARFSFLMSIPIIVLAGSYLGLKLVTSGEPIHVGFLLTGIITSFISAYICIHFFLKLISRMGMTPFVIYRLLLGAGLFAFLLTQ,103,257,201,38.806,78,112,123,7,11,61.19,73,/stor/work/Wilke/crisprtn7/reblast2/GCF_000696385.1_OP3Hv1_genomic.fna
NZ_JJMN01000024.1,0..14174,tniQ,3372..3779,lcl|3372|3779|3|1,1,tr|A0A417XIF4|A0A417XIF4_9CLOT,6.01e-12,tr|A0A417XIF4|A0A417XIF4_9CLOT tniQ GNAT family N-acetyltransferase OS=Clostridium sp. OF09-10 OX=2292309 GN=DXA91_00825 PE=4 SV=1,MVYSPTGAMSYEQAIIRFQELLDAYEIHGIGKFALVEKSTGELIGYSGLENFSYQGKNVVELGYRIRPQSRGYGYAIEASSAVLDYAKQIGYSSVLALTEPENGQSQHILKKLGFERCGKGVFENMSVDYFEKCI,57.8,138,93,38.710,36,53,51,2,4,54.84,68,/stor/work/Wilke/crisprtn7/reblast2/GCF_000696385.1_OP3Hv1_genomic.fna
NZ_JJMN01000024.1,0..14174,Cas14c,9785..10138,lcl|9785|10138|2|1,1,Cas14c.1|CG10_big_fil_rev_8_21_14_0.10_scaffold_4477_curated|19327..20880|revcom,0.004,Cas14c.1|CG10_big_fil_rev_8_21_14_0.10_scaffold_4477_curated|19327..20880|revcom Cas14c,MFTRWIVKMDEKVLIAFGVLGGVSLLSFVLFYINKNAQFKRKYYPLFSVVTGALFLFIVYLQGFVNHQFWMVIVPIVSLITFMNIRGAKFCDNCGKSNFGQSLKDRKIECPKCGHTI,34.3,77,33,48.485,16,16,18,1,1,54.55,28,/stor/work/Wilke/crisprtn7/reblast2/GCF_000696385.1_OP3Hv1_genomic.fna
NZ_JJMN01000024.1,0..14174,parE,8766..8488,lcl|8766|8488|3|-1,-1,WP_134817833.1,2.23e-65,WP_134817833.1 parE type II toxin-antitoxin system RelE/ParE family toxin [Vibrio metoecus],MIFWEEASLNDREKIFEFLYDFNPAAAEKTDELIEAKVDNLLEQPLMGVQRDGVRGRLLIIPEISMIVSYWVDGSKIRIMRVLHQKQKFPND,189,480,92,100.000,92,0,92,0,0,100.00,100,/stor/work/Wilke/crisprtn7/reblast2/GCF_000696385.1_OP3Hv1_genomic.fna
NZ_JJMN01000030.1,0..25182,tniQ,4232..5182,lcl|4232|5182|2|1,1,tr|A0A2W1D0I8|A0A2W1D0I8_9PLEO,2.30e-13,tr|A0A2W1D0I8|A0A2W1D0I8_9PLEO tniQ Pectate lyase OS=Pyrenophora tritici-repentis OX=45151 GN=A1F97_07859 PE=3 SV=1,MENKQIVITQFGTPEVLAVHTLPIPTPKAGEVLVKVAFASVNPIDVKTRAGLGWAAAQNKDKLPWTPGYDISGRIVALGEGVSRLKERDNVAGFIGFPLRGGGYSQYICVPEQELSLVPDAVTLEAAAALPLAGQTAAQALSKAQVQEGERVLILAGAGGVGHIAVQIALAAKAEVFTTCSEVNLDYLATLGAHAINYQFAPVSQRLEEVDVLIDLVGGDAALDALKCLKDNARVITVPTLTAELICEKAKLLGFEATGMLVDPNPEQLDTMLYMVSVGLLKIEIQHIYSLLDAARAHEQIESGHTRGKLLLDMKC,67.8,164,247,29.555,73,141,116,11,33,46.96,73,/stor/work/Wilke/crisprtn7/reblast2/GCF_000696385.1_OP3Hv1_genomic.fna
NZ_JJMN01000030.1,0..25182,yciA,23793..24629,lcl|23793|24629|3|1,1,AHK23278.1,5.15e-23,"AHK23278.1 yciA cytochrome b, partial [Toia ycia]",MSYWGAQVIISLFGAIPVIGDDLTLWIRGDYVISGATLNRFFALHVIALPIVLLLLIVLHILALHEVGSNNPDGIETKLPKGSMGDDYQTQFKFHEYYTKKYDIIDSIPFHPYGTVKDLIGVAGFLFLFCYVLFFNPEMGGYFLEPPNFEAANPLKTPPHIAPVWYFTPFYAILRAVPDKLLGVIAMGASIVVLFLLPWLDRCKVRSYRYRSKLHLLNIAQFTVCFIALGVLGALPATPTYTLLARIFSLGYFMFFVLLFIYSKNEATKPLPTRVTYK,89.4,220,160,35.000,56,74,79,3,30,49.38,58,/stor/work/Wilke/crisprtn7/reblast2/GCF_000696385.1_OP3Hv1_genomic.fna
NZ_JJMN01000030.1,68604..101268,tnsA,89902..88604,lcl|89902|88604|3|-1,-1,UniRef50_A0A1C6RKQ5,5.01e-12,"UniRef50_A0A1C6RKQ5 tnsA Murein DD-endopeptidase MepM and murein hydrolase activator NlpD, contain LysM domain n=2 Tax=Micromonospora inyonensis TaxID=47866 RepID=A0A1C6RKQ5_9ACTN",MLSLFTRLPWLHRVLITVFSAVIAFAVFFLPNAERLHKPESQLEVGRHYPLSLDNQLLSTTNETEAPSALLRWEVYQVRNGESAAVLFQRAGLSSRVLYELTSSNSDINSQLSKLMPEDELKFGFDENNQLVKLKRTISPYETFVITRSESGFTSEFDKKEIFYQYNYAEAKITSSFWNAGMAAGLSANQIMELAGLFGWDIDFALDIREGDQFKLLYQENIVEGAVIGRGNIIAATFTNQGSTFTAILDDNTGNYYDENGRAMKKAFLRSPLDFRRVSSNFNPRRLHPVTGQVKAHRGTDYAAPVGTPIWAAGDGVVEKSSYNQFNGNYVYIRHSNTYITKYLHLQRRLVKTGQRVKQGQSIGTLGGTGRVTGPHLHYEFLVNGVHKNPRTVELPQAQSLSGKAKETFIANAKQRMAKLERYSQLLYANQQ,65.9,159,111,35.135,39,50,53,2,22,47.75,21,/stor/work/Wilke/crisprtn7/reblast2/GCF_000696385.1_OP3Hv1_genomic.fna
NZ_JJMN01000030.1,68604..101268,tnsA,96119..97150,lcl|96119|97150|2|1,1,UniRef50_A0A0P9PXI9,7.85e-05,UniRef50_A0A0P9PXI9 tnsA TnsA endonuclease n=3 Tax=Pseudomonas syringae group TaxID=136849 RepID=A0A0P9PXI9_PSESX,MAKNLILWLVIAVVLMSVFQSFGPGENNGKAVDYTTFVKEVGQGQIQEAQFNNGEITFMRRGGGSRYVTYMPVYDQKLLDDLINQDVKVQGTPPEEQSLLGTIFISWFPMILLIGVWIFFMRQMQGGGGKGAMSFGKSKARMMSEDQIKTTFSDVAGCDEAKEDVKELVDYLRDPSRFQKLGGKIPTGVLMVGPPGTGKTLLAKAIAGEAKVPFFTISGSDFVEMFVGVGASRVRDMFEQAKKASPCIIFIDEIDAVGRQRGAGVGGGHDEREQTLNQMLVEMDGFEGNEGIIVIAATNRPDVLDPALLRPGRFDRQVVVGLPDVRGREQILKSAYAQSAFGE,39.7,91,57,38.596,22,31,34,2,4,59.65,17,/stor/work/Wilke/crisprtn7/reblast2/GCF_000696385.1_OP3Hv1_genomic.fna
NZ_JJMN01000030.1,68604..101268,tnsA,98133..98966,lcl|98133|98966|3|1,1,UniRef50_P0AC11,1.93e-38,UniRef50_P0AC11 tnsA Dihydropteroate synthase type-2 n=619 Tax=cellular organisms TaxID=131567 RepID=DHP2_ECOLX,MKISYANKQLNLNSPVVMGILNTTPDSFSDGGSYIQLDKALMRAQQMIDAGVAIIDIGGESTRPGAPDVSLEEELQRVIPLITAIRQQNAQVWISIDTSKAEVMRQAIVAGADLINDVRALQEPGTLDVAAQAQVPVCIMHMQGQPRTMQMAPQYDNVVEDVCAFLVERIAACEAAGIKRENIILDPGFGFGKSIQHNYHLLAHLEQFHRFGLPVLAGMSRKSMIFKTLNKQPAECVAGSVACATLAASKGAQIIRVHDVEQTLDALKIVQLTYENL,134,336,274,32.117,88,174,145,6,12,52.92,97,/stor/work/Wilke/crisprtn7/reblast2/GCF_000696385.1_OP3Hv1_genomic.fna
NZ_JJMN01000030.1,68604..101268,glmS,79632..76243,lcl|79632|76243|1|-1,-1,WP_035343592.1,8.16e-09,WP_035343592.1 glmS two-component system response regulator GlrR [Dickeya],MFRFYRKQKFKRLQNTLMAAFLALSIIPLTITALFFLHSHSKDLEEQSTSYLVSVRDTKQQQVIDYMMAKESEVMGFVRSELAYASGGRFYGLVNAFQRLDVSIEAAREHAQQRYIPGSGDPIKTSVLPQSSSYVGSERYRLLHKRYHWAFLELLKRSDFDDILLVDIEGNVVYSIYKYDNFGTNLLTGKYQDANLGHTFKRLEQTVNEQRKTNEDFTPVVISDFVEEDGKQYAWLGAPIIQQGYLHSYAMFRLPSNAITKLIADGNNNPSMQTILVGQDLRSRTLTSAEIAVEKSKQVVELALSGKRSVGTYTNTDGEQVIAAYAPINLKSIHWALVVELPEKEAFARVRQLEKLFVFAMLTAIVLVVIASHYLSNFITAPLLKLTWAAERVSAGDLDEAMINTERKDEIGRLAVSFERMQRSIREKISLIKSQNKELESNLLIIRKQNDELQLANKLKDEFLATTSHELRTPLHGMIGIAEALVSGANGPLTAAHKYQLDIIISSGQRLATLVDDLLDYHKMRYGALDIQKGAVDLSSATRLVLELSHHLLGKKTLRIINQVPELPVWVSADPQRLEQVLYNLIGNAIKYTSEGKIVISATYMDDKIRVQVVDTGQGIPAEQLEQIFEPLIQAGRDASRYRQGAGLGLSISRQLIELMNGTLYVSSQPMVGTTFSFTLPLATQDEIAQARLTELPHFQAPEILDAELPEQSTLPENEHGPLLLVADDEPVNLRVLDSFLRLEGYRVHTVQDGHEVLEAVKREKPELLLLDIMMPGMSGYQVCEKLRQSYDHAELPIIMLTALNQSDDRVRGFEAGANDYLSKPFNKQELAARIVAHLTASKAELRRVENAQLQKELKHRAMVEASLLETQGRLLEQLESAPEAILCVKEGNKIRFANEAASRLFRRTPEQLKRSNAEELIAPKYLNIDQEHYCGNIDVYVDDVRQHLSADVLRLPEGSGLQAMYIFNVGGSINAARIYNLETAVEALSSYAFEGDKDKLQQLKELGGEFTRLADKASGEYQSKQDLMRSVLVEAMTSALDYWERVSGQSKFTFAEQSGLWRVYLDRSTLQTRTLDKYLRIETLPKTPRWRTVLNSLDYILEHCKESSPDRTHIEMQRDKLQKLLTSE,57.0,136,119,30.252,36,81,64,1,2,53.78,11,/stor/work/Wilke/crisprtn7/reblast2/GCF_000696385.1_OP3Hv1_genomic.fna
NZ_JJMN01000030.1,68604..101268,glmS,98992..100332,lcl|98992|100332|1|1,1,WP_000251875.1,5.35e-20,WP_000251875.1 glmS phosphoglucosamine mutase [Bacteria],MSDKRRYFGTDGVRGKVGQYPITPDFVLKLGWAAGRVLAKQGTKKVIIGKDTRISGYMLESALEAGLAAAGLKATFTGPMPTPAVAYLTQTFRAEAGIVISASHNPYYDNGIKFFSYEGTKLPDDIELAIEAELDKDIECVESAELGKASRMVDAAGRYIEFCKSTFPSKLSLSGVKLVVDCANGATYHIAPNVFRELGADVIAMGVEPNGLNINDQVGATDVRALQKRVVEEKAHLGLAFDGDGDRIIMVDHLGNKVDGDQIAYIIARDALRRGELKGGVVGTLMTNLGMENGLKQLGIPFARAAVGDRYVMEKLQEKGWKIGAENSGHVILLDKVTTGDAIVAGLQVLASVVGSEMTLHELAKGMTLYPQVLENVRFAGENNPLEAEAVKAAVAEVEAELGSKGRVLLRKSGTEPLIRVMVEGEDDALVKQSALKIAQAVKDNC,82.4,202,79,50.633,40,38,55,1,1,69.62,17,/stor/work/Wilke/crisprtn7/reblast2/GCF_000696385.1_OP3Hv1_genomic.fna
NZ_JJMN01000031.1,26912..68873,tnsA,48873..46912,lcl|48873|46912|1|-1,-1,UniRef50_A0A2D2C3Y7,3.16e-06,UniRef50_A0A2D2C3Y7 tnsA Tn7_Tnp_TnsA_N domain-containing protein n=4 Tax=Paracoccus TaxID=265 RepID=A0A2D2C3Y7_9RHOB,MSVLRLTGLGALTLLLALVSVQWGHNLTLNEQWQLVLGNQAAQSFAQVNFIYAQLPRAVMAIVVGAVLGLVGSLMQQLTQNRLTSPLTLGTSSGAWLGLIIVNIWFSDWVADYSALAAMAGALLAFALIISIAGLRNLTGLPLVVSGMVVNILLGSIATALVLLNEEFAQNVFMWGAGDLAQNGWEWLTWLLPRLALVFPLLLFAPRVLTLLRLGHEGAAARGLAVLPAFLLLMAGGIWLVSASITAVGVIGFIGLLTPNIARSLGARTPKMELYSSALLGALLLLATDMLAMGLSVWAEEVVPSGITAAVIGAPALIWFSRRQLQAQDSLSISLSSHRRSPSRWAVMLIAAALFLALGLHIGWQMESASWALPSEFQWPLRWPRMLTALFAGVGLAIAGTLLQRLIYNPLASPDILGVSSGATFALVFASLFLGQSLQSTHWMTALLGSAAVLVVLLLLGRRHHYAPASLILTGIAITALLEALVQFTLAKGTGDSYQILLWLSGSTYRVTGEQALLLSVGVVGLTLLALGLSRWLTLISIGRGFASARGLSASRASLVLLILVALLCALVTATMGPVSFVGLIAPHMAMMLGAQRAPSQLLLAALVGGTLMLWADWLGQALLFPAQIAAGTLVAIIGGSYFLLLLLSQRAR,47.0,110,99,38.384,38,56,58,3,5,58.59,15,/stor/work/Wilke/crisprtn7/reblast2/GCF_000696385.1_OP3Hv1_genomic.fna
NZ_JJMN01000031.1,26912..68873,cas8e,46036..46935,lcl|46036|46935|1|1,1,"gi|111219946|ref|YP_710740.1|CAS-I-E|cas8e|LS,CASCADE",0.001,"gi|111219946|ref|YP_710740.1|CAS-I-E|cas8e|LS,CASCADE cas8e",MSVLQRIVSRRTQLSESGRQIGDWVLANAAQAAAMTSQDLAAWANVSQSSIVKFTQRLGFKGYSEFKLALTEELGRKQVMINQPLHSNILADDPVAVIAQKLVQTKTEAMFHTTNALRLDEFSEAISWIQQAVRVQIIGIGGSALVAKDLAFKLLKLGITALTEQDSHVQIATARTLHSQDVLIAISFSGEKREILIAAEAAKQQGAKVIALTTPNKNRLRELADLALDTIADETQHRSSAIASRTAQNVLTDLIFLTLTQQRETSARQLIDDISFRHSPDALRGECLSTEGLACTLTE,38.9,89,205,25.366,52,130,90,7,23,43.90,63,/stor/work/Wilke/crisprtn7/reblast2/GCF_000696385.1_OP3Hv1_genomic.fna
NZ_JJMN01000031.1,26912..68873,cas3,57528..55666,lcl|57528|55666|1|-1,-1,gi|307595798|ref|YP_003902115.1|CAS-I|cas3|cas3,1.89e-04,gi|307595798|ref|YP_003902115.1|CAS-I|cas3|cas3 cas3,MTLTLHSIDMTATFMAESSALFATPERVLHEVFGYQQFRVGQQEVIEAALAGRDSLVIMPTGGGKSLCYQIPALVLEGVTLVISPLISLMKDQVDQLKANGVAAECVNSTLAREELIAIYNRMHAGQLKLLYVSPERVLTAEFIERLSHLPLAMIAVDEAHCISQWGHDFRPEYASLGQLKQRFPNVPVMALTATADDATRHDIMQRLQLNEPHQYLGSFDRPNIRYMLVEKHKPVSQVIRYLETQRGQCGIIYCGSRKKVEMLTEKLCGNHIRAASYHAGMDADERAWVQEAFQRDDLQIVVATVAFGMGINKPNVRFVVHFDIPRNIESYYQETGRAGRDGLPAEAMMLYDPADMNWLRRMLDEKPDGAQKQVESHKLTAMGAFAEAQTCRRQVLLNYFGEYRDKPCGNCDICLDPPKRFDATEEARKALSCVYRVNQNFGIGYVVEVLRGMQNIRIREHGHDKITTYGIGRDHSHDYWVSIFRQLIHKGMLYQNITRNSTLQLTEEARPLLRGEMNIELAVPRLDTAARAAKSDKLSGKNYDKKLFAKLRKLRKSIADDEGLPPYVVFSDATLIDMAEIMPTSYGEMLAVNGVGQRKLEKYADPFLDLIQEHLTYHG,43.1,100,46,43.478,20,25,31,1,1,67.39,7,/stor/work/Wilke/crisprtn7/reblast2/GCF_000696385.1_OP3Hv1_genomic.fna
NZ_JJMN01000031.1,26912..68873,glmS,45805..44903,lcl|45805|44903|3|-1,-1,AAV86896.1,1.35e-05,AAV86896.1 glmS glucosamine--fructose-6-phosphate aminotransferase [Anaplasma marginale str. St. Maries St. Maries],MNIDLTRLVTESRNPASEQIDTLSTLDMLQVINQQDQLVALAVAQTLPQVAQAVEAIIAAFAQGGRLIYMGAGTSGRLGILDASECPPTYGSKPEQVIGLIAGGHTAILKAVENAEDNRELGPSDLKALNLNEKDVLVGIAASGRTPYVIAGMEYARSVGATVVSLACNPGCPMEACADIVITPVVGAEVVTGSSRMKAGTAQKLVLNMLTTGAMIKSGKVFGNLMVDVEATNAKLIQRQTNIVVEATGVSAEQAEAALAACGRHCKTAILMILGGFSAEQAAQKLAQHQGFIRAALNQE,43.9,102,79,35.443,28,49,44,1,2,55.70,26,/stor/work/Wilke/crisprtn7/reblast2/GCF_000696385.1_OP3Hv1_genomic.fna
NZ_JJMN01000031.1,26912..68873,glmS,46036..46935,lcl|46036|46935|1|1,1,WP_005919782.1,1.07e-10,WP_005919782.1 glmS MurR/RpiR family transcriptional regulator [Pediococcus acidilactici],MSVLQRIVSRRTQLSESGRQIGDWVLANAAQAAAMTSQDLAAWANVSQSSIVKFTQRLGFKGYSEFKLALTEELGRKQVMINQPLHSNILADDPVAVIAQKLVQTKTEAMFHTTNALRLDEFSEAISWIQQAVRVQIIGIGGSALVAKDLAFKLLKLGITALTEQDSHVQIATARTLHSQDVLIAISFSGEKREILIAAEAAKQQGAKVIALTTPNKNRLRELADLALDTIADETQHRSSAIASRTAQNVLTDLIFLTLTQQRETSARQLIDDISFRHSPDALRGECLSTEGLACTLTE,58.5,140,212,24.057,51,136,101,4,25,47.64,70,/stor/work/Wilke/crisprtn7/reblast2/GCF_000696385.1_OP3Hv1_genomic.fna
NZ_JJMN01000031.1,26912..68873,rsmJ,67855..68355,lcl|67855|68355|1|1,1,WP_000954217.1,5.30e-118,WP_000954217.1 rsmJ 23S rRNA (adenine(2030)-N(6))-methyltransferase RlmJ [Vibrio],MVLTELHPSDYPLLEQEFHRDRQVSIYKEDGFARLKASLPPQERRGLVLIDPPYELAKEYRDVVQAIAQSYKRWATGIYAIWYPVVNRCDIDDMVEGLQGLGIRKILQIELGVSPDTNERGMTASGMIVVNPPWTLESQMQTILHFLKQAIAPATGHYKVEWVVPE,332,852,166,96.386,160,6,164,0,0,98.80,100,/stor/work/Wilke/crisprtn7/reblast2/GCF_000696385.1_OP3Hv1_genomic.fna
NZ_JJMN01000044.1,0..29052,tnsB,7037..9052,lcl|7037|9052|2|1,1,UniRef100_A0A038GSS8,1.07e-53,UniRef100_A0A038GSS8 tnsB Transposon TnsB n=1 Tax=Caballeronia jiangsuensis TaxID=1458357 RepID=A0A038GSS8_9BURK,MSSISHAQLGWNDAGTPVSDQFDDVYFSNVNGLAETRYVFLEQNHLPQRWHNDDQRRFVIAETGFGTGLNFLAVWQAFVAFREANPEAKLKELHFISFEKYPLSKSDLIQAHQAWPELAQFAQKLHKHYPLAIPECQRIVLDDGLITLDLWFGDIKDCLPKVATQEQGLVDAWFLDGFAPSKNPEMWNPNLFAGMAKLAKNGCTCATFTSAGFVRRGLIDAGFAMKKVKGFGTKREMIAGSLSEKVPYTNIAPEFRVEATNDLRDVAIIGGGVASATLATTLAKRGIAVTLYCADQKPAQGASGNRQGAVYPLLSGDHNVVSRVFAPAFLFARQFIEQAAEQITFDHDWCGVTQLMWDEKATQKLTSMLEGDFPEQLVHGLSAEQTNQQVGVPVDQASVHYPLGGWLCPAELTQGLIHLLALQGKLTAHYSTSIDALTWQSETQQWQLHCADKVMQHQCVVIASGHQFDSVTQTAELPLGKVKGQVSHIPTTETLSKINSVLCYDGYMTPVSQQNGHHCIGASYDRQHLDATFDPQAQRENAQKLIHCLPEQTWPLEVDVSGNQSRQGVRCVSRDHLPFVGNVGQFTKITEQYRDLAQQAEPEPIPLYPQLYASVGLGSRGLSSAPLMAELLASQMCGDPLPLGVDLLEQLHPCRMWVRKLRKGKALTQKV,182,463,241,43.983,106,122,140,6,13,58.09,35,/stor/work/Wilke/crisprtn7/reblast2/GCF_000696385.1_OP3Hv1_genomic.fna
NZ_JJMN01000045.1,137064..177903,tnsA,157903..157064,lcl|157903|157064|3|-1,-1,UniRef50_A0A3M5N9X7,1.77e-05,UniRef50_A0A3M5N9X7 tnsA HTH gntR-type domain-containing protein n=380 Tax=Bacteria TaxID=2 RepID=A0A3M5N9X7_PSEAZ,MVIKAKSPAGFAEKYIIESIWNGRFPPGSILPAERELSELIGVTRTTLREVLQRLARDGWLTIQHGKPTKVNQFMETSGLHILDTLMTLDADNATSIVEDLLAARTNISPIFMRYAFKTNKESAERIIINVIESCEALMSAPSWDAFITASPYADKIQQHIKEDGEKDEFKRQEILLAKTFNFYDYMLFQRLAFHSGNQIYGLIFNGLKKLYDRVGSYYFSNSEARELAMEFYRQLLSVCQSGEREQLPHVIRQYGIASGHLWNQMKTTLPSNFTEDDC,42.7,99,58,36.207,21,37,36,0,0,62.07,21,/stor/work/Wilke/crisprtn7/reblast2/GCF_000696385.1_OP3Hv1_genomic.fna
NZ_JJMN01000045.1,137064..177903,cas3,139930..143397,lcl|139930|143397|1|1,1,gi|347756299|ref|YP_004863862.1|CAS-I|cas3HD|cas3,3.46e-09,gi|347756299|ref|YP_004863862.1|CAS-I|cas3HD|cas3 cas3,MTTHSLLSLFSAQGAGDKKAIGNLHGSSLALAIAELANAHTSHTLLAVPDPQTALKLLHEIEQFSQSEVALFPDWETLPYDNFSPHQDIISDRISRLYQLPSLTRGITIVPVSTLLQRQSPRDFLLQHTLIVKRGDLFSLDKLRLQLENSGYRHVDQVFGPGEYASRGSILDLFPMGSSDPFRIDFFDDEIDTIRTFDPENQRSIAEMDEIRLLPAHEFPTTAAAIEEFRNRWRQRFEARREPESIYSQVSKGTWPAGIEYWQPLFFDHSETLFDYLPSNSQLLVVGELEKSIDQFLADVDYRYDQRNIDPLRPLLPPNELWLRKDELFTHFKTLPQVQLTSSPIELRAGRMNAQVQPLPVLAVEHQNKEPLAALRQFSEQFVGKIIFSVESEGRREALLELLQRIKLRPQSQSEFSIACQQAEKFSLVLGSAEHGFIYGDNQVALICESDLLGDRVIQRRRKKDRKTVTNSDAVIRNLAELKPGQPVVHIDHGIGRYLGLQTLEAGGMVSEYVMLEYQNEAKLYVPVSSLNLISRYSGGAEEAAQLHKLGGEAWVKARRKAAEKVRDVAAELLDVYAKREIKPGFKFHLDREQYATFKATFPFEETDDQAMAINAVLSDMCQAKAMDRLVCGDVGFGKTEVAMRAAFVATDNGKQVAVLVPTTLLAQQHFENFRDRFANLPIRVEVLSRFKSAKEQKLILQDVADGKVDILVGTHKLLSSEIRFADLGLLIVDEEHRFGVRQKEKVKAMRADVDILTLTATPIPRTLNMAMSGMRDLSIIATPPARRLAIKTFVRQSEDSVIREAVLREIMRGGQVYFLHNQVETIDKVAADLEKLVPEARITVAHGQMRERELEKVMNDFYHQRFNLLVCTTIIETGIDVPTANTIIMDRADSLGLAQLHQLRGRVGRSHHQAYAYLLTPPPKAITKDAVKRLEAIASLEDLGAGFTLATHDLEIRGAGELLGEEQSGQIQSIGFTLYMEMLEQAVEALKSGKEPALDDLLREQTEVEMRLPALLPEDYIPDINTRLSMYKQIASVASEDELVELKVELIDRFGKLPDAALNLLAIAELKLNAMRLKVRKIEAHERGGYIEFYPNADINPLFLVKLLQSQPKQFAMDGPTKFKFTLPLVERSARIQFVADMLNDFQQNVLPAI,59.7,143,266,25.188,67,169,122,10,30,45.86,22,/stor/work/Wilke/crisprtn7/reblast2/GCF_000696385.1_OP3Hv1_genomic.fna
NZ_JJMN01000045.1,137064..177903,csx1,155821..156972,lcl|155821|156972|1|1,1,gi|292492853|ref|YP_003528292.1|CAS-III|csx1|CARF,2.66e-48,gi|292492853|ref|YP_003528292.1|CAS-III|csx1|CARF csx1,MAIHVGIIDQDPVRLVTPLLDNRTVSRHIIFIGDQTQQLIFERLSAVLQKRNITTDFFEIPAGANTSAIKSAIRHLAETLKARGEDVKFNASCGLRHRLLSAYEIFRSYHWPIFVVEPNSDCLCWLYPDGNQDTQVQDRITIADYLTIFGARGEFNEHQLPPQLDQQLYQLGERWAGNALELGPGLATLNYLATTCRKEQRLDVELSEKQQGYRELNLLLSDLVEANIARYENGILTFSNEDARRFANGEWLETLVHSTVKQIQDDLPTIQDRSLNVQVYRQLGDREVRNELDVATVVNNKLHIIECKTKGMRDDGDDTLYKLESLRDLLGGLQARAMLVSFRPLRHNDITRAEDLGLALIGPDELKDLKNHLTQWFKAAGGH,167,422,395,31.899,126,236,189,9,33,47.85,98,/stor/work/Wilke/crisprtn7/reblast2/GCF_000696385.1_OP3Hv1_genomic.fna
NZ_JJMN01000045.1,137064..177903,cas1,170545..169850,lcl|170545|169850|3|-1,-1,AIM011376_asm3891_00854,0.003,AIM011376_asm3891_00854 cas1 CRISPR-associated endonuclease Cas1,MNDPKVIVALDYDNLADALAFVDKIDPSSCRLKVGKEMFTLFGPDFVRELHKRGFSVFLDLKFHDIPNTCSKAVKAAAEMGVWMVNVHASGGERMMAASREILEPYGKDRPLLIGVTVLTSMESSDLQGIGIQSSPQDHVLRLATLTKNSGLDGVVCSAQEASLLKQNLGHEFKLITPGIRPAGSEQGDQRRIMTPAQAIAVGSDYLVIGRPITQAEQPAFVLQEINRSLA,37.0,84,89,26.966,24,59,43,3,6,48.31,38,/stor/work/Wilke/crisprtn7/reblast2/GCF_000696385.1_OP3Hv1_genomic.fna
NZ_JJMN01000045.1,192302..252382,tnsA,212302..213567,lcl|212302|213567|1|1,1,UniRef50_A0A2D2C3Y7,9.76e-10,UniRef50_A0A2D2C3Y7 tnsA Tn7_Tnp_TnsA_N domain-containing protein n=4 Tax=Paracoccus TaxID=265 RepID=A0A2D2C3Y7_9RHOB,MLQRPLSALQFGDGVASSLGVNIKQIKLLCLGLAIFITAAVVSEVGLIGFIGIVAPAIARLLGIRQLTAQLLSSGVIGALMLLVVDLTIQPFSGVGGELLPTGAMTALLGAPFLLWLLQRTKLLSELRAREEPVEHYRKISTARVFFIMLSLLSLVTLCALVFGQGQTGWNLTLNPTLLELRAPRVLTALLAGIGLALAGTLIQRLSNNPMASPEVLGLSSGAALAIVLGSTFGISIERDEQMLLGTLGALTVTSLIWLIGRKHNFAPSQTLLTGIALSAGLDALLRVVMSSGHDNATALLTWLSGSTYLVATADIYLLAIGVGLVASVALLLERWIAIIELGEVAAQSLGMNATQVRLVLLLLVAALTTLCTTSDWPFKFYRLTSTPYGTFATPIPTACTNAYRRFARRNRDGAGGLGWT,56.6,135,106,33.962,36,67,66,1,3,62.26,25,/stor/work/Wilke/crisprtn7/reblast2/GCF_000696385.1_OP3Hv1_genomic.fna
NZ_JJMN01000045.1,192302..252382,tniQ,232382..231459,lcl|232382|231459|2|-1,-1,tr|A0A2G7F0Q1|A0A2G7F0Q1_9ACTN,2.59e-04,tr|A0A2G7F0Q1|A0A2G7F0Q1_9ACTN tniQ Regulatory helix-turn-helix LysR family protein OS=Streptomyces sp. 70 OX=1827606 GN=CLW09_04841 PE=4 SV=1,MALFAVLIQHQSFTAAAHALGVSVSHVSKQLAALEASLGVKLVQRTTRSFTLTDAGNLFYSQCRELLTIVTNAQSEMEDQRDEVAGLIRLGLSQSFGTLHVLPALEQLRQQYPELKVEVHLFDHKVDMLKEGLDLWITSNEQLPEGYVAQRIADCRFVVAASAEYLLRYGTPTQPVELMEHNCLIYRSWERDYTRWSFSRDGQSQTVKVSGNYSVDLAEAVRDAAVAGWGIAYLATYLLRDEFRTGQLIQLLPEWCANQQMPFYAVYPSRQHMPKKTSAVIEFIKHTLGNPCYWDSRLQPYVRFTAG,40.4,93,71,33.803,24,46,40,1,1,56.34,23,/stor/work/Wilke/crisprtn7/reblast2/GCF_000696385.1_OP3Hv1_genomic.fna
NZ_JJMN01000045.1,192302..252382,glmS,246045..245251,lcl|246045|245251|1|-1,-1,PWO25131.1,9.93e-05,"PWO25131.1 glmS CysQ, 3'-Phosphoadenosine 5'-phosphosulfate (PAPS) 3'-phosphatase, partial [Pyrenophora tritici-repentis]",MLSSQLHFAKPAARTPLMVLVHGLLGSGADWQPVLTYLADKQCAVLTLDLPGHGANPVLHCDDFAQAVEMIEQTVQAHITPEVSVILVGYSLGGRLIMNGLAQGAFSRLNLRGADHRKAGHFGLQDDEEKAARWKNDEQWAQRFAKQPIEHVLNDWYQQAVFSSLNHEQRQTLIAQRSANLGSSVAHMLLATSLAKQPYLLPALQALTLPIHYVCGEKDNKFQQLAQHCGLSYSQVANAGHNVHHEQPQAFAKIVQAMIHSITD,40.4,93,92,29.348,27,57,49,4,8,53.26,32,/stor/work/Wilke/crisprtn7/reblast2/GCF_000696385.1_OP3Hv1_genomic.fna
NZ_JJMN01000046.1,71387..112373,tnsA,92373..91387,lcl|92373|91387|3|-1,-1,UniRef50_A0A2D2C3Y7,1.59e-08,UniRef50_A0A2D2C3Y7 tnsA Tn7_Tnp_TnsA_N domain-containing protein n=4 Tax=Paracoccus TaxID=265 RepID=A0A2D2C3Y7_9RHOB,MRRRGNPPLADKLRLALKKLLLVLGVMSFCSLFVGVGHLPLAGLIQGDAGAWQLLLTSRVPRLLAILLSGAGLSIAGLIMQQVSQNRFAAPSTSGTVECAMLGYVLSLVLFGHGENLWLIFGVAMLGTLVFVFFIQRIQFKNVIFVPLIGIIFGNVIDSLATFIAYKYDAIQNLSGWAVANFANLLKGDFELLYLAIPVAIFSYLYAARISAVGMGKDFATNLGLKYHQVMVIGVALVSMMSATVVMIVGQLPFLGLIVPNLVSQYYGDNLRKNIPRTAIFGALFVLVCDLVGRVIIFPYEVPISMIISILGGSVFIVLILRGQRHAG,52.4,124,103,27.184,28,74,58,1,1,56.31,31,/stor/work/Wilke/crisprtn7/reblast2/GCF_000696385.1_OP3Hv1_genomic.fna
NZ_JJMN01000046.1,71387..112373,cas8c,108964..109242,lcl|108964|109242|1|1,1,"gi|297567732|ref|YP_003686703.1|CAS-I-C|cas8c|LS,CASCADE",3.54e-04,"gi|297567732|ref|YP_003686703.1|CAS-I-C|cas8c|LS,CASCADE cas8c",MVLNWGRYHLLPWCWHFIPSRNHRCTLTFPLSCRDWWCNLRWHAKPRRGARNTVCRDVPSVRSTATRHHHVTDVGRGTVGAKTRLHQTAAFR,36.6,83,75,34.667,26,39,31,3,10,41.33,76,/stor/work/Wilke/crisprtn7/reblast2/GCF_000696385.1_OP3Hv1_genomic.fna
NZ_JJMN01000046.1,71387..112373,glmS,74182..73427,lcl|74182|73427|2|-1,-1,WP_007652285.1,1.88e-18,WP_007652285.1 glmS DeoR family transcriptional regulator [unclassified Shewanella],MNEVQRHNGILTLLEENQAINVSHIIERFNVSPATARRDIAKLDELGKLRKVRNGAERIETKKRKWSPLNINSTEHYEEKSLIALQAAELCQPGDSVVINCGSTAFLLGQQLCGENVQIVTNYFPLASYLINEDHDDVIIIGGQYNRAQSIFLNPAPDSLGGYAGNWMFTSGKGLTEAGLYKTDMLTAVAEQQMLEQIDKLVVVVDSSKVGQRTGMLFCPTSKIDIVITGKNANAEVVKAIEAQGTQVILV,79.7,195,253,27.668,70,173,127,6,10,50.20,99,/stor/work/Wilke/crisprtn7/reblast2/GCF_000696385.1_OP3Hv1_genomic.fna
NZ_JJMN01000046.1,71387..112373,glmS,84688..83579,lcl|84688|83579|2|-1,-1,WP_000334435.1,2.21e-06,WP_000334435.1 glmS glutamine--fructose-6-phosphate transaminase (isomerizing) [Helicobacter pylori],MSANPSASCTRIFFMVNFRTFIVNCDGWLISIRIVNEIPCDESRLLPITWLLVFDIKLLFQCRKPTESVMSELLSTVSQELNPETANLSDLPVLKILELLNEHDASVALSIRRVLPQVAEAVCVIAEQMRQGGRLFYVGAGTSGRLGVLDSAECPPTFGTEPELVQAIIAGGHAAMLSAVENIEDCRESAPAELRARQLNAQDVVLGIAASGRTPFVLSGLEYARQVGAKTIALSTRGWGLISELADVAIAPDVGAEVLSGSTRMKSGSAQKMLLGMLSTAVMIQLGKVHGNLMIDVKASNEKLRVRAQHIVSEICDVKRDEAQALLNQVNYNVRAAVLLHWLDIEPSEALLIASKPFQSLKQQLLQGI,47.0,110,120,29.167,35,73,63,2,12,52.50,33,/stor/work/Wilke/crisprtn7/reblast2/GCF_000696385.1_OP3Hv1_genomic.fna
NZ_JJMN01000046.1,71387..112373,glmS,94379..93492,lcl|94379|93492|1|-1,-1,KPP97120.1,5.02e-06,KPP97120.1 glmS glutamine-fructose-6-phosphate transaminase (isomerizing) GlmS [Bacteroidetes bacterium HLUCCA01],MVSVKALHHKPWFEIRYIFQPVLHPVTKHALLKSEILFYRTWFMCRWLAYQGSPIYLEQLVYQPEHSLVHQSLEARKAVTRVNADGFGLGWYTERSTPGRFHEVLPAWGDENLRSLAHHIRSHRFMAHVRSSTGTQVSRSNCHPFIYNHWMFLHNGQIGDYCAVKYELERSLPEHLYIRRTGTTDSELIFLLMLKNGLERDPVAAIRQTISEIEVLMQTKSVLLPFKASICISDGQQFWLVRYSSDGQPPTVYRKPWQDGIILASEPLDGCPNWLLVEPQTITHVLGAECQPYTI,45.4,106,123,28.455,35,69,61,5,19,49.59,37,/stor/work/Wilke/crisprtn7/reblast2/GCF_000696385.1_OP3Hv1_genomic.fna
NZ_JJMN01000046.1,233271..329152,tniQ,254197..253271,lcl|254197|253271|2|-1,-1,tr|A0A1X1NDK8|A0A1X1NDK8_9ACTN,4.89e-04,tr|A0A1X1NDK8|A0A1X1NDK8_9ACTN tniQ HTH lysR-type domain-containing protein OS=Streptomyces sp. CB03238 OX=1907777 GN=BKD26_21400 PE=4 SV=1,MHKHYQYFLMVAHLGNIKQAAERLHITQPSLTAAIKKLESDIGFTLFHRRSKGVELTEYGQLLKEHVQEQQEQHNHLLHRLQDMQQREKGKLKLGTGDAWWELFVRDALNHYLQDVEASSIHLEFGNNLALMHHLVQSEIDLFIGHEVYGLSERCKVKFIPLLQDKEAIYVRSGHPLLSGKTQTELDVAQAAYPVIRVTPDHPRHRSVLAEQHISKMDTVFAQDVGRQIYHVDSLAASLDILRCTDAVMPYSSKLCQWMEAHGAKTLVINTKQVGNVGIYCTSKLGDNDKVSRMIDFLKKSCELSESS,39.7,91,77,33.766,26,49,38,1,2,49.35,24,/stor/work/Wilke/crisprtn7/reblast2/GCF_000696385.1_OP3Hv1_genomic.fna
NZ_JJMN01000046.1,233271..329152,tnsA,281629..280778,lcl|281629|280778|2|-1,-1,UniRef50_A0A3M5N9X7,2.20e-16,UniRef50_A0A3M5N9X7 tnsA HTH gntR-type domain-containing protein n=380 Tax=Bacteria TaxID=2 RepID=A0A3M5N9X7_PSEAZ,MKYSDNSIMMPFEPKRPYQEIGLVLRKELINGHYKVGDRLPPERDIAERLDISRTVVREAIIMLELENLVEVKKGSGVYVINIPSKNNARENVISDDAGPFEMLQARQLLESNIAEFAATQVTPGDIVKMRAALKLERDELLSGAQECHGDERFHMCIAEATQNSVLVDMLRQSWERREKSPMWKKLHSHISSQDYREEWLDDHAKILAALQRKDPIAAKSAMWQHLENVKQRLLALSDVDDPNFDGYLFSSNPVVLLGARKKDNPPCQRKLALISAVVLATA,74.7,182,224,27.232,61,138,103,6,25,45.98,75,/stor/work/Wilke/crisprtn7/reblast2/GCF_000696385.1_OP3Hv1_genomic.fna
NZ_JJMN01000046.1,233271..329152,tnsA,309152..308769,lcl|309152|308769|1|-1,-1,UniRef50_A0A1C6RKQ5,5.79e-12,"UniRef50_A0A1C6RKQ5 tnsA Murein DD-endopeptidase MepM and murein hydrolase activator NlpD, contain LysM domain n=2 Tax=Micromonospora inyonensis TaxID=47866 RepID=A0A1C6RKQ5_9ACTN",MPIGTPVYTSGDGVVVMTRNHPYAGNYVVIQHGSTYMTRYLHLSKILVKKGQKVSRGQRIGLSGNTGRVTGPHLHYELIVRGRAVNAMKANIPMASSVPKKEMAQFIAKRKELDQMLARQESMLAAQ,59.3,142,82,42.683,35,43,45,2,4,54.88,64,/stor/work/Wilke/crisprtn7/reblast2/GCF_000696385.1_OP3Hv1_genomic.fna
NZ_JJMN01000046.1,233271..329152,cas3,279332..278574,lcl|279332|278574|1|-1,-1,gi|386346436|ref|YP_006044685.1|CAS-I|cas3|cas3,1.17e-06,gi|386346436|ref|YP_006044685.1|CAS-I|cas3|cas3 cas3,MSFSSLALSADLIQALPKEITQPTAIQTLVIPAMLTGKDVLALANTGSGKTLAYGLPLLERLKTSPEQQALVLVPTRELAMQVSEVLTHVGTPLGLNTLCLCGGVDKVEQQNALAENPNILVATTGRLFDLTQSGLSLNRVTTLVLDEADRLLDMGFWPQVQALASQTASVRQTVMCSATFSDDLKLKAQQLMRAPTQVSVNPENSINQAVQETLYLVNKGSKTQALVALLKQHQWSQVLVFIGAKENADKT,48.1,113,165,26.061,43,99,78,5,23,47.27,57,/stor/work/Wilke/crisprtn7/reblast2/GCF_000696385.1_OP3Hv1_genomic.fna
NZ_JJMN01000046.1,233271..329152,glmS,240564..239884,lcl|240564|239884|3|-1,-1,WP_035343592.1,1.24e-05,WP_035343592.1 glmS two-component system response regulator GlrR [Dickeya],MMLSVIIVEDDPQIGGLHAQFVQQDGRFKVLAMVSTLADAQQMVAWTKPDLLIVDNYLPDGLGIELVRRLIDVQPRPECILVTAACDLETAQQAYRFGAFDYLVKPVDYRRLSESLQRFHRLHRLDASPKAVRQQDLDALFHPQRGKPNSTIDDFTLEQMLEHFPHPHVEHTADSMALQLGISKSTARRYLDSAVEAGDILAYLEHGKVGRPTRVYRRPHLNEIGR,43.1,100,113,29.204,33,78,58,2,2,51.33,50,/stor/work/Wilke/crisprtn7/reblast2/GCF_000696385.1_OP3Hv1_genomic.fna
NZ_JJMN01000046.1,404824..532646,tniQ,426938..424824,lcl|426938|424824|1|-1,-1,tr|A0A081NVM8|A0A081NVM8_9BACL,1.10e-04,tr|A0A081NVM8|A0A081NVM8_9BACL tniQ ABC transporter domain-containing protein OS=Paenibacillus tyrfis OX=1501230 GN=ET33_22665 PE=4 SV=1,MQDTLLNSLVYVSRYYGLANSPEALINGLPLADGKLTPFLFPRSAERAGLIAKENRAPLDKIPHLVFPVVLLLKGGEACVLNSINQETQEAEIVTAESGMVPVAYPMDDLEALYIGRYFMVKKQFRFDERSPEVLKSRDGHWFWSTIFKSKHIYRDVLIASLLINLFAIAAPMFSRIVYDKVVPNLAFETLWVLSSGILVIFLFDFVFKMLRNYFIDVAGKKSDILISSKLFSKVMGIRMEARPPSVGAFARHLQEFESIREFFTSATISSLIDLPFALLFLVLIWLMAGHLVWVPIIGVLVLVVYSILIQGPLRKAIEEGSRLASQKYANLIESLYGLETVKLFGAQGQFQYRWEEAVAHMANWNIKSRRITDSIQNTAGFVQQAANIGMIIVGVYLISKGDLTMGGLIAATMLSGRAIGPLVQLSLLSTRYNQAKSSMTIIEQVMAMPDEQEEGKRYIHRPIIQGKIELDRVTFHYPNSPMASVRDLSLTINPGEKVAIIGRIGSGKTTLERLIMGLYKPTEGHVRIDDTDISQLHHIDIRRNIACVPQDSVLFYGSIRDNITLGRPLADDREVMDAANRAGVTAFTQQDPAGLERQVGEGGMLLSGGQRQSVSIARALLGRPPVLLMDEPTSAMDNRSEMHIKQQLSQLKPSETLILITHKTSMLDVVDRVIVMEKGCVIADGPKHEVLNDLRQGNVRAVQ,43.1,100,99,28.283,28,64,51,2,7,51.52,14,/stor/work/Wilke/crisprtn7/reblast2/GCF_000696385.1_OP3Hv1_genomic.fna
NZ_JJMN01000046.1,404824..532646,tniQ,455091..454186,lcl|455091|454186|3|-1,-1,tr|A0A1X1NDK8|A0A1X1NDK8_9ACTN,3.51e-06,tr|A0A1X1NDK8|A0A1X1NDK8_9ACTN tniQ HTH lysR-type domain-containing protein OS=Streptomyces sp. CB03238 OX=1907777 GN=BKD26_21400 PE=4 SV=1,MQLNQLNLADIRAFVLIAKLGNFTKAAEELEVSRSHVSRQLSQLENSMGVTLVTRTTRSLSLTDAGEIFYHQCEQALSSIEQAVLAAVDDVQEARGELRINSVGGHIGEELIADICSAFMQENPDVRIHLDFSSHRVDLIEEGFDVAFRMGKLEDASFVARKLTEIRMSTLASPVYFTQCGQPQHPKQLAEHRCLTGSVKRWSYQHQETKQTLDVPVDGDLQCKNGRVLVRAALAHNGIIRVPTFYCHQEIARGELVEVFQDWHIPSVEFSLIYHKDKYQPVRLKRFIEFSKRYFEQGVIE,46.2,108,89,32.584,29,54,47,3,6,52.81,28,/stor/work/Wilke/crisprtn7/reblast2/GCF_000696385.1_OP3Hv1_genomic.fna
NZ_JJMN01000046.1,404824..532646,tniQ,462240..461308,lcl|462240|461308|3|-1,-1,tr|A0A2W1D0I8|A0A2W1D0I8_9PLEO,1.18e-16,tr|A0A2W1D0I8|A0A2W1D0I8_9PLEO tniQ Pectate lyase OS=Pyrenophora tritici-repentis OX=45151 GN=A1F97_07859 PE=3 SV=1,MNVTTMKAIRIHQYGGQQTLLTEQVAIPQIGKNDVLIAVKYSGINPVDWKVREGWLASENLHQLPLILGWDLSGVVVQIGKQVSQFQVGDEVFAFGDLTKDGAYAQYIRVDASLVAKKPRTLTFAQAAAVPLTSLTAWQAITQLAEIKPEQSILIHGASGGVGSFAVQFAMHLGAQVTAVASAGNHSYLKSLGVEQIVDYRSPNYLQALGQFDYVFDVVDNDALGIYDTVKPSGKYISTLKTHQIPAHYTFAHERVMVMPSGEQLSHISTLIDNGEIRLPNIQELPFEQVAQAHALSETEHVQGKIVLEI,77.4,189,245,29.388,72,154,114,8,19,46.53,76,/stor/work/Wilke/crisprtn7/reblast2/GCF_000696385.1_OP3Hv1_genomic.fna
NZ_JJMN01000046.1,404824..532646,tniQ,463848..464189,lcl|463848|464189|3|1,1,tr|A0A0W7WYX0|A0A0W7WYX0_9ACTN,3.23e-04,tr|A0A0W7WYX0|A0A0W7WYX0_9ACTN tniQ HTH lysR-type domain-containing protein OS=Streptomyces silvensis OX=1765722 GN=AT728_13705 PE=4 SV=1,MSARISLEMWRAFIAVAEHGSTVKAAEQLHKSQSAISHSINKMATMLGQELFIIEGRQSVLTELGKQLLPKAQELHHNALQIEKLAMKFQGELAQGNQHCGGWYYCLPVLFWK,36.6,83,64,39.062,25,37,34,1,2,53.12,55,/stor/work/Wilke/crisprtn7/reblast2/GCF_000696385.1_OP3Hv1_genomic.fna
NZ_JJMN01000046.1,404824..532646,tnsA,475207..476148,lcl|475207|476148|1|1,1,UniRef50_A0A1C6RKQ5,1.93e-09,"UniRef50_A0A1C6RKQ5 tnsA Murein DD-endopeptidase MepM and murein hydrolase activator NlpD, contain LysM domain n=2 Tax=Micromonospora inyonensis TaxID=47866 RepID=A0A1C6RKQ5_9ACTN",MKERVIVSVSSIHGTQHFHLDRVFRLVLKTLGYTTLIGIVAVGGVIYYLKNQVDFAKLKQQELENQSMSLLEEVTSLRELKETLENDLTVREEKIQIVSDRLGDLEKVLGVDESGAELESRLDAAAITSSVRTLMLAQIPSGSPVPGARISSGYGKRVHPVTKQAKLHRGQDFAVNIGTPIYAPADGVVEVTRASKVGSGNFIRLLHAYGFSSSYSHMQKFAVKSGEFVQKGDLLGYSGNTGLSSGPHLHYEIRFIGRSLDPRPFVDWGVNDFETIFTKVRGIRWESLVNKVEQRVSSQLQLSSQKVATSPES,56.6,135,125,32.000,40,59,54,3,26,43.20,32,/stor/work/Wilke/crisprtn7/reblast2/GCF_000696385.1_OP3Hv1_genomic.fna
NZ_JJMN01000046.1,404824..532646,tnsC,499597..501960,lcl|499597|501960|1|1,1,UniRef100_A0A1E7VIN8,1.85e-04,UniRef100_A0A1E7VIN8 tnsC Transposon Tn7 transposition protein TnsC n=2 Tax=Duganella sp. HH105 TaxID=1781067 RepID=A0A1E7VIN8_9BURK,MAIQHLSFEQLYQVAKLEKLECKSTKELAPIDEIVGQERAQKAVEFAMSIKEKGYNIYAIGRNGLGKRTMILRYLSRHQHDGNELYDWCYVANFEDVRVPKVLKLPCGIGQKFRQDIEKLMTKLVTAIPLAFDNEIYFSRAEKLKNQLAQKQESELENITRTAKERGVSLTITTQGEYQFVALNGEEMHTEETFDALSKREQDQFSSTIDELEVSLRNMVRQLTEWEESYSEKIKKLNDEVTLDVIAHFIKQLKLDYSKHPEIKAYLTELQKDIVENVEIFLDEGGDQGELASASLDKKLPRRYKVNVLVSRNADEFPIVVEESPNYHSLFGYIETATYKGTVFTDFSLIRPGSLHKANGGVLLMDAVKVLEQPYVWDGLKRALRSRHLSFTSLEKEVTLTGTVSLDPEPIPLDVKIILFGDYRTYELLAHYDPEFSELFRVTADFADEMPRDADSELHYARFISSIVHDANMLHCDRKAIARIIEHSSRTTGDQTKLSLHSAHIANLLRESNYVAKQANANLIRQSHVEEALRNQELRVNRLQQSMMETFVNGTTLIQTEGMAIGQVNALSVLATSDHAFGMPNRITATTSYGDGEIIDIERSVDLGGSIHSKGVMILSAYLSSVFGRTARVPLTTTITFEQSYGGVDGDSASMAEFCAIVSAFSKQPNRQDIAITGSMNQFGESQPIGGLNEKIEGFFDVCSIKGRKDTQGVIIPRSNTHNLMLRADIVKAGKKKGEFHIWAIDHVTEAIEIFTGKPAGIATDDGSYPVDTVFGLAQAKLNALRK,42.7,99,185,26.486,49,98,72,7,38,38.92,19,/stor/work/Wilke/crisprtn7/reblast2/GCF_000696385.1_OP3Hv1_genomic.fna
NZ_JJMN01000046.1,404824..532646,tniQ,510481..509540,lcl|510481|509540|2|-1,-1,tr|A0A3D8NHY0|A0A3D8NHY0_9ACTN,2.45e-04,tr|A0A3D8NHY0|A0A3D8NHY0_9ACTN tniQ LysR family transcriptional regulator OS=Streptomyces sp. IB2014 011-12 OX=2174847 GN=DDV98_25620 PE=4 SV=1,MLVKLTSLIMRKLIPLKSLYSFVAVAETGSMTLAAEALSVSHSAISQAIKALEQQLGQALFHRVGRQVILNSTGKRYYQKVAPALEQIVQATESLLKPTYSNRITLNMINSLALHWWIPRVSSFQAFAPEVDVRISTLTGTFSLEEQGVDVALIHGQLRDWQGYYCEKLAEDELVMVINQNAFKAELTAEHALTQFPAIFVNNPRRQQDWDIWCQANHVTPPTQQRNLSFAASAQALQATLSGLGLFVTHRLFIKQEVESGILREIGQRVIHPDQGYYFACHADKLRSEAVLKLRNWLSNEFQQDKKSAQSSS,40.4,93,57,42.105,24,33,31,0,0,54.39,18,/stor/work/Wilke/crisprtn7/reblast2/GCF_000696385.1_OP3Hv1_genomic.fna
NZ_JJMN01000046.1,404824..532646,tniQ,512646..511630,lcl|512646|511630|3|-1,-1,tr|A0A193CZM4|A0A193CZM4_BACTU,6.55e-04,tr|A0A193CZM4|A0A193CZM4_BACTU tniQ Uncharacterized protein OS=Bacillus thuringiensis serovar coreanensis OX=180843 GN=A9498_26520 PE=4 SV=1,MWSALITTLVLTTTTTYAQTQALLTPYQDANSTRSLPDQPHRQGTELGSVASLSFQDTADLIRHTYEAQLFTLPGFKEGHYALRMYRQTLDDKYAAAIGSDLARVASRLNYFAEEVHSPEQIQRYAQKRINSYQKSQDERTLRRFSATQTMPEYLYLGIDLLGSMARANEYGLKHKDDDKLRQVLRRYDFTPYATNTGMIEAWAAQLANQVYWLRQLGEQDVVDPFIQAFRNTYSDQRDSTLDDQQYGNKLYGMTHIIFADSEYYQHRVSEQQHQWIYDYFRANLDTILQRAKPDIVAEVGISFLLAGLENDPVVLKTRQFIQAQVDTTKRHDPLNGW,38.9,89,167,26.347,44,98,72,6,25,43.11,49,/stor/work/Wilke/crisprtn7/reblast2/GCF_000696385.1_OP3Hv1_genomic.fna
NZ_JJMN01000046.1,404824..532646,cmr6,472545..471391,lcl|472545|471391|3|-1,-1,"gi|427715526|ref|YP_007063520.1|CAS-III-B|cmr6gr7|G7,CASCADE",6.72e-04,"gi|427715526|ref|YP_007063520.1|CAS-III-B|cmr6gr7|G7,CASCADE cmr6",MKKNAVHFGAGNIGRGFIGKLLADADIAVTFADVNEPLVDQLSHQQEYKVKVVGSECKMETVSHVTAVNSASEALIERIIKTDLVTTAVGPTVLDIIAKTIAKGLSARFAAGNAQPLNIIACENMVRGTTHLKQQVYQFLTAEEQQQADALVGFVDSAVDRIVPPLQAANDDPLEVTVESFSEWIVDEQQFKGEIPQIEGMEKTNNLMAFVERKLFTLNTGHCITAYLGCLKGHRTIREAIEDPSIHAQVKQAMQESGEVLIRRYGFDRALHSAYIEKILSRFANPYLVDEVDRVGRQPLRKLGTNDRLIKPLLGTIEYGLPNSMLLKGIAAALKYRNSSDPQAVELQQSIEKEGVRSTLARYTGLAADSIEAQQIEALYQQMD,40.4,93,85,29.412,25,54,42,1,6,49.41,22,/stor/work/Wilke/crisprtn7/reblast2/GCF_000696385.1_OP3Hv1_genomic.fna
NZ_JJMN01000046.1,404824..532646,csx1,521741..522415,lcl|521741|522415|2|1,1,gi|338730931|ref|YP_004660323.1|CAS-III|csx1|CARF,2.91e-04,gi|338730931|ref|YP_004660323.1|CAS-III|csx1|CARF csx1,MKDGNKLNVRLLSDVCMQSRLLKEALESKLPVVLEITPFSELWLEENKPESRNIQMLLIDYSRISDDVLTDYSSFKHISCPEAKEVIINCPSEIEHKQLFKWNNLAGVFYLDDEMDTLIKGMSKILQDEMWLTRKLAQEYILHYRAGNSVVTSQMYAKLTKREQQIIKLLGSGASNIEIADKLFVSENTVKTHLHNVFKKINAKNRLQALIWAKNNIGIEEVNS,39.7,91,43,41.860,18,25,30,0,0,69.77,19,/stor/work/Wilke/crisprtn7/reblast2/GCF_000696385.1_OP3Hv1_genomic.fna
NZ_JJMN01000046.1,404824..532646,cas3,526414..527601,lcl|526414|527601|1|1,1,gi|389845097|ref|YP_006347177.1|CAS-I|cas3|cas3,0.009,gi|389845097|ref|YP_006347177.1|CAS-I|cas3|cas3 cas3,MNMKNALSTVALSTLVALGSFGAHAAIEEGQLTIWINGDKGYNGLAEVGKKFEADTGVKVTVAHPDGLQDKFPQTAATGDGPDIVFWAHDRFGGYADAGLLVEVKPSAKVKEGIVDFAWDAVKYNGKIIGYPIAVESLSLIYNKDLVPNPPKNWEEVAELDAKLKKQGKSAIMWNLKEPYFTWPLMAADGGYAFKYGVDGYDVKDAGINNKGVKEAMNFVKGLVDKGVISPDMDYSVSEAAFNQGNTAMTINGPWSWGNIEKSGINYGVTTLPKFNGQASKPFVGVLTAGISTASPNKDLAVEFIENYLLTNDGLRMVNNDKPLGAVALNSFQRELDADARIAATMDNAMNGEIMPNIPQMSAFWGAAKNTIVNIVDGRQTVDAALADAEKQMTK,37.0,84,84,29.762,25,43,47,5,16,55.95,20,/stor/work/Wilke/crisprtn7/reblast2/GCF_000696385.1_OP3Hv1_genomic.fna
NZ_JJMN01000046.1,404824..532646,glmS,406727..407437,lcl|406727|407437|2|1,1,WP_035343592.1,6.71e-10,WP_035343592.1 glmS two-component system response regulator GlrR [Dickeya],MLGANKKSPIYWRVSNNVMRLLLVEDDTLLGESMQVALSRQGYTVDWLERGSGVVTALKTEQFTALILDLTLPDMDGLEVLRQIRRAGYTLPVMILTARDDISDRVKGLDGGADEYIGKPFALEELLARLRLIIRRSSGSAEELISVGDLDLSLSKQEIYYAQQPLKLTRNEYKILASLMTQAGRVMSKELLQQALHGWDEGSSDNAIEVHIHNLRKKLPDNLIRNVRGVGYMIEK,56.2,134,100,32.000,32,68,54,0,0,54.00,42,/stor/work/Wilke/crisprtn7/reblast2/GCF_000696385.1_OP3Hv1_genomic.fna
NZ_JJMN01000046.1,404824..532646,glmS,411432..411737,lcl|411432|411737|3|1,1,WP_035343592.1,1.68e-09,WP_035343592.1 glmS two-component system response regulator GlrR [Dickeya],MARVLAVDDSISIRQMVSHTLQDAGYEVETASDGRDALAKAQKSRFDVIISDVNMPVMGGFEFVKAVRLQSQYKFTPILMLTTETSPEKNKKVKRWVPPDG,50.8,120,97,32.990,32,62,50,2,3,51.55,95,/stor/work/Wilke/crisprtn7/reblast2/GCF_000696385.1_OP3Hv1_genomic.fna
NZ_JJMN01000046.1,404824..532646,glmS,418566..419606,lcl|418566|419606|3|1,1,WP_035343592.1,3.22e-04,WP_035343592.1 glmS two-component system response regulator GlrR [Dickeya],MKKIKVLIVDDSPVFRALLTQLIESDPALEVIASAEDPYQARELIKLYKPDVLTLDVEMPKMNGVQFLKNLMRLHPLPVVMISTLTQHGAEATLAALELGAVDYFPKPSSDNPAEMLSYKALVNEKIKMAAQANVGGGQSTAPSPSLKGGAASEYQLIAIGSSTGGTEAVKQVLSALPAGLPPVVMTQHISALFTPSLAKRLNDSSALQVQEVTQQTTPLEMGCAYLAPGDKHIVVVKRSGKLYAELDDRPAVNRHKPSVDVMFDSIAQTVGSKALGIILTGMGQDGAKGMLAMHQHGAVTAAQDEQSSVVWGMPRVAIELGAADAVKPLGLMAAWIIEQLQKKPK,40.0,92,169,28.402,48,85,75,8,36,44.38,40,/stor/work/Wilke/crisprtn7/reblast2/GCF_000696385.1_OP3Hv1_genomic.fna
NZ_JJMN01000046.1,404824..532646,guaC,492406..491270,lcl|492406|491270|2|-1,-1,WP_058461449.1,4.17e-05,WP_058461449.1 guaC guanosine monophosphate reductase [Legionella adelaidensis],MIISASTDYRAAAKAKLPPFLFHYIDGGSYGEHTLRRNSDDLADIALRQRVLNDMSELSLETELFGEKMALPIALSPVGLTGMYARRGEVQAAQAAEAKGIPFTLSTVSVCPIEEVAPSIQRPIWFQLYVLKDRGFMKNVLERAKAAGVKNLVFTVDMPVPGARYRDMHSGMSGPNAAMRRVLQAMAHPSWAWDVGLLGKPHDLGNISKYRGSPTKLEDYIGWLGANFDPSISWKDLEWIRDFWDGPMIIKGILDTEDAKDAVRFGADGIVVSNHGGRQLDGVLSTVQALPAIADAVKGDLKILVDSGIRTGLDVVRMLALGADCTMLGRSFIYALAAQGRAGVENLLELYEKEMRVAMTLTGAKSIAELSRDSLVKR,42.7,99,99,34.343,34,61,45,2,4,45.45,25,/stor/work/Wilke/crisprtn7/reblast2/GCF_000696385.1_OP3Hv1_genomic.fna
NZ_JJMN01000046.1,404824..532646,glmS,520331..519411,lcl|520331|519411|1|-1,-1,WP_035343592.1,0.001,WP_035343592.1 glmS two-component system response regulator GlrR [Dickeya],MAKVVSKANQSQGMLMFTLSAQQQLFAIGTLKVREIVTYKPMTQIPYSHHHVIGTVTIRNLTVPVIDMAAAIGFRPIQPSEYQKCYLIVTDCLRTVVAFMVRTIEKIIECDWRHIESSPSTAGHDVFVTGITRYQDKIVQLLDVELLLSKIYPQYESSKVPMLTDIERERLKPLHILLVDDSSIARKQLSDALDSINIPYQICKNGSDAIDLMRDMAQQHRAIDILVSDIEMPGLDGYELAFEVQNDSQLNHAYCILHTSLSSEICVDRAHQVGAHEALEKFNATELIEAMLRGAKKLESQRLKVH,38.1,87,76,34.211,26,45,35,1,5,46.05,25,/stor/work/Wilke/crisprtn7/reblast2/GCF_000696385.1_OP3Hv1_genomic.fna
NZ_JJMN01000046.1,404824..532646,yciA,531340..530837,lcl|531340|530837|2|-1,-1,WP_011072708.1,1.28e-91,WP_011072708.1 yciA acyl-CoA thioesterase [Shewanella oneidensis],MKDKPMSSGKREITLRFLAEPGDVNFGGKVHGGAVMKWIDLAAYACAAAWSGKYCITAYAGGIRFVAPIHVGNLVEVNAKVIYTGKTSMHIAIDVQASDPKFLKNHLTTHCIVIMVAVDEAGKPSLVPEWVPQTKEDQELRASAIRLMNMRTEIGEEMEAHVKYLKN,261,667,158,78.481,124,34,137,0,0,86.71,95,/stor/work/Wilke/crisprtn7/reblast2/GCF_000696385.1_OP3Hv1_genomic.fna
NZ_JJMN01000046.1,404824..532646,glmS,531916..531485,lcl|531916|531485|2|-1,-1,WP_003037350.1,5.82e-11,WP_003037350.1 glmS DNA-binding transcriptional repressor [Enterobacteriaceae],MVNHHQLRVVTNNLNVATMLMSKPDFSIILAGGEVRNKDGGVTGEATLDFISQFRLDFGILGISGIDYDGSLLDFDYHEVRVKRAIIENSRSVFLAVDHSKFGRNAMVKLGTLADVDLIITDQTPPKEIEAFAKEHEVTIQVV,56.2,134,118,32.203,38,76,60,3,4,50.85,81,/stor/work/Wilke/crisprtn7/reblast2/GCF_000696385.1_OP3Hv1_genomic.fna
NZ_JJMN01000046.1,535194..606310,tnsA,555194..555655,lcl|555194|555655|2|1,1,UniRef50_A0A290TKK1,3.55e-04,UniRef50_A0A290TKK1 tnsA Tn7_Tnp_TnsA_N domain-containing protein n=3 Tax=Alteromonadales TaxID=135622 RepID=A0A290TKK1_9GAMM,MPKRSKEDTEVTIQTIMDAVVDQLLRLGYDKMSYTTLSQQTGVSRTGISHHFPKKTDFASALDGRIFKMFMEYLDFEHDIGAFRASWLAAMEKSEFVAILRLLFHHIVTAERAHDFAHKGVSRLYKMAEEKFGQESQKEVEWLLGRSLVSMVN,37.4,85,96,28.125,27,48,45,4,21,46.88,63,/stor/work/Wilke/crisprtn7/reblast2/GCF_000696385.1_OP3Hv1_genomic.fna
NZ_JJMN01000046.1,535194..606310,tniQ,585279..586310,lcl|585279|586310|3|1,1,tr|A0A2W1D0I8|A0A2W1D0I8_9PLEO,5.10e-10,tr|A0A2W1D0I8|A0A2W1D0I8_9PLEO tniQ Pectate lyase OS=Pyrenophora tritici-repentis OX=45151 GN=A1F97_07859 PE=3 SV=1,MKIKALSKLKPEQGIWMNEVDMPELGHNDLLIKIKKTAICGTDVHIYNWDEWSQKTIPVPMVVGHEYVGEVVGIGQEVRGFQLGDRVSGEGHITCGHCRNCRGGRTHLCRNTIGVGVNRTGCFSEYLVIPAFNAFKIPEGISDDLASIFDPFGNAVHTALSFDLVGEDVLITGAGPIGIMAAAVAKHVGARHVVITDVNEYRLDLARKMGVTRAVNVAEQNLEEVMKELGMTEGFDVGLEMSGVPSAFSAMLKTMNHGGRIALLGIPPSSMAIDWNQVIFKGLVIKGIYGREMFETWYKMASLIQSGLDISPIITHHFKVDDFQKGFDIMRSGASGKVILDWQ,57.8,138,304,24.013,73,178,130,13,53,42.76,83,/stor/work/Wilke/crisprtn7/reblast2/GCF_000696385.1_OP3Hv1_genomic.fna
NZ_JJMN01000046.1,535194..606310,cmr6,536181..535252,lcl|536181|535252|3|-1,-1,"gi|337285594|ref|YP_004625067.1|CAS-III-C|cmr6gr7|G7,CASCADE",0.002,"gi|337285594|ref|YP_004625067.1|CAS-III-C|cmr6gr7|G7,CASCADE cmr6",MSSVYPIGVPGQPWQAAERQAWLAQRHIQREYQQEVVPKILALQDRFEISTYGALSFDPARYPLYVVKSRNWDATKPTVLITGGVHGYETSGVHGALQFLATAAKPYLTHFNLLAAPCVSPWGYETINRWNPDAIDPNRSFIQNSPAQEAALLMAMVAEHEPILLHIDLHETTDTDESEFRPALAARDGKNYLAGTIPDGFYTVGDTENPQLDFQQAVINSVRRVTHIAPADDKNEIIGSPVVADGVILYPMRELGLCGGMTDCTYGTTTEVYPDSPKVSAQNCNDAQVAAIVGALDYVLVNEQAVLGE,38.1,87,62,32.258,20,40,36,2,2,58.06,20,/stor/work/Wilke/crisprtn7/reblast2/GCF_000696385.1_OP3Hv1_genomic.fna
NZ_JJMN01000046.1,535194..606310,cas3,538039..538701,lcl|538039|538701|1|1,1,gi|386361821|ref|YP_006061662.1|CAS-I-U|cas3|cas3,0.010,gi|386361821|ref|YP_006061662.1|CAS-I-U|cas3|cas3 cas3,MNLPPAQAHLPLDDEYLECIVTAFGKIVDAKSPYTAGHSERVAVYTDLIARQLAISDSDRAWLRRAALLHDIGKLGVSNAILDKPGKLNDVEWKAVQAHAAFTEQILQKLSPFKTLARMAGAHHEKLDGTGYPRGIKGDEISVMTRVITTADIFDALSAERPYRAAMPTEKALAIMEENLHTAIDPECFSALKLALNQLPVEYTQQLNAPAVSMTEIDSN,35.4,80,37,45.946,17,20,23,0,0,62.16,17,/stor/work/Wilke/crisprtn7/reblast2/GCF_000696385.1_OP3Hv1_genomic.fna
NZ_JJMN01000046.1,535194..606310,csx1,560274..559591,lcl|560274|559591|3|-1,-1,gi|337284917|ref|YP_004624391.1|CAS-III|csx1|CARF,0.002,gi|337284917|ref|YP_004624391.1|CAS-III|csx1|CARF csx1,MLLQGGFLSLFMLYCLSRTDEAQVFAMPAGNPNPSVSINLVAMPKPSAPAEPVTSQSVPPEEQVKPAPAKPKIEKTKPTPKPKVVKKPVPAAQAKQAPVSKTNTEKLDTSVNEPKSEPTQAKPTTASQGVSSQPILVDKPAFVTTPVQPRYPRIAQKRGIEGTVMYEIWLDEQGNQIKQQLLTSSGTAILDQSALEAIKQWKFSPRVLDGVPVAHRVHIPVRFKLEG,37.4,85,131,27.481,36,77,59,6,18,45.04,55,/stor/work/Wilke/crisprtn7/reblast2/GCF_000696385.1_OP3Hv1_genomic.fna
NZ_JJMN01000047.1,0..13189,tnsA,5757..4606,lcl|5757|4606|2|-1,-1,UniRef50_A0A1C6RKQ5,6.88e-07,"UniRef50_A0A1C6RKQ5 tnsA Murein DD-endopeptidase MepM and murein hydrolase activator NlpD, contain LysM domain n=2 Tax=Micromonospora inyonensis TaxID=47866 RepID=A0A1C6RKQ5_9ACTN",MTPTAPHAIFSDFRGKNLTNRLLTCLLFMVAPHLGAATQQELTGVKSEISRQQQSLADQQKSLDQLQQSLKQQELGINSIENTDHQNQKTILENANRNIAQLNSNIQALENQKQQQAEKLERLLQTYYLTQRSLTNGQFFHRSADEDRISQYYQHLAKSRAQAIEALEKTRSDLHANQQQRQAEREQIEKLLAEQTQQRDKLAKTQTERKQTVKKIESSISGDKVYLAELQRNETRLKAEIAKAAKRNAVLMNGIASQRGKLPWPLKGRVLHNFGERQTGQIDWKGLVIDANYGQEVKAVYPGTIVFAEYLRGYGLVVLLDHGKGDMTLYGFNQTLLKKEGDKVIAGETIALAGDTGGQSRPALYFEIRRNSRAENPSQWLQR,48.9,115,196,27.041,53,109,81,7,34,41.33,45,/stor/work/Wilke/crisprtn7/reblast2/GCF_000696385.1_OP3Hv1_genomic.fna
NZ_JJMN01000051.1,67149..90046,tniQ,88489..87149,lcl|88489|87149|1|-1,-1,tr|A0A444K107|A0A444K107_9RHIZ,1.37e-135,tr|A0A444K107|A0A444K107_9RHIZ tniQ Uncharacterized protein (Fragment) OS=Mesorhizobium sp. M4B.F.Ca.ET.089.01.1.1 OX=2496662 GN=EN780_35465 PE=4 SV=1,MRFAQGRAIIPCNINHPESEPMIIGRNFLVKVNANIGNSSVSSSIEEEVEKLVWATRWGADTVMDLSTGRNIHETREWILRNSPVPIGTVPMYQALEKVNGIAENLNWEVMRDTLLEQAEQGVDYFTIHAGLLLRYVPMTAKRMTGIVSRGGSIIAKWCLSHHQENFLYTHFREICEICAQYDVALSLGDGLRPGSIADANDEAQFSELRTLGELTKIAWEYDVQVMIEGPGHVPMHLVKANVDEQLKHCHEAPFYTLGPLTTDIAPGYDHITSGIGAAMIGWFGCAMLCYVTPKEHLGLPNKEDVKTGLITYKLAAHAADLAKGHPGAQIRDNALSKARFEFRWEDQFNLALDPVTARAFHDETLPQESGKIAHFCSMCGPKFCSMKISQEVRDYANNQQAADISVIKVTEPDQVAQKGMQEKSREFLASGAQIYHPLVKDLVEE,390,1001,227,79.295,180,47,201,0,0,88.55,51,/stor/work/Wilke/crisprtn7/reblast2/GCF_000696385.1_OP3Hv1_genomic.fna
NZ_JJMN01000051.1,67149..90046,cas9,72442..71915,lcl|72442|71915|1|-1,-1,"gi|222109285|ref|YP_002551549.1|CAS-II-A,CAS-II-B,CAS-II-C|cas9|cas9",0.010,"gi|222109285|ref|YP_002551549.1|CAS-II-A,CAS-II-B,CAS-II-C|cas9|cas9 cas9",MLSQAMVEHLNEQINLEFFSSNLYLQMSAWCEDKGFDGAAEFLRVHAVEEMQHMQRLFTYVSETGALPILGAIAAPRHEFASLGEVFRETYQHEQKITQQINKLAHVAFTSQDYSTFNFLQWYVAEQHEEEKLFKGILDKLELVGEDGKALFFIDKDLAALAKKGSSSVMDAPAE,34.7,78,111,29.730,33,69,47,4,9,42.34,59,/stor/work/Wilke/crisprtn7/reblast2/GCF_000696385.1_OP3Hv1_genomic.fna
NZ_JJMN01000051.1,67149..90046,rsmJ,74965..74561,lcl|74965|74561|1|-1,-1,WP_021139514.1,5.45e-52,WP_021139514.1 rsmJ class I SAM-dependent methyltransferase [Aeromonas salmonicida],MAYNAPQQDSEIGAWVSERISLLHASSHDALQQLAADPNFVRPDVIYLDPMYPHPENKKKSALVKKEMRVFQSLVGADNDADALLEPALQLAQKRVVVKRPDYAPWLQHRKPSMAIETKKNRFDVYVLAAMDGE,162,411,124,70.161,87,29,94,2,8,75.81,93,/stor/work/Wilke/crisprtn7/reblast2/GCF_000696385.1_OP3Hv1_genomic.fna
NZ_JJMN01000062.1,0..32429,tnsA,11497..12012,lcl|11497|12012|1|1,1,UniRef50_A0A1W6LD49,1.45e-22,UniRef50_A0A1W6LD49 tnsA UPF0761 membrane protein A4W93_20890 n=42 Tax=Betaproteobacteria TaxID=28216 RepID=A0A1W6LD49_9BURK,MKLTHSFIEQKARQGLHFFRYLLSRMNHDRVNVNAGYLAYITLLSMVPMLTVLLSILSSFSIFASAGEVIQDFVITHFVPAAGEVVKTALVEFVANTGKMTAVGGAFLFVAAIMLISNIDKNLNYIWRVQQKRRAVFSFSMYWMILTLGPILVGASIAATSYITYLKNLRQ,89.0,219,151,32.450,49,97,87,2,5,57.62,87,/stor/work/Wilke/crisprtn7/reblast2/GCF_000696385.1_OP3Hv1_genomic.fna
NZ_JJMN01000062.1,0..32429,tnsA,12133..12429,lcl|12133|12429|1|1,1,UniRef50_A0A1W6LD49,3.48e-17,UniRef50_A0A1W6LD49 tnsA UPF0761 membrane protein A4W93_20890 n=42 Tax=Betaproteobacteria TaxID=28216 RepID=A0A1W6LD49_9BURK,MTGALIAAVLFELSKKGFAAYITQFPSYQLIYGALAAIPILFVWVYLCWLIVLVGAEVTAALGEREHWSDSPDMLHFAPLPKSEIEEKQSDSPDPTSK,72.0,175,63,44.444,28,35,44,0,0,69.84,64,/stor/work/Wilke/crisprtn7/reblast2/GCF_000696385.1_OP3Hv1_genomic.fna
NZ_JJMN01000062.1,0..32429,csx1,1057..50,lcl|1057|50|1|-1,-1,gi|218961159|ref|YP_001740934.1|CAS-III|csx1|CARF,1.10e-25,gi|218961159|ref|YP_001740934.1|CAS-III|csx1|CARF csx1,MITSSLPLTDLHRHLDGNIRTQTILELGQKFGVQLPANTIETLTPYVQIVETEPSLVAFLSKLDWGVAVLGDLEACRRVAYENVEDALNARIDYAELRFSPYYMAMKHGLPIAGVVEAVVDGVQAGVRDFGIKANLIGIMSRTFGTDACQQELEAILSQKNHIVAVDLAGDELGQPGDRFNPNTLNKVKNAGLQVTVHAGEAAGPESMWQAIKELGATRIGHGVKAIHDPKLMDYLAQHRIGIESCLTSNLQTSTVESLAAHPLKRFLEHGILACINTDDPAVEGIELPYEYKVAAPQAGLSQQQIRQAQINGLELAFLSDSDKKALLTKAALRG,106,265,375,26.400,99,215,162,13,61,43.20,98,/stor/work/Wilke/crisprtn7/reblast2/GCF_000696385.1_OP3Hv1_genomic.fna
NZ_JJMN01000062.1,0..32429,glmS,4329..3766,lcl|4329|3766|2|-1,-1,WP_035343592.1,6.26e-09,WP_035343592.1 glmS two-component system response regulator GlrR [Dickeya],MCELSRRHIKTLRSWSIKASSVKTLFHRLNVIRIHIPSLRERRQDIEKLTKHFLALAAKELGVEMKTLNPRTVDILTKLDWPGNVRQLENMCRWLTVMASGSEVLPSDLPPELLSERKASHFDNDISWQKQLETWAKSALASGETELLAYALPEFERILLEAALNHTNGHKQEAAKVLGWGTEYANT,52.0,123,75,37.333,28,44,43,1,3,57.33,39,/stor/work/Wilke/crisprtn7/reblast2/GCF_000696385.1_OP3Hv1_genomic.fna
NZ_JJMN01000062.1,0..32429,glmS,4513..4208,lcl|4513|4208|1|-1,-1,WP_035343592.1,1.03e-23,WP_035343592.1 glmS two-component system response regulator GlrR [Dickeya],MKKGHLPGANTVRQGRFEQANGGTLFLDEIGDMPLDIQTRLLRVLADGQFYRVGGHVAIKVDVRIVAATHQNLEKLVHQGKFREDVIPSSECYPHPHPVTA,91.3,225,84,51.190,43,41,62,0,0,73.81,83,/stor/work/Wilke/crisprtn7/reblast2/GCF_000696385.1_OP3Hv1_genomic.fna
NZ_JJMN01000062.1,0..32429,glmS,5150..4335,lcl|5150|4335|3|-1,-1,WP_035343592.1,1.02e-48,WP_035343592.1 glmS two-component system response regulator GlrR [Dickeya],MSRGYVWVVDDDSSIRWVMEKTLSSANIKCETFADAESVLLALERETPDVLVSDIRMPGMDGIALLNQVHQQIPELPVIIMTAHSDLDAAVNAYQQGAFEYLPKPFDVDETLTLVERAIAHGQEQRKASHRPSENYSAPEIIGEAPAMQEVFRAIGRLSRSSISVLINGESGTGKELVAHALHRHSPRAQKPFIALNMAAIPKDLIESELFGHEKGAFTRSQHGTPRTLRTSQWRYFISRRNWRYATGYSNPTITSLGRWPVLSSRGTRSD,165,417,221,41.176,91,109,133,3,21,60.18,79,/stor/work/Wilke/crisprtn7/reblast2/GCF_000696385.1_OP3Hv1_genomic.fna
NZ_JJMN01000062.1,101086..141979,tniQ,121086..121979,lcl|121086|121979|3|1,1,tr|A0A5R9M7S2|A0A5R9M7S2_9ACTN,1.63e-05,tr|A0A5R9M7S2|A0A5R9M7S2_9ACTN tniQ LysR family transcriptional regulator OS=Streptomyces sp. So13.3 OX=2136173 GN=C8250_08370 PE=4 SV=1,MNIRDFEYLVALADHKHFRKAAEACFVSQPTLSGQIRKLEDEIGTTLLERSSRRVLFTEAGLQLVDQAKKILSEVKTFKDMANQQTGAMTGPLHIGFIPTLGPYLLPRIIPTLKERFPELELYLHEAQTSQLVRQLEDGKLDCLVLASVEETAPFKEIELYDEVMSIAVPCDHAWAERDEVDMLELKGKTVLALGDGHCLRDQALGFCFAAGAKDDERFKATSLETLRNMVAAGAGITLLPQLALPEDKKKDGVCYLRAVNPIPSRRLVLVYRPGSPLRQRFEQLASVIKQRLQQAH,44.3,103,81,28.395,23,53,42,1,5,51.85,27,/stor/work/Wilke/crisprtn7/reblast2/GCF_000696385.1_OP3Hv1_genomic.fna
NZ_JJMN01000064.1,0..53038,tnsA,12921..13928,lcl|12921|13928|3|1,1,UniRef50_A0A2D2C3Y7,3.90e-16,UniRef50_A0A2D2C3Y7 tnsA Tn7_Tnp_TnsA_N domain-containing protein n=4 Tax=Paracoccus TaxID=265 RepID=A0A2D2C3Y7_9RHOB,MNDKMDFHRLLQHKQKRWRQSGFWMLALFLCIGVIYLLVGEVWLSPFSTWSSLEQQLVWELRLPRLLAAAVIGASLAVAGATLQVLLGNVLAEPGVVGVSGGASVAMVILLLFFPSLNSPIAFMVAAVLGALLFTLLLVMMARKLRLTTARLLLVGVALGILSGAVVTWAFYFSDDLGLRQLMYWLMGSVAGVSWYQHVLSFVAIPVVIWLALQGGLLDKLMLGEGHAKQLGVDIHRVRWRLILAIALLVGASVALGGVIGFVGLVVPHLLRLTLGSENRMLLPMSALCGALLLVSADLIARLALGSGELPLGVVTTTLGAPIFIWMLVRNHDSC,74.7,182,103,42.718,44,58,63,1,1,61.17,31,/stor/work/Wilke/crisprtn7/reblast2/GCF_000696385.1_OP3Hv1_genomic.fna
NZ_JJMN01000064.1,0..53038,tniQ,32526..33038,lcl|32526|33038|3|1,1,tr|A0A1Q8FZB1|A0A1Q8FZB1_9RHOB,1.56e-04,tr|A0A1Q8FZB1|A0A1Q8FZB1_9RHOB tniQ Uncharacterized protein OS=Maricaulis sp. W15 OX=1772333 GN=AWH62_14595 PE=4 SV=1,MGKVQFAIAIMLKSLLAFCLYGYSIYAVAESSDKKSEASPQRHEVTFIRDADYKCVQCHKDAKNTLLESHSEQALQQAGRELNCTNCHSNIGPEHRNGAEDVTKYFSAQSQPGTEKVYLDPEQILQANSVCMDCHTTGKTPRRKVGRTMYMRKTSPVLTAIRFMPWMPKC,39.3,90,107,28.037,30,63,50,4,14,46.73,55,/stor/work/Wilke/crisprtn7/reblast2/GCF_000696385.1_OP3Hv1_genomic.fna
NZ_JJMN01000064.1,0..53038,cas2,5953..4529,lcl|5953|4529|1|-1,-1,gi|385817593|ref|YP_005853983.1|CAS-I-E|cas2|cas2,0.004,gi|385817593|ref|YP_005853983.1|CAS-I-E|cas2|cas2 cas2,MQQEHQPTFFFFDYETWGVNPAKDRPSQFAGVRTDMDFNIIGEPLVIYCQLPNDYLPAPEAALITGITPQKANSLGLPEPEFIARIHAELSTPKTTSLGYNSIRFDDEVTRYTCYRNFIDPYAWSWQHGNSRWDLLDVIRACHALRPEGMEWPENEDGFTSFKLERLSVANGIEHSNAHDAMADVIATIELAKKIKAAQPKLFDYFFNMRHKRKLTELIDIVNQTPLMHVSGMLGRERHYTSWIVPIAWHPTNQNAVIVVDLGKDPQPLLELDAEALQARLYTRYEDLAPDELPIPVKLVHLNKCPILAPAKTLTAENAEKIGIDREQCLAHLNVIRQHPEIREKLVSVFSQEREFAKENNVDSQLYDGFFSPADRAAMDIIRTTAPENLGNLDIKVADKRIEPLLFRYRARHYPHTLTDAEQRRWAAHCREYFERNLESYMLNLENLVHEHQADPKKMAILKSVYHYVEKLAC,38.1,87,191,23.560,45,112,82,9,34,42.93,39,/stor/work/Wilke/crisprtn7/reblast2/GCF_000696385.1_OP3Hv1_genomic.fna
NZ_JJMN01000064.1,0..53038,cmr4,8892..9677,lcl|8892|9677|3|1,1,"gi|284997237|ref|YP_003419004.1|CAS-III-B|cmr4gr7|G7,CASCADE",0.004,"gi|284997237|ref|YP_003419004.1|CAS-III-B|cmr4gr7|G7,CASCADE cmr4",MVRNFLAGGAAINCFCRTEQAALRVVDCGILRAQAAHPSLIEQRLGAGTHNFAEQAAMSAEQVKSGIELGQALIHREVESGCNLLMFGEMGIGNTSSAAALLAALSGLPIEVCVGRGTGISDQQFQRKMELVTQGVERCLGAAPQEALKHVGGFEIVQMVGAFLGAYQKQTPVLVDGFIVTVAAYIATLIEPNVRDYLLFAHRSQEVGHRAVLEILGADPLLDLGLRLGEGTGAVLALGIVRASVEFYNRMASFADAGVTV,36.6,83,122,27.049,33,49,56,7,40,45.90,39,/stor/work/Wilke/crisprtn7/reblast2/GCF_000696385.1_OP3Hv1_genomic.fna
NZ_JJMN01000064.1,0..53038,yciA,32166..30658,lcl|32166|30658|2|-1,-1,WP_000101770.1,0.0,WP_000101770.1 yciA ammonia-forming nitrite reductase cytochrome c552 subunit [Salmonella],MACAFFFLNLDIQPHNAETNTEYGEAIVKKHWIKQSAALLLVSATSLGVASFSVSAATKNQLADPRNETYQVQHPDQYKTWKETSESKPIEDALAEDPNMIVLWAGYGFAKDYNKPRGHFYALDDVRQTLRTGGPTDANSGPMPMACWSCKSPDVARVIEERGEDGYFEGKWARLGEEISNPIGCADCHDTRSEAFKNGEPALKVTRPYVERAYQAIGKPFDQMSRLDQQAGVCGQCHVEYYFSGPTKAVKFPWDMGTDVDSMERYYDALNFSDWTHQLSKAPMIKAQHPEYETWRAGIHGKNNVVCADCHMPKVKNEDGTVYTDHKIGNPFDRFENTCANCHTQSKDELKNIVATRKAQVLKMKLTAEKQIVAAHFEAAAAWKAGATEQEMQSILQDIRHAQWRWDYSIASHGVHMHAPEVALEVLGTAVDRAADARTKLARLLATKGITDPIKQPDISSKEKAQAALGMDMEKMKAEKQHFLDTVVPEWDKKAEQREANY,649,1673,441,66.213,292,149,352,0,0,79.82,88,/stor/work/Wilke/crisprtn7/reblast2/GCF_000696385.1_OP3Hv1_genomic.fna
NZ_JJMN01000064.1,105143..145847,tnsA,125143..125847,lcl|125143|125847|1|1,1,UniRef50_A0A3M5N9X7,3.72e-09,UniRef50_A0A3M5N9X7 tnsA HTH gntR-type domain-containing protein n=380 Tax=Bacteria TaxID=2 RepID=A0A3M5N9X7_PSEAZ,MKSSTLSRQPSTEKESTKSENLTEYLIEAIVEGQLVPGCKISEPELAKQFQVSRGPLREALMRVEGLGLIERIPHIGARVTQLSPTKLVELYAVREALEGMAARLAARNITEIELAGLESLLSTHSTHIDQVEGASYFHQQGDFDFHYRIIQASRNQQLIGLLCDELYHLLRMYRYQSPRSHSRPVEALEEHKFILRAIRQRDEELAEMLMRRHISRSRQLIEQHIVLDAQQQG,53.1,126,193,25.389,49,120,90,6,24,46.63,74,/stor/work/Wilke/crisprtn7/reblast2/GCF_000696385.1_OP3Hv1_genomic.fna
NZ_JJMN01000064.1,105143..145847,cas7,127495..127166,lcl|127495|127166|1|-1,-1,"gi|58580492|ref|YP_199508.1|CAS-I-C|cas7|G7,CASCADE",0.005,"gi|58580492|ref|YP_199508.1|CAS-I-C|cas7|G7,CASCADE cas7",MLGVQSERAVHHFFEQLARHLASEHFEEIAANRIFTLIGGINTHPVMTEAIPVTNNRRKQRQHTLGRRLLLSEGMFRLKVAKNGAARAHHIHRMRFSRDQFQCLFKFFG,33.5,75,56,30.357,17,35,30,1,4,53.57,51,/stor/work/Wilke/crisprtn7/reblast2/GCF_000696385.1_OP3Hv1_genomic.fna
NZ_JJMN01000064.1,105143..145847,cas1,131984..133861,lcl|131984|133861|2|1,1,AIM004870_asm7199_04634,0.002,AIM004870_asm7199_04634 cas1 CRISPR-associated endonuclease Cas1,MSAYQEQYQWAKEQPEAFWRKQAQQIDWFQPPQTILANDEHGIERWFPDGVLNTCWLALDYHCEQGRGDHTALIYDSPVTGKKQRYSYSALRDSVAKIAGMLAAQGVSKGDRVIIYMPMIPEAAMAMLACARLGAIHSVVFGGFAPNELAVRIEDAEPKVIMTASCGVEINKVILYKPMVDKAIMDSRWKPEKVLVYQRSECRAELTHARDLEWNTVVQSATPHGCVPVLATDPLYILYTSGTTGKPKGVVRDNGGHAVALKYSMQIIYNMPQDGVFWAASDVGWVVGHSYIVYAPLIHGCTTLLYEGKPVRTPDPGAFWRVCQEYQVTALFSAPTAFRAIKKEDPNGDYLKQYDLSALTTIFMAGERLDPPTLEWVQSKTGKPVIDHWWQTETGWAIAGNPTGLESMPIKAGSATKPIPGYQVEILNELGENMPANQQGFVALKRPLPPSCLPTVWRNHDRFESGYLAQFPGYYVSGDGGYLDDDGYLFIMGRIDDVINVAGHRLSTGEMEEIVGAHPAVAECAVIGIHDELKGQLPLGLVVLKDGVKIDAQTLEQELVASVRNQIGAVACFKHAIVVERLPKTRSGKILRRIIRQIADGESYTIPSTIDDPMSLNELENLFQH,39.7,91,149,23.490,35,110,58,4,4,38.93,24,/stor/work/Wilke/crisprtn7/reblast2/GCF_000696385.1_OP3Hv1_genomic.fna
NZ_JJMN01000064.1,105143..145847,glmS,109353..108652,lcl|109353|108652|2|-1,-1,WP_035343592.1,5.22e-08,WP_035343592.1 glmS two-component system response regulator GlrR [Dickeya],MSNQPSLYIIEDDSKLREMLAEYMTTQGFQVTTFATGETAPEQILLNQPDLVLLDLMLPGENGLTICRQIRAQFLGKILMLTASDDDFDHVAALEMGADDFVNKPIKPRVLLARIRMLMRREERATSSDATHLLQFGDLVLNQSRRSCELEGEVINLSDSEFDLLWLLASSADQVVSREFLTKALRGIEYDGLDRTVDNKIVTLRKRLCDDSSTPKRIITVRGKGYLFVPDTW,50.4,119,102,30.392,31,70,57,1,1,55.88,43,/stor/work/Wilke/crisprtn7/reblast2/GCF_000696385.1_OP3Hv1_genomic.fna
NZ_JJMN01000064.1,105143..145847,glmS,142808..141546,lcl|142808|141546|3|-1,-1,WP_035343592.1,2.41e-08,WP_035343592.1 glmS two-component system response regulator GlrR [Dickeya],MLSPYQHRILCSLFPKFSYSLCNERHFNRNPLNFVVNRIVHMSMEDLTQCTILIVDDSPDNIAFMSQGLAQFYRIKAARSGKVALEILAQHPIDLVLLDIVMPEMSGYEVIHQIKQNPKTQHIPVIFLTGKSHPEDEQLGFELGAVDYVFKPVSIPLLKSRVQTHLQNKLSKDILLNQNDYLETEVLRRSGDLDRMQDAVVFALASLAETRDPETGNHLLRTQHYVKVLAERLACLEKYRDILTPRVIDTYFKAAPLHDIGKVGIPDNILLKPGKLTESEFTIMRNHALLGKLALEKAEKLSGACTELIRVAKEIVIGHHEKWDGSGYPMGLRGEAIPLSARLMALADVYDALICRRVYKEPMSHEQAKAIILQGRGSHFDPMVIDAFLAEEQNFIDIAQKFADEASEINSSVPAQLASG,53.5,127,111,28.829,32,76,57,2,3,51.35,26,/stor/work/Wilke/crisprtn7/reblast2/GCF_000696385.1_OP3Hv1_genomic.fna
NZ_JJMN01000064.1,156495..197802,tnsC,176495..177802,lcl|176495|177802|2|1,1,UniRef100_O50221,7.65e-04,UniRef100_O50221 tnsC TnsC n=1 Tax=Acidithiobacillus ferridurans TaxID=1232575 RepID=O50221_9PROT,MLKFFREFAPLLVLLSGVLLTSFVVYTAYSLQVRHNRTMLENLADRQTMALQQFVDSDINFIGSAANFFHSSTSDDWERFHTFAAETLKGSRSLITLEWMVKVEAGEVDSFTQLMQQRFADFKLFTIPQNGQVQYGFGQTDEAKFVLADVYPLNHTNRALLGFFSERERFKRILSDIVTNRRPNVSDKVRLLQDGIDKSIAKDGLLVYHPVFSAENSRNLIGVMVGVVRLSTYFDSLVQMSAVEQDLDMRVVDTGFDSEDSPILYQSPGWTKHEGLQIERKLVLPNRDWKVQLALRESLNHSEQWMLLGLGLGGMIISFLLSYIMRMQLEEQQHLTAMIEDRTAELRYLAEHDSLTGIYNRRYFSRQLCRMLDEAQAFTLISFDVDHFKEINDTYGHLAGDHALQHVVHTVQKILMESDTFVRLGGDEFCHFCLH,39.7,91,55,36.364,20,35,30,0,0,54.55,13,/stor/work/Wilke/crisprtn7/reblast2/GCF_000696385.1_OP3Hv1_genomic.fna
NZ_JJMN01000064.1,156495..197802,cas2,178099..178509,lcl|178099|178509|1|1,1,gi|290580136|ref|YP_003484528.1|CAS-I-E|cas2|cas2,0.008,gi|290580136|ref|YP_003484528.1|CAS-I-E|cas2|cas2 cas2,MNYNRVVCFDLEMCCWNENGVGTTGEIIEVGLAEIDLSAGKIVKRAQYFVKPEHDEISLFCAELTGITPRKIEKQGRPLAEVLQSMVKNFGGSNKIYASWGRDDRILIHECQVKRHSSNLFKNFSISPPCTVFNIV,33.9,76,118,29.661,35,71,59,6,12,50.00,86,/stor/work/Wilke/crisprtn7/reblast2/GCF_000696385.1_OP3Hv1_genomic.fna
NZ_JJMN01000065.1,1650..48089,tnsA,21650..23461,lcl|21650|23461|2|1,1,UniRef50_A0A345DB38,3.83e-07,UniRef50_A0A345DB38 tnsA ResIII domain-containing protein n=396 RepID=A0A345DB38_9BURK,MQNTSIAQNFGNSQRMYTLRPYQADSVKAVVHYFRQHSTPAVIVLPTGAGKSLVIAELARLARGRVLVLAHVKELVEQNHAKYEGYGLTGAIFSAGLGRKETDQQVVFASVQSVVRNLSDFQNQFSLLVIDECHRVPDDKNSSYQKVIRHLLELNPGMKVLGLTATPYRLGMGWLYQYHTRGLVRSEESRFFRDCIFELPIHYLLDEGFLTPAKLIDTPVMSYDFSQLKPANTGRYRESELDLVIEQSQRATPQIIAQIIQFAKDRQGVMIFAATVRHAEEIYRLLPTEHSALVIGDTPTPERDRIIQAFKQQQIKFLVNVSVLTTGFDAPHVDLIAILRPTESVSLYQQIIGRGLRLSEGKTDCLVLDYAGNQYDLYQPEVGDPKPDSDSEIITIPCPACGFNNNFWGKLDANGFLLEHYGRRCQGFFTDEETGEREHCGYRFRAKYCNECGADNDIAARICHECDATLVDPDKKLKEALNLKDALVFECTDMSLKVHKDAKGKSQLQVTYHGQDAVQVHQFWSLGTPRQKQQFRDQFVRPHLADKHRPFEAATPAKVVDHQHRFRPPLFVIARKSGRFWAIRDKVFADEFASSTESKPPSS,51.2,121,269,24.164,65,142,118,12,62,43.87,41,/stor/work/Wilke/crisprtn7/reblast2/GCF_000696385.1_OP3Hv1_genomic.fna
NZ_JJMN01000065.1,1650..48089,tniQ,27574..28089,lcl|27574|28089|1|1,1,tr|A0A417XIF4|A0A417XIF4_9CLOT,4.62e-13,tr|A0A417XIF4|A0A417XIF4_9CLOT tniQ GNAT family N-acetyltransferase OS=Clostridium sp. OF09-10 OX=2292309 GN=DXA91_00825 PE=4 SV=1,MTLVTETRRLVIRHFEHCDTPFIIRLLNEESFIRYIADKNVHTTEEALNYLTNGPIASYHANGFGLNMVELKACGTPIGMCGVIKRPELQQPDLGYAFLPEHWRKGYAEEAAIAVLHHAFQHFYFQQLLAITLPNNQASNALLKKIGFTLLGSCELYGDENNLYQYRHKKS,61.6,148,141,34.043,48,69,73,6,24,51.77,77,/stor/work/Wilke/crisprtn7/reblast2/GCF_000696385.1_OP3Hv1_genomic.fna
NZ_JJMN01000065.1,1650..48089,cas4,40523..38856,lcl|40523|38856|1|-1,-1,"gi|442324860|ref|YP_007364881.1|CAS-I,CAS-II,CAS-V|cas4|cas4",0.003,"gi|442324860|ref|YP_007364881.1|CAS-I,CAS-II,CAS-V|cas4|cas4 cas4",MKMNSPSFSELSVLLIDDAQIVVTSLRTMLLKLGFNDSKVTSVKSPRAALFMASRQKFDIFICDYNFGKGLNGKQIFEELKHYNLLKHESVFILVTGENSSYVVHSILELKPDEYILKPFNILTLQERLTNAISRKHALKALYQAERDGDPELGLSLCDELEPFYGDYYFVIQKFRGEFLTQLRRYDNAREVYLETLEHKDFDWAKIGLANALKQTGRHVEANQVIQDLLSNAPNNVRARVEAASISLSNNSIPEAIHHLQIANQIVPGHTDREWVLANLCLSVGDTVSALERYRLYSEINKETHRNTHHMHLNFIRSLLYAVREAKEPQRSMWLQEAKSILKGLYDKGQHEELLPQLELIAAHFAMEEGNFAVSVEILNKIYRAKPFELFEDRYHFTWLLNVMAFDSEFAKCISWCNEALLNEETGILLESKIALGKALKQANEDKLEWLEQRYHALCNKQLTIDSLLEIYIEILDRCPTLRTVCMKVVTILSRYWPKSLNEAETELLLKNCHHTIHQLMSEEELLNAQYADLYKKVLTFRSRCRAEKGVLEEV,39.3,90,59,35.593,21,38,32,0,0,54.24,11,/stor/work/Wilke/crisprtn7/reblast2/GCF_000696385.1_OP3Hv1_genomic.fna
NZ_JJMN01000065.1,1650..48089,glmS,23467..24408,lcl|23467|24408|1|1,1,WP_035343592.1,6.55e-09,WP_035343592.1 glmS two-component system response regulator GlrR [Dickeya],MMRGQEFTFCSFFSGYTRCRSKMQVLTMHILRMPLKPQASTLLLVLFLGFSLPAHADNKVRDWEQGSYREGTQIEIDEDQDDVYRAVQKGLIRPFAELYATVDQQLNGRLIKVELDEDDSEWIYELKLVYDNQVFRVEYNAATLELMSIRGRNVIRDHKKITEQAMKILVVEDDVQLGNQILSALDQTGWVPELSQDGIDALYRATAEEWDVIVLDLGLPKLDGLTVLKGIRDENINTPVVILSARDTLTQRVEGLNAGADDYLTKPFEMVELIARIRAQLRRASGNASPVMQVGDLRFRYTHFQSDVAWTSH,54.3,129,108,28.704,31,77,56,0,0,51.85,35,/stor/work/Wilke/crisprtn7/reblast2/GCF_000696385.1_OP3Hv1_genomic.fna
NZ_JJMN01000065.1,1650..48089,glmS,42319..40538,lcl|42319|40538|2|-1,-1,WP_035343592.1,2.95e-08,WP_035343592.1 glmS two-component system response regulator GlrR [Dickeya],MIIRANNVMKIMIVEDDRIQATSLKLKLRQLGMDEVILAENGFAALELCNKVDIDLMFCDIRMPHMDGISLLSKLSEQYPKLGVIILSAVDDAVLELTRNMCSLAGFAYIDSLSKPYEVEDLQQVIDGFQKQSLPETVYRSSLVLTCDEIEQAFLQDHIFNYYQPQFDFRTGAMVGVEALVRYEHPTHGMLSPAVFLPLIEQCGLHDKLFLTVLEKAVSALASIAADLQLSVNISQSNLQQSICDPILAICEKHGFAASKLTLELTEHEVYNGTTTSLANLARLRMYGVGLSIDDFGTGYASLGQLAQLPFTELKIDRSFVHDLATNYKHQQLTNMCLLLAQSLGLHCVVEGVETEETWQYLRNIGVDTCQGYYAAKPMPVAQLSELYTKNRRQCSDCQSTDDGWQILLVDGQALSAQALQKILQKEQKVSRVFMAQDIEQTLHKLRDLPINLLVVDSKFLSTMSVDAFYELLAPYYQGMIVTVQDGLTPDFLMENHVTPVVNKANTLAETASRILEQAEQHRVRPMAQDNLLAQLSEREMTVAKMLVEGLTNKQISLQLDINQKTVSTYKARIMNKLGIKSAVELVRFLELS,53.9,128,139,30.216,42,83,71,4,14,51.08,23,/stor/work/Wilke/crisprtn7/reblast2/GCF_000696385.1_OP3Hv1_genomic.fna
NZ_JJMN01000065.1,1650..48089,glmS,44513..42300,lcl|44513|42300|1|-1,-1,WP_035343592.1,2.21e-04,WP_035343592.1 glmS two-component system response regulator GlrR [Dickeya],MLVAYKICYKKSLATFSPQEIDEIKTAYDRVTVQFGYDKQKVLIYSLVTICILLSVGLAVTLLLTRLRLKLRSSQEIAKLSAEQLRWLTELLDAIPSMIFISDANGDVVLTNAAYRQNHQVCSNNDCFNQRPDCSFIDLPEEVNAEFSLIIQAPEARCSIGGHYFHVIRRAISHPINHGQYYLTLFNDITELKETEQALRQSNEQALQAVEARNHFLAVVSHELRTPIAAMLGLMEILASRLKSSENQLLLTNAISSAERLKLHVNDILDFSKIEAEQLKLDIATYNLADELGPLLRGFEARAQLNQVEFDVIWLPNPLLVVDFDALRFNQIVTNLLSNAIKFTEQGRVVVKVDVTPEQLNLVVEDSGCGMTQQQIDSIFVPFVQADSTITRRFGGTGLGMSIVANLIELMQGRIDITSQFGQGTQVSVSIPVATQPCHEFQDQVLALSYRSPYLLWAKALGIRVQDGGHFVDQNSHNIYPDLLLNMLREVVNDASEKAEPTQSRLLKGHVLVADDDAINRLLMRKQLSELGLSATLVNDGRQALEALLENPQQYDLLITDCHMPNLDGFALTRKVKQEITQFQGAVIGCTAEDSRFAAEQAQQAGMDKVIYKPYTLANLRKVLSRYLSAQVVNTAQRSWLDTYQEDEREEMAIVVVESLSQDIALLNQPECDVKALAHRIKGAAGSLQLQQLADLAKIVEKQNDPQQLIVEKQQLINAMHEVIEQAQQWLNDHQSE,42.0,97,104,34.615,36,63,54,3,5,51.92,14,/stor/work/Wilke/crisprtn7/reblast2/GCF_000696385.1_OP3Hv1_genomic.fna
NZ_JJMN01000065.1,78868..119785,tniQ,98868..99785,lcl|98868|99785|3|1,1,tr|A0A2M9IWC8|A0A2M9IWC8_9ACTN,8.73e-06,tr|A0A2M9IWC8|A0A2M9IWC8_9ACTN tniQ HTH arsR-type domain-containing protein OS=Streptomyces sp. CB01201 OX=2020324 GN=CG740_33200 PE=4 SV=1,MIELKHLKTLISLRDTGSLTATATSLHLTQSALSHQIKDLEARIGGQLFLRKTRPVRFTAEGEILLRLADDILPKMSRAENELASLKEDVNGRLHMAIECHSCFQWLMPALREYQVSWPSVALDFSSGFGFEPLPALLAGELDLVITSDILPRSEVHYEPLFDFEMRLITATNHPLAEKALIEPQDLIDQTMLTYPVQKQRLDVVKHFLQPAGVEPARWKQADNTLMLVQMVSAGLGVAALPNWAISEFSRQGLITSKPLGKGLWRRLFAATRHSEKDKRYLQAFFATARQQCKSHLDGIKMASV,45.1,105,56,50.000,28,26,34,1,2,60.71,18,/stor/work/Wilke/crisprtn7/reblast2/GCF_000696385.1_OP3Hv1_genomic.fna
NZ_JJMN01000065.1,78868..119785,cas3,114545..114258,lcl|114545|114258|1|-1,-1,gi|325284849|ref|YP_004264311.1|CAS-I|cas3|cas3,0.003,gi|325284849|ref|YP_004264311.1|CAS-I|cas3|cas3 cas3,MMLNVVCTSVSWLTCLPMNCVQCRINPWVRCVSRSPTMKICVMHCASRKITRVLSVKCCSTLRCISICVSAFVKTSFAPTIRSKRLKRWKWNWLV,33.9,76,52,30.769,16,36,23,0,0,44.23,55,/stor/work/Wilke/crisprtn7/reblast2/GCF_000696385.1_OP3Hv1_genomic.fna
NZ_JJMN01000065.1,78868..119785,yciA,94863..95282,lcl|94863|95282|3|1,1,WP_055027698.1,1.73e-101,WP_055027698.1 yciA acyl-CoA thioester hydrolase YciA [Vibrio metoecus],MGQIVNSPKGQLLLRTLAMPADTNANGDIFGGWIMSQLDLAGGILAKEISCGRIVTVSVSSITFKKPVKVGDVVCCYGECTKIGRTSMSINLEVWVKPVKEDGVGDRFQVCEATFNYVAIDANGRPRAISLSNGSQKSS,284,727,139,100.000,139,0,139,0,0,100.00,100,/stor/work/Wilke/crisprtn7/reblast2/GCF_000696385.1_OP3Hv1_genomic.fna
NZ_JJMN01000067.1,0..3440,tniQ,2035..1520,lcl|2035|1520|2|-1,-1,tr|A0A417XIF4|A0A417XIF4_9CLOT,2.14e-05,tr|A0A417XIF4|A0A417XIF4_9CLOT tniQ GNAT family N-acetyltransferase OS=Clostridium sp. OF09-10 OX=2292309 GN=DXA91_00825 PE=4 SV=1,MQQVLETERLILRSFELSDAEQVSVLAGDKRIAEMTANIPHPYEVSDAISWIETHEIGFASGESIVYAIVLKESLELIGAVSLPSLKDGQGILGYWLGVDFWGQGYATEASKVLIEYAKESHGLRELKVMHLVGNDRSKSVIDKLGVTYVENQTLRMQCGEREVCVYISAL,40.8,94,87,31.034,27,60,39,0,0,44.83,51,/stor/work/Wilke/crisprtn7/reblast2/GCF_000696385.1_OP3Hv1_genomic.fna
NZ_JJMN01000068.1,0..38244,tniQ,18244..17282,lcl|18244|17282|2|-1,-1,tr|A0A1A9BX54|A0A1A9BX54_9ACTN,4.14e-06,tr|A0A1A9BX54|A0A1A9BX54_9ACTN tniQ TniQ protein OS=Streptomyces sp. DI166 OX=1839783 GN=GA0115233_105113 PE=4 SV=1,MFQIKKTNLEPSISMSRRLPPLNSLKVFEAAARHLSFTRAAEELFVTQAAVSHQIKALEEFLGLKLFRRRNRSLLLTEEGQSYFLDIKDIFSSLAEATDKLLERSEKGALTISLPPSFAIQWLVPRLADFNQQEPDIDVRIKAVDMDEGSLTDDVDVAIYYGRGNWPGLRADKLYQEFLIPLCSPALLLGNKPMETLKDLSLHTLLHDTSRKDWKQFAKENRLDNVNVNHGPIFSHSTMVLQAAAHGQGVALGNNVLAQPEIDAGRLIAPFDEVLMTNNAFYVVCHEKQADMGRIATFRDWMLKKARSEQVDILQHEHSH,46.2,108,99,29.293,29,68,54,2,2,54.55,30,/stor/work/Wilke/crisprtn7/reblast2/GCF_000696385.1_OP3Hv1_genomic.fna
NZ_JJMN01000068.1,41738..102532,tniQ,62316..61738,lcl|62316|61738|3|-1,-1,tr|A0A5S4FIA1|A0A5S4FIA1_9ACTN,1.35e-34,tr|A0A5S4FIA1|A0A5S4FIA1_9ACTN tniQ PLDc_2 domain-containing protein OS=Nonomuraea turkmeniaca OX=103838 GN=ETD86_18860 PE=4 SV=1,MGATDAKAVEYLASLPNTEVKLSYNTERERLHAKSYLFLRNTGYHTGYIGSSNLSHSALTNGLEWNLKITSQEIPHIINKSLSTFETYWASHDFEHFSGDVTSSEKLKKALNQQRGDFEANPTHFFDISPFPHQSDILEQLAVERSVHQRFRNLVVAATGTGKPLFQLLTLPVLSKKNRKLSSCLSRTEKKY,126,317,152,41.447,63,85,99,3,4,65.13,78,/stor/work/Wilke/crisprtn7/reblast2/GCF_000696385.1_OP3Hv1_genomic.fna
NZ_JJMN01000068.1,41738..102532,tniQ,82532..81600,lcl|82532|81600|1|-1,-1,tr|A0A1U1BRW6|A0A1U1BRW6_9MYCO,1.80e-05,"tr|A0A1U1BRW6|A0A1U1BRW6_9MYCO tniQ Regulatory helix-turn-helix protein, lysR family OS=Mycobacteroides abscessus subsp. massiliense OX=1962118 GN=SAMEA2275744_05269 PE=4 SV=1",MLKSQQVASLHTFMQVAQYSSFSLAAAALHLTTGAISQQMLQLEAQLGFSLFERHSRGVRLTEAGRILLTTVQRSYQDIEQTIHSLVPSTERKEIRLKLTPSFAFKWLVPRLEDFYRRHPEIQIQTFAEGALVDSDRRDYDLAIDYGALPYPRREAQLLMEEWLLPVMSANYLAAHSWLQEDWANAENWQQVVLLHDAMPWANAARDQEWHYWALQMGITLPERRDHYFNRTDMAMSAAEAGVGIAMARTALLSNELDTGRLVTPFAPIRAKAGYFLITHQATDATQVFCQWLQKQIPAQVSQTDRDSAL,44.3,103,62,41.935,26,34,36,1,2,58.06,19,/stor/work/Wilke/crisprtn7/reblast2/GCF_000696385.1_OP3Hv1_genomic.fna
NZ_JJMN01000068.1,41738..102532,glmS,49924..48779,lcl|49924|48779|2|-1,-1,KKW72534.1,1.06e-10,"KKW72534.1 glmS glutamine-fructose-6-phosphate transaminase (isomerizing), glmS, partial [Lactococcus lactis subsp. cremoris DPC6860]",MSKRDFYEVLGVGRDASERDIKKAYKRLAMKYHPDRNSGDAGAAEKFKEVKEAYEILTDAQKKAAYDQYGHAAFEQGAGGFGGGGFGGGGADFGDIFGDVFGDIFGGGRRGGGPRAQRGSDLRYNMELSLEEAVRGCSKEIEVPTLVHCDSCDGSGAKKGSSAQTCGTCHGHGQVQMRQGFFAVQQTCPTCHGKGKIIKDPCNVCHGQGRKQKTKTLNVKIPAGVDTGDRIRLAGEGEAGEMGAPAGDLYVQVHVKEHHIFERDGNNLYCEVPVSFAMAALGGEVEVPTLDGRVSLKVPAETQTGRMFRMRGKGVKGVRSAALGDLIVKLVVETPVNLSARQKELLKEFEESCGGEAATKHKPKAEGFFNGVKKFFDDLTS,60.8,146,74,41.892,31,42,41,1,1,55.41,19,/stor/work/Wilke/crisprtn7/reblast2/GCF_000696385.1_OP3Hv1_genomic.fna
NZ_JJMN01000068.1,41738..102532,guaC,100753..99290,lcl|100753|99290|2|-1,-1,WP_003150717.1,0.0,WP_003150717.1 guaC IMP dehydrogenase [Bacillus],MLRIAKEALTFDDVLLVPAHSTVLPNTADLRTRLTKNIALNIPMVSASMDTVTEARLAIALAQEGGIGFIHKNMSIEQQAAQVHQVKIFEAGVVTHPVTVRPEQTIADVMELTYHHGFAGFPVVTENNELVGIITGRDVRFVTDLTKSVAAVMTPKERLATVKEGASRAEVQEEMHKARVEKILVVNDEFQLKGMITAKDFHKAESKPNACKDDQGRLRVGAAVGAAPGNEERVKALVEAGVDVLLIDSSHGHSEGVLQRIRETRAAYPHLEIIGGNVATAEGARALIEAGVSAVKVGIGPGSICTTRIVTGVGVPQVTAIADAAGVAEEFGIPVIADGGIRFSGDISKAIAAGASCVMVGSMFAGTEEAPGEVILFQGRSYKAYRGMGSLGAMSKGSSDRYFQTDNAADKLVPEGIEGRIAYKGHLKEIIHQQMGGLRSCMGLTGSASVEELRTKAQFVRISGAGMKESHVHDVQITKEAPNYRLG,542,1397,486,55.350,269,212,351,3,5,72.22,99,/stor/work/Wilke/crisprtn7/reblast2/GCF_000696385.1_OP3Hv1_genomic.fna
NZ_JJMN01000070.1,67277..108047,tnsA,87277..88047,lcl|87277|88047|1|1,1,UniRef50_A0A3M5N9X7,9.18e-09,UniRef50_A0A3M5N9X7 tnsA HTH gntR-type domain-containing protein n=380 Tax=Bacteria TaxID=2 RepID=A0A3M5N9X7_PSEAZ,MAYQRIRQPKLSDVIEQELERLIVEGTLSPGQQLPPERELAKQFEVSRPSIREAIQRLEAKRLLTRRQGGGTFVSDRIWQSFSDPLLNLLSSHSETQLDLLEARHALEGICAYFAALRGTEEDFARIQHCVTRIAEAQALNNVDEEAERVMAFLIAITEAAHNVVLLHIVRSLSPLLEQNIRQNFKLLHRRPEAVEKVSKHRANIVDAIVSGQPEKAREMSHSHLAYIEETLLDLTREQTRRERSLRRIQQGNEPQ,52.4,124,53,49.057,26,27,38,0,0,71.70,21,/stor/work/Wilke/crisprtn7/reblast2/GCF_000696385.1_OP3Hv1_genomic.fna
NZ_JJMN01000070.1,67277..108047,parE,67565..68152,lcl|67565|68152|2|1,1,PRD20609.1,1.44e-27,PRD20609.1 parE parE [Trichonephila clavipes],MTARPALLLYIHGFNSSPLSHKAQVMQQYCQQYRPDIKVVVPKLPSFPAQAAQHLLSVVEQYRAQYRIGLVGSSLGGYLSTWLNAQFGFRAVLINPAVKPYELLADFLGEQINPYTQEHYVLKACHIDELKALDTPTLKQPSDFWLLQQKGDEVLDYRQAVDKYRAAKLTLEENGDHSFVDFERYPKQIIEFLDL,106,265,133,43.609,58,70,81,1,5,60.90,68,/stor/work/Wilke/crisprtn7/reblast2/GCF_000696385.1_OP3Hv1_genomic.fna
NZ_JJMN01000070.1,67277..108047,parE,68483..70363,lcl|68483|70363|2|1,1,WP_000195318.1,0.0,WP_000195318.1 parE DNA topoisomerase IV subunit B [Salmonella],MTEQYNAGAIEVLNGLEPVRRRPGMYTDTTRPNHLGQEVIDNSVDEALAGYASKIQVILHADQSLEVIDDGRGMPVDIHPEEKVSGVELILCKLHAGGKFSNKNYQFSGGLHGVGISVVNALSKRVEVAVRRDGQVYEIAFEHGDKVTELTVTGTCGRRNTGTSVHFWPDTKYFDSPNFSVSRLINNLRAKAVLCPGLEIIFTDKVNNNEHRWLYEDGLKDYLAEGVKGYTLLPEEPFTGEFTAQTEAATWAVIWLPEGGELITESYVNLIPTAQGGTHVNGLRQGLLDAMREFCEFRNLLPRGVKLTGEDVFDRCAYVLSIKMQDPQFAGQTKERLSSRQSAAFVSGVVKDAFSLWLNEKPQLAEQLAEVCIANAHSRMRASKKVVRKKIASGPALPGKLTDCTVQDLNRTELFLVEGDSAGGSAKQARDREFQAVMPLRGKILNTWEVSADQVLASQEVHDISVALGIDPDNDNLEALRYGKVCILADADSDGLHIATLLCALFTRHFRALVKAGHVYVAMPPLYRIDCGKEVFYALDDQEKEGVLERLSQKKAKVNVQRFKGLGEMNPLQLRETTMDPNTRRLVQLTIDDAEATDEMMDMLLGKKRADDRRTWLQRNGDMAEV,1073,2774,628,80.255,504,122,563,1,2,89.65,100,/stor/work/Wilke/crisprtn7/reblast2/GCF_000696385.1_OP3Hv1_genomic.fna
NZ_JJMN01000070.1,67277..108047,glmS,87277..88047,lcl|87277|88047|1|1,1,WP_007652285.1,8.18e-04,WP_007652285.1 glmS DeoR family transcriptional regulator [unclassified Shewanella],MAYQRIRQPKLSDVIEQELERLIVEGTLSPGQQLPPERELAKQFEVSRPSIREAIQRLEAKRLLTRRQGGGTFVSDRIWQSFSDPLLNLLSSHSETQLDLLEARHALEGICAYFAALRGTEEDFARIQHCVTRIAEAQALNNVDEEAERVMAFLIAITEAAHNVVLLHIVRSLSPLLEQNIRQNFKLLHRRPEAVEKVSKHRANIVDAIVSGQPEKAREMSHSHLAYIEETLLDLTREQTRRERSLRRIQQGNEPQ,37.7,86,45,42.222,19,26,26,0,0,57.78,18,/stor/work/Wilke/crisprtn7/reblast2/GCF_000696385.1_OP3Hv1_genomic.fna
NZ_JJMN01000070.1,172095..213009,tniQ,193009..192095,lcl|193009|192095|1|-1,-1,tr|A0A0W7WYX0|A0A0W7WYX0_9ACTN,7.68e-05,tr|A0A0W7WYX0|A0A0W7WYX0_9ACTN tniQ HTH lysR-type domain-containing protein OS=Streptomyces silvensis OX=1765722 GN=AT728_13705 PE=4 SV=1,MASHISLKQLRVFTTITQHKSLTVAAEVLCLSKAAVSVALSELEKQLGHALFDRVNNRLVLNQEGQKLLPMADELLQRAKDIDRLFAEQQVLTGKLRIGSSDTIGNQVAPYLISAFRQLHPHPSQSLFISNSAQVCQKLVDYELDIGLIEGKTLHPELISTQFSQDEMCIICAPDHPLAQQERLVMSDFEHSDWVLREAGSGSREFFLRVIAPRIEHWIEAFELNTTEALINSVSSGLGLGCLSRLAAKTPQQDGRVVILNVPLDMKRRFWMLVHKEKYQNPLLRQFIEFCPQWASQSALLQLD,42.0,97,64,34.375,22,40,38,1,2,59.38,20,/stor/work/Wilke/crisprtn7/reblast2/GCF_000696385.1_OP3Hv1_genomic.fna
NZ_JJMN01000072.1,0..8330,tniQ,2139..2675,lcl|2139|2675|3|1,1,tr|A0A417XIF4|A0A417XIF4_9CLOT,2.91e-09,tr|A0A417XIF4|A0A417XIF4_9CLOT tniQ GNAT family N-acetyltransferase OS=Clostridium sp. OF09-10 OX=2292309 GN=DXA91_00825 PE=4 SV=1,MKMGNRQVLFCVSGKVEIINLIAELCSDAHVMRYFLASLSREESYEQANKIQSLISERGWGFWAVELKETGQFIGFVGLHSQDENSGFPDVPFIEIGWRLSSEFWGLGYAPEAAQKALQFAFEELNAPSVYAFTTLQNLPSQRVMLKLGMVNTNQDFSHPKVVKGHPLERHCLYKITQ,51.6,122,98,31.633,31,60,45,1,7,45.92,55,/stor/work/Wilke/crisprtn7/reblast2/GCF_000696385.1_OP3Hv1_genomic.fna
NZ_JJMN01000072.1,0..8330,cas6,5299..6582,lcl|5299|6582|1|1,1,"gi|34541577|ref|NP_906056.1|CAS-I,CAS-III|cas6|cas6",6.08e-06,"gi|34541577|ref|NP_906056.1|CAS-I,CAS-III|cas6|cas6 cas6",MSSNKPLWYRSRGYLHFDLPVSINKAKNLVTNPDLVSKHAFFPLISYTVESKKISKNKDTRKIDVAVKERPIAYSSHMDSHIYAFYANLLSKKYEAKLKSAGLTESILAFRGLGKSNIDFAFEAFEQIKTMGECSAVALDFSKFFDTLDHDLLKQSWANLLGEKKLPSDHFNVFKSITKFSQVNKVELYKEFSISPNNPKNGRNRVCTAQEFRDVVRNKKLIKTNKGSFGIPQGSPISALLSNIYMFEFDAEMKRYMDIHGGKYYRYCDDMLFIVPAPLRDKVAGYAQEQVKNLKVSINPKKTELRTFSSQGGILVADQMLQYLGFMFDGENVYIRSSSLARYSEKMKRGIRLAKKTMDKYNAVRVAKGLPEKSLYKRKLYSRYTHLGGRNFVTYGLRAASAMQSKTIKRQLKPLWRRFHEELEKET,47.4,111,52,44.231,23,24,34,2,5,65.38,12,/stor/work/Wilke/crisprtn7/reblast2/GCF_000696385.1_OP3Hv1_genomic.fna
NZ_JJMN01000074.1,94..40771,tnsA,20094..20771,lcl|20094|20771|3|1,1,UniRef50_A0A3M5N9X7,7.48e-06,UniRef50_A0A3M5N9X7 tnsA HTH gntR-type domain-containing protein n=380 Tax=Bacteria TaxID=2 RepID=A0A3M5N9X7_PSEAZ,MLDNIESGRWPVGYRTPTELELTEQFGVSRMTVNKALRDLVSEGKLQRRPRLGTFVCAAEEKAESPLLDIRNIADEILSRGKQYHNKVVEQRALNADEAVAIKLGVMVGSPVFYSEIIHYANDIPMQLEVRWVNSRSVPHYLDQDFTQITPNQYLSQNCPLSAIEHTVEAIIADAHVKQALALAANEPCLLLNRRTWSGDKLISSALLYHPGSRYKLSSKILFNQ,43.5,101,53,43.396,23,30,31,0,0,58.49,24,/stor/work/Wilke/crisprtn7/reblast2/GCF_000696385.1_OP3Hv1_genomic.fna
NZ_JJMN01000074.1,94..40771,cas10,7486..6986,lcl|7486|6986|1|-1,-1,"gi|384462479|ref|YP_005675074.1|CAS-III|cas10|LS,CASCADE",4.18e-04,"gi|384462479|ref|YP_005675074.1|CAS-III|cas10|LS,CASCADE cas10",MTDSLTGLPNRRKAMRQLVLHWSLAQDNRQPFACVMVDVDGFKAVNDLYGHDVGDRVLTTLAHTLRDHFRSDDLVCRLGGDEFLVICPETDTAGGVYIAEQVCRAIQQQVISLENNIRWQGSVSMGVAAFASNMKDHHELLRAADQAVYLAKHGGKNRVCSFNSVA,38.5,88,143,23.077,33,94,68,6,16,47.55,78,/stor/work/Wilke/crisprtn7/reblast2/GCF_000696385.1_OP3Hv1_genomic.fna
NZ_JJMN01000074.1,94..40771,glmS,11984..11418,lcl|11984|11418|3|-1,-1,WP_035343592.1,1.30e-06,WP_035343592.1 glmS two-component system response regulator GlrR [Dickeya],MKVAGEADSGEEAVKWCRANHADVILMDMNMPGIGGLEATKKLLRVNPDIKIIVLTVHTENPFPTKVMQAGAAGYLTKGAAPDEMVNAIRIVHSGQRYISPEIAQQMALSQFSPASENPFADLSERELQIMLMITKGQKVTDISEQLSLSPKTVNSYRYRLFAKLNINGDVELTHLAIRHGILDTEKL,45.4,106,83,30.120,25,58,40,0,0,48.19,44,/stor/work/Wilke/crisprtn7/reblast2/GCF_000696385.1_OP3Hv1_genomic.fna
NZ_JJMN01000074.1,167693..224222,tniQ,188700..187693,lcl|188700|187693|2|-1,-1,tr|A0A099LTP3|A0A099LTP3_9VIBR,0.0,tr|A0A099LTP3|A0A099LTP3_9VIBR tniQ Uncharacterized protein OS=Vibrio navarrensis OX=29495 GN=EA26_05655 PE=4 SV=1,MRVRVLIHLENQLKLNNFGALRLALSHSKAQFSPEYKAVHRLGADYPFVFLAKRFTPICPLCISEAPYIRQQWQFLSQQVCERHGCKLVHHCPECQSRLEYQTTESISQCECGFELRNSPVEDAPVAALLVARWLSGNDSKPLGLLKAEMTHSERYGFLLWYVNRYGDIENISFESLVEYCSCWPRTLEEELDELVNKADLIRIKDWKKTFFNEVFGTLLKDCRQLPSRQLERNSVLTQVLAYFTKLMATLPSSRKGNLGDVLLSPLEVSTLLSCTTDEVYRLYEFGEIKAAIRPRMHTKIASHESAFTLRSVIETKLTRMCSENDGLSVYLPEW,598,1543,295,96.949,286,9,289,0,0,97.97,88,/stor/work/Wilke/crisprtn7/reblast2/GCF_000696385.1_OP3Hv1_genomic.fna
NZ_JJMN01000074.1,167693..224222,tnsB,201763..201035,lcl|201763|201035|1|-1,-1,UniRef100_A0A1T0A091,3.10e-09,UniRef100_A0A1T0A091 tnsB Transposon Tn7 transposition protein tnsB n=1 Tax=Moraxella caviae TaxID=34060 RepID=A0A1T0A091_9GAMM,MTMILKILKGISLNLTPKQLEQLKSFETCFIEYPAITEIYSIFDQLRFNHSLGGEPESFLLTGEAGSGKTALINNYLSRFQSGSTWGKQPVLSTRVPSRINEQNTLTQFLVDLDCKSGGRGIRRRNEIALGEAVVKQLKRKSVELIIVNEIQELVEFSTAEQRQVIANTFKYISEEARVSFVLVGMPYADVIATEPQWNSRLSWRRKIDYFKLLKANSHSSKTASYGFDLEQKNILPDLSRV,54.7,130,157,25.478,40,95,77,6,22,49.04,60,/stor/work/Wilke/crisprtn7/reblast2/GCF_000696385.1_OP3Hv1_genomic.fna
NZ_JJMN01000074.1,167693..224222,tnsB,203596..202007,lcl|203596|202007|1|-1,-1,UniRef100_A0A378ML46,0.0,UniRef100_A0A378ML46 tnsB Transposon Tn7 transposition protein tnsB n=1 Tax=Vibrio anguillarum TaxID=55601 RepID=A0A378ML46_VIBAN,MPPDSNSIFGFFDEFEASEEESQLLPKELILKPVEISSTIDSLPAKIQEEVLRRIKVITFVEKRLKGGWTEKNLNPILSLVESELQLTPPSWRTVATWKKSYAEAGREASALIPKHTFKGNRQKEMDSQSLIDEAIQNVYLTRERLSVAEAYRYYKSRVIQMNRGIVEGKIKPIAERSFYNRINELPPYEVAIARFGKRYADREYRSVGQQVVATKPMEFVEIDHTPVPVILIDDELDIPLGRPYLTMLYDRFSKCIVGCSINFREPSFDSVRKALLNSLLDKSWLKAKYPSIENEWPCHGKIDCLVVDNGAEFWSQSLEDSLRPLVSDIQYSQAAKPWRKSGIEKLFDQMNKGLVNALPGKTFTNPTQLQDYNPKKDAVVRVSVFLELLHKWIVDYYHMAPDSREREIPYHKWHQSKWTPSYYDGAEKEQLRVELGLLRHRTIGVAGIRLHNLRYQSAELIEYRKYCTPNNGKQLFVKTKTDPSDISYIHVYLESEKKYIKVPAVDNSGYTNGLSLFVTPTQYKKYAD,1039,2687,518,96.332,499,19,509,0,0,98.26,98,/stor/work/Wilke/crisprtn7/reblast2/GCF_000696385.1_OP3Hv1_genomic.fna
NZ_JJMN01000074.1,167693..224222,tnsA,204222..203599,lcl|204222|203599|2|-1,-1,UniRef50_A0A090P7F5,1.19e-111,UniRef50_A0A090P7F5 tnsA Tn7_Tnp_TnsA_N domain-containing protein n=102 Tax=Gammaproteobacteria TaxID=1236 RepID=A0A090P7F5_9VIBR,MFDQTKKSSHVHNICKFMSLKNDAVVRTLSILEFDFCFHLEYNPNIKSFTSQPFGFHYLFNNRKCRYTPDFLAIGHNEQSTFFEVKHSSQILKPDFRERFEEKQRVALSEFNRRLVLVTEKQIRMGPTLDNFKLLHRYSGLRTVTEFQKRVLAFIQRKQMVKLQEVSLYFGLSEQDTLISTLPWISSGHVKTDLNTIGFGLETCVWC,316,809,207,70.531,146,61,170,0,0,82.13,100,/stor/work/Wilke/crisprtn7/reblast2/GCF_000696385.1_OP3Hv1_genomic.fna
NZ_JJMN01000074.1,167693..224222,casR,176153..175704,lcl|176153|175704|3|-1,-1,gi|385805106|ref|YP_005841504.1|CAS-I|casR|CARF,0.001,gi|385805106|ref|YP_005841504.1|CAS-I|casR|CARF casR,MLQSSLIYFYPIYQTQIDIDFLFNKISAYPYVLELVMLPHQFFKLLADETRVRCLLMIAREEKVCVAELTEALNESQPKISRHLALLRASGVVVDIRQGQWVFYRISDQLPGWMRKQIQGLVESNCLKQEYQQDIQRLAEMTSRPQCCV,36.6,83,56,26.786,15,41,36,0,0,64.29,38,/stor/work/Wilke/crisprtn7/reblast2/GCF_000696385.1_OP3Hv1_genomic.fna
NZ_JJMN01000074.1,167693..224222,cas6,184551..183913,lcl|184551|183913|2|-1,-1,gi|375263740|ref|YP_005025970.1|CAS-I-F|cas6f|cas6,2.50e-90,gi|375263740|ref|YP_005025970.1|CAS-I-F|cas6f|cas6 cas6,MSQRYYFLIRYTNANADYGLLAGRCISQMHLFMVNHHQAMNRVGVSFPDWNESSVGQTIAFVSEDKEMMIGLSFQPYFSLMVNEGLFEISSVYEVPDTSEEVRFVRNQTIGKNFLGSKKRRIKRSMARAELFGIQQSLPVTNEDRVIDSFHQIPISSGSSRQDYILFIQKELADERAESGFNSYGFATNQEKRATVPDLRFNPFDEDSFLVR,262,670,199,63.317,126,72,150,1,1,75.38,94,/stor/work/Wilke/crisprtn7/reblast2/GCF_000696385.1_OP3Hv1_genomic.fna
NZ_JJMN01000074.1,167693..224222,cas7,185596..184766,lcl|185596|184766|1|-1,-1,"gi|375263741|ref|YP_005025971.1|CAS-I-F|cas7f|G7,CASCADE",4.03e-128,"gi|375263741|ref|YP_005025971.1|CAS-I-F|cas7f|G7,CASCADE cas7",MELCTQLNYVRSLSAGKAYFYYLSESGEMCPFNVDRTRLRAPKGSYSEAYKGNKFVDKNVAPQDLAYSNPQFIEECYVKPGVDEIYCAFSLRIRANSLTPDICSDDEVRSKLSMFAKIYKELNGYKELANRYAKNILLGTWLWRNRECRNITIEVTTSELDTFVVEHAQKLSWYGHWDGDSTECLERLTAYLERALSDPTEYFYMDVKAKMRVGWGDEVYPSQEFLDSREDGIPTKQLATVELLSGKETVAFSRTKSLVQRCNRLTIGGMKRLISL,366,940,256,66.406,170,86,208,0,0,81.25,93,/stor/work/Wilke/crisprtn7/reblast2/GCF_000696385.1_OP3Hv1_genomic.fna
NZ_JJMN01000074.1,167693..224222,cas8f,187690..185603,lcl|187690|185603|1|-1,-1,"gi|375263742|ref|YP_005025972.1|CAS-I-F|cas8f|LS,CASCADE",0.0,"gi|375263742|ref|YP_005025972.1|CAS-I-F|cas8f|LS,CASCADE cas8f",MTKLSDLLAIEDEAIKQTALKKMFMPYTEDVCVDGYEQETLTILLNLSSSHQADRCSDWLDVARAQRYFKDRENLDASLAEIQWFHTHNLKFPDCRVKDQRIIARPLSTAEEFISSAVLDQRLGWAHNSAVYRHTLWLLNPFKWQSQPVCILSLIQQKNPVWLDLLTEFGLDVKSLARLQRAIEEQLPENSFPNSVSAYSKQLRFPWGDDYVSITPVVSHALQCELEIRARSPENKFSFVSSSLPNSASIGNLCGSLGGYMRVLNYPLGVKQAKGGTLTENRQKSGHYFDDYQVTNAKICQVLNRLIGSEPSKTQRQRERARQVRGKILRKQIALWMLPLIELRDIAESEPNQQQLEHDDTLAQAFLSLPEWELGSLAGEFNRRLHLAFQNNIYSAKFAYHPKLMQVAKAQVTWVLEQLSKPINNQDMVTGEQYIYLSSMRVQDSVAMSNPCLCGVPSLTAIWGFMHDYQRKFNQLVNNGSPVEFSSFAFYVRNENIQSTAKLTEPNSVAKARTVSNAKRPTIRSERLADLEIDLVIRVHSESRISDFRSALKTALPVAFAGGALYQPQLSMQIEWLRTFTGRSELFHVLKGLPAYGRWLYPSEKQPTNFDELERLLTQDDDNLLVSLGYHLLEHPTKRGNAITGCHAYAENAIGLAKRINPIEVRFSGRDHFLNHAFWSIECSSETILIKNYRD,858,2216,698,59.169,413,280,521,1,5,74.64,99,/stor/work/Wilke/crisprtn7/reblast2/GCF_000696385.1_OP3Hv1_genomic.fna
NZ_JJMN01000074.1,167693..224222,glmS,169477..168698,lcl|169477|168698|1|-1,-1,WP_056933369.1,1.12e-07,WP_056933369.1 glmS SIS domain-containing protein [Thermococcus barophilus],MTTFLGYSSTWLAEHNATHTAKEISHQPVLWRALAENLQQQAASIEAFLAPLLKRDDLRIILTGAGTSAFVGDAAVPFLQPELNFQMESIPTTDLVSNPELYLDADRPTLLISYARSGNSPESVAAVALADQRVKECYHLFLTCNSEGALSRYAQQAKRALCVLMPEGSNDKSFAMTSSFSCMLMATLTLLGKSAQNAIQATAELCESKLVQWPEAIKQLAALPYERLIVLGSGGFAGLAREASLKSLELSAGKVMTAF,49.7,117,169,26.627,45,107,80,5,17,47.34,65,/stor/work/Wilke/crisprtn7/reblast2/GCF_000696385.1_OP3Hv1_genomic.fna
NZ_JJMN01000074.1,167693..224222,glmS,171587..170796,lcl|171587|170796|3|-1,-1,WP_003037350.1,4.13e-57,WP_003037350.1 glmS DNA-binding transcriptional repressor [Enterobacteriaceae],MMTSAERRQRIMSHIVQHGTGKVDEFALTFNVSAVTIRHDLNLLEKEGCVFRCYGGANLNPNFAFDQPLYRKDQLNRDIKQMIAFAAAQLISDGEAIILDSGSTIALMPQHLTQKKLVVMTNALNTAYQLSHNDNVELHVIGGSLRRASCSLTGHHGEQQIRSYLFDKLFLGVDGFDLQAGITTPDNHEAQVNRAMCDVARQVIAVTDSSKFGRKSFCMIRAASQIDVLVTDSHIPQATHQALLEMGVHVILADQISSHRKLN,181,459,256,41.406,106,146,151,4,4,58.98,97,/stor/work/Wilke/crisprtn7/reblast2/GCF_000696385.1_OP3Hv1_genomic.fna
NZ_JJMN01000074.1,167693..224222,glmS,172731..171961,lcl|172731|171961|2|-1,-1,WP_003037350.1,1.14e-54,WP_003037350.1 glmS DNA-binding transcriptional repressor [Enterobacteriaceae],MTSTQRRDAILKYIQHHQSGSVNYFAEQFQVSEVTIRHDLNILEKKGCVTRCYGGALINAQFAFDQPLQDKKQLNQDIKSQLGAYAASLVEDGDTLILDSGSTTEQIAFHLTDKKQLKVMTNAINIAYHLANHDNIEVIVTGGLMRKNSYSLHGESGEALLGQFRFNKLFLGVDGFDKLAGVTTPHAGEASINRRMVEAAQMVIAVTDSSKFNRQSFCLIARPEQLDMLITDSGMPEDYRRELTAMGVDVRIVDAC,174,442,253,41.107,104,146,146,3,3,57.71,98,/stor/work/Wilke/crisprtn7/reblast2/GCF_000696385.1_OP3Hv1_genomic.fna
NZ_JJMN01000074.1,167693..224222,parE,182566..178265,lcl|182566|178265|1|-1,-1,WP_188125465.1,9.37e-06,WP_188125465.1 parE unnamed protein product [Actinoplanes lobatus],MPTAKGLVRRWDFNTLGTLHALQSTWSQIALRENRIGKFIRDNSSMRDYLLRYVNDVSVEDVTEVFFVSFMNYLRNTVRLDEVIASEACTWSKEQKLDRVRALLAPFAELHALNIAHRDVDPHNLWYADNHQSILASGFGAAFFPETGTVSDYRKLLQSSSIALPEDEMCEGEIIDAFRIDVFLLASVAYQICFNQKLDQTDSVPEWTPPVNDPFDGLLTKWFEKSLSWDASERFEGAHVMLTEFNALTGACPAEDKESQQIFEQLMHSPHRRQEITPYLILQAFPPPAEKLQDALNALASSSSKKVYFANKDNTKMLVKIWEGIHISQDQAGSNRRLMQFLKRLENFQSTTLATPKLLDFGLMNPQGLFIATEYIEGETWASFLMDVSLSSEDKRNLAVNLINTVKDFHVNCFSHGDLHPENILLEECDIDKVLLLDLLDYGCETEVFNTQYGPKNPAITDAYGRDRYAVFKMVEELFAEDLPSNVKDELALARDSQTEIPVALEPLLNALLAPINEDVSEDIEPEKNSPQERISLSWISNSFPSVPTLLEPIDDGYYFNCKWIRARGHNPNCEQILSCYITGKSAVLQVNLDVEARRIVNIKYKDSLPLSELVSAQHRSQGRLSQHIYMQNGVQGEQCSLVEALLNLEPVINEICEQFGIYEEVYDAPLTDEERQELSPVKLWKALADTEGQLRQSLQIESVTEDKLSDSGYPMYPYSCLDGRDLQIDSDDTYYAYQSNSEEKLGEVVVTETTRNYIVIRPVNHWASKQITSGKTLQIESIRSKSSRDLRLKALNRVISKKSVLPNLATYFDVRQKPELYEMTERPSVQKLRELYDVPGQEANNKQLEAFQFLVGQGPVGVLQGPPGTGKTTFVSKFIHYLFEYAGANNILLVGQQHSAVDNVAIKARELCADKGLQLDTIRIGSESLIDDRMLPTHTRALQQKIRHKFHREYDMRVSALSARLQLPHELVQEATRLHRSLAPLLVQLGQYEREREKLIRVGGETNDANAERLAVLMSNRDQTLHIIDTIVRKQFDSIVGDMPIESSLLLDKVLHILAQSHGVNNPAKVDRLHRLLTLSQEWLDVLRSGEAGYERFMLKTKQLACGTLVGVGRRSLELEHTQFDWVIVDEAGRAQASELMVAMQSAKRILLVGDHKQLPPFYQNGHIKHASKLLEVSQEAFLESDFEKAFEACDGVTLDTQYRMIEPIGDLVSACFYANDIGKLHTGRPPAKSWYNELPSPWNKGVSWIDTTSEQGEKDANPGFTNQREIDLLLRSLRSLVDSGAVDKLRQTVTTEHPHPIGIITMYRAQKYEIETQLNQAEWMGPLRDLIRIDTVDSYQGQENKIIILSLVRDNQKAIEGFLRDGPRINVAISRAQERLVILGASRMWRKDNNDSALGAVYEYIAGNAHKDNSHYQLITTQEFNKEAEPA,47.8,112,275,22.909,63,177,113,8,35,41.09,19,/stor/work/Wilke/crisprtn7/reblast2/GCF_000696385.1_OP3Hv1_genomic.fna
NZ_JJMN01000074.1,167693..224222,glmS,219682..218591,lcl|219682|218591|1|-1,-1,WP_035343592.1,6.74e-15,WP_035343592.1 glmS two-component system response regulator GlrR [Dickeya],MYKSHIPDTSEVEDQRVAEKLILLVDDDPVFRRMTKGYLQQDGYQVLEAENGLDGLRKLRESKPDLILCDLSMPVLNGIEFVEEVSLAYPSLPLIVVSATEEMADVAKALRFGIKDFLPKPITNHDHLTSSIENILANDEHQRDFVSCWYGADSQGGIPEEQELHWHLQYLKDNPNAARELLNALLPEKDSQLGGWKCSYRLLQSAELMPLVFDYAWLMNGQFVFYLVDAASHEDCGAASTLLVRALFHDYVRNLRNFSVELKDLAEIIERGICCSDCIGKVSALFGVADVAGGTLSLLPAGLNCQWSNGYVQHRVTSGVQLGDNSLRNFITKDLPIRSACQITLSQPSAYSFTLDLYQGCEV,73.2,178,130,33.846,44,80,69,2,6,53.08,34,/stor/work/Wilke/crisprtn7/reblast2/GCF_000696385.1_OP3Hv1_genomic.fna
NZ_JJMN01000074.1,167693..224222,CRISPR array,183728..183818,,,,,"Copies: 2, Repeat: 28, Spacer: 34",TTCTTGGCTGCCTATTCGGCAGAACACA,,,,,,,,,,,,/stor/work/Wilke/crisprtn7/reblast2/GCF_000696385.1_OP3Hv1_genomic.fna
