NZ_LUTW01000001.1,15195..56655,tnsA,35195..36655,lcl|35195|36655|2|1,1,UniRef50_A0A345DB38,1.95e-06,UniRef50_A0A345DB38 tnsA ResIII domain-containing protein n=396 RepID=A0A345DB38_9BURK,MLSHVKEIIEQNLEKLVAIWPEAPTGIYSAAIGSRNTDAQVLFASIQSVHKRAEQLGHVDLLLIDEVHTLNSERSESMYARFIAALKVINPNLKIIGFTATPYRMKQGLLTQGKNPLFSDIVYETDIQRLIDDGYLSPLTSKGGKEKINLKGVRTRQGEFLSSDMEAAVQENDVTEKAVAEIIEYGEGRDAWLIFCVSIAHAQQVKQLLLDAGISADCVTGKTPKDERARILADYKNGRIKALTSQGVLTTGFDAPRTDLIALLRATKSPGLYVQILGRGLRVSPETDKQDCLVLDYGGNVERHGPIDQITIGSIKVGEGTGAPPVKECPECFEIILASLRVCPACQYEFPEREKHDPVASDAALLSAQVEPQWLEVDEVVYSIHEKFGKPPSVQVLYRCGLKTVREWACFQHGGYARQKAVIWWVKRFGHTPCPAMTVDAYQLLRETEDLKEPTRIEVIQEGRWYRIRAYDFSPPTDHSDDNSML,48.5,114,243,25.103,61,142,105,10,40,43.21,46,/stor/work/Wilke/crisprtn7/reblast2/GCF_001646955.1_KASP37_1.0_genomic.fna
NZ_LUTW01000001.1,15195..56655,cas3,45311..46900,lcl|45311|46900|2|1,1,gi|222523373|ref|YP_002567843.1|CAS-I|cas3|cas3,2.45e-09,gi|222523373|ref|YP_002567843.1|CAS-I|cas3|cas3 cas3,MINFKNVHKCFGWKGDFSWYSSPWELRIRIYSQTTLRRRFRNRLLYSRAAFPLFMRQPRGNSPLLFSDLELHERVQKALAISGFTEATPVQEQTLPLILSGKDLMVSAETGSGKTAAFLLPMIHNMHTQPSPKTSTRALILVPTRELGLQVLKECESLARYTYIKAGLIVGGEDYRHQVNTLRKNTEILIATPGRLIEHINNSNHDFRDLEYLILDEADRMLDMGFGPDVLTIVAECNKERQTLLFSATLEGKSLANIAGEVLDDPTRLMLNSVREKHANIHQQIVLSDDTAHKEKLLIWLLKNETYDKALVFTNTRARAEEFVGKIRVKGFRVGMLHGEMDQRERKHVMSLLKEGKINILIATDVAARGLDIKGIDLVINLEMARNGDDYVHRIGRTGRAGEQGLAVSLIGPDEWNRMSATERYLRVRFEMRTIKELAGSYKGPKKVKSSGKAAGKKKKAGKKSDAKNSAEKQRHRDKKNIGKRRTSSADKSVNDKPVDRSEKRSENKSETKTDIIKDAGFAPVKRRK,58.9,141,389,23.393,91,235,158,16,63,40.62,64,/stor/work/Wilke/crisprtn7/reblast2/GCF_001646955.1_KASP37_1.0_genomic.fna
NZ_LUTW01000001.1,15195..56655,cas3,46909..48267,lcl|46909|48267|1|1,1,gi|333910101|ref|YP_004483834.1|CAS-I-D|cas3|cas3,2.65e-05,gi|333910101|ref|YP_004483834.1|CAS-I-D|cas3|cas3 cas3,MSKATATTNVDFSTLGLDDTLLKAVQEAGYKKPTPVQAKAIPMALTGRDMMASAQTGTGKTASFTLPILQRLSQMKASNAVRALVLVPTRELALQVFESFKTYGKHTELKTVAVFGGVDIEEQLTALSKGADILVATPGRLADMINRKHIQLTNLRILVLDEADRMLDLGFKDDIERILKNAPVKRQNLLFSATFSKDIKQLAHDFMRHPVKVEIENPNSAAKTVKQSFYPVDQPDKPEILSYLINGGKFKKALVFVRTKKAANRIAELLEEDGINAQPIHSDINQYQRVRTLEDFKDGYFDVLVATDVAARGLDIEQLPLVINFDLPKVPQDYVHRIGRTGRAGQPGRAIALINPEEKKHLLPSLQKLLNRPIEIEPLPYFEDGEVRPNESETPAAKPRNRGRKPDPKAKKPAIKKYAGKTTGKRGGSKPATGAARGARRPSAPSGSKRKS,45.4,106,384,22.396,86,229,159,15,69,41.41,74,/stor/work/Wilke/crisprtn7/reblast2/GCF_001646955.1_KASP37_1.0_genomic.fna
NZ_LUTW01000001.1,217433..259238,tniQ,237433..239238,lcl|237433|239238|1|1,1,tr|A0A081NVM8|A0A081NVM8_9BACL,1.41e-05,tr|A0A081NVM8|A0A081NVM8_9BACL tniQ ABC transporter domain-containing protein OS=Paenibacillus tyrfis OX=1501230 GN=ET33_22665 PE=4 SV=1,MSEQTPNTGSLQIYLRLLTYVKPYTAYFALSLVGLAIFALSQPAFAKLLEYFVQALEGESINLLSGLGYDIPALWLIPGMMVGIALIRGIGSYLGSFYLSKVANSVIHDLRTSMFNSMIALPNEFFDNNNSGHLIARVTYNVSQVTAAATSAIKIAVREGLTVVFLLGFLFYTNWKMTLIFIAALPVIALVVSFASDRFRRISRNIQNSMGDLTHVTSESINGYREVRGFGGEKYESDRFMAASATNTRQSLKLSKADAVHTPVLQFIVSIALALLLFMVLWVKGDASTAALVGYVTAAALLPKPIRQLSEVNASIQKGIAAAESIFAMVDEVPEANTGEYTCDRVKGNLEFKDVCFTYPGASSPALQDINFTVEPGKTYALVGRSGSGKSTLASLVPRFYNHTGGDILIDGTPLNAFELKNLRSHIALVSQNITLFNDTVARNIAYGALSETAEEEDIRLAAEAAHAMEFIKDMSNGIHTMVGEDGVLLSGGQRQRLAIARAVLKDAPILILDEATSALDTESERHIQAALNEIMKGRTTLVIAHRLSTIENADCILVMEQGRIIERGTHSELLANGEHYAKLHKMQFHEEAPILDPVTA,45.4,106,98,25.510,25,68,51,1,5,52.04,16,/stor/work/Wilke/crisprtn7/reblast2/GCF_001646955.1_KASP37_1.0_genomic.fna
NZ_LUTW01000001.1,217433..259238,parE,249576..252668,lcl|249576|252668|3|1,1,VFJ66771.1,1.15e-04,"VFJ66771.1 parE ParE toxin of type II toxin-antitoxin system, parDE [Candidatus Kentron sp. DK]",MNIAEYSISHRVISWMFVAILLVGGGISFFGLGQLEFPEFTIKQAMVITHYPGASPEQVEEEVTLPLEEAIQQLEYVKNIDSISSNGRSQIMVEMKEQYPSDELPQIWDEVRRKINDAQGGMPPGVYPSVVVDDFSDVYGMLFNITGDGYTPRDLENYADYLKRELVLVEGVKKVTVAGIRQEEVVVEMSQAKLASLGIDPAWIFSLIQNQNVVSNAGNMLVEGRSIRIHPTGEFNHVKELEQLIISPPGSSQLVRLGDISTVRRDYDDTPDSMYTSNGKPALSLGISFGSGVNVVEVGDSVRNRLNELTSEQPLGIELTTVYDQPATVSESVNGFLINLVEAIVIVIVVLLLAMGVRAGLLMGAVLLLTISGTFIVMKALGIDLQLISLGALIIALGMLVDNAIVITEGIQVGLQRGMTRMQAAKRVVQLNQWPLLGATVIAIMAFAPIGLSDDSTGEFCLSLFQVLLISLMLSWVTAITLTPFFCNILFKGYENATEDEHAPAVDPYQGALFTLYKQLLNFALKHRPATIGLTLLALVIAIVGFGSVKNVFFPPSNTPIFFVDFWMPEGSDIRATAAELATFEKQVLTMPGVKNVTSVMGMGAQRFILPYQPEKQYTSYGQLIIAAEDLETIDTLIPPMESILKEQYGDVEYRIKLMQNGPAAPAEIEARFYGEDPKVLRSLAMQAATILNNEPTAVHVRHGWRNQVSLVRPHIDEASARRSGISKQALDDALLVNFSGRQVGVYREGSQLMPLVVQAPETERLNADSITDLQVWSADHQSFVPITQAISSFDTEWENPLIIRRDRKRMLSVMADPIMLSDETTDSVFKKVRSKIEAIPLPEGYSLEWGGAYELSSDAQSAVFKSIPMGYLAMFLITVFLFNTVRQPLAIWCTVPLALIGVVAGLLVLNTPFSFMGLLGLLSLSGMLIKNGIVLVEQIKLELEEGWEEHEAIFHASVSRLRPVCMAALTTMLGMIPLLFDAFFKSMAVTIIFGLGFATVLTLIVLPVIYSLLYKISFKGFNYRKIGNH,41.6,96,70,32.857,23,42,40,2,5,57.14,6,/stor/work/Wilke/crisprtn7/reblast2/GCF_001646955.1_KASP37_1.0_genomic.fna
NZ_LUTW01000001.1,274573..315040,tnsA,295040..294573,lcl|295040|294573|2|-1,-1,UniRef50_A0A1B1A886,5.54e-04,UniRef50_A0A1B1A886 tnsA Tn7_Tnp_TnsA_N domain-containing protein n=18 Tax=Rhodobacteraceae TaxID=31989 RepID=A0A1B1A886_9RHOB,MTPAINLLKKAKANFKVHQYDHDPDSHSYGEEAVEKMGQDANQVFKTLLVKLDGRQLAVAVVPVAGMLDLKAMAAACGAKKAVMAEQPEAERSTGYLFGGISPLGQKKRLPTVVNSTADSFETIFISAGRRGLEVELAAENLLKLTSGSFAAISK,36.2,82,64,39.062,25,28,37,3,11,57.81,34,/stor/work/Wilke/crisprtn7/reblast2/GCF_001646955.1_KASP37_1.0_genomic.fna
NZ_LUTW01000001.1,566603..639485,tniQ,587079..586603,lcl|587079|586603|1|-1,-1,tr|A0A1N6UQY6|A0A1N6UQY6_9RHOO,2.95e-07,tr|A0A1N6UQY6|A0A1N6UQY6_9RHOO tniQ TniQ protein OS=Aromatoleum tolulyticum OX=34027 GN=SAMN05421829_10610 PE=4 SV=1,MICLQPAEDEHFASFLCRQLHIRGEVWSVVEHKRCFLNNKGGAPRFIPGPDHFSLYAKMMRKSEAQFFDEHTLFLLLVIYHQERSSLPPAPEDVSLQSALHFCASCMIESVQSNGWAYIKRSWVVPGVRSCLKHKKKLIDIRSVYCGCYSLRDVRLLN,47.0,110,155,27.097,42,96,64,5,17,41.29,89,/stor/work/Wilke/crisprtn7/reblast2/GCF_001646955.1_KASP37_1.0_genomic.fna
NZ_LUTW01000001.1,566603..639485,tniQ,612236..610746,lcl|612236|610746|2|-1,-1,tr|A0A2R3EV32|A0A2R3EV32_9GAMM,1.86e-142,tr|A0A2R3EV32|A0A2R3EV32_9GAMM tniQ Transposase OS=Shewanella sp. WE21 OX=2029986 GN=CKQ84_08020 PE=4 SV=1,MLIPGSFPDELLFSRLIRHFIQSGITSTDYLEWMYGTRKVSIHPVLTCDLKNISRFAKENAQTLFYQQTLAPLFLAFMPNKSAALKKLMASGGSSKAIRICQYHQFNQSAGLSLKYCSRCAKHDIQTHGVAYWHREHQIPGVDVCSTHGTLLAVEYLPERQRLSEFLLPVVSKNKRAGSTTDTRFSQYSKDLLNHFSQPDRKLNLTVYKNELQKQGYITNYGRVRRKKLVGDFFEFTKQFTATDSIFLPKNEEDYKYFSFLLSGTVNQHPTKHLLLGFWLFCDLEKLLSAKKEKRKKAKVKVKIAKVHKTIRVVKKIAVSDKPVKITKAVKQQIYTLALRGFHRSAIARQFGISAGSVEQEISNHPGMVEHRKRCKFESRRRRYRLQITRFRQSNPNALRKDVRKAHDKAYIWLYHYDRPWLEQALPKATKPKPKGRVDWAKRDNELADQVRILMVEHKGQLSRSKLDKQVGGHGWMIKQQNKLPKAMQVYWDLSK,417,1072,517,41.586,215,279,310,3,23,59.96,99,/stor/work/Wilke/crisprtn7/reblast2/GCF_001646955.1_KASP37_1.0_genomic.fna
NZ_LUTW01000001.1,566603..639485,tnsC,613713..612289,lcl|613713|612289|1|-1,-1,UniRef100_G3F9T6,5.02e-140,UniRef100_G3F9T6 tnsC Tn7-like transposition protein C n=7 Tax=Enterobacteriaceae TaxID=543 RepID=G3F9T6_ECOLX,MSTDALYKEVNFPDFKGNPLIEALPEKLSNEKQIQILENYPEHDESDRDLSAVDRLDYLSRITKLTQPMPIYIEFFRLLESAINEGYSTKNPLTPTTQHYLTYPVDDEPEIIPTSGRFEPKGKAITLLGDSGVGKSRMINRCLGYFPQVISHSSYKGNDLDIKQVTWLYVECSHDSSLRGVCDAILGALDDALETITTPKSTIAALLNQIERKLKSSFVGILVIDEIQAISVAKSGGAANLLGFLLNLKNKCGIPIVLSGNLEARGLLETTFRIARRAESGGYIEMQRLSYNEMWQYFVEEIWCLQWTNTKTELTDSLSRKLFDLSTGVFDIAARIYRKAQEMVIGSGDEIITEQVLESAYNAACQLTSSDLTLYRRRVRQRISDDRQQNNEANTKNDSEAKPKKNYIAGDVTRPQHPEFNEKLVELKSGIDLISQMKDPDLLRNSLDEEDQVAFLTKKGVLCKDPLSFLEETG,409,1050,474,44.093,209,253,303,3,12,63.92,98,/stor/work/Wilke/crisprtn7/reblast2/GCF_001646955.1_KASP37_1.0_genomic.fna
NZ_LUTW01000001.1,566603..639485,tnsB,615863..613713,lcl|615863|613713|2|-1,-1,UniRef100_G3F9T5,0.0,UniRef100_G3F9T5 tnsB Tn7-like transposase TnsB n=6 Tax=Enterobacteriaceae TaxID=543 RepID=G3F9T5_ECOLX,MNIEINSVWSFNGIEGIPDGCYRVLKFYEEFEELIIFPIKDESTIQRPISCDVEIFAIEYNEGNIKEFHFELPWYLLVSETDIPEIHRITRDLNFSLIKPLIEDKGFYHDLVVSQRVKSISKRAKEISKPVQTLYRVLNNFWKYGQDASALIPAFKDRGGKGKERVAGDKKRGAPVKSRTGVIEVAPGINITEEDKKKIEKGLKKFYLNSKRMSLAKAYKNTIKAYYAKEVREAEVNGDFPKIPNQDQFKEWKNILTKKSDETKKRSTKRHYQKNERGLLGSALEDAAIPGECFELDATVADVHIVSKLNRNLCLGRPTIYLVVDKTSRMIVGVHVSMEYASWRAGRQALINSFTEKKTFCEKYGITITDSQWPCYHLPRRLLCDRGEMVCKKPEELVVPLMQLDIAAPYRADMKGIVERRFGLLNEEVFHQLVGTTRGTIRIRGEDDPRDRAQYTIDELTKETIKEIRKHNRKIFDNLKTASPLLMENSLAATPINCWKIHLQKHRHSLRIAEEEEIRAKLLPSVTASMTKYGILYNGVYYSCERVKEENLAAIARNHGRWSLEARADLDNSSFLYVRLKHGEGFTKCHILPRSKMLADLPESDIDCFHDWHRQQDKKNEFTSEDISDFEESRDDARYSAQEQKKAPKNANKKDKKTGIKDRRREAIEQGRKELQDEKSKVLEEVITSPESGNIADTQNNSGKNSMFSRSRRRKE,656,1693,674,47.478,320,352,449,2,2,66.62,94,/stor/work/Wilke/crisprtn7/reblast2/GCF_001646955.1_KASP37_1.0_genomic.fna
NZ_LUTW01000001.1,566603..639485,tnsA,616678..615860,lcl|616678|615860|3|-1,-1,UniRef50_A0A212IPG6,1.32e-94,UniRef50_A0A212IPG6 tnsA Tn7-like transposition protein A n=2 Tax=Enterobacteriaceae TaxID=543 RepID=A0A212IPG6_9ENTR,MARGRRLKTLDDYARSLKNKYGLGEGDDYKPWLRVQDVPSIGLASKIQGMKANREHHTLSKLETEFFFLAEFSDVVIDIREQFPLLPLDLTVKISKTISVSHPVVPGTDTMHLMTTDFLLTCFDNEKQWHIAVSVKSEKDLRDKRVLEKLEIERLWWELLGVEFVLFCGTSETSIQSKNIAWVTDPIRHRLESLNKITEDLKENALGLIKSGKQSQEVICQNFLSNLELEGIDPLMLLKVLIAEKRLIADLTLPMIETGFISIIAINAAAEI,277,709,270,50.000,135,131,187,1,4,69.26,99,/stor/work/Wilke/crisprtn7/reblast2/GCF_001646955.1_KASP37_1.0_genomic.fna
NZ_LUTW01000001.1,566603..639485,tniQ,619485..618901,lcl|619485|618901|1|-1,-1,tr|A0A5C7P1D4|A0A5C7P1D4_9ACTN,3.03e-04,tr|A0A5C7P1D4|A0A5C7P1D4_9ACTN tniQ LysR family transcriptional regulator OS=Actinobacteria bacterium OX=1883427 GN=E6Q90_12735 PE=4 SV=1,MDVRLLKQFVAIYEEQSISKAAARTFVSQPALSNAIRHLEEELGSLLFNRSKRGVTPTREAEQLYPMATRVINELERIPERLKAQHKRQTISIAVMPELPHHYMGEFLRQIQDSLSGTQIILKHLGAPAEARIILDSMKREDELFFPLWREEYVFCVHKDHPLSTKEEISLGDLNQQAFVICPPCEAHQRTLGL,38.9,89,72,29.167,21,47,37,1,4,51.39,37,/stor/work/Wilke/crisprtn7/reblast2/GCF_001646955.1_KASP37_1.0_genomic.fna
NZ_LUTW01000001.1,566603..639485,cas8c,597803..597099,lcl|597803|597099|2|-1,-1,"gi|312113989|ref|YP_004011585.1|CAS-I-C|cas8c|LS,CASCADE",0.006,"gi|312113989|ref|YP_004011585.1|CAS-I-C|cas8c|LS,CASCADE cas8c",MLIFEKGVGGHIAKVGRNAPNGEVHLRQLVGGAGVFLPEDGDVFAVALMAVHKFDGLHKHTAGTTTGVVYFALVRFNHFRNQRYYAFGRVELTAAFAFRRRKPTEEVFIHPPHHILLGHVAVVCDGFDIVNGVDQRRQFRRIQPQAGEVVIRQCARQRRVVLFNIVQRRINFDGDVILLGVLQNIRPTTFFRQIEHVVLRVEIHHIHKVGAVFVGDFDFLNFKLVADEFQEDQT,36.2,82,48,35.417,17,31,27,0,0,56.25,21,/stor/work/Wilke/crisprtn7/reblast2/GCF_001646955.1_KASP37_1.0_genomic.fna
NZ_LUTW01000001.1,566603..639485,cas4,600231..601352,lcl|600231|601352|3|1,1,"gi|365967614|ref|YP_004949176.1|CAS-I,CAS-II,CAS-V|cas4|cas4",0.005,"gi|365967614|ref|YP_004949176.1|CAS-I,CAS-II,CAS-V|cas4|cas4 cas4",MPGLCVFVGANGSGKSTLFDVFGFLKDALAGNVRTALQKRGGFKEVVTRGCIDQPIVFTLQFRITIGDVERLVTYVLEIKLDNNKPVIAREILRYKRGSYGSPFHFLDFSNGSGYAILNEEDFNKKDSELDREEQTLDSPDILAVKGLGQFQRFKAANAFRQLIEHWHVSDFHISDARITNDAGYAEHLSSRGDNTALVAQYLFEQHPDIFQRVLDKMKQRVPGVEGVKAAETDDGRIVLKFQDGSFKDPFIARYVSDGTIKMFAYLLLLNDPSPHPLLCVEEPENQLYPSLMPELAEEFREYSDRGGQVMVTSHSPDMLNSIQLDEIFWLKKKDGVTTIERASDNALLVSLIKGGDLPGALWKQGLFEGVNP,37.7,86,54,33.333,18,36,32,0,0,59.26,14,/stor/work/Wilke/crisprtn7/reblast2/GCF_001646955.1_KASP37_1.0_genomic.fna
NZ_LUTW01000001.1,802000..842905,tniQ,822905..822000,lcl|822905|822000|2|-1,-1,tr|A0A1X0B0X5|A0A1X0B0X5_9MYCO,5.73e-05,tr|A0A1X0B0X5|A0A1X0B0X5_9MYCO tniQ HTH lysR-type domain-containing protein OS=Mycobacterium aquaticum OX=1927124 GN=BST13_12675 PE=4 SV=1,MNRLLKHFKVVAHHKKIASACRELNISQPALSKSIKTLEDSFGLPLFERLPRGMELTEAGVRLLNRIRRMDMEYQYAVEEINLLRSGKGCKLFIGAGTVWERYLPPVISQLYDEYPNLEVIIRADTNEQLMPDLVEGKLDVVLGGGNDQIGTREQLAFLPLLNVNMKIAAHRSHPLASMSSVTAEQLAEYPWVAYQRSKGAFLNQLFDRKGIKSVRYSLQTELLDVALDVMEKRQALLCIAEQFFYKLPENDVVQIHLNEAIWNFHSGIWYQSSARYTPVVDRFIDLLTQEVERLEQTPAY,42.4,98,66,34.848,23,41,34,1,2,51.52,21,/stor/work/Wilke/crisprtn7/reblast2/GCF_001646955.1_KASP37_1.0_genomic.fna
NZ_LUTW01000001.1,802000..842905,cas8c,802133..802792,lcl|802133|802792|2|1,1,"gi|525656093|ref|YP_008219474.1|CAS-I-C|cas8c|LS,CASCADE",0.007,"gi|525656093|ref|YP_008219474.1|CAS-I-C|cas8c|LS,CASCADE cas8c",MCLEYHKYTVKHQERSAMRLSESPDIVIMGDPFLFQQHKQVCVDDIPTDDFQHNLKILRKRQLEANGIGIAAPQIGWGARVLCLGISEETRSRYPTAVDIPLSFWINPTILETSKDTCWTWEGCLSVPGMRGWVERPSAVKIRGFNEQGEVIEADLSGFAARVMLHELDHLNGRLFTDQVDSPKLLLSNDAFQHQDIWPEGWPTENARKASPGGLSTER,35.8,81,78,28.205,22,47,37,2,9,47.44,35,/stor/work/Wilke/crisprtn7/reblast2/GCF_001646955.1_KASP37_1.0_genomic.fna
NZ_LUTW01000001.1,848125..929618,tnsA,869906..868125,lcl|869906|868125|2|-1,-1,UniRef50_A0A345DB38,6.58e-04,UniRef50_A0A345DB38 tnsA ResIII domain-containing protein n=396 RepID=A0A345DB38_9BURK,MAYQLRPYQTDAVHSVIRHFRQSNDPALLVLPTGAGKSLVISELARIARGRVLILAHVKELVEQNHNKYESYGLKASIFSAGLGQKEAIEQVVFGSVQSVVRNLSQFHHEPEQKAFTLLVIDECHRVSMEKNSSYQKVVEHFKRLNPNLKVLGLTATPYRLGMGWLYQYKNGLNNKGIVRTEEPRFFKHCLFELPLSYMVNNGYLTKPNVVDAPIVFYDFSLLYTDSFGRYPEQELNQLLKGNTRATRQIIDQVKSEATDRKGVMVFASTVDHAREIISYLPENESALIIGDTPAKERDHLINDFKDQQLKFLVNVSVLTTGFDAPHVDLIAILRPTESVSLYQQIAGRGLRLAEGKEECLIIDYAGNRFSLFSPEVGEPKPDSKAVPVTVPCPACGNENSFWGIVDGDGDLVEHYGRRCQGFEEFEGEKEQCSFRYRFKECDKCGAENDIAARKCHECQNGLVDPDKKLRDALNLKNCMVIRCSGMEMNCSKDSKGNTRLKVTYHDEDGAEVGEYFRLDTPAQQGAFYHYFGKHALINRGAPFKASTVDNVIHNRKKFRKPDFVIAHKEKHYWKIIDKIFDYQGSFRKAGML,40.4,93,261,23.755,62,142,107,11,57,41.00,40,/stor/work/Wilke/crisprtn7/reblast2/GCF_001646955.1_KASP37_1.0_genomic.fna
NZ_LUTW01000001.1,848125..929618,tniQ,893302..895470,lcl|893302|895470|1|1,1,tr|A0A081NVM8|A0A081NVM8_9BACL,8.84e-07,tr|A0A081NVM8|A0A081NVM8_9BACL tniQ ABC transporter domain-containing protein OS=Paenibacillus tyrfis OX=1501230 GN=ET33_22665 PE=4 SV=1,MNPSSNSDQSWNVPTEQTADSDALLECLALLTRHYGHPYSRESLKAGLPLENGKFTTDVFIRSAERAGLACKLNKKALTEISSLVTPAVLLLNKKQACVLLDVDEKKGIAKILMPEAGEGIKRIKLSVLSESYTGYVIYIREKHRYDKRAPEKLNIKKRHWFWGTIFGSWRIYRDVLLASLLINIFVIASPLFIMNVYDRVVPNQAFDTLFVLAIGAFIVFTFDFVLKMVRSYFIDLAGKKSDILLSSTIMEKVLGLSMKARPTSVGSFAKSLQDFESIRDFITSTTVTALVDLPFTLVIIGVIFMLGGPLAVVPFGAMMLIALYSFFIHGALKRSVEKTLRSGQQKNATLIESLTGMEAIKVAHAESDVQYRWEKAVSHIATYSIKTKLLSQSATSFAAYVQQMCNIVLIIMGVYFISEGDLSMGGLIASVMLTGRCLGPMAQFAGLATRYNQAKSALEALTNIMDMPAERSEERDYVNRPELKGSIQFDGVNFSYPDQEIQALRNINLQIKAGEKVAIIGRIGSGKTTMEKLILGLYEPDEGAVRMDGIDLRQINPTDLRTSIGCVTQDITLFYGSIKDNITLGANHVEDEQLLNAAEISGVAEFANKHPNGMDMVVGERGQNLSGGQRQSIAMARALLMDPPILVMDEPSSSMDNTTELRLKEQLKNRCQDKTLILVTHKASMLELVDRLIVVDNGHIVADGPKDQVHAALKQGKLKID,49.7,117,91,31.868,29,60,49,1,2,53.85,12,/stor/work/Wilke/crisprtn7/reblast2/GCF_001646955.1_KASP37_1.0_genomic.fna
NZ_LUTW01000001.1,848125..929618,tnsA,909618..908992,lcl|909618|908992|1|-1,-1,UniRef50_A0A3M5N9X7,1.17e-10,UniRef50_A0A3M5N9X7 tnsA HTH gntR-type domain-containing protein n=380 Tax=Bacteria TaxID=2 RepID=A0A3M5N9X7_PSEAZ,MQVSRSVVREAIIMLELQEVVEVRQGSGVYVINLPGHSAGSINTPESEAETEADIGPFELLQARQVLESQIASFAAQNVTKNDVLRMREAIELQRRQLTDGSDDDDGDKQFHLAVAEATQNSVLTDMVIELWDRRERSPMWQQLHQRIPDLSYRKAWIKDHENVLLAIQRRNAEDARTAMLQHFENVKQVLLELSDTDDQHFDGFLFS,57.0,136,125,32.000,40,72,64,4,13,51.20,58,/stor/work/Wilke/crisprtn7/reblast2/GCF_001646955.1_KASP37_1.0_genomic.fna
NZ_LUTW01000001.1,848125..929618,cas3,869906..868125,lcl|869906|868125|2|-1,-1,gi|557694418|ref|YP_008797472.1|CAS-I|cas3|cas3,0.005,gi|557694418|ref|YP_008797472.1|CAS-I|cas3|cas3 cas3,MAYQLRPYQTDAVHSVIRHFRQSNDPALLVLPTGAGKSLVISELARIARGRVLILAHVKELVEQNHNKYESYGLKASIFSAGLGQKEAIEQVVFGSVQSVVRNLSQFHHEPEQKAFTLLVIDECHRVSMEKNSSYQKVVEHFKRLNPNLKVLGLTATPYRLGMGWLYQYKNGLNNKGIVRTEEPRFFKHCLFELPLSYMVNNGYLTKPNVVDAPIVFYDFSLLYTDSFGRYPEQELNQLLKGNTRATRQIIDQVKSEATDRKGVMVFASTVDHAREIISYLPENESALIIGDTPAKERDHLINDFKDQQLKFLVNVSVLTTGFDAPHVDLIAILRPTESVSLYQQIAGRGLRLAEGKEECLIIDYAGNRFSLFSPEVGEPKPDSKAVPVTVPCPACGNENSFWGIVDGDGDLVEHYGRRCQGFEEFEGEKEQCSFRYRFKECDKCGAENDIAARKCHECQNGLVDPDKKLRDALNLKNCMVIRCSGMEMNCSKDSKGNTRLKVTYHDEDGAEVGEYFRLDTPAQQGAFYHYFGKHALINRGAPFKASTVDNVIHNRKKFRKPDFVIAHKEKHYWKIIDKIFDYQGSFRKAGML,38.5,88,112,23.214,26,81,58,2,5,51.79,19,/stor/work/Wilke/crisprtn7/reblast2/GCF_001646955.1_KASP37_1.0_genomic.fna
NZ_LUTW01000001.1,1062245..1125573,tnsA,1082245..1083684,lcl|1082245|1083684|1|1,1,UniRef50_A0A345DB38,8.89e-06,UniRef50_A0A345DB38 tnsA ResIII domain-containing protein n=396 RepID=A0A345DB38_9BURK,MNSRNTDAQILFASIQSVHKRAEELGRFDLLIIDECHLLNSESSETMYSRLIAGLREINPALKIVGFTATPYRMKQGLLTEGKNPLFDEIIYETDIQRLIDDGYLSPLRSKAGKDKIDLAGVRTRQGDYLTSDMEEAVNKNDVTEKAVAEIIQHGQERQAWLIFCVSVAHAQQVKALLIDDGIEAECITGETPKDERSSILSDYKAGRIKALTSQGVLTTGFDAPLTDMIALLRATKSPGLYVQILGRGLRISPGTNKTNCLVLDYGGNVERHGPIDRITVDHIKTGKGSGEAPVKECPECFELILAGLRVCPACHYEFPEREKHESEASNAALLANQIEPEWLDVDELIYNLHEKNGKPPSMQVSYRCGLETIREWVCFEHGGYARQKAVIWWVKRFDHDPVPELTNDALHRISETRDMKEPCRIEVIQDGRWQRVRAYDFTIKAGTPSEWNDNPTERPKPQGFNADHFDVFDTDIDF,46.2,108,350,22.000,77,208,141,14,65,40.29,65,/stor/work/Wilke/crisprtn7/reblast2/GCF_001646955.1_KASP37_1.0_genomic.fna
NZ_LUTW01000001.1,1062245..1125573,tnsC,1105573..1102916,lcl|1105573|1102916|3|-1,-1,UniRef100_C5UT02,0.001,UniRef100_C5UT02 tnsC Putative transposon Tn7 transposition protein TnsC n=1 Tax=Clostridium botulinum E1 str. 'BoNT E Beluga' TaxID=536233 RepID=C5UT02_CLOBO,MHDIDPIETREWLEALDSVLEQEGEDRAHFLLTRLSQHARAKGTQLPYAITTPYRNTIPPEKEARMPGDLFMERRIRSLVRWNALAMVMRANKKDSSLGGHISSFASSATLYDIGYNYFFHGHDDSREGDLVYYQGHVAPGIYSRAFLEGRLSEDQLDNFRQEVDGKGLSSYPHPKLMPDFWQFPTVSMGLGPIQAIYQAHFMKYLINRGLAQEQNRKVWAFLGDGEMDEPESLGAISLAGREKLDNLVFVVNCNLQRLDGPVRGNGKIIQELEGVFRGAGWNVIKVTWGRHWDPLLAQDKNGKLQKIMDEAVDGDYQNCKAKGGAWTRDNFFARDPEALKLVENLSDDDIWRLNRGGHDPYKVYAAYHEATHHTGQPTVILAKTVKGYGTGATGEAANISHNVKKLPVDDLKHFRDRFDLPIKDEEIENLPFFKPDADSPEMKYMRQRREKLGGFIPQRRVETDVKLEIPGLDAFEAVTKGSGEREISTTMAYVRILGALAKDKNIGKYIVPIVPDEARTFGMEGMFRQLGIYSAVGQNYEPVDSDQVMFYKESIQGQILEVGINEAGAHSAWIAAATSYSSNNVPMIPFYAFYSMFGFQRTGDLAWAAGDIQARGFLIGATAGRTTLNGEGLQHQDGHSHILASTVPNCISYDPTYGYEMAVIVQNGLQRMYGDGENVWYYITAMNENYRQPALPEGPEVIEGIIKGLYNLEECSRNSGLKVQLMGCGTILEEVRKAATILRDEYNIESDIWSATSFNELARDGKDAKRHNMLNPESEKRISWVEKQLAGRKGPVVAASDYMSLYANQIREFISGTFVALGTDGFGRSDSREQLRHFFEVDSQFIVVAALYALVQDGELEASVVSDAIKKFNIDPTKANPLYS,40.8,94,85,27.059,23,57,41,1,5,48.24,10,/stor/work/Wilke/crisprtn7/reblast2/GCF_001646955.1_KASP37_1.0_genomic.fna
NZ_LUTW01000002.1,102295..142630,tniQ,122295..122630,lcl|122295|122630|3|1,1,tr|A0A0M6ZPJ2|A0A0M6ZPJ2_9RHOB,2.69e-04,tr|A0A0M6ZPJ2|A0A0M6ZPJ2_9RHOB tniQ Uncharacterized protein OS=Labrenzia alba OX=311410 GN=LA5096_06214 PE=4 SV=1,MKSVSNITDPAIITTLQQASRLGPTPYLRERAHAVLLSHRGYTLEQIADVFSTQYQTISNWIDQWEDFGIRGLYKSHGGGVPLTFNPEEVARFKELVKNEPRRIRHAKAVL,36.6,83,81,32.099,26,41,36,3,14,44.44,67,/stor/work/Wilke/crisprtn7/reblast2/GCF_001646955.1_KASP37_1.0_genomic.fna
NZ_LUTW01000002.1,102295..142630,csf4g,127996..127214,lcl|127996|127214|2|-1,-1,"gi|375140016|ref|YP_005000665.1|CAS-IV|csf4gr11|SS,CASCADE",0.001,"gi|375140016|ref|YP_005000665.1|CAS-IV|csf4gr11|SS,CASCADE csf4g",MSTHCLILPASHLDIQKTLESLAQQLCIDFHPDNAPIPDGVIVVSEHSGALSVARSGNKDKPILVDFVGGKAGHRRKFGGGKGQDIAKAVGLNKGATPSVLDATGGLGRDGFVLATLGCNVTLLERSPIVAALLEDGLRRGLADNEISDIAKRMSLMKHNAIDWMTSTDQRYDVVYLDPMFPHREKSALVKKEMRLFQDLLGEDLDADQLLQPALVIARYRVVVKRPKLAPDLNGQVPTYRLEGKSCRYDIYALKAFGSE,37.4,85,60,35.000,21,35,32,2,4,53.33,22,/stor/work/Wilke/crisprtn7/reblast2/GCF_001646955.1_KASP37_1.0_genomic.fna
NZ_LUTW01000002.1,102295..142630,rsmJ,127996..127214,lcl|127996|127214|2|-1,-1,WP_011074252.1,1.62e-80,WP_011074252.1 rsmJ class I SAM-dependent methyltransferase [Shewanella oneidensis],MSTHCLILPASHLDIQKTLESLAQQLCIDFHPDNAPIPDGVIVVSEHSGALSVARSGNKDKPILVDFVGGKAGHRRKFGGGKGQDIAKAVGLNKGATPSVLDATGGLGRDGFVLATLGCNVTLLERSPIVAALLEDGLRRGLADNEISDIAKRMSLMKHNAIDWMTSTDQRYDVVYLDPMFPHREKSALVKKEMRLFQDLLGEDLDADQLLQPALVIARYRVVVKRPKLAPDLNGQVPTYRLEGKSCRYDIYALKAFGSE,240,613,205,59.024,121,79,149,2,5,72.68,77,/stor/work/Wilke/crisprtn7/reblast2/GCF_001646955.1_KASP37_1.0_genomic.fna
NZ_LUTW01000002.1,102295..142630,glmS,139454..141052,lcl|139454|141052|2|1,1,WP_035343592.1,3.93e-09,WP_035343592.1 glmS two-component system response regulator GlrR [Dickeya],MYQAEATAELNNEQQQEERILLVDDNPTNLQVLLQTLSGRSYKLLIANNGDSALRIASKAKPALVLLDIMMPGMDGYEVCRHLKENPETQDITVIFLSALDDTKDKVRGLEMGAVDFISKPFQAEEVIARVQTQLKIHRLEQALSARNRQLEADKARILENMNEGIFGLDANGRITFVNPAVMNMTGWSITQLKGCNLVQLMQGSGSGNIGDAEAVAADSRSLSAIEAALAKGVSRHIENGVFFRSDGTPFPVNYSFTGIMESGKPNGAVVVFRDITEKKKQQEALQKALDELESQKEQLTHVSRLSIMGEMAAGFAHEVNQPLTAISNYAQVGRRMLARLEPEDDLGLSEALEKIHVQANRAGDIIARIRSFVKKPDHILGSVDPNRLIQDTYKLAEVDARNNHMEIHLDQEDNLPNVKVDPVQIQQVALNLIRNGMESMRDMDTRSVGVYVRTERADENFVKVSVIDRGYGLADDAEEKLFTPFYTTKADGMGIGLTVCHSIIQSHGGRLSFQRNPDGGTIFEFTMPVAD,56.6,135,102,32.353,33,67,55,1,2,53.92,19,/stor/work/Wilke/crisprtn7/reblast2/GCF_001646955.1_KASP37_1.0_genomic.fna
NZ_LUTW01000002.1,171815..216200,tniQ,191815..192714,lcl|191815|192714|1|1,1,tr|A0A2V2PJB1|A0A2V2PJB1_9ACTN,7.24e-05,tr|A0A2V2PJB1|A0A2V2PJB1_9ACTN tniQ HTH lysR-type domain-containing protein OS=Streptomyces sp. ZEA17I OX=2202516 GN=DKT74_36505 PE=4 SV=1,MLNSITLEALRALDAIDQKGSFAAAANSLHKVPSALTYTIKKLEDDIGSPLFDRSQHRAQLTPSGKLVLEQGREILKATDRMMESVQQLESGWERHLRIARDTMIPCDPVFNTIQDFNKLGQPLDITLSVEALGGGWDALHSKRADIIIGATGELPKGLFKTMPMAEVSAAFVVAKDHPLAEFEGELSSKDLEPYTSIVIPDTSQLLPARSAGLFTSRNTIRVDNVEAKIKAQLMGFGVGFLPRHLIKEHLACGDLIEKQCYLPRPPIMMYIAWRADQEGKALKWFANALGATNWKAIL,42.0,97,69,40.580,28,34,38,2,7,55.07,23,/stor/work/Wilke/crisprtn7/reblast2/GCF_001646955.1_KASP37_1.0_genomic.fna
NZ_LUTW01000002.1,171815..216200,tnsA,196200..195241,lcl|196200|195241|3|-1,-1,UniRef50_A0A2D2C3Y7,2.34e-06,UniRef50_A0A2D2C3Y7 tnsA Tn7_Tnp_TnsA_N domain-containing protein n=4 Tax=Paracoccus TaxID=265 RepID=A0A2D2C3Y7_9RHOB,MTFYSRILALLLLLVMAATSLFIGVADVSLVSLLSGDQDTWSITLISRIPRLLAIVLAGAGLSVAGLIMQQVTQNRFASPSTVGTIDCALLGYIIGLVLFSDAGQWTLLGVIFAFAVGGTMLFVKFLQRLQFKNAVLVPLIGIMYGNVVSALTTFFAYRFDLTQSMSAWTTANFASVLQGSYEVLYLAIPVCVLAYFYASQFSAASIGESFAKNIGLNFEKIVFIGVALVAVSSASVVMIVGVIPFLGLIVPNIVSLFMGDNMKTILPWTAYWGMVLVLICDVIGRLVIFPYEMPISLIISIFGGGVFIYLVLRDKANA,45.8,107,100,26.000,26,73,55,1,1,55.00,31,/stor/work/Wilke/crisprtn7/reblast2/GCF_001646955.1_KASP37_1.0_genomic.fna
NZ_LUTW01000002.1,171815..216200,glmS,176134..175484,lcl|176134|175484|2|-1,-1,WP_035343592.1,7.44e-05,WP_035343592.1 glmS two-component system response regulator GlrR [Dickeya],MDKPNLEILLIDDHPLLRKGLAQLINEEEGLFVTGEAGNGQDGVQLALALEPDLVLLDLNMKGMDGLETLKILRAEGVDSRVVVLTVSEHREDVARMFRAGADGYLLKDMEPEELLVRIKESATGRLVVDDRLAEVLASILRPVQEEGNLLNVLTSKEREVLVLIAEGMANKMIARQLSISEGTVKVHVKRLLKKLGVRSRVEAAILVVKGSTEDA,40.4,93,117,30.769,36,79,56,2,2,47.86,54,/stor/work/Wilke/crisprtn7/reblast2/GCF_001646955.1_KASP37_1.0_genomic.fna
NZ_LUTW01000002.1,236618..278057,tnsA,258057..256618,lcl|258057|256618|3|-1,-1,UniRef50_A0A345DB38,3.99e-06,UniRef50_A0A345DB38 tnsA ResIII domain-containing protein n=396 RepID=A0A345DB38_9BURK,MNSRNTDAQILFASIQSVHKRAEELGHFDLLIIDECHLLNSESSETMYSRLIAGLRGINPAVKIVGFTATPYRMKQGLLTEGKNPLFDEIVYETDIQRLIDDGYLSPLRSKAGKDKIDLAGVRTRQGDYLTSDMEEAVNKNDVTEKAVAEIIQHGQERKAWLIFCVSVAHAQQVKALLIDDGIEAECITGETPKDERASILSDYKAGRIKALTSQGVLTTGFDAPLTDMIALLRATKSPGLYVQILGRGLRISPETNKTDCLVLDYGGNVERHGPIDRITVDHIKAGKGSGEAPVKECPECFELILAGLRVCPACHYQFPEREKHESEASNAALLANQIEPEWLDVDELIYNLHEKNGKPPSMQVSYRCGLETIREWVCFEHGGYARQKAVIWWVKRFDHDPVPELTNDALHRISETRDMKEPCRIEVVQDGRWQRVRAYDFTVKAGTPSEWNNNPADRPKPQGFNADHFDVFDTDIDF,47.4,111,292,25.000,73,180,127,14,39,43.49,56,/stor/work/Wilke/crisprtn7/reblast2/GCF_001646955.1_KASP37_1.0_genomic.fna
NZ_LUTW01000002.1,236618..278057,cas9,258057..256618,lcl|258057|256618|3|-1,-1,"gi|386338091|ref|YP_006034260.1|CAS-II-A,CAS-II-B,CAS-II-C|cas9|cas9",0.009,"gi|386338091|ref|YP_006034260.1|CAS-II-A,CAS-II-B,CAS-II-C|cas9|cas9 cas9",MNSRNTDAQILFASIQSVHKRAEELGHFDLLIIDECHLLNSESSETMYSRLIAGLRGINPAVKIVGFTATPYRMKQGLLTEGKNPLFDEIVYETDIQRLIDDGYLSPLRSKAGKDKIDLAGVRTRQGDYLTSDMEEAVNKNDVTEKAVAEIIQHGQERKAWLIFCVSVAHAQQVKALLIDDGIEAECITGETPKDERASILSDYKAGRIKALTSQGVLTTGFDAPLTDMIALLRATKSPGLYVQILGRGLRISPETNKTDCLVLDYGGNVERHGPIDRITVDHIKAGKGSGEAPVKECPECFELILAGLRVCPACHYQFPEREKHESEASNAALLANQIEPEWLDVDELIYNLHEKNGKPPSMQVSYRCGLETIREWVCFEHGGYARQKAVIWWVKRFDHDPVPELTNDALHRISETRDMKEPCRIEVVQDGRWQRVRAYDFTVKAGTPSEWNNNPADRPKPQGFNADHFDVFDTDIDF,37.7,86,189,24.339,46,107,77,6,36,40.74,34,/stor/work/Wilke/crisprtn7/reblast2/GCF_001646955.1_KASP37_1.0_genomic.fna
NZ_LUTW01000002.1,236618..278057,glmS,238068..237094,lcl|238068|237094|3|-1,-1,WP_000334150.1,2.55e-08,WP_000334150.1 glmS glutamine--fructose-6-phosphate transaminase (isomerizing) [Bacillus],MSSDQTFINSGRRTIEIEKDAIEAILPRIGEDFSRACRIMLECSGRVVVVGMGKSGHIGNKICATLASTGTPAFFVHPGEASHGDMGMITAKDVVLAISNSGETSEVVTLLPLFKRMGAPVISMTGKPTSTLAQAAEINLNTGVDKEACPLDLAPTSSTTAQLVMGDALAIALLEARGFTAEDFAFSHPGGALGRRLLLKVQDIMHSGDRIPAVNKGTALGEALLEMTRKGLGMTTVVDDNRQLVGIFTDGDLRRAFDQGVDPHKTLIDDVMTVQCTTITPDILAAEALKIMDDRKINALICVNENRQPVGAINMHDMLKAGVV,52.8,125,158,27.215,43,105,73,4,10,46.20,48,/stor/work/Wilke/crisprtn7/reblast2/GCF_001646955.1_KASP37_1.0_genomic.fna
NZ_LUTW01000002.1,501747..652353,tnsA,522601..521747,lcl|522601|521747|2|-1,-1,UniRef50_A0A1H4IPS7,7.30e-04,UniRef50_A0A1H4IPS7 tnsA TnsA endonuclease N terminal n=1 Tax=Rhodococcus jostii TaxID=132919 RepID=A0A1H4IPS7_9NOCA,MNTSLQPVDMLVPGRNIEAYVASVSNIAVLSADQEKTLAERLYFHDDLEAARQLVMSHLRFVVHIARSYSGYGLPLSDLIQEGNVGLMKAVKRFNPEVGVRLVSFAVHWVKAEIHEFILRNWRIVKVATTKAQRKLFFNLRSAKKRLSWLTNDEAKAVAEDLGVETRVVHEMEGRMAGQDTAFDGYQDDDSDTAYQAPAHYLEDRSADPSSILENEDWTDNSVGQLRSALAQLDERSRDILQRRWLAEDKATLHELADVYGVSAERIRQLEKNAMKKLKGSMLA,38.9,89,47,46.809,22,23,30,1,2,63.83,16,/stor/work/Wilke/crisprtn7/reblast2/GCF_001646955.1_KASP37_1.0_genomic.fna
NZ_LUTW01000002.1,501747..652353,tnsB,538438..539895,lcl|538438|539895|1|1,1,UniRef100_A0A2T0AMM3,3.05e-04,UniRef100_A0A2T0AMM3 tnsB Transposon Tn7 transposition protein TnsB n=1 Tax=Clostridium thermopalmarium DSM 5974 TaxID=1121340 RepID=A0A2T0AMM3_9CLOT,MSAVEPLTTEHRIVTQQITTSLQDVLNAQKTAFLKDPNPDHQERIARLKALESALLDNKDALLAALNEDFAGRSANESLLTEFMPSLGGIHYTRKRLKKWMKPSRRSLSLQLQPASAKVIYQPLGVVGIVVPFNYPLFLALGPLLTVLAAGNRAMIKMSEFTPKTSELFAKLIEQTFPSDLVTVICGDADVATEFSSLPFDHLIFTGSTNVGHHVMKAASQHLTPVTLELGGKSPVIVDNDFPLAEAAERICYSKSLNAGQTCVAPDYILIKNEQKAEFIEQYLKAFRSMFPTVNGNGDYTSIINPRHHQRLLNLLEDAKAQGAKVHSATDEEINDGSRRIPIHLLENTSDNMAVMQEEIFGPLLPVIGVDNLDEAISFVQQRPRPLALYYFGSDSKNQQKVLDRTHSGGACINECMLHVAVEDLPFGGIGPSGMGHYHGYEGFLTFSKAKAVLSKGRINGAKMIFPPYGGWLQSKLLAFLSGGK,41.2,95,148,27.027,40,89,67,6,19,45.27,28,/stor/work/Wilke/crisprtn7/reblast2/GCF_001646955.1_KASP37_1.0_genomic.fna
NZ_LUTW01000002.1,501747..652353,tnsA,565679..565041,lcl|565679|565041|1|-1,-1,UniRef50_A0A3M5N9X7,3.61e-04,UniRef50_A0A3M5N9X7 tnsA HTH gntR-type domain-containing protein n=380 Tax=Bacteria TaxID=2 RepID=A0A3M5N9X7_PSEAZ,MDNDLSLSDKAYEQLECMILFEELKGGAMYSEKQLAESLQMGRTPIREALQKLAWEQMVIIHPRRGIQIPEVSVESQLKLLEVRRPLEAECVRLATQRATTEQKKAMEKLADGIIECSESNNDSAFLNYLREIHQLLVKSARNEYFIKAMLPLQGLSRRFWFLNKGSDTGHPASLHAEIMRRVAADDATGAIKASNSLIDYLVQQAKSKLDR,38.1,87,132,23.485,31,82,63,4,19,47.73,55,/stor/work/Wilke/crisprtn7/reblast2/GCF_001646955.1_KASP37_1.0_genomic.fna
NZ_LUTW01000002.1,501747..652353,tniQ,603350..601461,lcl|603350|601461|1|-1,-1,tr|A0A081NLT3|A0A081NLT3_9GAMM,0.0,tr|A0A081NLT3|A0A081NLT3_9GAMM tniQ HTH_17 domain-containing protein OS=Endozoicomonas numazuensis OX=1137799 GN=GZ78_05485 PE=4 SV=1,MLLLSRPTPNKLESLRGYILRLSQANSYHTTQYVLELADLWTGRNYDTASKYVFGDSNLSKLAKITNTSKGELEALRYGLDDQKQSSIHGHLISNEHLRLDYPRVCPECLESNNIALAVWDIPALTVCPVHHMSLFDYCPECNTRLRWNRPAVHQCHKCNCDFRSYTSDKLSEKQYRLSRLIHQLCMIDKINHRMIPNVLKNHSLAEVLSLVSSIAFFDYHLLGDQSKDGKFLSLKTAPNYRLHEHYTNAMKHLDNWPHNFYQFMAESRQNRRSQGMKEGISKEVGGIFYFLRANNEKAIYRPLWEAYCNFREVAARKTLDELRLARIHAKNIPVSTAAKELKIRPEQLRKFCERLNIPLETAYKDVKLISREQVADLKDFISKLLTIRQSADIMGISVYQLRAMVRKDVITPLRGPTIDQSRDWYFEPESIEAFHQQIAKYCLYKGAKRTHDMDLKQALEQLSYYQMGLAEIVQAISAGKLRPASESKAITLNALQFSAEEIKALRPELKSNNDYWQPPEIEKYLGCKKDLVYGLLKSGHLPMEKVSLPGRTRPVVACKKSEVKAFNENFYLLRTLSRKTGVVSEKLRKLLEAKKIQPVSGPTVDGGYCHFYKKNKNIDKLLKELGAK,788,2036,629,58.665,369,260,476,0,0,75.68,100,/stor/work/Wilke/crisprtn7/reblast2/GCF_001646955.1_KASP37_1.0_genomic.fna
NZ_LUTW01000002.1,501747..652353,tniQ,608439..607870,lcl|608439|607870|3|-1,-1,tr|A0A0J8JPY2|A0A0J8JPY2_9ALTE,2.07e-13,tr|A0A0J8JPY2|A0A0J8JPY2_9ALTE tniQ Uncharacterized protein OS=Catenovulum maritimum OX=1513271 GN=XM47_01095 PE=4 SV=1,MTENSIRAELSSLPSDNIYTIFGMAVFYFQYLGKLTHLSKKFYAFLDFIRRWPRSYIALLSENADKGLRYLIKPSNESEFKSIFGSLLNNIKRLPNNLDKDDLIKKETYAFFRQRLLLDKKNENKNSVSNLLLTKDEVALLLGVSTDRVAKLTSKGKLCAKRKTLKAYVGSYPLGEVFDLLSETDSAIF,65.5,158,137,29.927,41,90,73,3,6,53.28,72,/stor/work/Wilke/crisprtn7/reblast2/GCF_001646955.1_KASP37_1.0_genomic.fna
NZ_LUTW01000002.1,501747..652353,tnsC,610121..609078,lcl|610121|609078|1|-1,-1,UniRef100_A0A143QFU6,2.66e-08,UniRef100_A0A143QFU6 tnsC Transposon Tn7 transposition protein TnsC n=2 Tax=unclassified Rhodococcus TaxID=192944 RepID=A0A143QFU6_9NOCA,MMNIEKEIYYNCFIPTSRIVDVINDMIKCKKSFDTKMEPISMMIMAGSGYGKTLLINYFSSKYPPVTEKNDKGEQDKKEVLVVTLRSNSTKKDAATEMLKALGDPNPDKGSLLQQTDRILTLLCLCGVKVIIIDEFSHIVQSNSSRVLGKTADWIKDIIKPPKDNPKECPKIPLIAVGMYSSIKILQSNPQLDTLVTKKSYLFPYGISQKDELDFYKNFLSNVGNKIKNLGLEIDLEDPEIYLRLFAASNGIPRLLMKIISCACGIGCSRGDNKIVDVSCFENGFEDVFGKQKKNPFKATSLKDIPFTESTTYTTWVESKCSHAVLEGKNNGLLDVVFKTGKSKGFI,52.4,124,254,18.898,48,182,108,5,24,42.52,73,/stor/work/Wilke/crisprtn7/reblast2/GCF_001646955.1_KASP37_1.0_genomic.fna
NZ_LUTW01000002.1,501747..652353,tnsB,612165..610126,lcl|612165|610126|3|-1,-1,UniRef100_A0A1J5PV28,1.61e-73,UniRef100_A0A1J5PV28 tnsB Transposon Tn7 transposition protein TnsB n=1 Tax=mine drainage metagenome TaxID=410659 RepID=A0A1J5PV28_9ZZZZ,MRASIEPGMEYRFRNRVYSIVSVGDSEMIVMDRYDEEEIHISKDEFNKCWIKNEIKLVSGRMANSVKNKLKTPVSTLSEEQKKVAVRKEEYIKKFLDKKDALRKSETDLDYSKIIVEIAAELKDPYPPSLRTLMRWKSDYNAANGSIRSLINGFSNSGRKSNLNKCQKELIEKAIDNVYLQPEKGTVAQTHSELGVLVEIHNRENKDNESMIIKCPSRFQVQKAIENLDYLTKLEKREGKREAARDVRTSKHNYRPERILEIGETDHTLLDYYVIDDDLLMPLGRPWMTNIMELYSRIPLGSEITYENGSFITIANALKMSILPKSNFYEMYPDIKNTTNYSGILESLRTDNGADFISNDLDDAALEIGMILHHVQVTKSWQKGAIEGFFRKQNVMLLDKIKGKTFSNILERAKYDPKKQSLIRLSDFKNILYKWLYDVYPYNEVRVEHGKKIIPHKLWEKNIKDHPQDFIEKSNLDIIFGKTGSRKARDKGIEINNLKYDGIDLTKFRASHGNNETVKVKFDPSDLGFIHFFDKFEKRFIRLNAVDSEYANKLTLYQHGIIKKYVKEDMRRSEEDIKVLMDGKIQLRDMINDLLENKPSKLASKRGAQLRQGMTNSIADAGENQRDSIPRLEENQISSVSDVSVESTACDSIISDSKGTEESKKNTSYEKWTDDDIEW,248,633,659,28.983,191,423,313,15,45,47.50,95,/stor/work/Wilke/crisprtn7/reblast2/GCF_001646955.1_KASP37_1.0_genomic.fna
NZ_LUTW01000002.1,501747..652353,tnsA,612820..612119,lcl|612820|612119|2|-1,-1,UniRef50_A0A1H5WKS4,2.53e-14,UniRef50_A0A1H5WKS4 tnsA TnsA endonuclease N terminal n=3 Tax=Gammaproteobacteria TaxID=1236 RepID=A0A1H5WKS4_9GAMM,MTPLLSQYVGSRKLTPGRHRYKYPSRKMEAHVITESPNECNFCEFLEFDSRVKGYISQPKTIIYDLYQCGHDYTADFFVDLYLSKPAFYEIKPKDYEKSEEEEDKFYEVEKVFYDMGFNFYLVTGDYIEKGNRLINFKKLRRFVGSLPERKIREFIERLVFESNEGISFGDLIAKLRNQLDVEERDAFQNIYQCIANKIIGFDIDRYKLNQSVMVGVWNESFDRAWNGVPIQE,67.4,163,205,25.854,53,146,97,3,6,47.32,88,/stor/work/Wilke/crisprtn7/reblast2/GCF_001646955.1_KASP37_1.0_genomic.fna
NZ_LUTW01000002.1,501747..652353,tnsA,621384..627899,lcl|621384|627899|3|1,1,UniRef50_A0A2D2C3Y7,5.26e-04,UniRef50_A0A2D2C3Y7 tnsA Tn7_Tnp_TnsA_N domain-containing protein n=4 Tax=Paracoccus TaxID=265 RepID=A0A2D2C3Y7_9RHOB,MTFXXXXXXXXXXXXXXXXXXXXXXXXXXXXXXXXXXXXXXXXXXXXXXXXXXXXXXXXXXXXXXXXXXXXXXXXXXXXXXXXXXXXXXXXXXXXXXXXXXXXXXXXXXXXXXXXXXXXXXXXXXXXXXXXXXXXXXXXXXXXXXXXXXXXXXXXXXXXXXXXXXXXXXXXXXXXXXXXXXXXXXXXXXXXXXXXXXXXXXXXXXXXXXXXXXXXXXXXXXXXXXXXXXXXXXXXXXXXXXXXXXXXXXXXXXXXXXXXXXXXXXXXXXXXXXXXXXXXXXXXXXXXXXXXXXXXXXXXXXXXXXXXXXXXXXXXXXXXXXXXXXXXXXXXXXXXXXXXXXXXXXXXXXXXXXXXXXXXXXXXXXXXXXXXXXXXXXXXXXXXXXXXXXXXXXXXXXXXXXXXXXXXXXXXXXXXXXXXXXXXXXXXXXXXXXXXXXXXXXXXXXXXXXXXXXXXXXXXXXXXXXXXXXXXXXXXXXXXXXXXXXXXXXXXXXXXXXXXXXXXXXXXXXXXXXXXXXXXXXXXXXXXXXXXXXXXXXXXXXXXXXXXXXXXXXXXXXXXXXXXXXXXXXXXXXXXXXXXXXXXXXXXXXXXXXXXXXXXXXXXXXXXXXXXXXXXXXXXXXXXXXXXXXXXXXXXXXXXXXXXXXXXXXXXXXXXXXXXXXXXXXXXXXXXXXXXXXXXXXXXXXXXXXXXXXXXXXXXXXXXXXXXXXXXXXXXXXXXXXXXXXXXXXXXXXXXXXXXXXXXXXXXXXXXXXXXXXXXXXXXXXXXXXXXXXXXXXXXXXXXXXXXXXXXXXXXXXXXXXXXXXXXXXXXXXXXXXXXXXXXXXXXXXXXXXXXXXXXXXXXXXXXXXXXXXXXXXXXXXXXXXXXXXXXXXXXXXXXXXXXXXXXXXXXXXXXXXXXXXXXXXXXXXXXXXXXXXXXXXXXXXXXXXXXXXXXXXXXXXXXXXXXXXXXXXXXXXXXXXXXXXXXXXXXXXXXXXXXXXXXXXXXXXXXXXXXXXXXXXXXXXXXXXXXXXXXXXXXXXXXXXXXXXXXXXXXXXXXXXXXXXXXXXXXXXXXXXXXXXXXXXXXXXXXXXXXXXXXXXXXXXXXXXXXXXXXXXXXXXXXXXXXXXXXXXXXXXXXXXXXXXXXXXXXXXXXXXXXXXXXXXXXXXXXXXXXXXXXXXXXXXXXXXXXXXXXXXXXXXXXXXXXXXXXXXXXXXXXXXXXXXXXXXXXXXXXXXXXXXXXXXXXXXXXXXXXXXXXXXXXXXXXXXXXXXXXXXXXXXXXXXXXXXXXXXXXXXXXXXXXXXXXXXXXXXXXXXXXXXXXXXXXXXXXXXXXXXXXXXXXXXXXXXXXXXXXXXXXXXXXXXXXXXXXXXXXXXXXXXXXXXXXXXXXXXXXXXXXXXXXXXXXXXXXXXXXXXXXXXXXXXXXXXXXXXXXXXXXXXXXXXXXXXXXXXXXXXXXXXXXXXXXXXXXXXXXXXXXXXXXXXXXXXXXXXXXXXXXXXXXXXXXXXXXXXXXXXXXXXXXXXXXXXXXXXXXXXXXXXXXXXXXXXXXXXXXXXXXXXXXXXXXXXXXXXXXXXXXXXXXXXXXXXXXXXXXXXXXXXXXXXXXXXXXXXXXXXXXXXXXXXXXXXXXXXXXXXXXXXXXXXXXXXXXXXXXXXXXXXXXXXXXXXXXXXXXXXXXXXXXXXXXXXXXXXXXXXAVILLKDQYAKQLFIWGAGDLAQHDWIWMEWLAPKLLIAIPILLLAPRVLQLLRIGQQAAQGRGLATGPVLALMLLITLWMVSASITAVGVISFIGLIAPNLARYLGARTARDQLWFSTLLGSLLLLTADFLARALSVFTIDLIPTGTAAALCGAPVLILMALRKLKAEDRMTTRPIHHKRMMQRHWWFLFFSCGACISAALFLNQGPFGWQWQLPSEFAFHLRMPRIIAALAAGIAMAVAGTLLQRLIYNPLASPDLLGVSAGASGALVIYSLVFGEPITSASPLVALAGSGCMLILLLTLARRQQFSPAAIILLGVSLTALVEALIQFALANGKEDVYQILGWLAGSTYRIQAFEASLLVALSSVILLLALSSHRWLTLLSISHSMAQGRGLNVQKSYWYLLGLVALACSVVTALLGPIAFIGLLAPHLARLIGAQTAVTQLLVASLIGSSLLLTADWLGRNLVYPGQIAAGTLAAALGGAYFIILLIRIRR,42.0,97,123,29.268,36,78,64,5,9,52.03,6,/stor/work/Wilke/crisprtn7/reblast2/GCF_001646955.1_KASP37_1.0_genomic.fna
NZ_LUTW01000002.1,501747..652353,tnsA,632353..631181,lcl|632353|631181|2|-1,-1,UniRef50_A0A1C6RKQ5,8.42e-06,"UniRef50_A0A1C6RKQ5 tnsA Murein DD-endopeptidase MepM and murein hydrolase activator NlpD, contain LysM domain n=2 Tax=Micromonospora inyonensis TaxID=47866 RepID=A0A1C6RKQ5_9ACTN",MKSFTRLFTTSAEKISAVLLLSLLMSFSLLAISNETNEKAVTEAELQAIESDIQQAKKLLESLNAERSSAENQVRKNDRAVNELNKDVNSLQNRLREGQSEIKKLQSRQQALMAKSEQQKQQVTQSLQSLYKSLGDSRLKLLLNQEDPEQVSRQLVYLDYFQKAQLQSIQKYEKIITELQSNEARQQTLVAQLNKEKTQLDQKKATLVKQQAQRKKLLGELAGRYQKGGSELKRLEKQRAQLDEILATIVSRQTGSGASFTARKGKLIWPVDGKVLYRFNDQNPNTRMRWQGTFIAAKTGTEVNAVHDGRVIFSDWLSSYGLLVILDHGDNFLTLYAHNDSILRQEGDTVLAGEPIAISGQSGGQPDEGVYFEVRQNGKPQNPRNWLGKQ,45.8,107,83,32.530,27,52,35,2,4,42.17,21,/stor/work/Wilke/crisprtn7/reblast2/GCF_001646955.1_KASP37_1.0_genomic.fna
NZ_LUTW01000002.1,501747..652353,cas1,524448..523780,lcl|524448|523780|3|-1,-1,AIM031395_asm35512_04298,0.006,AIM031395_asm35512_04298 cas1 CRISPR-associated endonuclease Cas1,MIRFDGVSKRYPGGHAGLENVSFHLKRGEIAFLTGHSGAGKSTLMKLVMLLERSSAGQVWVGGHNLRTLKNSRIPYLRRNIGVVFQDHQLLFDRTVFDNVALPLLIAGYSPEDCAGRVRASLDMVGLLNKEKLYPVALSGGEQQRVGLARAVVNRPSLILADEPTGNLDPQLSTEIMKLFESFNQVGVTVLIASHDLALVARMRHRILTLEQGCLVSDQEVQ,35.8,81,85,30.588,26,57,36,1,2,42.35,38,/stor/work/Wilke/crisprtn7/reblast2/GCF_001646955.1_KASP37_1.0_genomic.fna
NZ_LUTW01000002.1,501747..652353,cas6,604385..603747,lcl|604385|603747|1|-1,-1,gi|525847193|ref|YP_008267629.1|CAS-I-F|cas6f|cas6,3.48e-16,gi|525847193|ref|YP_008267629.1|CAS-I-F|cas6f|cas6 cas6,MRNFMNYLSFKIIPDDADPRFLLGYILQEAHPIIARYGNNKIGTLFPEWNVDEPGRSIAFCGALDVLNRIMKHEYFRVMIDAGVLKYKLLDIDPINHQKVIFLKNQKITSNTPKRQQGKIKRIIKRQIERGEIQSAREYRPRTDQQQTDMPDVFYHLFFLDSKSTEQIMPLCIQMIPVAESEGIVGTQTFDHYGFSTLEQHRAVVPLISPIF,72.4,176,203,27.586,56,137,82,4,10,40.39,95,/stor/work/Wilke/crisprtn7/reblast2/GCF_001646955.1_KASP37_1.0_genomic.fna
NZ_LUTW01000002.1,501747..652353,cas7,605491..604382,lcl|605491|604382|2|-1,-1,"gi|212633878|ref|YP_002310403.1|CAS-I-F|cas7f|G7,CASCADE",2.30e-31,"gi|212633878|ref|YP_002310403.1|CAS-I-F|cas7f|G7,CASCADE cas7",MILPTILTYEKSLAPSVALMFAKTYDNKKVPIEVYDAKGRGAQTTFTACHGTKDTDLGEWLPVRQDICHLPHDASELIIEFPLKYSPNSMKPGSCNVADWTTLLKEMALLYGEKGGYLYQAYCQMDALFQAVPFWRNKDAESMTLRVMNISDSILPPYVFTNLPCSIDELIGSDKQQLDSLIKNIESALTGKRNFLRLRVIAELKKDILEEVHPSQQFIEKLPEAKKEYLHRQGRYQKSRQYVSYNLGNFRQAMLRPTKIGAGLRPDRWNDVAKEVPVSVYGLDPESHAAIRGRGTKNDFYTLISNIKKHIETLRAFDGDMFNDESILTLGNIHFIMANLIKGGVYNRESSKTKNKGEPDECPIDLSNP,120,302,361,27.701,100,228,161,10,33,44.60,94,/stor/work/Wilke/crisprtn7/reblast2/GCF_001646955.1_KASP37_1.0_genomic.fna
NZ_LUTW01000002.1,501747..652353,cas5,607237..605516,lcl|607237|605516|2|-1,-1,"gi|217975325|ref|YP_002360076.1|CAS-I-F|cas5f|G5,CASCADE",1.83e-21,"gi|217975325|ref|YP_002360076.1|CAS-I-F|cas5f|G5,CASCADE cas5",MLTGLGLTSKHRELIKTSCLAHQDSAFPNSVPPYQVQVLIPYTDVNKNTEYISVSPISASKVQAAIHTFCHSENAHTVGRSFHYPTRPENIGALAISTGGSIGVLAPDIILESEIVPTSSDILKELRVNVNKDLFDTSNLDFSYFLKLRKKADFAIGRYIPTPKSSQKAAFLDIIKNNVEKMFSKLDKLRLAVQLGVLHEDKVDGLNLVQRSYVIEQKLSEAIMNQVWTQANNSIQKFISGTHYKQIAYHPTLTRYISESVRRHLQPVFRGNIESSKPEIVTDGHEGEKEDTNEPIKTAANAIVFIVIPRLTVIDAHADSSAYTTGLPGITALVGYVDKLCRNIQIQTKVEIDNIEVAWLLRDFQRIEGMKKHEPARWDSKKKTTLSDVVSRKFCNLSFDLILKCSADYEQLNCLKEELPDCLPAKFASGMVSTAEEISTKNYMSESFLIFQSEQDLLNELQSEDSLRWAVLDYSEKFVRKSDSILEDLADAFLEYKEQNPRWNQLTVSNVGFKLLEEPVTRPNSRLTHHAYAEPVIGVQELWLIKNLSPEVFGTLPIFWAYRSAGKRILCQA,97.4,241,520,21.346,111,356,221,13,53,42.50,90,/stor/work/Wilke/crisprtn7/reblast2/GCF_001646955.1_KASP37_1.0_genomic.fna
NZ_LUTW01000002.1,501747..652353,cas5,607797..607330,lcl|607797|607330|3|-1,-1,"gi|525847191|ref|YP_008267627.1|CAS-I-F|cas5f|G5,CASCADE",3.02e-06,"gi|525847191|ref|YP_008267627.1|CAS-I-F|cas5f|G5,CASCADE cas5",MLSVPSDITGKVNSFFAQIINQSNKSKSSLSGTPLQTARSLLKSKLFIIDACQSLKGFLTHNPKIYDAKVRGRVFSLSVNSGTDSSYIYGDSVSYHHQYDWAGNAGYISKRYFLCTEFIYKGDNTTLYHEFLKESSELVEMLTGVIKSVQQSVIL,44.7,104,122,22.951,28,92,57,1,2,46.72,79,/stor/work/Wilke/crisprtn7/reblast2/GCF_001646955.1_KASP37_1.0_genomic.fna
NZ_LUTW01000002.1,501747..652353,cas8c,616228..617151,lcl|616228|617151|1|1,1,"gi|357405514|ref|YP_004917438.1|CAS-I-C|cas8c|LS,CASCADE",5.33e-04,"gi|357405514|ref|YP_004917438.1|CAS-I-C|cas8c|LS,CASCADE cas8c",MTEYVAAQRINRGLSRINDILLYIETHLDEPLTVESLAEKSCWSRWQFQRVFQREIGMGVAQYIRSLRLSRAGQLLLTTKRRQMDIALACGFESEISLSSSFRKAYDCSPGQYRKAGIFRNLHQPIVSLSDKTVQETSLPPSLFQVRIETLPARRLQGIKGHFDGIFSKHPNHMEAIPAIWATLMKSVSVADFFASEHIGVIDFSERWTTDNIPYWACLSREDHIIHPTLDSIELPEHTYAVLPCSNNLASFDKILTWFLCSWLPESNYQGVEHYELEHYGQGLRQNDTNLQLEYWMPVVYSDAPND,40.4,93,76,38.158,29,38,42,4,9,55.26,23,/stor/work/Wilke/crisprtn7/reblast2/GCF_001646955.1_KASP37_1.0_genomic.fna
NZ_LUTW01000002.1,501747..652353,csx1,639115..640116,lcl|639115|640116|1|1,1,gi|218961159|ref|YP_001740934.1|CAS-III|csx1|CARF,1.06e-28,gi|218961159|ref|YP_001740934.1|CAS-III|csx1|CARF csx1,MITPSMPLTDIHRHLDGNIRPETILELGRKYNLELPANNLEALIPHVRVISQEPDLVSFLSKLDWGVKVLADYDACRQIAYENVEDAMNARIDYAELRFSPGYMAMTHNLDPKGVVEAVIDGVKAGSEKFGVKVNLIGILSRTFGQAACQKELDACLAFRDKLVAIDLAGDELGKPGELFVDHFRQVHDAGLNITVHAGEAAGPESMWQAIKELGATRIGHGVKAIYDPALMDYLAEHKIGIESCLTSNIQTNTFANIESHPLKQFLDHGVLATINTDDPAVEGIELPYEYEVAAPAAGLTQADIRQAQENGLTIAFLSEQEKAALISSANNR,115,288,285,30.175,86,175,132,6,24,46.32,80,/stor/work/Wilke/crisprtn7/reblast2/GCF_001646955.1_KASP37_1.0_genomic.fna
NZ_LUTW01000002.1,501747..652353,parE,614850..612958,lcl|614850|612958|3|-1,-1,PRD20609.1,0.0,PRD20609.1 parE parE [Trichonephila clavipes],MVKNDYNAEAIEVLSGLDPVRKRPGMYTDTTRPNHLAQEIIDNSVDEALAGFASQVKVTLHKDQSLEVVDDGRGMPTDIHPEHGISGIELILTRLHAGGKFSNKNYQFSGGLHGVGVSVVNALSTRLEVTVRRGGVISAMSFKDGYKDEELRETGTCGRRNTGTTVRFWPDASYFDSPRFSVPRLMHILRAKAVLCPGLKVEFDDQISGDVTEWYYEDGLNDYLKSSTHGYSVLPSEPFTGTLKGESEAVDWAVQWLPEGGELLTESYVNLIPTPMGGTHVNGLRTGLLEAIREFCEFRNLLPRGVKLGPDDLWENCAYVLSAKLADPQFSGQTKERLSSRECAGFVSGVAKDAFSLWLNQHTAQGELLAELCINNAQKRMRKAKKVARKKVTQGPALPGKLADCSSQDLARTELFLVEGDSAGGSAKQARDREHQAIMPLRGKILNSWEVDSSEVLASQEIHDISVALGVDPASDDLNGLRYGKICILADADSDGLHIATLLCALFVQHFRPLVEKGHIYVAMPPLYRIDIAKEVFYALDEAEKEGILERLRAEKKRGKVNVQRFKGLGEMNPLQLRETTMSADTRRLVQLTLDDEVETTQRMDMLLAKKRSGDRKTWLEARGNLVEII,998,2581,629,73.768,464,165,535,0,0,85.06,99,/stor/work/Wilke/crisprtn7/reblast2/GCF_001646955.1_KASP37_1.0_genomic.fna
NZ_LUTW01000002.1,501747..652353,parE,615533..614931,lcl|615533|614931|1|-1,-1,PRD20609.1,2.44e-12,PRD20609.1 parE parE [Trichonephila clavipes],MKPLLVYLHGLNSSSQSLKAIQTTEYVKKSALDLELWIPDLPIFPSDIVQCLQNCVSPSINQRDIYIIGSSLGGFLGTWLQSWLIEQGHEQKLRLVLVNPAVVPHERFDDYLGPQKNFHTGEEWVMTEGYVEQLVQLEVNKLPAPHDMLLLAQTGDETLDYRQAVHKYQLCRAIVQEGGSHGFDDFEKMLPEIFEFLTSV,62.8,151,111,34.234,38,66,57,1,7,51.35,56,/stor/work/Wilke/crisprtn7/reblast2/GCF_001646955.1_KASP37_1.0_genomic.fna
NZ_LUTW01000002.1,501747..652353,CRISPR array,603461..603610,,,,,"Copies: 3, Repeat: 29, Spacer: 31",ATTTTCAGCTGCGTATGCGGCAGTGAGGT,,,,,,,,,,,,/stor/work/Wilke/crisprtn7/reblast2/GCF_001646955.1_KASP37_1.0_genomic.fna
NZ_LUTW01000002.1,1024535..1065563,tniQ,1045563..1044535,lcl|1045563|1044535|3|-1,-1,tr|A0A2W1D0I8|A0A2W1D0I8_9PLEO,4.40e-14,tr|A0A2W1D0I8|A0A2W1D0I8_9PLEO tniQ Pectate lyase OS=Pyrenophora tritici-repentis OX=45151 GN=A1F97_07859 PE=3 SV=1,MSQAQNRRFVLASRPQGAPTPENFRLETAEIPQPGAGEVLLKTIYLSLDPYMRGRMSDAESYADPVAIDEVMVGGTVSKVVESNLEGFAAGDWVLSFTGWQDYGISDGEGLLNLGQSPTMPSYALGIMGMPGFTAYMGLLDIGAPKAGETVVVAAATGPVGATVGQIAKLKGCKVIGIAGGDEKCSYAKEVLGFDACIDHKADDFAAQLNAACDNGIDVYFENVGGKVFDAVMPLLNTSARVPVCGLISQYNATSLPEGPDRMSMLMGMLLVKRIKMQGFIIFDDYADRYPEFAQDMTTWLTEGKIKYKEHLIEGFENTPEAFIGLLEGKNFGKLVIKVNDD,70.1,170,224,25.446,57,145,110,8,22,49.11,63,/stor/work/Wilke/crisprtn7/reblast2/GCF_001646955.1_KASP37_1.0_genomic.fna
NZ_LUTW01000011.1,31284..72021,tnsB,52021..51284,lcl|52021|51284|1|-1,-1,UniRef100_A0A1B2F0V3,2.13e-06,UniRef100_A0A1B2F0V3 tnsB Transposon Tn7 transposition protein TnsB n=1 Tax=Pseudomonas putida TaxID=303 RepID=A0A1B2F0V3_PSEPU,MHKHGQQQHRGRAAKPAQRRPTSYCATGPNQVWSWDITFLRSPVRGQFFYLYLVIDIYSRMIVTWEVHENESAEHASKMITKACLRHGISALERPLVLHSDNGSAMKGGTMLSTLQSLGVVSSFSRPRVSDDNPYAEAIFRTLKYRPGYPSKPFTDLKAARTWVLGFTQWYNEDHRHSGIKFLTPGQRHRGETKTLMDNRKVVYALAKKRHPERWGSRATRNWDLPDEVWLNPDKCINGQLSKAA,46.2,108,100,31.000,31,59,45,2,10,45.00,38,/stor/work/Wilke/crisprtn7/reblast2/GCF_001646955.1_KASP37_1.0_genomic.fna
NZ_LUTW01000011.1,31284..72021,DinG,70856..68775,lcl|70856|68775|3|-1,-1,gi|392401159|ref|YP_006437759.1|CAS-IV|DinG|DinG,5.15e-60,gi|392401159|ref|YP_006437759.1|CAS-IV|DinG|DinG DinG,MIAEIARALGDIKTDSEGNRISDPSVTVIEAGTGTGKTVGYVLPSVVMAQAAKKRLVIATATVTLQEQVINKDLPDIILKTGLKFSYTLAKGRGRYACLSKLDRLLQEEEATASLMDMFAYDGFTLESDQSSLALYQNMLEAFAASKWEGDRDSWPDALEDQQWRTITTDHAQCSGRRCGFFKNCPFYKARADLEHADVVVANHDLVLADLALGGGAILPEPKDAIYVFDEGHHLPDKAIGHFTCQTRVKGTATWLERAGRNLQKMLSQQALPGDLGELLERLQPEFDSLVNALGHTREMLHSIAHFEPRTQFTPQGESQVAHYRFPEGVIPEELRQQAERLKAGFSKCSGMLEKVASALNDAMDGDVPGIDRWQAEQLYPEIGGMLSRMEGHFQLWLTYTMKDPEGEPPSARWLKWSENSFGEELEVFSSPILSSRTLWQTLWNPAYAVIATSATLAALGSFSRFRMRSGVPAESKCVIVPSPFLHQEAASLVVPAMLSNPKNAEEHTAELVELLPDLLNETDHPRGLLVLFSSRRQMKDVHFGMDAALQDNILLQDDYSRQELLKKHRQNIDDGKVSILFGLASLAEGIDLPGHYCEHVIIAKIPFSVPDDPVESALSEWLEAQGRNPFMEITVPDAAIRLIQACGRLLRTEQDRGRITLMDRRLVTARYGQMILNSLPPFKRVIESGSIV,212,540,680,28.235,192,375,301,18,113,44.26,95,/stor/work/Wilke/crisprtn7/reblast2/GCF_001646955.1_KASP37_1.0_genomic.fna
NZ_LUTW01000011.1,31284..72021,xre,55308..56387,lcl|55308|56387|3|1,1,tr|A0A2M8T4Q9|A0A2M8T4Q9_9BACI,3.88e-04,tr|A0A2M8T4Q9|A0A2M8T4Q9_9BACI xre XRE family transcriptional regulator OS=Bacillus sp. SN1 OX=2055158 GN=CVV77_06135 PE=4 SV=1,MLNHKSKIFILYTDISLRQMYANFKKYQVSTVFIAVMVVSHPVHANLERRMAIEIDNHAVHFAIADVNTDTEKIYRHLDNGSKKYSFSNSIIPSEGGELSTQSITELQQIFQQLRRRKDHFKVKKVRAVAQNDLGLTSNEEALKKRVARKSNINIKILTDEERDQVDFFSLMSLAERSQKLSALVIGSSSIDIVIASPDIQLASFRIQTGSFSFISYLIEVVQKKPPKHNNTLTPISTHDIQLGINYSRYLLRRIPDAIRDQLDGQTVYLLLNKPMTENPEFINEYQDEKTVQKSTLQSYLNSEAVYSTGKNQKGQHPDQKLANAIIMLGFMEEFDIQSFHLAKRNSTIDMLEYPVFWH,29.6,65,77,32.468,25,42,37,3,10,48.05,19,/stor/work/Wilke/crisprtn7/reblast2/GCF_001646955.1_KASP37_1.0_genomic.fna
NZ_LUTW01000011.1,167126..199174,tnsA,188190..187126,lcl|188190|187126|2|-1,-1,UniRef50_A0A3N1KIY1,1.96e-07,UniRef50_A0A3N1KIY1 tnsA TnsA endonuclease-like protein n=17 Tax=Streptomyces TaxID=1883 RepID=A0A3N1KIY1_9ACTN,MASKRDDAELSSYADDVIQGQDGFDSEGDDSSSEQALVEAVEESSEIEEVQASPEKPRVAPVSATTSTRRKEDDGFYKSIDATQLYLNEIGFSPLLTPEEEVHFARLARKGVEAGRRRMIESNLRLVVKISRRYVNRGLTLLDLIEEGNLGLIRAVEKFDPERGFRFSTYATWWIRQTIERAIMNQTRTIRLPIHVVKELNVYLRAARELTQKLDHDPSPEEIAELLDKPVADVKRMLGLNERVTSVDTPLGPDSDKSILDTISDEKGADPAVLLQDLDLNDSLDRWLGELSEKQREVVARRFGLRGYETSTLEEVGREIGLTRERVRQIQVEALKRLRSILEKQGLSGESLFN,50.4,119,77,38.961,30,41,48,2,6,62.34,21,/stor/work/Wilke/crisprtn7/reblast2/GCF_001646955.1_KASP37_1.0_genomic.fna
NZ_LUTW01000011.1,167126..199174,tnsA,189068..188295,lcl|189068|188295|3|-1,-1,UniRef50_A0A1C6RKQ5,2.13e-08,"UniRef50_A0A1C6RKQ5 tnsA Murein DD-endopeptidase MepM and murein hydrolase activator NlpD, contain LysM domain n=2 Tax=Micromonospora inyonensis TaxID=47866 RepID=A0A1C6RKQ5_9ACTN",MSDCSRKILFLLFTGAVTLFVAGCSHDPSRVVVKELRSPPKVTSGSHRVVTGETLYSIAWSYGRDFKELARNNGIRSPYTIYPGQRINLSARKYYPLVTAKSTPPKKKPIRPSVVKPVNKPTPVSPPKQTPTAAFNGWQWPAKGKVVAAYSTRSPVNKGIDISGKLGEPVKAAANGEVVYAGSDLSGYGRLIILKHNSSYLSAYAHNKDLFVREGDSVKAGQKIAEIGSTGTTEPKLHFEIRRDGKPVDPMGFLPKR,52.4,124,217,25.346,55,126,88,9,36,40.55,74,/stor/work/Wilke/crisprtn7/reblast2/GCF_001646955.1_KASP37_1.0_genomic.fna
NZ_LUTW01000012.1,28034..68996,tniQ,48034..48996,lcl|48034|48996|1|1,1,tr|A0A1B1MDJ1|A0A1B1MDJ1_STRLN,2.86e-04,tr|A0A1B1MDJ1|A0A1B1MDJ1_STRLN tniQ HTH lysR-type domain-containing protein OS=Streptomyces lincolnensis OX=1915 GN=SLCG_4177 PE=4 SV=1,MSYPFGFDLRSLEVFVEVVKSGTMTAAAQRLDISQSAISQTLANIEETLEAQLIDRAVRPIQLTPDGRFFYDRSIRILDHARQLSRSVKTGQVQHIDRARIAMVDSLVTAIGKPLTELLKKQTAEWFISTGLSHIHAQSLLSHDVDIIISDDQVFDGNELKRYPILREPLIMVCPAGFQGGDDLIMSLASQLDFARYPVHSLIGKSINHKLTRLQLELPRKLQLDNTAAIVNMVSTGLCWAITTPLCLYQCRQWINGLVDVHPLPAPDDFRELTLVSRSYDLWTIPEEMAVNSRAILKDKIVPELIQWMPWLDAKISIQK,40.4,93,61,36.066,22,36,38,1,3,62.30,18,/stor/work/Wilke/crisprtn7/reblast2/GCF_001646955.1_KASP37_1.0_genomic.fna
NZ_LUTW01000012.1,28034..68996,cas3,58764..59399,lcl|58764|59399|3|1,1,gi|37525725|ref|NP_929069.1|CAS-I-F|cas3f|cas3,0.008,gi|37525725|ref|NP_929069.1|CAS-I-F|cas3f|cas3 cas3,MPRMAFKHLSSEERHYIEIELKNGTFQNKIAQKLGRDQSSLSRELGRNKGLRGYKHQQAHRMAQQRHQEKTKAVKLTDDIKRRIANDIRADWSPEQVAGRLKKEGVIELHHETIYQYIADDKRKGGTLYKHLRHQKKTYRKRYGSAHNRTGIPNRVGIEERPAVVNNRERVGDWEADTIIGKNHKGAIANGTDLSPQLLYSLSLRAFFLEC,35.8,81,118,31.356,37,75,54,4,6,45.76,55,/stor/work/Wilke/crisprtn7/reblast2/GCF_001646955.1_KASP37_1.0_genomic.fna
NZ_LUTW01000012.1,111707..154886,tniQ,134886..131707,lcl|134886|131707|2|-1,-1,tr|A0A5S4FIA1|A0A5S4FIA1_9ACTN,9.46e-18,tr|A0A5S4FIA1|A0A5S4FIA1_9ACTN tniQ PLDc_2 domain-containing protein OS=Nonomuraea turkmeniaca OX=103838 GN=ETD86_18860 PE=4 SV=1,MPIFEELQSESKTYPENHRTFKVPANAYMAALTQYISSRLTKKLSNLSQDDQFEDSIQLAQLIAELIEPDSETLSLPLRRVLFSTDSTLQLPLCDHFSLGASSLITNDKTAKTNFFKNLKFELQTSDNFTFMVSFIRSSGLQLLLNPLESFQQREKRGRILTSVYMNITQPAALRKLLEQSHIETRVYTNTKESFHTKAYLFERQTHNNSCALIGSSNLSQAALINGEEWNVKIPRSNTSDVYDRAMTRFETLWDSAESVPLTESFIEQYEAYLEGRPVEETKTKKTFDFLKQNTSSQSEKNALKLYPNQMQQEALVNLASTRSIGETRAVAIAATGTGKTFLAAFDAHQCKAKQVLFLAHRDELLEGAIETFAKVFGSRDICGKYTGTSKETDKRFIFSTVQTLSREKNLQLFAPDAFDYMVVDEFHHAQAETYQKVINYFTPAFLLGMTATPERMDGRDVLKLCHYNIVCDIRLKEALAMELLAPFHYFGVADETVDYDQIERQASGQFVEAKLVNRLNTAERVDYIIEQMNKYSFHCQRRCTLGFCVNRAHAEFMNQSFNARGIASTVLTGLTDTRVRQQEINNLQDSGHPLEVIFTVDIFNEGVDIPQVNFLLFLRPTESSTIFIQQLGRGLRKANGKEYVTVLDFIGNYQNSYMVPLALSGESGRRDFDKDTLKRAVTNEFADLPAGCYVELDEVAKEKIISKLDSIRLDKTEYLKQLYLQFKKDLGSSPELMDFYTAENAPNPNFFLSKFGSLYSTKTKCNDHEGNHPELNANRHLREVSERLEAMCPLKWPYEFIGLHLVLVDNLNDITTHDIVQGLSHYFSQDVQVNQHHSLITSAMTSLASPHNKISWTFGSLSDNTFSIAPEFQSLMNSSEFARSYISERINYGLKLFRRHFKPDAFLGDGERFIRYQNYTRNDIQFLSGDTAKKGTWREGVKRVGKHYFLFINLNKDEEVDAHLHYKDYFMDPRTFHWQSQNQTSHSSSVGQHFIHHNRDGYQIHLFVRKQVKQYSLTLPFMYLGQVGYVSSKGDKPMSILWKLHSTVPLDIYEDLTE,86.7,213,220,29.545,65,143,110,7,12,50.00,20,/stor/work/Wilke/crisprtn7/reblast2/GCF_001646955.1_KASP37_1.0_genomic.fna
NZ_LUTW01000012.1,111707..154886,glmS,118606..117440,lcl|118606|117440|1|-1,-1,KKW72534.1,1.11e-11,"KKW72534.1 glmS glutamine-fructose-6-phosphate transaminase (isomerizing), glmS, partial [Lactococcus lactis subsp. cremoris DPC6860]",MQVAQGFLMSKRDYYEVLGVDKSTSEKDIKKAYRRMAMKFHPDRNPGDAEAESKFKEINEAYEVLTDSQKKAAYDQYGHAGVDPNMGGGGFGGAGAGGFGDIFGDVFGDIFGAGGGGRGRSSVQRGSDLRYQMELSLEEAVRGVSKKIRIPTLVGCTACDGSGAKKGTQPVGCTTCGGIGQVRMQQGFFSVQQTCPDCRGTGKMIKDPCRECHGEGRVQEYKTLSVKIPAGVDTGDRIRLAGEGEAGVNGGPAGDLYVQVSVADHAIFQRDGKHLYCEVPITFVDAALGGELEVPTLDGRVKLKIPEETQTGKLFRLRGKGVLPVRGGSAGDLMCRVVVETPIKLTGRQKELFKELEETFKKEGHAKQSPKKQSFFDGVKKFFDDMTA,63.9,154,73,41.096,30,43,42,0,0,57.53,19,/stor/work/Wilke/crisprtn7/reblast2/GCF_001646955.1_KASP37_1.0_genomic.fna
NZ_LUTW01000012.1,111707..154886,yciA,120940..121509,lcl|120940|121509|1|1,1,WP_010948520.1,1.51e-04,WP_010948520.1 yciA acyl-CoA thioesterase [Legionella pneumophila],MGSLCFGNHHHGRANYTTVQGVAFLKHVHHGIRFHVRIRHHGNRLMEVRVKRFAFRVNLQNLKLTQGIQQLFVSQAHTFQHGFVLAFGLFSVLDTFFKALNHRNHFIYELINAKLVGFFHVLLGATFGVHRFSGRTQSLIFGKSQLLFQLFDTACIYRCFVSGHQFWLFVKEWVFLCNVFCRRFSFRCF,37.7,86,61,32.787,20,38,34,2,3,55.74,31,/stor/work/Wilke/crisprtn7/reblast2/GCF_001646955.1_KASP37_1.0_genomic.fna
NZ_LUTW01000013.1,89501..130901,tnsA,109501..110901,lcl|109501|110901|1|1,1,UniRef50_A0A1C6RKQ5,2.14e-10,"UniRef50_A0A1C6RKQ5 tnsA Murein DD-endopeptidase MepM and murein hydrolase activator NlpD, contain LysM domain n=2 Tax=Micromonospora inyonensis TaxID=47866 RepID=A0A1C6RKQ5_9ACTN",MNKAILRGATRTNERLKQFPKRHLLLASSVAIGVMGMMALLPSSDVEAKRSEIPMTIDGVEPSADTRPLTLGNPFLSNKEDSKAQEEAKALAKTAYDPEKQLGQWHNVTIKSGDNVAALFSKQSLSPTVVYQVANTPKYGDLLARIRPGQSLEFRINDQGILTQLRYVQSKLDSIFFTKGDEGYQAELVSLSPEVRPTYASGTIESSLFIACQKAGLSDNLTMELAGIFGWDIDFVLDIRSGDSFNLIYEEKYLDGDKLGDGNILVASFTNQGTTYTAIRYTDSNGDSGYYTPDGNSMRKAFLRTPVDFTRISSRFNPNRLHPVFKTKRPHRGVDYAAPTNTPIKAAGDGRVKFSGRQNGYGNVVYLEHPNNIVTIYAHANKLAGLRKGQKVRQGQTVAYVGQTGWATGPHLHYEFRVNGVHRNPMTVKLPDAAPIDSKEMASFKKVSERMVARLEKQTETLVATQ,60.8,146,111,33.333,37,53,55,2,21,49.55,19,/stor/work/Wilke/crisprtn7/reblast2/GCF_001646955.1_KASP37_1.0_genomic.fna
NZ_LUTW01000014.1,57677..89096,tniQ,78711..77677,lcl|78711|77677|3|-1,-1,tr|A0A3A3DGX9|A0A3A3DGX9_9RHOB,1.77e-08,tr|A0A3A3DGX9|A0A3A3DGX9_9RHOB tniQ Uncharacterized protein OS=Paracoccus sp. JM45 OX=2283626 GN=DWB67_05530 PE=4 SV=1,MNQNNHPAIKHKLGLLELADQLKNVSRACKVMGVSRDTFYRVQNAYEEGGIDALLAKSKKIPNPKNRVEPHVEEAVCKLAIDNPALGQTRVSNELRKLGIFVSGGGVRSIWQRHNLETFKKRLKALEEHAAANDAIYTESQLAALEKKKETDIACGEIETVHPGYLGSQDTFFVGTLKGVGRVYQQTFVDTYSKIAHCKLYTTKTPITAADLLNDRVLPYFEEHDIPMLRILTDRGTEYCGKVEQHDYELYLAACDIEHTKTKARHPQTNGICERFHKTILNEFYQVTFRKKVYTDLTELQKDLDAWVEYYNTERTHQGKMCCGRTPLQTLESGKVICKEKQIV,53.9,128,52,51.923,27,25,34,0,0,65.38,15,/stor/work/Wilke/crisprtn7/reblast2/GCF_001646955.1_KASP37_1.0_genomic.fna
NZ_LUTW01000003.1,46895..120610,tniQ,66895..67206,lcl|66895|67206|1|1,1,tr|A0A5C8WWJ1|A0A5C8WWJ1_9RHIZ,0.001,tr|A0A5C8WWJ1|A0A5C8WWJ1_9RHIZ tniQ TniQ family protein OS=Methylobacterium sp. WL8 OX=2603899 GN=FV234_07180 PE=4 SV=1,MSQEIINLLEAIEDELRNQNVWAQMPPSIEALSSTTPFCMDTMHFSQWLQWIFIPRIRAILDAGGSLPTGSDMKPYAEEALPMERLSSQELLNLIEKFDQLMN,35.0,79,43,39.535,17,24,25,1,2,58.14,42,/stor/work/Wilke/crisprtn7/reblast2/GCF_001646955.1_KASP37_1.0_genomic.fna
NZ_LUTW01000003.1,46895..120610,tniQ,100610..99660,lcl|100610|99660|3|-1,-1,tr|A0A2G7F0Q1|A0A2G7F0Q1_9ACTN,8.23e-05,tr|A0A2G7F0Q1|A0A2G7F0Q1_9ACTN tniQ Regulatory helix-turn-helix LysR family protein OS=Streptomyces sp. 70 OX=1827606 GN=CLW09_04841 PE=4 SV=1,MIPTETLQIVRTVAHFRNFTAAAKHLHKVPSAISYTVRKLEDRLGVQLFLRDSKRVELTPAGEHFIENTDKLLAALEDLENTTRQLATGWEQELRIAMDNVVNQGKIYDLVQDFQAVRPETELVINSEVYNGSWDSLFHGRCQLAIGAPQTIPDAILNQDRFGWRSMGKMSWDFVVSPDHPLAKHKEPMSMEDLQSHRSICIQDTSRFFRQGYNLLLENQQVLLVPSFRAAIECLLRGLGATILPSHFAKPYIQEGMLVKKDVPDLQFNDGCLLAWNQENMGQGLKWILEWLGSEEWLNKIWLQYDDQKPMGYHVP,42.0,97,66,34.848,23,42,37,1,1,56.06,21,/stor/work/Wilke/crisprtn7/reblast2/GCF_001646955.1_KASP37_1.0_genomic.fna
NZ_LUTW01000003.1,46895..120610,rsmJ,59423..58458,lcl|59423|58458|3|-1,-1,WP_013099197.1,1.94e-68,WP_013099197.1 rsmJ 23S rRNA (adenine(2030)-N(6))-methyltransferase RlmJ [Enterobacter cloacae],MSGQPALNVTDMDRSPYAPWATNLLDFTDPSSPFHRLTLPSHQSFIDMLSYQHHYHAGNHADVLKHWTLLACVRHMQKKDKPFDYIDTHAGAGFYRLDSAMAKKTNEADEGVLKINWKKQPGLKDYHGQIAADIKARSYPGSPLLVKRLLRPGDKAWLFEMHPKTLRELKNHCEHRRLCHVRQEDGFQGLLSLLPVASRRALVLIDPSYEIKSDYQTVVTVMKKAWQKMPQATMLLWYPVVDAGQIQQMEKAFAKSSMRNVHLMEMGIEDSEQPGMTASGMIVVNPPWTLADEFNATMPAVSEMLSKDKKSRYRYQVLVAE,213,542,265,43.019,114,143,163,4,8,61.51,80,/stor/work/Wilke/crisprtn7/reblast2/GCF_001646955.1_KASP37_1.0_genomic.fna
NZ_LUTW01000003.1,46895..120610,glmS,114652..116484,lcl|114652|116484|1|1,1,WP_004950497.1,0.0,WP_004950497.1 glmS glutamine--fructose-6-phosphate transaminase (isomerizing) [Serratia plymuthica],MCGIVGAVAQRDVAEILLEGLRRLEYRGYDSAGLAVVDNSDELHRVRRIGKVAELTDAVSQSPVHGGTGIAHTRWATHGEPSERNAHPHVSGDRFVVVHNGIIENHETLRALLQNEGFEFTSGTDTEVIVHLVNHEQQKGGTLLEAVQRTVTQLEGAYGMVVMDRTDSDRLIVARSGSPLVIGLGLGENFIASDQLALFPVTRRFMYLEEGDVAEVTRTDVTILDSNGHPVEREARDSEIEHDAGDKGQYRHYMLKEIHEQPEALTNTLEGRLGEHQVNLSVLGKEGQELLNRTRAVQIVACGTSYNSAMVARYWFEELAGIPCRVEIASEFRYRKFFVPEDCLFITLSQSGETADTLAALKLAKELGYMATLAICNVPGSSMVRESDMALMTHAGAEIGVASTKAFTTQLANLLLLVTAVGRHTGMTAEQEASVVSALKALPQILKSTLSMSDDIEKMAEAFADKHHSLFLGRGSQYPIAMEGALKLKEISYIHAEAYAAGELKHGPLALIDNDMPVIVVAPNNDLLEKLKSNMEEVRARGGQLFVFADRNASLKNGEGVQVLPVEASPEIIAPIVYTVPLQLLSYYVAVIKGTDVDQPRNLAKSVTVE,888,2294,610,71.639,437,172,501,1,1,82.13,100,/stor/work/Wilke/crisprtn7/reblast2/GCF_001646955.1_KASP37_1.0_genomic.fna
NZ_LUTW01000003.1,264822..333565,tniQ,285763..284822,lcl|285763|284822|1|-1,-1,tr|A0A327UUJ5|A0A327UUJ5_9ACTN,7.95e-05,tr|A0A327UUJ5|A0A327UUJ5_9ACTN tniQ TniQ protein OS=Streptomyces sp. PsTaAH-130 OX=1305828 GN=K376_01223 PE=4 SV=1,MNLETKWLEDFLALAELRNFSRAAQFRNVTQPAFSRRIRSLEQSLGVELIDRATTPLTLTPEGRLFRTTARNLLRQMEDGLHQLKGQSGFGPQPLDFAAAHSLSVTLLPELIQAMSHEGQMLRSRVESIDVDLAVEALQEGRCDFLLAFNIEALMQPPFLSLSLGKTELRPVCAPDAGGQPRFQLTQSAPIPILGYSPDAFMGRQVNGILRALEDSPTFQPVMESSLTNLLKVMALNGSGIAWLPGYAIVDELRSGQLVDVVSPEKRDIYWGEVEIKLYRNDIRLHAGAEQFWSALRKKCQQGWVLTPDERLI,42.0,97,53,43.396,23,30,29,0,0,54.72,17,/stor/work/Wilke/crisprtn7/reblast2/GCF_001646955.1_KASP37_1.0_genomic.fna
NZ_LUTW01000003.1,264822..333565,tnsB,312810..313565,lcl|312810|313565|3|1,1,UniRef100_A0A1B2F0V3,2.21e-04,UniRef100_A0A1B2F0V3 tnsB Transposon Tn7 transposition protein TnsB n=1 Tax=Pseudomonas putida TaxID=303 RepID=A0A1B2F0V3_PSEPU,MCRVMSVSSTGYYEWLSRPESKRSQEDRALKAEIIAIHEKSRRTYGERRIKDDLADKDKNVSRQRINRLMKEAKLVCKTKRKFKATTDARHNKPVADNLLERDFHRDQPNQAYVGDITYIQTREGWLYLSVFIDLCSRAVVGWSMSNRMTATLVTDSLEMAMWKRRPKADLLVHSDRGSQYVSERYQSLLNDNDFVCSMSRKGNCWDNAVAESFFHTLKTELVHHEDFQTREEDQQAIFEYIEVFYPSFST,40.0,92,109,29.358,32,64,49,5,13,44.95,40,/stor/work/Wilke/crisprtn7/reblast2/GCF_001646955.1_KASP37_1.0_genomic.fna
NZ_LUTW01000003.1,345304..386287,tniQ,366287..365304,lcl|366287|365304|3|-1,-1,tr|A0A2W1D0I8|A0A2W1D0I8_9PLEO,6.32e-09,tr|A0A2W1D0I8|A0A2W1D0I8_9PLEO tniQ Pectate lyase OS=Pyrenophora tritici-repentis OX=45151 GN=A1F97_07859 PE=3 SV=1,MADRPMPEVGYNDVLIKIRKTAICGTDMHIYHWDEWSQKTIPVGMHVGHEFVGEIIEMGDGVRGFEKGQRVSGEGHITCGHCRNCRAGRRHLCNFTVGVGVNRDGAFAEYLVIPAENAFPIPDDISDELASIFDPFGNAVHTALSFDLVGEDVLITGAGPIGIMAVAICKHVGARNVVITDVNEYRLDLARKMGATRAVNVANTELSDVMAELGMKEGFDVGLEMSGNGRAFEQMLENMNHGGKIALLGIPASDTVIDWNQVIFKGLVIKGIYGREMYETWYKMTSMLQSGLDISPIITHRFAVDDFEQGFEIMGSGQSGKVILDWN,54.3,129,176,27.273,48,114,90,7,14,51.14,51,/stor/work/Wilke/crisprtn7/reblast2/GCF_001646955.1_KASP37_1.0_genomic.fna
NZ_LUTW01000003.1,345304..386287,guaC,370693..369089,lcl|370693|369089|1|-1,-1,ALD18734.1,2.16e-20,"ALD18734.1 guaC translation elongation factor 1-alpha, partial [Amanita aff. basii SS-CUAJ-OAX-MX-2013-1]",MSHQSELIATDIDEYLSRHERKEMMRFLTCGSVDDGKSTLIGRLLHDNSMVYEDQLAAVENDSKRVGTQGEKIDLALLVDGLQAEREQGITIDVAYRYFSTEKRKYIIADTPGHEQYTRNMATGASNCDLAIILIDARQGVLTQTRRHTYIANLLGIKHLVVAINKMDLVDYSRERFDEIRRQYLDFAESLKLSDVQFVPISALDGDNVVHRSQHMSWYRDSSLMEILENVELSRSSNLDDFRFPVQYVNRPNLDFRGFSGTIASGTVRPGDEVKVLPSGQTSTVERIVTWDGDLPQGIASQAVTLTLTDEIDISRGDMLIHNSGDVTVSSTLDTDVVWMAEEPLSLGRQYLIKFAGSQISGAFSDISYRVDINSLSEHEADKLQLNEIGQCQLQLTKDIPADRYQDNRQTGAFIVIDRLSNATVAAGMVRGASKQGSDIKPVSQRERQQRLGQKGGVFEVPGQYAVSVERLLFNRGFFPVVINNNDEFLELKLEMLSNTETVILLASDDLSQSEPLDLVRLTDQIAQSISLVE,85.9,211,154,32.468,50,83,80,3,21,51.95,25,/stor/work/Wilke/crisprtn7/reblast2/GCF_001646955.1_KASP37_1.0_genomic.fna
NZ_LUTW01000003.1,476872..517807,tnsA,496872..497807,lcl|496872|497807|3|1,1,UniRef50_A0A1C6RKQ5,9.77e-13,"UniRef50_A0A1C6RKQ5 tnsA Murein DD-endopeptidase MepM and murein hydrolase activator NlpD, contain LysM domain n=2 Tax=Micromonospora inyonensis TaxID=47866 RepID=A0A1C6RKQ5_9ACTN",MKIIVVDEKYSRTRTLAGSSVGFGMMLGCVLLLMAALGSSATYFWMKRGHADFLTQEGVANWKQVIESQQQDIGIVRQQTQHQVDALMLRMSELQGRLTRLDALGERLTAKAKLNDGEFDFSEAPAIGGPQDLMTSDETFHQLTLMDAIDQLSGQIESREQQLDLLDRLISNRTIHDDSFLAGLPVRKGWLSSRYGRRTDPFTGRPAWHNGVDFAGKRGSEVISVAAGVVVWSGKRSGFGLLVEVNHGNGYLTRYAHNQESLVKVGDIVSRGEALAKMGSSGRSTGPHVHFEVLKDGQPQDPAKYIYRASK,66.6,161,111,33.333,37,52,58,3,22,52.25,29,/stor/work/Wilke/crisprtn7/reblast2/GCF_001646955.1_KASP37_1.0_genomic.fna
NZ_LUTW01000003.1,518798..582418,tnsB,538798..539721,lcl|538798|539721|1|1,1,UniRef100_A0A1B2F0V3,4.43e-06,UniRef100_A0A1B2F0V3 tnsB Transposon Tn7 transposition protein TnsB n=1 Tax=Pseudomonas putida TaxID=303 RepID=A0A1B2F0V3_PSEPU,MPDNRKNAVRPAPVNKLSEAEEQAIIDFCNSERFKSLPPSQIVPVLVDEGVYLGSESTFYRVMHKXGQQQHRGRAAKPARRKPTSYCATGPNQVWSWDITFLRSPVRGQFFYLYLVIDIYSRMIVTWEVHENESAEHASKMITKACLRHGISALERPLVLHSDNGSAMKGGTMLSTLQSLGVVSSFSRPRVSDDNPYAEAIFRTLKYRPGYPSKPFTDLTAARTWVHGFAQWYNEEHRHSGIKFLTPGQRHRGETETLMDNRKVVYALAKKRHPERWGSRATRNWDLPDEVWLNPDKCIAGQLSNAA,45.8,107,100,31.000,31,59,45,2,10,45.00,31,/stor/work/Wilke/crisprtn7/reblast2/GCF_001646955.1_KASP37_1.0_genomic.fna
NZ_LUTW01000003.1,518798..582418,tnsA,561177..562418,lcl|561177|562418|3|1,1,UniRef50_A0A1W6LD49,3.20e-43,UniRef50_A0A1W6LD49 tnsA UPF0761 membrane protein A4W93_20890 n=42 Tax=Betaproteobacteria TaxID=28216 RepID=A0A1W6LD49_9BURK,MAPAVNIWSTFQSFVAELGRRFIEHRCLENAAALTYTTLFAVVPLMTVTYSILSAVPDLQDVGDTIQNFIFESFVPSTGEVVQSYLNEFSQQARKLTGVGVMFLLVTSFLMLRTIDKALNNIWQVSHVRRGISGFLLYWAILSLGPLLLTAGLLATSYLASIKLVSDTTAIIGGEQWMLRLIPIFLSTLVLTLLYTAVPNRKVPVLHALVGAFFVAIMVELAKMGFTLFITLSPTYHLIYGAFAAVPLFLLWVYLSWLMVLLGAVLVRSLDLYGRQGRIDHPHPLISILLILKQLQVKFTSGDGLNFSDVQKRDLPVSLDDWESHTARLMSMGLINKNESGEWILTRDLRQVSLFDFCKELPWPMPLDEELENILFSDEPNWLSELIHRVRTVNHTRVEAFDCSLDELLSKQS,150,379,259,34.363,89,164,142,3,6,54.83,62,/stor/work/Wilke/crisprtn7/reblast2/GCF_001646955.1_KASP37_1.0_genomic.fna
NZ_LUTW01000003.1,518798..582418,cas2,524965..524366,lcl|524965|524366|1|-1,-1,gi|479212170|ref|YP_007839952.1|CAS-I-E|cas2|cas2,1.41e-05,gi|479212170|ref|YP_007839952.1|CAS-I-E|cas2|cas2 cas2,MASRFRGFLPVVVDVETGGFNAATDALLEIAVTVIEMDEHGFVHPGESQSFHIKPFEGANIEKAAIDFIGIDPFHPLRIASEEEDAINRIFKTVRKAVKSQGCSRAVLVGHNAAFDLGFVMAAAERCDAKRNPFHPFSCFDTATLAGLAFGQTVLAKACAEADIDFDKAEAHSARYDTEKTAELFCTIVNQWKNLGGWQ,43.1,100,179,30.168,54,97,77,10,28,43.02,87,/stor/work/Wilke/crisprtn7/reblast2/GCF_001646955.1_KASP37_1.0_genomic.fna
NZ_LUTW01000003.1,594766..638268,tniQ,614766..615659,lcl|614766|615659|3|1,1,tr|A0A4D8QEX8|A0A4D8QEX8_AZOBR,4.80e-44,tr|A0A4D8QEX8|A0A4D8QEX8_AZOBR tniQ Uncharacterized protein OS=Azospirillum brasilense OX=192 GN=D3867_22010 PE=4 SV=1,MKTASMKKTMLLQNRYDFVYLYDVTDGNPNGDPDAGNAPRMDPETGHGLVTDVCLKRKVRNYIQLLKEDKPPYSIYIKDKVVLNDLNELAYKALKLKPKEKKLPKSPLDAIALSKWMSTNFYDVRTFGAVMTTAVNCGSVSGPVQLSFSRSQDPILSTPHSIIRKAVTNEKDREKERTMGIKHTTPYGLYRCHGHINVGSAEKSEFTEDDLELFFSALENMFDHDRSATRGEMSVCGLYVFKHESRLGNAHAKQLFNSVKITRVNSDIPVREFSDYQVTVNHDQIPDGVELLVRYAV,153,386,152,46.711,71,72,101,2,9,66.45,49,/stor/work/Wilke/crisprtn7/reblast2/GCF_001646955.1_KASP37_1.0_genomic.fna
NZ_LUTW01000003.1,594766..638268,tniQ,618268..617513,lcl|618268|617513|1|-1,-1,tr|A0A2N2IZD7|A0A2N2IZD7_9DELT,6.88e-14,tr|A0A2N2IZD7|A0A2N2IZD7_9DELT tniQ Transposase OS=Deltaproteobacteria bacterium HGW-Deltaproteobacteria-16 OX=2013743 GN=CVU58_01950 PE=4 SV=1,MGAGFTHRKKLKYTFNPMDRNSDLEMVGSQFFSFWESCLKEYWSLDECIEETTMFRLYAPLLPWQHRKYVKKWVGRNPIGIRHILEESFVSESLCLYCLKYCPQCIQTDIDGYGVPYWHRSHCCKWAFACHKHKCELVEVDFLNSEKECFKLPEYSSGSSGRACSILLEEKIYQWLNKVSIPALEVFKEQFLSEACDYYGEDVNRSLATLKLDIDQLASSEVLSRLDIRYLHADDSARQWVSEALLGACRT,68.9,167,99,35.354,35,63,49,1,1,49.49,39,/stor/work/Wilke/crisprtn7/reblast2/GCF_001646955.1_KASP37_1.0_genomic.fna
NZ_LUTW01000003.1,594766..638268,cas2,596901..598346,lcl|596901|598346|3|1,1,gi|385817593|ref|YP_005853983.1|CAS-I-E|cas2|cas2,6.48e-06,gi|385817593|ref|YP_005853983.1|CAS-I-E|cas2|cas2 cas2,MKSFYFHDYETFGTNPALDWPAQFAGIRTDSELNEIGEPLNIYCRLPEDHLPNPEACLITGLTPQAVNAQGMVEPEFIQRIHRELMEPGTCALGYNTLRFDDEVTRNILYRNFYDPYAREWQNGNSRWDLIDLVRMVAALRPEGIQWPKREDGFTSFKLEHLTKENGLDHGSAHDALSDVRATIALARLIRQKQPKVYQFYLANRGKREVAGLLNTAQRNMVAHVSGMFGAQRNNLAIVMPLLDHPLNRNGVVVYDLSIDPEPLLNLSADDVRSRLYTPTNQLPEGEQRIPLKTIHLNKCPVVAPLKVLKPEDQDRLEIDLATCERNRQRLIDDPGLSAKLRDVFSQRPEGGQTDPDQMIYSGGFFSPADRDEMNRIHGVKPEALSDLGLHFQDKRLEEMLFRYRGRHFSETLDEDERVRWNQYCRERLSGQLHQSNEPVLTYERFWQIWEEKNQSEDVQQSTSKIELLKHLAEYVKGLQP,46.6,109,196,28.571,56,102,88,10,38,44.90,40,/stor/work/Wilke/crisprtn7/reblast2/GCF_001646955.1_KASP37_1.0_genomic.fna
NZ_LUTW01000003.1,594766..638268,cas7,614766..615659,lcl|614766|615659|3|1,1,"gi|114566030|ref|YP_753184.1|CAS-I-C|cas7|G7,CASCADE",4.18e-124,"gi|114566030|ref|YP_753184.1|CAS-I-C|cas7|G7,CASCADE cas7",MKTASMKKTMLLQNRYDFVYLYDVTDGNPNGDPDAGNAPRMDPETGHGLVTDVCLKRKVRNYIQLLKEDKPPYSIYIKDKVVLNDLNELAYKALKLKPKEKKLPKSPLDAIALSKWMSTNFYDVRTFGAVMTTAVNCGSVSGPVQLSFSRSQDPILSTPHSIIRKAVTNEKDREKERTMGIKHTTPYGLYRCHGHINVGSAEKSEFTEDDLELFFSALENMFDHDRSATRGEMSVCGLYVFKHESRLGNAHAKQLFNSVKITRVNSDIPVREFSDYQVTVNHDQIPDGVELLVRYAV,355,910,281,58.363,164,117,215,0,0,76.51,95,/stor/work/Wilke/crisprtn7/reblast2/GCF_001646955.1_KASP37_1.0_genomic.fna
NZ_LUTW01000003.1,594766..638268,glmS,600224..599490,lcl|600224|599490|3|-1,-1,WP_035343592.1,1.64e-14,WP_035343592.1 glmS two-component system response regulator GlrR [Dickeya],MHSLPDSYRFPLNPFRLDCITNTCGVTMQQQDMKQEPTVFIIDDDEAVRDSLKMLMKSVGQAVETFSSPAEFLEVYDENRPGCIVLDIRMPGMSGLELQSKLNEMHCILPIIFITGHGDVPMAVQAIKDGAMNFIQKPFRDQELLDLINDALKLDTQQRRELLEHKEILRRLSTLTDREREVLHHVVEGKANKVIAADINLSQRTVEIHRSRVMEKMGTKSLAHLVRQVMQVKEHLDGEFNFKI,70.1,170,144,28.472,41,98,74,1,5,51.39,57,/stor/work/Wilke/crisprtn7/reblast2/GCF_001646955.1_KASP37_1.0_genomic.fna
NZ_LUTW01000003.1,654971..703633,tniQ,674971..676776,lcl|674971|676776|1|1,1,tr|A0A081NVM8|A0A081NVM8_9BACL,3.12e-04,tr|A0A081NVM8|A0A081NVM8_9BACL tniQ ABC transporter domain-containing protein OS=Paenibacillus tyrfis OX=1501230 GN=ET33_22665 PE=4 SV=1,MPEQSLNRGSLQIYLRLLTYVKPYAGNFALSLVGLAIFALSQPAFAKLLEYFVQSLEGSQVSLLQGWGLDISSLVLIPGIMVFISVVRGIGSYLGSFYIDKVSSSVIHDLRVAMFDSLITLPNAYFDNNNSGHLIARLTYNVTQVTSAATSAIKIVVREGLTVIFLLSFLFYTNWKMTLIFIAALPVIALVVSYASNRFRRFSRKIQHSIGDLTQVTSETINGYREVRGFGGEDYESKRFESASATNVRQSLRLYKASAIQTPVLQFIISIALALLLFMVLWAKGDATTAALVGYVTAAALLPKPIRQLSEVNASIQKGIAAAESIFAMVDEVPEANTGLYTCDRVKGRIEFKNVCFTYPGSSSPALKDICFTVEAGKTYALVGRSGSGKSTLASLIPRFYNHTEGDILIDGTPLNDFELKNLRSQTALVSQNITLFNDTVARNIAYGALSETASDVDIRRAAEAAHAMEFIKGMTNGIHTMVGEDGVLLSGGQRQRLAIARAMLKDAPILILDEATSALDTESERHIQAALNEVMKGRTTLVIAHRLSTIENADCILVLEQGQIIERGTHRELLANGQHYAKLHKMQFHDEPGALTPIFA,41.2,95,98,24.490,24,69,49,1,5,50.00,16,/stor/work/Wilke/crisprtn7/reblast2/GCF_001646955.1_KASP37_1.0_genomic.fna
NZ_LUTW01000003.1,654971..703633,tnsD,679001..677100,lcl|679001|677100|3|-1,-1,UniRef90_A0A2H9T7P2,0.0,UniRef90_A0A2H9T7P2 tnsD TnsD domain-containing protein n=1 Tax=invertebrate metagenome TaxID=1711999 RepID=A0A2H9T7P2_9ZZZZ,MARLKLLTIHKHSDDFYQALLDCCYTQTCGVSTYRLNAIAEQLGMSLVELLHNHTGYGYYTHFMSVDHRRMLKQALASNQPSALESLAGTVTSRLGIKLYQAFCPHCAEQAVKRYGISYWHHFHELPGITACYLHGVKLIRSPMMPKHLTLPDIQQSRVIEASKQEILFAELSAELLIPKASSDNHNAVTGAYRSRLKRGGYVTSKGMIRSTKLLDDIGAFWGGLLSLTAFQNLRTDGRKHNFVRDLLRGGNKRTHPVKHILLSGFLDSLHQRQNTEKDRPATVANNAGDKEQAITLLRQGESLRGAAKQSGVSYYSIRKIAYEFEIPINGKGLKISAEKEAEVLGLLNSELSMKKIAELAGMSESGVDHILQAHPAIREKRRQAKKHNKESKRELYRQKSLEIIAANPKLHRKALFDQFNEVFVWLKNNDSQWLYRQLPAPQTAEKAQGYRHRAQETMRLKKQQSAINQLRSFARKLLSQPPAQRISSAFILRSLKVRNTPVHIRKRMPLFWEQLSRVAESHEEYQLRKLKTLYDRHPEYFKVYSVRRLLKLAKSFPAVSDNVTEATVNLRLGEVCSQRSMKHLLIIGKEVEPSNPVVMFNVCSNDSSYHPLSIVERRASVALGGAVRIISL,538,1386,627,44.338,278,342,393,4,7,62.68,98,/stor/work/Wilke/crisprtn7/reblast2/GCF_001646955.1_KASP37_1.0_genomic.fna
NZ_LUTW01000003.1,654971..703633,tnsC,680493..679039,lcl|680493|679039|2|-1,-1,UniRef100_A0A2H9T7P8,0.0,UniRef100_A0A2H9T7P8 tnsC Transposon Tn7 transposition protein TnsC n=1 Tax=invertebrate metagenome TaxID=1711999 RepID=A0A2H9T7P8_9ZZZZ,MTDYHKIGIPEYDGNPLIEALPEYKGRTEVITAALKKPLFSKDEVYHNELQRDRYTERLDSCIIPNTKFYKTYKKIYKLLLKSYKHRNPIDVATSQLINHVASEGRSAPYPASLEEITAPSLFLTGLSGMGKTYMVESILKLFFDQVIPHKKYNGKALNFQQLVYVKFNVPSDGSRRTLCLNFFRAVDSAIGTNYAPGNQLKTLNIADLEINMKKVCLMHHIGLIVIDELQNLSLVKSGGIDQAMAFFESLSNEVKVSLLYIGTYDTYDIYSEKFRTARRMAQEGMIDLAQPDMDDQVWNQLVEVLWRYQWVSSPVAMTEEIKKLLYDLTQGVTFCTVSLLKFANVRAIEDDEDSITADIIHQAYKEEFKLFMPALDALREKNYAAYDDLMPLAIRRILKSNQKYSLAGAHSVKNTPDEDSALDEVLETTVTARANNDKSDGADDASIDEIQGKKRRNESAKDVYDRLDSSGFFAVDTEWVTSD,638,1646,479,62.839,301,175,382,2,3,79.75,99,/stor/work/Wilke/crisprtn7/reblast2/GCF_001646955.1_KASP37_1.0_genomic.fna
NZ_LUTW01000003.1,654971..703633,tnsB,682637..680493,lcl|682637|680493|3|-1,-1,UniRef100_A0A2H9T7T7,2.04e-170,UniRef100_A0A2H9T7T7 tnsB Transposon Tn7 transposition protein TnsB n=1 Tax=invertebrate metagenome TaxID=1711999 RepID=A0A2H9T7T7_9ZZZZ,MNIGNKLNPVSEDSVLAESYIIIRINDISNKLFLINAEGKPRKPICFAYDEIKKEIANKLIHIASVSYSYYSLQDDADIKDDWKAVRDKRWEIIKPLVSEQKDLDMFLEYEKSSPVIGNRSREAGVSRPSIYKFIYMYLQGGLRRNALLPDYHKVGHGHHAIKKVGPPRKDKATGFVMTDECKELIKKSLKDYYYSKDEPGIKDTYDYLCDNYYSDEVFDEKEEIYVKVHWGDNRKPSIHQFRRWAKAFIDPVAASKKRLGRSKHDKDKRPLNSSSDLFVRGPGELYEIDATVGDIYLVSEFDRSRKTLIGRPVIYMVTDVYSRAIVGMYAGLEGPSWDGARAALYNTFSDKVEYCKGFDLQIAHEEWPMNCLCTGLLADRGEIISKQAEVILDSIGVKHLAFTSPYRGDLKGLVEKHFDIINDLVIQYLPGSTVKIKRERGARKPELDGMLTLKELTKLIALEVVEHNSSKVKNVVGDIERARDKVIETPSNLWDWGMKYGMGAANTIEADALYLGLLPKDDAKVRGDGIYYKGLRYHSESGFIQQQMSLSRMRKKRLPIQIKYTRSTTNYIWFIHPEDKSINICYLNDTMEKYRNLDHDELLDQQERESATLKTANKKREKGLARTRAVRMAMIDAAKKEKKGKGRNKTDDIKASRAKEKLHERRADAKKAEKASGIDSDKSAPTEKPERKKKSQENDTVDLINQLLGEDDE,490,1261,342,73.977,253,89,299,0,0,87.43,48,/stor/work/Wilke/crisprtn7/reblast2/GCF_001646955.1_KASP37_1.0_genomic.fna
NZ_LUTW01000003.1,654971..703633,tnsA,683633..682752,lcl|683633|682752|3|-1,-1,UniRef50_UPI00082FB336,0.0,UniRef50_UPI00082FB336 tnsA heteromeric transposase endonuclease subunit TnsA n=2 Tax=Endozoicomonas ascidiicola TaxID=1698521 RepID=UPI00082FB336,METKRKDVTKEDVERWTALWEKHWESGDYKPWHEVQEVPSQGRSRKITGVKSGRTHHLLSDAEYYVFLLLEYEGSVIEIYEQFPLMPLSKTVQIASERGLKPPKYRHRTIKDESTEKRAPLPNKIMSTDFLVKVDRNGEEVWVAIPVKTKSGIDASTDKNKSVLQKLEVERQYWLDRGVECKCMVKEDINKDLIFNLKWFYDDALLDGQLQENKDLWKETFLSEVDGCSSTITLKEVIDAVSLELNMQSEQSVKIFRHLMWHKELKADVSKKILLTTKVGKIEFDLSRSAVVD,598,1543,293,100.000,293,0,293,0,0,100.00,100,/stor/work/Wilke/crisprtn7/reblast2/GCF_001646955.1_KASP37_1.0_genomic.fna
NZ_LUTW01000004.1,115074..155748,tnsA,135074..135748,lcl|135074|135748|2|1,1,UniRef50_A0A3M5N9X7,2.66e-07,UniRef50_A0A3M5N9X7 tnsA HTH gntR-type domain-containing protein n=380 Tax=Bacteria TaxID=2 RepID=A0A3M5N9X7_PSEAZ,MGDAAEKTSVKPLTQAREVTDLLMQDIVSGQLEEGSRISELELSRRYGIGRGPLREAILRLEGMGLVVREPHVGARVVRLTRQELAEIFTMREALEGVAAREAAKNITDAELIDLGQLIDRHGRYVEENNGEAYMDQEGDYDFHYRIIKASGNQRLINLLCNELYHLIQIYRKTSRGEARPERALIEHKMIFQALQDRDGELAELLMRKHIGRARREIENAIEQ,47.8,112,222,26.577,59,136,98,7,27,44.14,90,/stor/work/Wilke/crisprtn7/reblast2/GCF_001646955.1_KASP37_1.0_genomic.fna
NZ_LUTW01000004.1,115074..155748,glmS,152488..153951,lcl|152488|153951|1|1,1,WP_035343592.1,9.48e-07,WP_035343592.1 glmS two-component system response regulator GlrR [Dickeya],MDGELWKKRYEREKQARLQAEQIAEQKTREIYQRNRELTQLAESLEHQVEERTAELEANNQRLADSRNTLRQKQTALKEANLRLQEKAAELEKVSEHKSQFLANVSHELRTPLNSLMILASMLTGNHEGNLSDDQLQSLQIIYNSANELLEIIEDILDMSKAEAGELSIYQDDVLLGDIWRGLYDQFMPISKERKIEFQVVCAPKLPDLIHTDKKRLKQILKNLLSNAFKFTPENGSVCLRIHKKTWRLDDQYTSEGLVFDVSDDGVGIAADKHETIFNLFKQADGSTSRRYGGTGLGLSISRKLTHLLGGQLSLDSEAGKGATFSLTLPPLTLVPQSSAGAQSDSNFVAAGNVDTTPDFCGQEVLLVDDDLRNSFAFSRLLESKGLKVHLAENAHQAIDFLNQSPPLDLILLDLMMPEVDGYELLTQLKSQDNFREIPAVMLTASPLREDEIRCREAGADDYLQKPIEVSVLINHINNVFLSSRHR,48.5,114,117,29.915,35,79,56,2,3,47.86,24,/stor/work/Wilke/crisprtn7/reblast2/GCF_001646955.1_KASP37_1.0_genomic.fna
NZ_LUTW01000004.1,160347..202653,tniQ,180347..182653,lcl|180347|182653|2|1,1,tr|A9LZ93|A9LZ93_NEIM0,8.48e-05,tr|A9LZ93|A9LZ93_NEIM0 tniQ Putative ATP-binding protein OS=Neisseria meningitidis serogroup C (strain 053442) OX=374833 GN=NMCC_1093 PE=4 SV=1,MLNKDLEATLNNAFKDARENRHEFMTVEHLLLALLDNESASRVLISCGIDLKKLRQDLMEFVSSTTPLIPDGDSERETQPTLGFQRVLQRAVFHVQSSGKKEVTGANVLVAIFSEQESQAVYFLKQQDVARIDVVNFIAHGIAKTPGQELEEIGHDLSEEMESEPGSSGKSKNPLKLYASDLNEQARLGRIDPLVGRADEVERVCQILTRRRKNNPLLVGEAGVGKTAIAEGLARRIVDGEVPEVLSESVVYSLDLGSLLAGTKYRGDFEKRFKQLLGELKKLDHAILFIDEIHTIIGAGAASGGVMDASNLLKPMLTSGELRCVGSTTFQEFRGIFEKDRALARRFQKVDIVEPDVEDTFQILLGLKKKFEEHHCIEYQDAALKAAAELAGRYINDRHMPDKAIDVIDEAGAYQRLQPEDQRKKVIDVDDVESIVAKMARIPPKSVSSSDKELLGKLERNLKMVVFGQDEAITSLSTAIKLSRAGLKAPEKPVGSFLFSGPTGVGKTEVCRQLAKALGIELVRFDMSEYMEAHTVSRLIGAPPGYVGFDQGGLLTEAINKTPHCVLLLDEIEKGHSDVFNLLLQVMDHGTLTDNNGRKADFRNVILIMTTNAGAEKMTRSSIGFLEQDHATDGTEAIKKTFTPEFRNRLDSIIPFGALNDDIIKHVVDKFLTELQAQLDEKMVQLDVDDKARSWLSEEGFDRQMGARPMGRVIQEHLKKPLAEQILFGKLAERGGMVKVTVRKGKLHLKYEPTKQRTTDLEAMDSGE,43.1,100,116,27.586,32,69,51,1,15,43.97,13,/stor/work/Wilke/crisprtn7/reblast2/GCF_001646955.1_KASP37_1.0_genomic.fna
NZ_LUTW01000004.1,318534..359049,tniQ,338534..339049,lcl|338534|339049|2|1,1,tr|A0A417XIF4|A0A417XIF4_9CLOT,1.10e-05,tr|A0A417XIF4|A0A417XIF4_9CLOT tniQ GNAT family N-acetyltransferase OS=Clostridium sp. OF09-10 OX=2292309 GN=DXA91_00825 PE=4 SV=1,MHIDLGNGYCLRRFLYGDAIALANHGNNPKISQYLRDTFPNPYTIEHARAWVQHVKEHETKTRFAIDYNGEAIGEIGFVVQLDVHRFGAEIGFWVSEDHWGKGIMTKALSYVTNYAFDEMGLVRIYADVQARNPGSRKVLEKCGFELEGVMKKHVYKDDQFIDQLVFALVR,41.6,96,60,40.000,24,36,29,0,0,48.33,35,/stor/work/Wilke/crisprtn7/reblast2/GCF_001646955.1_KASP37_1.0_genomic.fna
NZ_LUTW01000004.1,438508..479407,tniQ,459407..458508,lcl|459407|458508|3|-1,-1,tr|A0A2G7F0Q1|A0A2G7F0Q1_9ACTN,3.71e-05,tr|A0A2G7F0Q1|A0A2G7F0Q1_9ACTN tniQ Regulatory helix-turn-helix LysR family protein OS=Streptomyces sp. 70 OX=1827606 GN=CLW09_04841 PE=4 SV=1,MNIDHVRLFVRVAATSNISKAGQELRLSPAVASSYITRLEEELGVRLIHRTTRKVSLTEEGVSFLPYAEEVLASVDQALTSVGSGRYSPRGVLRITAPASFGYMHLVPGLKGFLETYPDISIDLNLSDTVVDIVAGGFDVAIRNAALKDSTLIARALASDRRIVCASPDYINRHGEPETPEDLKNHDCVILSGIDNWSFKTPEGDTHVKISGRLHLDNGSAMREASVEGLGLSLNSTWSVYKQLKRGTLIQVLKDYPLISGSSIWAVYPSSRQVSPKVKAFIDYFHHLFGTPPYWDHQE,43.1,100,80,31.250,25,54,44,1,1,55.00,27,/stor/work/Wilke/crisprtn7/reblast2/GCF_001646955.1_KASP37_1.0_genomic.fna
NZ_LUTW01000032.1,0..1238,tniQ,196..648,lcl|196|648|1|1,1,tr|A0A3M8BW07|A0A3M8BW07_9BACL,1.28e-04,tr|A0A3M8BW07|A0A3M8BW07_9BACL tniQ Zn_Tnp_IS1595 domain-containing protein OS=Brevibacillus invocatus OX=173959 GN=EDM52_22560 PE=4 SV=1,MKLYNLLDSAKCYERIRELRWPDGVTCPRCKTGDITRQGKDESQPERQRYFCKSCSRKFDDLTLSVFAGHHQPLKIWVSCLHLMSLNVSNSQIAQELDLNVSDVQNMTRQLREAVCSKRPEVVLSGEVECDEVYIVAGHKGHSEAVKKKP,38.9,89,124,20.968,26,83,50,3,15,40.32,78,/stor/work/Wilke/crisprtn7/reblast2/GCF_001646955.1_KASP37_1.0_genomic.fna
NZ_LUTW01000005.1,11918..52895,tniQ,32895..31918,lcl|32895|31918|3|-1,-1,tr|A0A2W1D0I8|A0A2W1D0I8_9PLEO,3.67e-11,tr|A0A2W1D0I8|A0A2W1D0I8_9PLEO tniQ Pectate lyase OS=Pyrenophora tritici-repentis OX=45151 GN=A1F97_07859 PE=3 SV=1,MFKALVLNQQDANTVSTVEQLDDSSLPDGDVVVSVEYSSLNYKDGLAITGKGRIIRQFPMVPGIDYAGKVLTSSDDRYQPGDSVVLTGWGVGENHWGGMAEKASVPADYLVPMPTGLDSRKAMIIGTAGLTAMLCVMALEDAGITPDKGDILVTGASGGVGSVAITLLDQLGYQVVACSGREQNNEWLKSIGADRVIPRDDLLEPAKPLEKQLWTGCIDTVGSKVLAKVLTQIDYDGAVAACGLAGGFDLPTTVMPFILRGVKLLGVDSVMCPFERRTQAWSRVAELLPETFYSNAGNEVALDAVPELAEAITNGQVTGRTLIKL,61.2,147,176,27.273,48,114,85,4,14,48.30,53,/stor/work/Wilke/crisprtn7/reblast2/GCF_001646955.1_KASP37_1.0_genomic.fna
NZ_LUTW01000005.1,11918..52895,cas8b,46825..48069,lcl|46825|48069|1|1,1,"gi|114568027|ref|YP_755181.1|CAS-I-B|cas8b1|LS,CASCADE",0.006,"gi|114568027|ref|YP_755181.1|CAS-I-B|cas8b1|LS,CASCADE cas8b",MMVDQKKSDVLFNGHYDQPDLMGHFGRFGGRFVAETLMGALEDLDNTWRELWQDKAFQADFDRDLADFVGRPSPLYLAERWTNERGGAKIYLKREDLNHTGAHKINHAVGQALLAKHMGKTRIIAETGAGQHGVASATVAARLGLECVVYMGAKDVKRQALNVYRMKLLGATVIPVETGSQTLKDAINEALRDWVARPEDTFYLLGTVCGPSPYPEMVRNLQSIIGREARQQIMTKEGKLPDALVACVGGGSNAMGLFHEFIKDTSVKLYGVEAAGHGIHTDKHAARMSSGRPGVLQGARTYLMTDEHGQIIESHSVSAGLDYPGVGPEHSYLKDIGRAEYPAATDDEALDAFRKLTRLEGIMPALESAHALAYVDKLAPTMDKDQIIICNLSGRGDKDIHTVAEIDGLDGFEE,37.7,86,69,37.681,26,36,37,3,7,53.62,15,/stor/work/Wilke/crisprtn7/reblast2/GCF_001646955.1_KASP37_1.0_genomic.fna
NZ_LUTW01000005.1,359803..426715,tniQ,379803..380132,lcl|379803|380132|3|1,1,tr|A0A6A8D9Y1|A0A6A8D9Y1_9BACI,5.38e-04,tr|A0A6A8D9Y1|A0A6A8D9Y1_9BACI tniQ Helix-turn-helix domain-containing protein OS=Aquibacillus halophilus OX=930132 GN=GH741_05300 PE=4 SV=1,MDLTTRILCSRKDKKLSQQALADMIGVSRSALAQWETAMSSPSLENLRKMSEVLNVSFEWLATGRGNQYLIHPGDGVNDSDVDDEIINQLHRMTLMKKRAILNVMRAMG,35.8,81,79,30.380,24,44,39,2,11,49.37,72,/stor/work/Wilke/crisprtn7/reblast2/GCF_001646955.1_KASP37_1.0_genomic.fna
NZ_LUTW01000005.1,359803..426715,tnsA,405378..406715,lcl|405378|406715|3|1,1,UniRef50_A0A0P9PXI9,6.59e-07,UniRef50_A0A0P9PXI9 tnsA TnsA endonuclease n=3 Tax=Pseudomonas syringae group TaxID=136849 RepID=A0A0P9PXI9_PSESX,MCQQTKCPVYRSDRYHFGDDKFSYLAKVNIEQGDGISDQDVGKTCFNIKSVNSIKVSSGARKRLEIIEKPKIKNRDQLVETFEFSGEPYGIGGVDACLQKFVEAFISPRLLSGKLQAQIKSNIPRGGILSGPEVFNKFVGQSEENVRKIFEFDNNDDQIIHLILIDEIDAMLSSRGGSGARGAGDNVVAQFLTLLDGVHKKDNVIVFGTSNRPELIDSAVKRPGRLELNFEFTLPQENQRLQILKIQARGLSDCGMLNSDVDFKDIAKRTAGFTGAELSAVVEKARQSALRRGQGLSETDNFFRPQALSQLETLDVNYQDFKIGLHEVKPQFGKSNFIDLEDRRFGYPGYDGAMVEQLKKKVGDFAKDQEKSSLCLLITGPQGSGKSTLAALVINEFGSLCSYVSASDILMSKDSLRPLMDAFNARNSHKVGTDLRYCVVIGCSA,46.2,108,109,28.440,31,67,56,3,11,51.38,24,/stor/work/Wilke/crisprtn7/reblast2/GCF_001646955.1_KASP37_1.0_genomic.fna
NZ_LUTW01000005.1,359803..426715,xre,379803..380132,lcl|379803|380132|3|1,1,tr|A0A0H3DZT8|A0A0H3DZT8_BACA1,1.95e-11,tr|A0A0H3DZT8|A0A0H3DZT8_BACA1 xre Phage PBSX transcriptional regulator OS=Bacillus atrophaeus (strain 1942) OX=720555 GN=BATR1942_03890 PE=4 SV=1,MDLTTRILCSRKDKKLSQQALADMIGVSRSALAQWETAMSSPSLENLRKMSEVLNVSFEWLATGRGNQYLIHPGDGVNDSDVDDEIINQLHRMTLMKKRAILNVMRAMG,47.0,110,51,35.294,18,33,33,0,0,64.71,47,/stor/work/Wilke/crisprtn7/reblast2/GCF_001646955.1_KASP37_1.0_genomic.fna
NZ_LUTW01000005.1,464609..505736,tniQ,484609..485736,lcl|484609|485736|1|1,1,tr|A0A2W1D0I8|A0A2W1D0I8_9PLEO,4.59e-12,tr|A0A2W1D0I8|A0A2W1D0I8_9PLEO tniQ Pectate lyase OS=Pyrenophora tritici-repentis OX=45151 GN=A1F97_07859 PE=3 SV=1,MSDQFIKSKAAIAWEAGKPLSIEEVDVMLPRAGEVLVRIVATGVCHTDAFTLSGDDPEGVFPAILGHEGGGIVEMIGEGVTSVAVGDHVIPLYTPECGECKFCLSGKTNLCQKIRETQGKGLMPDGTTRFYKDGQPIFHYMGCSTFSEYTVLPEISLAKVNPEAPLEEVCLLGCGVTTGMGAVLKTAKVQPGDTVAVFGLGGIGLSAIIGAKMAGAGHIIGVDINESKFELATKLGATDCINPKLHDKPIQEVIVEMTDGGVDFSFECIGNVNIMRSALECCHKGWGESVIIGVAGAGQEISTRPFQLVTGRVWRGSAFGGVKGRSELPGIVNQYMNGDFKLDDFITHTMGLEDINTAFDLMHKGESIRTVIHYQ,64.3,155,158,32.911,52,96,82,6,10,51.90,41,/stor/work/Wilke/crisprtn7/reblast2/GCF_001646955.1_KASP37_1.0_genomic.fna
NZ_LUTW01000005.1,464609..505736,DEDDh,481566..482291,lcl|481566|482291|3|1,1,gi|118580761|ref|YP_902011.1|CAS-I|DEDDh|DEDDh,1.25e-22,gi|118580761|ref|YP_902011.1|CAS-I|DEDDh|DEDDh DEDDh,MRQIILDTETTGIDPKQGHRIIEIGCVEMIDRKLTGNHYHVYINPERVVEQEAIDVHGITNEYLADKPVFKTIAQEFLEFIQGAELVIHNAAFDIGFINHEFALLRQGFPKVETVCGVIDTLALARKKHPGQKNNLDALCKRYFIDNSSRTLHGALLDSEILAEVYLTMTGGQRALLLAGGDDDSDGDDDGGSQIRRLPNDRPALKVISAGEDELAHHKRKLDYIQKQSGNCLWLADKPAN,89.7,221,169,35.503,60,97,88,7,12,52.07,68,/stor/work/Wilke/crisprtn7/reblast2/GCF_001646955.1_KASP37_1.0_genomic.fna
NZ_LUTW01000005.1,580343..602138,tniQ,600343..601305,lcl|600343|601305|1|1,1,tr|A0A1Q9NC86|A0A1Q9NC86_HEILC,7.30e-04,tr|A0A1Q9NC86|A0A1Q9NC86_HEILC tniQ Uncharacterized protein OS=Heimdallarchaeota archaeon (strain LC_2) OX=1841597 GN=HeimC2_40130 PE=4 SV=1,MGKHWHPHCLLCKSCRQPLQGGSFVVFRKKLYHSQCVRCPGCKKPISAEYVEHNKMPWHPACIPTRGNKKCSVCRKPLTRRYFVDFWGNPYCDQHQNHPECSSCGRLVCDNLTDGAMQYPDGVVICNQCSLNGVSTQAQADQIAEEMRFALASVGLKLNSTQTPVFLCGRDELNGASHHNFHDNHPILGVTRTNTTHSRGEILARNFDCILIQINLPEEHFRTVMIHELTHAWFFYNYFLDLPLKVEEGMCVLMEYIWLKNLDTKDAEFRRKQIALTPDPIYGDGFREAREALRLMPLSKLLSYIKEKKKFPTRWAAFFY,38.9,89,82,30.488,25,46,37,2,11,45.12,22,/stor/work/Wilke/crisprtn7/reblast2/GCF_001646955.1_KASP37_1.0_genomic.fna
NZ_LUTW01000005.1,580343..602138,guaC,585829..587298,lcl|585829|587298|1|1,1,WP_003150717.1,0.0,WP_003150717.1 guaC IMP dehydrogenase [Bacillus],MLRIAQDALTFDDVLLLPGYSEVLPKDVQLKTKLTRDIELNIPLISAAMDTVTEASLAIAMAQEGGIGIIHKNMTAEQQAVEVRKVKKHESGVVKDPITIDASATVRELLELTTHHNISGVPVLSGTDLVGIVTSRDVRFVLNLDKPVSDIMTQKDRLVTVKEGTDAEEVRKLLHKHRIEKVLVVDDQFSLTGMMTVKDIKKAQKYPNAAKDAQGQLLVGAAVGTGPETPERVSALVAAGVDVIIVDTAHGHSRGVIERVKWVKETYPQVQVIGGNIATGAAGKALVEAGADGVKVGIGPGSICTTRIVTGIGVPQISAVANVVEALKGTGVPVIADGGIRFSGDLAKAIVAGASTVMLGSMLAGTEEAPGEVELYQGRSYKAYRGMGSLGAMSQASGSSDRYFQSAEEGTEKLVPEGIEGRVPYKGPLHAIIHQMVGGLRAAMGYTGSADMDAMRTKPEFVRVTNAGMAESHVHDVTITKEAPNYRVR,560,1442,489,55.624,272,208,365,4,9,74.64,99,/stor/work/Wilke/crisprtn7/reblast2/GCF_001646955.1_KASP37_1.0_genomic.fna
NZ_LUTW01000006.1,120174..163082,tnsA,140174..142129,lcl|140174|142129|2|1,1,UniRef50_A0A0P9PXI9,3.68e-09,UniRef50_A0A0P9PXI9 tnsA TnsA endonuclease n=3 Tax=Pseudomonas syringae group TaxID=136849 RepID=A0A0P9PXI9_PSESX,MAKNLILWVIIALVLLTVFKNFDGMQSSTQKVAYSDFISQVENRQVSKVLIDGFTITGTMSNGERFETNLPPAVPDNKLMDELLLGKVQVDSKPIEKQSIWTQLLVASFPILVILAVFMFFMRQMQGGGGGRGGPMSFGKSKARLLSEDQIKTTFADVAGVEEAKEDVQELVDFLKDPGKFQRLGGRIPRGVLMVGPPGTGKTLIAKAIAGEAKVPFFTISGSDFVEMFVGVGASRVRDMFEQAKKQAPCIIFIDEIDAVGRHRGAGMGGGHDEREQTLNQLLVEMDGFEGNDGIIVIAATNRPDVLDPALLRPGRFDRQVVVGLPDIRGREQILKVHMRKVPVSDDVQPAVIARGTPGFSGADLANLVNEAALFAARANHRTVGQKEFDQAKDKIMMGAERKSMVMSDKEKSNTAFHEAGHAIVGRMVPDHDPVYKVSIIPRGRALGVTMFLPEEDRYSQSKEALLSQICSLFGGRIAEEMTLGKDGVTTGASNDIQRATQIARSMVTKWGLSEKLGPLQYDSEEGEVFLGKSYGHGNSGMNVSGETAKLIDQEVRFFIDDSYNRAYKILEDNRDKLDAMAAALMQYETIDSDQIDDIMEGRPVRPPKDSGDQDNNDSGINASAGDGESKNDTPDSKDSDKPIGGPAGEH,53.1,126,95,32.632,31,60,52,2,4,54.74,15,/stor/work/Wilke/crisprtn7/reblast2/GCF_001646955.1_KASP37_1.0_genomic.fna
NZ_LUTW01000006.1,120174..163082,tnsA,142222..143082,lcl|142222|143082|1|1,1,UniRef50_P0AC11,2.07e-28,UniRef50_P0AC11 tnsA Dihydropteroate synthase type-2 n=619 Tax=cellular organisms TaxID=131567 RepID=DHP2_ECOLX,MSNDFQLGGFLLDCAGKALDLSKPKVMGILNVTPDSFYEGSRCRDGWLKLAEQMVLDGADILDIGGESTRPGASGALSQEEELERVLPVIEGLNSRLDVILSVDTSSPLVMAETVKAGAGLINDVRALYRDGALEAAASTAVPIVLMHSLVEQPEPGFVPVYDDVVAEVGEYLASVVARCEQAGIAKERLIIDPGFGGGMFGKTPQYDLQILKGYRRFHKYGLPLFAGVSRKSFVGSTLNRDTEERLPGSLAAAMLAAQAGAHIIRVHDVRETVDVLRLLQAVEEA,108,269,264,30.303,80,176,139,7,8,52.65,91,/stor/work/Wilke/crisprtn7/reblast2/GCF_001646955.1_KASP37_1.0_genomic.fna
NZ_LUTW01000006.1,120174..163082,parE,121528..121839,lcl|121528|121839|1|1,1,WP_073402728.1,6.78e-06,WP_073402728.1 parE type II toxin-antitoxin system RelE/ParE family toxin [Mucilaginibacter sp. OK098],MIIIETSKFTKLLPDYLSDDDYRMLQWHLQEKPDSGDIVRGSGGVRKVRWATEGKGKSGGVRVIYYWKKSDHEMWMLTIYSKSEQASLPGHILRKIAEAIKNE,39.7,91,69,42.029,29,33,37,3,7,53.62,62,/stor/work/Wilke/crisprtn7/reblast2/GCF_001646955.1_KASP37_1.0_genomic.fna
NZ_LUTW01000006.1,120174..163082,glmS,143168..144505,lcl|143168|144505|2|1,1,WP_000251875.1,2.20e-23,WP_000251875.1 glmS phosphoglucosamine mutase [Bacteria],MARKYFGTDGIRGKVGEFPITPDFVLKLGWAAGRVLADQGEGKVIIGKDTRISGYMFESALEAGLSAAGIDVVLTGPMPTPAIAYLTRTFNGQAGIVISASHNPFYDNGIKFFAGDGNKLSDEVELKIEALLDSDIDVVPSEKLGKVSRLDDAAGRYIEYCKASTAPQLDLRGMKIVVDAGHGATYQVGPAVFRELGADVVVMGVKPDGVNINEDAGSTKPEGMADMVLETGADLGIAFDGDGDRVIMVDDKGTIIDGDQLLYIIAMDRKNRGGLQGGVVGTLMTNLGMENALKEADVPFARANVGDRYVNEMLLANGWQLGGESSGHIICRDVSTTGDGIVSALQVLKAVQNAGKSMSELVAAISLYPQTMINVRVQHKRDTSTIPCIVNAVRQAELEMAGKGRVLLRASGTEPVIRVMVEGEDGTEVQSQAEKLATIVEHEMA,92.0,227,81,56.790,46,34,57,1,1,70.37,18,/stor/work/Wilke/crisprtn7/reblast2/GCF_001646955.1_KASP37_1.0_genomic.fna
NZ_LUTW01000006.1,177068..218882,tnsA,198882..197068,lcl|198882|197068|3|-1,-1,UniRef50_A0A380Q0N8,1.96e-04,UniRef50_A0A380Q0N8 tnsA RNA polymerase sigma factor n=17 Tax=Enterobacterales TaxID=91347 RepID=A0A380Q0N8_YERFR,MSANSQQQSRLKELIARGKEQGYLTYAEVNDHLPEDISDPDQVEDIIRMINDMGISVFETAPDADTLLMAEADTDEAAAEEAAAALAAVEQEAGRTTDPVRMYMREMGTVELLTREGEIQIAKRIEEGWREVMSALAQFPGSAQIVIDEYDRVVEEEGRLTDIISGYIDPGDDVIPPPVVVEVNNDDLKDDDSEDDDEEEVDTGLDPEEAKERFGLLRDALAKANAAIAGNGRSNSQAALTELAEAFMPLKLIPRFFEMLVFRIRHAVDRIRTNERTIMQLCVRKSKMPRKIFLKVFPGNETNLNWVEELASGSGGYTEALLTHREDIVRAQKKLANIEKEFTLTLTEVKDINRKMSLGEARARRAKKEMVEANLRLVISIAKKYTNRGLQFLDLIQEGNIGLMKAVDKFEYRRGYKFSTYATWWIRQAITRSIADQARTIRIPVHMIETINKLNRISRQMLQEMGREATPEELAIRMEMPEDKIRKVLKISKEPISMETPIGDDEDSHLGDFIEDATMQSPIDRATGEGLKESTRMVLSGLTAREAKVLRMRFGIDMNTDHTLEEVGKQFDVTRERIRQIEAKALRKLRHPTRSDHLRSFLDE,42.0,97,50,40.000,20,29,33,1,1,66.00,8,/stor/work/Wilke/crisprtn7/reblast2/GCF_001646955.1_KASP37_1.0_genomic.fna
NZ_LUTW01000006.1,177068..218882,rsmJ,203484..204518,lcl|203484|204518|3|1,1,PRD22402.1,8.70e-10,PRD22402.1 rsmJ rsmJ [Trichonephila clavipes],MVVLGIETSCDETGIALYDSKKGLLGDALFSQIDMHVDYGGVVPELASRDHIQRVLPLISEVLDQAGLKKADIEAVAYTRGPGLVGALMVGACVGKALAWAWDVPSIGVHHMEGHLLAPMLEDNPIAFPFVALLVSGGHTQLVQVDGIGQYHLLGESVDDAAGEAFDKVAAMLGLDYPGGPAISLLAEKGTEGRFRFPRPMTDRPGLDFSFSGLKTFTLNTVAKCREASDVELSEQDRADIARAFQDAVVAALTIKCRRALQQTGMKQLIIAGGVSANTSLRESLESMVAKEGGELRYARPQFCTDNGAMIAYAGCQRLVAGQNDGPEVVPVPRWPMDQLEAVN,57.8,138,114,28.070,32,66,58,2,16,50.88,33,/stor/work/Wilke/crisprtn7/reblast2/GCF_001646955.1_KASP37_1.0_genomic.fna
NZ_LUTW01000006.1,177068..218882,CRISPR array,217143..217232,,,,,"Copies: 2, Repeat: 19, Spacer: 51",GCGTGGGAATGCATACCCC,,,,,,,,,,,,/stor/work/Wilke/crisprtn7/reblast2/GCF_001646955.1_KASP37_1.0_genomic.fna
NZ_LUTW01000006.1,283843..324811,tnsA,303843..304811,lcl|303843|304811|3|1,1,UniRef50_A0A2I0QTD6,3.66e-04,UniRef50_A0A2I0QTD6 tnsA Heteromeric transposase endonuclease subunit TnsA n=1 Tax=Halalkalibacillus sp. B3227 TaxID=2018042 RepID=A0A2I0QTD6_9BACI,MNLYRLNLNLLPGLKALLDTQSVSLAAKQMHVTQSAMSRTLAQLREALHDPILVRQGNKVFLSEKALALKEDVNRVVTEAGTIFENQQFDPWTTEKNFTIAGSYILLEQYLPDILHQFWKQAPNFNFELLDFSPQLDQKLEAGQVDLVMAYVGKPPAGFSYVPLMEDTLCALISEDHPISDNDITVEDLEKYAVVRHSSWLGSPHFMRDYLDGLSRNIRVAAKAPSFPVALQLVNDSNRILLTMEKVAEANTYVKNMRMKPLPGKLPKVQYYIVWPEYWEHNRAHRWFREFIINRFRQQLKEAERRSQILTEQVSAADACMV,39.7,91,127,22.047,28,82,57,4,17,44.88,35,/stor/work/Wilke/crisprtn7/reblast2/GCF_001646955.1_KASP37_1.0_genomic.fna
NZ_LUTW01000006.1,283843..324811,yciA,288978..288589,lcl|288978|288589|3|-1,-1,WP_013622500.1,2.04e-43,WP_013622500.1 yciA acyl-CoA thioesterase [Cellulophaga],MKYFSRRAVKPGDLNPAYRLFGGTLLAWIDEEAGIYASCKMGSGKLLVTKYMSEIDFVSSAACGDVLEFGLEVVNVGTTSLTLCCCVRNKVTRQVIIVVDRIVFVCVDAHGNPSAHQIGAEKIPQAMTA,137,344,116,53.448,62,53,85,1,1,73.28,90,/stor/work/Wilke/crisprtn7/reblast2/GCF_001646955.1_KASP37_1.0_genomic.fna
NZ_LUTW01000006.1,283843..324811,CRISPR array,289623..289682,,,,,"Copies: 2, Repeat: 18, Spacer: 23",AACCTCGTTCCCATGCTC,,,,,,,,,,,,/stor/work/Wilke/crisprtn7/reblast2/GCF_001646955.1_KASP37_1.0_genomic.fna
NZ_LUTW01000007.1,16344..57390,tnsA,37390..36344,lcl|37390|36344|1|-1,-1,UniRef50_A0A2D2C3Y7,1.17e-17,UniRef50_A0A2D2C3Y7 tnsA Tn7_Tnp_TnsA_N domain-containing protein n=4 Tax=Paracoccus TaxID=265 RepID=A0A2D2C3Y7_9RHOB,MRRSHQGALLLTGLAILLPVMVIVSIGVGAVPIPAGDILTILFDRLGLIHSDVSNQSALIVESIRLPRTLLGVIVGGALAVAGASMQGLFRNPLADPSIIGVSSGAALGAGVAIVLGGMLFADAPSLIQSYSISVLAFGGGVLTTWLVYKMGSGSNGTSVATMLLAGVAINALAGAGMGMLNYIADDTMLRNLTFWQMGSLGGATWELVMICATFLIPVMLILIRYGQVLNALLLGESEARHLGINVQKIKLTLIFLTALAVGVSVSVSGIIGFVGLVVPHLIRLAVGPDHRILLPASAMLGGILLLGADMVARTVVAPAELPIGIVTALMGAPFFLSLLWQQRKRIA,79.3,194,103,42.718,44,57,72,2,2,69.90,29,/stor/work/Wilke/crisprtn7/reblast2/GCF_001646955.1_KASP37_1.0_genomic.fna
NZ_LUTW01000007.1,16344..57390,glmS,21494..20733,lcl|21494|20733|3|-1,-1,WP_000804546.1,2.94e-35,WP_000804546.1 glmS glucitol operon DNA-binding transcriptional repressor SrlR [Bacteria],MLPVERREHILAFVEEKGCANIEEMAERFDVSQMTIRRDIRTLEQEDKLRVTYGGAVSKSFLMEDIPYEKKNAVNIEEKKSIAHEALKHVREGQIVLLDSGTSTMALAKLMMRMKVTVITTDLKIALQLSDSSTVKVYTTGGNVSAITKAHTDVAALSFLDSINADIAFLATNSWSLHNGVTTASNDHYYIRSKMMDRANKTVLLADSSKYGASSMKTICRLEDLDCIISDTKFDEESVAAIREAGGNIILPS,124,311,253,30.435,77,172,135,4,4,53.36,99,/stor/work/Wilke/crisprtn7/reblast2/GCF_001646955.1_KASP37_1.0_genomic.fna
NZ_LUTW01000007.1,16344..57390,glmS,52569..51115,lcl|52569|51115|2|-1,-1,WP_035343592.1,9.56e-91,WP_035343592.1 glmS two-component system response regulator GlrR [Dickeya],MSVNSKVWIVDDDQAIRWVLERALSSAGIETQVFDAPEKVLTALERDEPEVIVSDVRMPGMNGLDLLKAVHEKKPDIPVIIMTAHSDLDSAVSSYQSGAFEYLPKPFDIDEAVALVKRGQEHRQQQLADAPVQEVVESTEIIGEAPAMQEVFRAIGRLSHSNITVLINGESGTGKELVAKALHRHSPRAERSFIALNMAAIPRDLIESELFGHEKGAFTGAGGLRRGRFEQAGGGTLFLDEIGDMPADTQTRLLRVLADGEFYRVGGHTPVKADVRIIAATHQNLEKLVEEGKFREDLFHRLNVIRVHLPRLRDRQEDIPRLARFFLDKAGKELEVEPKILNPETATYISALDWPGNVRQLENTCRWLTVMASGREVLISDLPPELMDQADNDGAFAGYGNWQQLLRQWCDRELTAGHSSILDQAVPMFETIVIEAALAHTGGRKKDAAELLGWGRNTLTRKIKELGLESAQEESTSEEEPLMA,281,719,376,41.223,155,198,224,3,23,59.57,76,/stor/work/Wilke/crisprtn7/reblast2/GCF_001646955.1_KASP37_1.0_genomic.fna
NZ_LUTW01000007.1,262290..303171,tniQ,282290..283171,lcl|282290|283171|2|1,1,tr|A0A1Q9NJP2|A0A1Q9NJP2_HEILC,6.77e-04,tr|A0A1Q9NJP2|A0A1Q9NJP2_HEILC tniQ C2H2-type domain-containing protein OS=Heimdallarchaeota archaeon (strain LC_2) OX=1841597 GN=HeimC2_30240 PE=4 SV=1,MQNTSSETLPKVPAYLKQVISKFKQELKPETNSPTFDRRTVAIQSEPLDLSIPRXTVAAHTKTDFKQQESITKELEDRNVGVIFNQQTSKPVSSKKKHKCTFCEKSFAYSSNLIRHARIHTGEKPYKCKTCDKAFSEKSSLKIHARIHTGEKPYKCETCAKSFAYSSNLIRHARIHTGEKPYKCKTCEKSFTQHSALKEHVRNHTGEKPYKCETCAKSFSILSNLKEHVRTHTGEKPYKCETCEKSFAQSSNLKIHARIHTGEKPYKCETCDKAFAQHSTLTRHMTTHRNKFS,38.9,89,82,31.707,26,52,37,3,4,45.12,28,/stor/work/Wilke/crisprtn7/reblast2/GCF_001646955.1_KASP37_1.0_genomic.fna
NZ_LUTW01000007.1,262290..303171,xre,299474..300076,lcl|299474|300076|2|1,1,tr|A0A5M8S2Q9|A0A5M8S2Q9_BACAT,5.37e-04,tr|A0A5M8S2Q9|A0A5M8S2Q9_BACAT xre XRE family transcriptional regulator OS=Bacillus atrophaeus OX=1452 GN=DX926_05700 PE=4 SV=1,MSKELSSQDELAKARLQKEFAKYKNNNGISNREFAEAVGINPSLFSHYLNGVKPLTPKVAKRLADIMGIDSKALRPVAYQKVDTTIPVIGTLTNEMPAATCARISVREFKPSLVAIENNFDFTGDNDTYGYIILDTNMPPQKGDNVIYRRRDNPHFRQGMLQEYMRDLVIIVDNDDDKIRMKMSELAWIVPVHEFVTLEL,28.1,61,57,26.316,15,42,27,0,0,47.37,29,/stor/work/Wilke/crisprtn7/reblast2/GCF_001646955.1_KASP37_1.0_genomic.fna
NZ_LUTW01000007.1,262290..303171,CRISPR array,269946..270056,,,,,"Copies: 2, Repeat: 23, Spacer: 64",GTTATGTAAAGAAACTGTCAGTA,,,,,,,,,,,,/stor/work/Wilke/crisprtn7/reblast2/GCF_001646955.1_KASP37_1.0_genomic.fna
NZ_LUTW01000007.1,262290..303171,CRISPR array,269982..270089,,,,,"Copies: 2, Repeat: 30, Spacer: 47",GTAACGGTACTCCCGTTAGGTGTTACATGC,,,,,,,,,,,,/stor/work/Wilke/crisprtn7/reblast2/GCF_001646955.1_KASP37_1.0_genomic.fna
NZ_LUTW01000009.1,177411..218865,tnsA,198865..197411,lcl|198865|197411|1|-1,-1,UniRef50_A0A3M5N9X7,3.57e-06,UniRef50_A0A3M5N9X7 tnsA HTH gntR-type domain-containing protein n=380 Tax=Bacteria TaxID=2 RepID=A0A3M5N9X7_PSEAZ,MSCNYQTLWTLTPDQKDVKGFIVTMTIAINALKTEKGPLYRQIADALAEQINAGLLLPGSKLPTHRRLADQLHVTVGTITRAYGEVERRGLVEARVGAGTYVRDHRKANWVFSNDLDNSQCELGFNIPPSFDRSQMMQQAMSALTEDPRQINHLLLYHSAAGIAEHRETMVGWLSTLGLKLSSDRLLFTSGAQNATQLVLSAFSRAGDNLLVENLTYPGLISLARQQQLTLKPVAMDDQGLLPEALDNACRQYQPRFLYSMPTLQNPTTAVMGLQRRQEILDVCRQHNVYLIEDDVNGLLPEHRPEAMVNLDQEHVIYVGALSKFLAPGLRVGYVHAPEALYKQLMSTIQNQCWMVSPLLTGLACQLIEQGSADQTLHYIRQDIRQRRQLVCSLLADTGIQTAEDCFHAWLPVPEAWSLSDFLAALKTEGIAVKSAELFVPPGYAIPPAVRLSFSAPDNLDTLTSGLKTIKSLLATQPVAEFSL,46.2,108,61,32.787,20,41,40,0,0,65.57,13,/stor/work/Wilke/crisprtn7/reblast2/GCF_001646955.1_KASP37_1.0_genomic.fna
NZ_LUTW01000009.1,177411..218865,xre,178904..178317,lcl|178904|178317|3|-1,-1,tr|A0A2M8T4Q9|A0A2M8T4Q9_9BACI,3.04e-06,tr|A0A2M8T4Q9|A0A2M8T4Q9_9BACI xre XRE family transcriptional regulator OS=Bacillus sp. SN1 OX=2055158 GN=CVV77_06135 PE=4 SV=1,MIEAICSHGGLDLDVGSRLKSIRIMHNLSQRELAKRAGVTNSTISMIEKNSVSPSVSSLKKVLSGIPMSLVTFFSLDADDQESEPVVFRNSEAVPMEMDNILINVIGLNKPNRGFSFMDELYPPESDTGSDMLCHDGEEAGIVIEGTLELTVGNDVYQLNPGDSYYFDSTKPHRFRNLSKVNNCRLISCTTPANF,34.7,78,74,31.081,23,47,37,2,4,50.00,38,/stor/work/Wilke/crisprtn7/reblast2/GCF_001646955.1_KASP37_1.0_genomic.fna
NZ_LUTW01000010.1,47762..90779,tnsA,67762..70779,lcl|67762|70779|1|1,1,UniRef50_A0A345DB38,3.86e-04,UniRef50_A0A345DB38 tnsA ResIII domain-containing protein n=396 RepID=A0A345DB38_9BURK,MKIQFDPDLDYQKVAIDSVVSVFEGQETCQTNFSVPAYSTPATHQADLYQGSEYDDLGVGNRLELLPDELLDNVRQVQLNQGLKQSKKLNSMDFTVEMETGTGKTYVYLRSAFELNQRYGFTKFIIVVPSVAIKEGVYKSLQITEQHFKEQYNNVQYDYFVYDSQKPDQVRSFATNDYIQIMVINIDAFRKSFTDPDKETKANLIHRTHDKLSGMKPIEFIRSTHPVVIIDEPQSVDTTAKSKEAIASLNPLCTFRYSATHKDKHNLLYKLDSIDAYEQKLVKQIEVAHIDVRDGHNKAYIKLLDTKSVKSGISAKIEMDVMQSGKVKRVVKTVKANDDLYELSGGRDVYEGYVINDIYCKTGDEYIDFTSKPDEIRKGELIGGVDDDEFKRLQIRKTIEEHLEKELLLIPMGIKVLSLFFIDKVANYRFYKDGVAQPGKYANIFEEEYVNIARKGKYRSLFEETSPEALVSQLHNGYFAIDKKKDSAGEAQFKDSKLSAKGEGGKTAADESAYNLIMKEKERLLSLDCKLKFLFSHSALKEGWDNPNVFQICTLNETASVIKKRQEIGRGLRIAVNQQGERVHGFEVNTLTVMANESYEDFVASLQKEIEEEEGIRFGVVDDHLFANIVIRHEGEKPEFLGAEKSEQIWQHLLDAGYIDKKGKVQDDLKTALKEGNLDLPYDVMEQAEQIQAVLKKVAGGLNIKDGSKRETVKLNKAVFLGEEFKSLWERIKYQTTYRVDFDHHALVEECAKAIEKDLVAGKTKFEYAKGTVATKRSGLEVTESKTQTYTYDAKDYKLPDIVSYLQNATNLTRRSIVSILTQCNRLDAFRNNPQKFIDEATNIIKLVMRRFIVDGIKYQKIGDDHFYCQELFQDKELKGYLGKNMLESGKSVYDHVIYDSDVEHDFAEAFEKSEEVKVYAKLPDWFKIETPLGTYNPDWAVLVENNGSQNLYFVVETKGSLFSDALRPTEQAKIDCGREHFKALGENVSFAKANNYESFVDQIA,42.4,98,91,32.967,30,52,46,3,9,50.55,8,/stor/work/Wilke/crisprtn7/reblast2/GCF_001646955.1_KASP37_1.0_genomic.fna
NZ_LUTW01000010.1,47762..90779,cas3,61795..64776,lcl|61795|64776|1|1,1,gi|148642226|ref|YP_001272739.1|CAS-I|cas3|cas3,1.45e-04,gi|148642226|ref|YP_001272739.1|CAS-I|cas3|cas3 cas3,MQIAKECAQWIERKVEVRSTSMANQNLFHISKADNNDTAIQGSSHFTSTGLGFSESDQFDMNMCLTDSTATQGMLEWFNAIWHSPSASDAKQLVLDQLNKLTQDQSPQFIYFLTLYHLFKDFLEEIDEDSIIKSKTGFKDTLVWNKLYKFQKDGVLGAIDKLERYNGCIIADSVGLGKTFSALAVIKYYELRNDRVLVLAPKKLRENWSVYTVNDKRNLLASDRFNYDILNHTDLTRTTGKSGEINLEAINWGNYDLIVVDESHNFRNSSSAKEGHTRYSRLMDEIIRSGVKTKVLMLSATPVNNRMNDLKNQVAFITEGQDTAFEAQGISSIEITLKKAQTQFNQWLKLDEAQRSTQSLLEGMNFDYFKLLDLLTIARSRKHIEKYYDIAEIGAFPERLKPLNIKEDIDSNGQFPPLKEINRIIRRLNLSAYAPLKYVRMEKRVEYNRKYDVQVSEGSVFKMVDREQSLIHLMRVNLLKRMESSIHSFALTLKKLLGTVDLLLCKLDSHSTDDIEELSINDIEVDSPEFDPYLIGKKVKILIKDIDHILWRQDLEEDRTRLQQLLTEAQAIDAKRDAKLHRLQAIIERKCQRPLNPGNKKVIIFTAFADTAQYLYQHIAPWVSQQLGLHSALVTGAGSNKSTLAGVSSNLNNLLTAFSPVSKERSKVSDSPGDEIDILIATDCISEGQNLQDCDFLINYDIHWNPVRIIQRFGRVDRLGSKNSTIQLVNFWPNMELDEYINLEARVSGRMVLLDISATGEENVIEQDSGKQMNDLEYRRKQLQELQDNVVDLEDISGSVSITDLTLNDFRMDLSGFMKEHLGDLESAYTGLFAASAIDPAFIRQTGDHAIEPGALFCLKQLTAQEPSSSDGYALAPYYLVYVTDDNEVKYPFSQTKKMLDILKKQGLGHHLPNQEAIDSFNAITRHGKDMAHYRQLLETAISSIIGTHQEKGIDSLFSRGGTRLNQGRFQGMDDFEVVSFLIIREPAQAAAS,44.7,104,171,26.901,46,85,82,8,40,47.95,17,/stor/work/Wilke/crisprtn7/reblast2/GCF_001646955.1_KASP37_1.0_genomic.fna
NZ_LUTW01000010.1,47762..90779,cas3,67762..70779,lcl|67762|70779|1|1,1,gi|488777683|ref|YP_007947099.1|CAS-I|cas3HD|cas3,0.008,gi|488777683|ref|YP_007947099.1|CAS-I|cas3HD|cas3 cas3,MKIQFDPDLDYQKVAIDSVVSVFEGQETCQTNFSVPAYSTPATHQADLYQGSEYDDLGVGNRLELLPDELLDNVRQVQLNQGLKQSKKLNSMDFTVEMETGTGKTYVYLRSAFELNQRYGFTKFIIVVPSVAIKEGVYKSLQITEQHFKEQYNNVQYDYFVYDSQKPDQVRSFATNDYIQIMVINIDAFRKSFTDPDKETKANLIHRTHDKLSGMKPIEFIRSTHPVVIIDEPQSVDTTAKSKEAIASLNPLCTFRYSATHKDKHNLLYKLDSIDAYEQKLVKQIEVAHIDVRDGHNKAYIKLLDTKSVKSGISAKIEMDVMQSGKVKRVVKTVKANDDLYELSGGRDVYEGYVINDIYCKTGDEYIDFTSKPDEIRKGELIGGVDDDEFKRLQIRKTIEEHLEKELLLIPMGIKVLSLFFIDKVANYRFYKDGVAQPGKYANIFEEEYVNIARKGKYRSLFEETSPEALVSQLHNGYFAIDKKKDSAGEAQFKDSKLSAKGEGGKTAADESAYNLIMKEKERLLSLDCKLKFLFSHSALKEGWDNPNVFQICTLNETASVIKKRQEIGRGLRIAVNQQGERVHGFEVNTLTVMANESYEDFVASLQKEIEEEEGIRFGVVDDHLFANIVIRHEGEKPEFLGAEKSEQIWQHLLDAGYIDKKGKVQDDLKTALKEGNLDLPYDVMEQAEQIQAVLKKVAGGLNIKDGSKRETVKLNKAVFLGEEFKSLWERIKYQTTYRVDFDHHALVEECAKAIEKDLVAGKTKFEYAKGTVATKRSGLEVTESKTQTYTYDAKDYKLPDIVSYLQNATNLTRRSIVSILTQCNRLDAFRNNPQKFIDEATNIIKLVMRRFIVDGIKYQKIGDDHFYCQELFQDKELKGYLGKNMLESGKSVYDHVIYDSDVEHDFAEAFEKSEEVKVYAKLPDWFKIETPLGTYNPDWAVLVENNGSQNLYFVVETKGSLFSDALRPTEQAKIDCGREHFKALGENVSFAKANNYESFVDQIA,38.9,89,217,23.963,52,135,87,7,30,40.09,20,/stor/work/Wilke/crisprtn7/reblast2/GCF_001646955.1_KASP37_1.0_genomic.fna
NZ_LUTW01000010.1,47762..90779,glmS,87372..88130,lcl|87372|88130|3|1,1,WP_000804546.1,1.18e-20,WP_000804546.1 glmS glucitol operon DNA-binding transcriptional repressor SrlR [Bacteria],MKVRKRIDRLDLELSRLEKLHVQDAAKLLNVSEMTVRRDLRQRDAGDPMLVGGYIVADPARHQGKSYLVTEAGTHNKEVKQSLAEYCVTMVSDGQTLFLDCGSTTEEIAHLIPDDISVTVICNALNIVLRLCHKKNCKIYMTGGEFNSDNLLFNSAGSSILDDFRPDLAFISTAGIDIEHGVTCHNISEVSDKRKALKSAQQKVLVCDSSKLGHAATAYIAEIDDFDILVTNHIADNKLAETLKKHIHTLEI,85.9,211,249,29.317,73,167,123,6,9,49.40,97,/stor/work/Wilke/crisprtn7/reblast2/GCF_001646955.1_KASP37_1.0_genomic.fna
NZ_LUTW01000010.1,128035..169903,tnsA,149903..148035,lcl|149903|148035|2|-1,-1,UniRef50_A0A345DB38,7.83e-04,UniRef50_A0A345DB38 tnsA ResIII domain-containing protein n=396 RepID=A0A345DB38_9BURK,MYELRPYQKHSVKKILDIANTGYSSHSVAVLGTGAGKSIIIADVIRKLAKKVLVLSRNKEICLQNAQKYSDLTGKLPSIFNAGLGQKSLHMDAVFASAQSLVNLDERAYPKFDLIIIDECHQWGLEVGSATVQGRQIISICKKLNPAVPVVGLTATPFRLKANPTGGEYFNWPIYGGNDAFFKECVVDVSEETLTAQGFLAPIEYASDTKTLFAARGANVTSNDFKENELARICDNETKVRSSVAKIVQSAEQRSGGCIIFAATKQQARMIYEHIHSESKACIFGDTVSKLRDLYILQFKEGKIKYLVNVLVLTTGFDAPNITTLAIMRPTASYSLFRQIIGRGMRLHPGKRSCLLMDFTDNVERFSEVADLSKLLGDKLSNGELSLPIEQRSMSEKESEKVTCPTCHYPNTQSSDQCMNWVMGDDEKYKFCDTYLEPKSCNFCGQINAKSSESCSGCESSMVIIHECEYCKNDTPENSPFCINCGMSSSERFEAIRKAANLANSYRGEPVYRCVADADKLKFLTDFSILFDIDVDGKKYTSYAAGDVFQFINTLAPVLHMLGILKQCRIASVRDKSGVVVKNLLHINAERIKQHSKYLYHSLSKKINSDEVIPRVITIDYT,40.4,93,101,29.703,30,63,51,3,8,50.50,15,/stor/work/Wilke/crisprtn7/reblast2/GCF_001646955.1_KASP37_1.0_genomic.fna
NZ_LUTW01000010.1,128035..169903,cas8c,149903..148035,lcl|149903|148035|2|-1,-1,"gi|56965357|ref|YP_177089.1|CAS-I-C|cas8c|LS,CASCADE",0.003,"gi|56965357|ref|YP_177089.1|CAS-I-C|cas8c|LS,CASCADE cas8c",MYELRPYQKHSVKKILDIANTGYSSHSVAVLGTGAGKSIIIADVIRKLAKKVLVLSRNKEICLQNAQKYSDLTGKLPSIFNAGLGQKSLHMDAVFASAQSLVNLDERAYPKFDLIIIDECHQWGLEVGSATVQGRQIISICKKLNPAVPVVGLTATPFRLKANPTGGEYFNWPIYGGNDAFFKECVVDVSEETLTAQGFLAPIEYASDTKTLFAARGANVTSNDFKENELARICDNETKVRSSVAKIVQSAEQRSGGCIIFAATKQQARMIYEHIHSESKACIFGDTVSKLRDLYILQFKEGKIKYLVNVLVLTTGFDAPNITTLAIMRPTASYSLFRQIIGRGMRLHPGKRSCLLMDFTDNVERFSEVADLSKLLGDKLSNGELSLPIEQRSMSEKESEKVTCPTCHYPNTQSSDQCMNWVMGDDEKYKFCDTYLEPKSCNFCGQINAKSSESCSGCESSMVIIHECEYCKNDTPENSPFCINCGMSSSERFEAIRKAANLANSYRGEPVYRCVADADKLKFLTDFSILFDIDVDGKKYTSYAAGDVFQFINTLAPVLHMLGILKQCRIASVRDKSGVVVKNLLHINAERIKQHSKYLYHSLSKKINSDEVIPRVITIDYT,39.3,90,72,27.778,20,49,42,1,3,58.33,12,/stor/work/Wilke/crisprtn7/reblast2/GCF_001646955.1_KASP37_1.0_genomic.fna
NZ_LUTW01000010.1,128035..169903,casR,164878..165210,lcl|164878|165210|1|1,1,gi|385805106|ref|YP_005841504.1|CAS-I|casR|CARF,8.33e-04,gi|385805106|ref|YP_005841504.1|CAS-I|casR|CARF casR,MLPHQFFKLLSDETRLRCLLLIARHGPLRVSELTAALEESQPKISRHLAQLRNLGVFKDERQGQSVYYAIADNIPGWSRKVIEGLAKSNCLQDNYEADIQRLLSIPNHSD,35.8,81,56,32.143,18,38,32,0,0,57.14,51,/stor/work/Wilke/crisprtn7/reblast2/GCF_001646955.1_KASP37_1.0_genomic.fna
