NZ_LUTV01000001.1,109238..158861,tnsA,129238..129840,lcl|129238|129840|1|1,1,UniRef50_UPI00082FB336,7.19e-150,UniRef50_UPI00082FB336 tnsA heteromeric transposase endonuclease subunit TnsA n=2 Tax=Endozoicomonas ascidiicola TaxID=1698521 RepID=UPI00082FB336,METKRKDVTKEDVERWTALWEKHWESGDYKPWHEVQEVPSQGRSRKITGVKSGRTHHLLSDAEYYVFLLLEYEGSVIEIYEQFPLMPLSKTVQIASERGLKPPKYRHRTIKDESTEKRAPLPNKIMSTDFLVKVDRNGEEVWVAIPVKTKSGIDASTDKNKSVLQKLEVERQYWLDRGVECKCMVKEDINKDLIFNLKWF,415,1067,200,100.000,200,0,200,0,0,100.00,100,/stor/work/Wilke/crisprtn7/reblast2/GCF_001646945.1_AVMART05_1.0_genomic.fna
NZ_LUTV01000001.1,109238..158861,tniQ,129963..130298,lcl|129963|130298|3|1,1,tr|A0A0M6ZPJ2|A0A0M6ZPJ2_9RHOB,2.69e-04,tr|A0A0M6ZPJ2|A0A0M6ZPJ2_9RHOB tniQ Uncharacterized protein OS=Labrenzia alba OX=311410 GN=LA5096_06214 PE=4 SV=1,MKSVSNITDPAIITTLQQASRLGPTPYLRERAHAVLLSHRGYTLEQIADVFSTQYQTISNWIDQWEDFGIRGLYKSHGGGVPLTFNPEEVARFKELVKNEPRRIRHAKAVL,36.6,83,81,32.099,26,41,36,3,14,44.44,67,/stor/work/Wilke/crisprtn7/reblast2/GCF_001646945.1_AVMART05_1.0_genomic.fna
NZ_LUTV01000001.1,109238..158861,tnsB,131393..133537,lcl|131393|133537|2|1,1,UniRef100_A0A2H9T7T7,1.89e-170,UniRef100_A0A2H9T7T7 tnsB Transposon Tn7 transposition protein TnsB n=1 Tax=invertebrate metagenome TaxID=1711999 RepID=A0A2H9T7T7_9ZZZZ,MNIGNKLNPVSEDSVLAESYIIIRINDISNKLFLINAEGKPRKPICFAYDEIKKEIANKLIHIASVSYSYYSLQDDADIKDDWKAVRDKRWEIIKPLVSEQKDLDMFLEYEKSSPVIGNRSREAGVSRPSIYKFIYMYLQGGLRRNALLPDYHKVGHGHHAIKKVGPPRKDKATGFVMTDECKELIKKSLKDYYYSKDEPGIKDTYDYLCDNYYSDEVFDEKEEIYVKVHWGDNRKPSIHQFRRWAKAFIDPVAASKKRLGRSKHDKDKRPLNSSSDLFVRGPGELYEIDATVGDIYLVSEFDRSRKTLIGRPVIYMVTDVYSRAIVGMYVGLEGPSWDGARAALYNTFSDKVEYCKGFDLQIAHEEWPMNCLCTGLLADRGEIISKQAEVILDSIGVKHLAFTSPYRGDLKGLVEKHFDIINDLVIQYLPGSTVKIKRERGARKPELDGMLTLKELTKLIALEVVEHNSSKVKNVVGDIERARDKVIETPSNLWDWGMKYGMGAANTIEADALYLGLLPKDDAKVRGDGIYYKGLRYHSESGFIQQQMSLSRMRKKRLPIQIKYTRSTTNYIWFIHPEDKSINICYLNDTMEKYRNLDHDELLDQQERESATLKTANKKREKGLARTRAVRMAMIDAAKKEKKGKGRNKTDDIKASRAKEKLHERRADAKKAEKASGIDSDKSAPTEKPERKKKSQENDTVDLINQLLGEDDE,490,1261,342,73.977,253,89,299,0,0,87.43,48,/stor/work/Wilke/crisprtn7/reblast2/GCF_001646945.1_AVMART05_1.0_genomic.fna
NZ_LUTV01000001.1,109238..158861,tnsC,133537..134991,lcl|133537|134991|1|1,1,UniRef100_A0A2H9T7P8,0.0,UniRef100_A0A2H9T7P8 tnsC Transposon Tn7 transposition protein TnsC n=1 Tax=invertebrate metagenome TaxID=1711999 RepID=A0A2H9T7P8_9ZZZZ,MTDYHKIGIPEYDGNPLIEALPEYKGRTEVITAALKKPLFSKDEVYHNELQRDRYTERLDSCIIPNTKFYKTYKKIYKLLLKSYKHRNPIDVATSQLINHVASEGRSAPYPASLEEITAPSLFLTGLSGMGKTYMVESILKLFFDQVIPHKKYNGKALNFQQLVYVKFNVPSDGSRRTLCLNFFRAVDSAIGTNYAPGNQLKTLNIADLEINMKKVCLMHHIGLIVIDELQNLSLVKSGGIDQAMAFFESLSNEVKVSLLYIGTYDTYDIYSEKFRTARRMAQEGMIDLAQPDMDDQVWNQLVEVLWRYQWVSSPVAMTEEIKKLLYDLTQGVTFCTVSLLKFANVRAIEDDEDSITADIIHQAYKEEFKLFMPALDALREKNYAAYDDLMPLAIRRILKSNQKYSLAGAHSVKNTPDEDSALDEVLETTVTARANNDKSDGADDASIDEIQGKKRRNESAKDVYDRLDSSGFFAVDTEWVTSD,638,1646,479,62.839,301,175,382,2,3,79.75,99,/stor/work/Wilke/crisprtn7/reblast2/GCF_001646945.1_AVMART05_1.0_genomic.fna
NZ_LUTV01000001.1,109238..158861,tnsD,135029..136930,lcl|135029|136930|2|1,1,UniRef90_A0A2H9T7P2,0.0,UniRef90_A0A2H9T7P2 tnsD TnsD domain-containing protein n=1 Tax=invertebrate metagenome TaxID=1711999 RepID=A0A2H9T7P2_9ZZZZ,MARLKLLTIHKHSDDFYQALLDCCYTQTCGVSTYRLNAIAEQLGMSLVELLHNHTGYGYYTHFMSVDHRRMLKQALASNQPSALESLAGTVTSRLGIKLYQAFCPHCAEQAVKRYGISYWHHFHELPGITACYLHGVKLIRSPMMPKHLTLPDIQQSRVIEASKQEILFAELSAELLIPKASSDNHNAVTGAYRSRLKRGGYVTSKGMIRSTKLLDDIGAFWGGLLSLTAFQNLRTDGRKHNFVRDLLRGGNKRTHPVKHILLSGFLDSLHQRQNTEKDRPATVANNAGDKEQAITLLRQGESLRGAAKQSGVSYYSIRKIAYEFEIPINGKGLKISAEKEAEVLGLLNSELSMKKIAELAGMSESGVDHILQAHPAIREKRRQAKKHNKESKRELYRQKSLEIIAANPKLHRKALFDQFNEVFVWLKNNDSQWLYRQLPAPQTAEKAQGYRHRAQETMRLKKQQSAINQLRSFARKLLSQPPAQRISSAFILRSLKVRNTPVHIRKRMPLFWEQLSRVAESHEEYQLRKLQTLYDRHPEYFKVYSVRRLLKLAKSFPAVSDNVTEATVNLRLGEVCSQRSMKHLLIIGKEVEPSNPVVMFNVCSNDSSYHPLSIVERRASVALGGAVRIISL,538,1387,627,44.338,278,342,393,4,7,62.68,98,/stor/work/Wilke/crisprtn7/reblast2/GCF_001646945.1_AVMART05_1.0_genomic.fna
NZ_LUTV01000001.1,109238..158861,tniQ,138861..137254,lcl|138861|137254|2|-1,-1,tr|A0A081NVM8|A0A081NVM8_9BACL,2.16e-04,tr|A0A081NVM8|A0A081NVM8_9BACL tniQ ABC transporter domain-containing protein OS=Paenibacillus tyrfis OX=1501230 GN=ET33_22665 PE=4 SV=1,MFQMSFGLVLIPGIMVFISVVRGIGSYLGSFYIDKVSSSVIHDLRVAMFDSLITLPNAYFDNNNSGHLIARLTYNVTQVTSAATSAIKIVVREGLTVIFLLSFLFYTNWKMTLIFIAALPVIALVVSYASNRFRRFSRKIQHSIGDLTQVTSETINGYREVRGFGGEDYESKRFESASATNVRQSLRLYKASAIQTPVLQFIISIALALLLFMVLWAKGDATTAALVGYVTAAALLPKPIRQLSEVNASIQKGIAAAESIFAMVDEVPEANTGLYTCDRVKGRIEFKNVCFTYPGSSSPALKDICFTVEAGKTYALVGRSGSGKSTLASLIPRFYNHTEGDILIDGTPLNDFELKNLRSQTALVSQNITLFNDTVARNIAYGALSETASDVDIRRAAEAAHAMEFIKGMTNGIHTMVGEDGVLLSGGQRQRLAIARAMLKDAPILILDEATSALDTESERHIQAALNEVMKGRTTLVIAHRLSTIENADCILVLEQGQIIERGTHRELLANGQHYAKLHKMQFHDEPGALTPIFA,41.6,96,98,24.490,24,69,49,1,5,50.00,18,/stor/work/Wilke/crisprtn7/reblast2/GCF_001646945.1_AVMART05_1.0_genomic.fna
NZ_LUTV01000001.1,176155..270451,tnsA,197396..196155,lcl|197396|196155|3|-1,-1,UniRef50_A0A1W6LD49,2.60e-42,UniRef50_A0A1W6LD49 tnsA UPF0761 membrane protein A4W93_20890 n=42 Tax=Betaproteobacteria TaxID=28216 RepID=A0A1W6LD49_9BURK,MAPAVNIWSTFQSFVAELGRRFIEHRCLENAAALTYTTLFAVVPLMTVTYSILSAVPDLQDVGDTVQNFIFESFVPSTGEVVQSYLNEFSQQARKLTGVGVMFLLVTSFLMLRTIDKALNNIWQVSHVRRGISGFLLYWAILSLGPLFLSAGLLATSYLASIKLVSDTTAIIGGEQWMLRLIPIFLSTLVLTLLYTAVPNRKVPVLHALAGAFFVAIMVELAKMGFTLFITLSPTYHLIYGAFAAVPLFLLWVYLSWLMVLLGAVLVRSLDLYGRQGRIDHPHPLISILLILKQLQVKFTSGDGLNFSDVQKRDLPVSLDDWESHTARLMSMGLINKNESGEWILTRDLRQVSLFDFCKELPWPMPLDEELENILFSDEPNWLSELIHRVRTVNHTRVEAFDCSLDELLSKQS,148,373,259,33.977,88,165,140,3,6,54.05,62,/stor/work/Wilke/crisprtn7/reblast2/GCF_001646945.1_AVMART05_1.0_genomic.fna
NZ_LUTV01000001.1,176155..270451,tnsB,216134..215211,lcl|216134|215211|3|-1,-1,UniRef100_A0A1B2F0V3,4.67e-06,UniRef100_A0A1B2F0V3 tnsB Transposon Tn7 transposition protein TnsB n=1 Tax=Pseudomonas putida TaxID=303 RepID=A0A1B2F0V3_PSEPU,MPDNRKNAVRPAPVNKLSEAEEQAIIDFCNSERFKSLPPSQIVPVLVDEGVYLGSESTFYRVMHKXGQQQHRGRAAKPARRKPTSYCATGPNQVWSWDITFLRSPVRGQFFYLYLVIDIYSRMIVTWEVHENESAEHASKMITKACLRHGISALERPLVLHSDNGSXMKGGTMLSTLQSLGVVSSFSRPRVSDDNPYAEAIFRTLKYRPGYPSKPFTDLTAARTWVHGFAQWYNEEXRHSGIKFLTPGQRHRGETETLMDNRKVVYALAKKRHPERWGSRATRNWDLPDEVWLNPDKCIAGQLSNAA,45.8,107,100,31.000,31,59,45,2,10,45.00,31,/stor/work/Wilke/crisprtn7/reblast2/GCF_001646945.1_AVMART05_1.0_genomic.fna
NZ_LUTV01000001.1,176155..270451,tnsA,250451..249516,lcl|250451|249516|3|-1,-1,UniRef50_A0A1C6RKQ5,8.45e-13,"UniRef50_A0A1C6RKQ5 tnsA Murein DD-endopeptidase MepM and murein hydrolase activator NlpD, contain LysM domain n=2 Tax=Micromonospora inyonensis TaxID=47866 RepID=A0A1C6RKQ5_9ACTN",MKIIVVDEKYSRTRTLAGSSVGFGMMLGCVLLLMAALGSSATYFWMKRGHADFLTQEGVANWKQVIELQQQDIGIVRQQTQHQVDALMLRMSELQGRLTRLDALGERLTAKAKLNDGEFDFSEAPAIGGPQDLMTSDEAFHQLTLMDAIDELSGQIESREQQLDLLDRLISNRTIYDDSFLAGLPVRKGWLSSRYGRRTDPFTGRPAWHNGVDFAGKRGSEVISVAAGVVVWSGKRSGFGLLVEVNHGNGYLTRYAHNEESLVKVGDIVSRGEALAKMGSSGRSTGPHVHFEVLKDGQPQDPAKYIYRASK,66.6,161,111,33.333,37,52,58,3,22,52.25,29,/stor/work/Wilke/crisprtn7/reblast2/GCF_001646945.1_AVMART05_1.0_genomic.fna
NZ_LUTV01000001.1,176155..270451,cas2,224622..225221,lcl|224622|225221|3|1,1,gi|479212170|ref|YP_007839952.1|CAS-I-E|cas2|cas2,1.41e-05,gi|479212170|ref|YP_007839952.1|CAS-I-E|cas2|cas2 cas2,MASRFRGFLPVVVDVETGGFNAATDALLEIAVTVIEMDEHGFVHPGESQSFHIKPFEGANIEKAAIDFIGIDPFHPLRIASEEEDAINRIFKTVRKAVKSQGCSRAVLVGHNAAFDLGFVMAAAERCDAKRNPFHPFSCFDTATLAGLAFGQTVLAKACAEADIDFDKAEAHSARYDTEKTAELFCTIVNQWKNLGGWQ,43.1,100,179,30.168,54,97,77,10,28,43.02,87,/stor/work/Wilke/crisprtn7/reblast2/GCF_001646945.1_AVMART05_1.0_genomic.fna
NZ_LUTV01000001.1,357459..398442,tniQ,377459..378442,lcl|377459|378442|2|1,1,tr|A0A2W1D0I8|A0A2W1D0I8_9PLEO,6.32e-09,tr|A0A2W1D0I8|A0A2W1D0I8_9PLEO tniQ Pectate lyase OS=Pyrenophora tritici-repentis OX=45151 GN=A1F97_07859 PE=3 SV=1,MADRPMPEVGYNDVLIKIRKTAICGTDMHIYHWDEWSQKTIPVGMHVGHEFVGEIIEMGDGVRGFEKGQRVSGEGHITCGHCRNCRAGRRHLCNFTVGVGVNRDGAFAEYLVIPAENAFPIPDDISDELASIFDPFGNAVHTALSFDLVGEDVLITGAGPIGIMAVAICKHVGARNVVITDVNEYRLDLARKMGATRAVNVANTELSDVMAELGMKEGFDVGLEMSGNGRAFEQMLENMNHGGKIALLGIPASDTVIDWNQVIFKGLVIKGIYGREMYETWYKMTSMLQSGLDISPIITHRFAVDDFEQGFEIMGSGQSGKVILDWN,54.3,129,176,27.273,48,114,90,7,14,51.14,51,/stor/work/Wilke/crisprtn7/reblast2/GCF_001646945.1_AVMART05_1.0_genomic.fna
NZ_LUTV01000001.1,357459..398442,guaC,374406..376010,lcl|374406|376010|3|1,1,ALD18734.1,3.04e-20,"ALD18734.1 guaC translation elongation factor 1-alpha, partial [Amanita aff. basii SS-CUAJ-OAX-MX-2013-1]",MSHQSELIATDIDEYLSRHERKEMMRFLTCGSVDDGKSTLIGRLLHDNSMVYEDQLAAVENDSKRVGTQGEKIDLALLVDGLQAEREQGITIDVAYRYFSTEKRKYIIADTPGHEQYTRNMATGASNCDLAIILIDARQGVLTQTRRHTYIANLLGIKHLVVAINKMDLVDYSRERFDEIRRQYLDFAESLKLSDVQFVPISALDGDNVVHRSQHMSWYRDSSLMVILENVELSRSSNLDDFRFPVQYVNRPNLDFRGFSGTIASGTVRPGDEVKVLPSGQTSTVERIVTWDGDLPQGIASQAVTLTLTDEIDISRGDMLIHNSGDVTVSSTLDTDVVWMAEEPLSLGRQYLIKFAGSQISGAFSDISYRVDINSLSEHEADKLQLNEIGQCQLQLTKDIPADRYQDNRQTGAFIVIDRLSNATVAAGMVRGASKQGSDIKPVSQRERQQRLGQKGGVFEVPGQYAVSVERLLFNRGFFPVVINNNDEFLELKLEMLSNTETVILLASDDLSQSEPLDLVRLTDQIAQSISLVE,85.5,210,111,39.640,44,58,65,2,9,58.56,19,/stor/work/Wilke/crisprtn7/reblast2/GCF_001646945.1_AVMART05_1.0_genomic.fna
NZ_LUTV01000001.1,414613..455575,tniQ,435575..434613,lcl|435575|434613|3|-1,-1,tr|A0A1B1MDJ1|A0A1B1MDJ1_STRLN,2.86e-04,tr|A0A1B1MDJ1|A0A1B1MDJ1_STRLN tniQ HTH lysR-type domain-containing protein OS=Streptomyces lincolnensis OX=1915 GN=SLCG_4177 PE=4 SV=1,MSYPFGFDLRSLEVFVEVVKSGTMTAAAQRLDISQSAISQTLANIEETLEAQLIDRAVRPIQLTPDGRFFYDRSIRILDHARQLSRSVKTGQVQHIDRARIAMVDSLVTAIGKPLTELLKKQTAEWFISTGLSHIHAQSLLSHDVDIIISDDQVFDGNELKRYPILREPLIMVCPAGFQGGDDLIMSLASQLDFARYPVHSLIGKSINHKLTRLQLELPRKLQLDNTAAIVNMVSTGLCWAITTPLCLYQCRQWINGLVDVHPLPAPDDFRELTLVSRSYDLWTIPEEMAVNSRAILKDKIVPELIQWMPWLDAKISIQK,40.4,93,61,36.066,22,36,38,1,3,62.30,18,/stor/work/Wilke/crisprtn7/reblast2/GCF_001646945.1_AVMART05_1.0_genomic.fna
NZ_LUTV01000001.1,414613..455575,cas3,424845..424210,lcl|424845|424210|2|-1,-1,gi|37525725|ref|NP_929069.1|CAS-I-F|cas3f|cas3,0.008,gi|37525725|ref|NP_929069.1|CAS-I-F|cas3f|cas3 cas3,MPRMAFKHLSSEERHYIEIELKNGTFQNKIAQKLGRDQSSLSRELGRNKGLRGYKHQQAHRMAQQRHQEKTKAVKLTDDIKRRIANDIRADWSPEQVAGRLKKEGVIELHHETIYQYIADDKRKGGTLYKHLRHQKKTYRKRYGSAHNRTGIPNRVGIEERPAVVNNRERVGDWEADTIIGKNHKGAIANGTDLSPQLLYSLSLRAFFLEC,35.8,81,118,31.356,37,75,54,4,6,45.76,55,/stor/work/Wilke/crisprtn7/reblast2/GCF_001646945.1_AVMART05_1.0_genomic.fna
NZ_LUTV01000001.1,533971..577150,tniQ,553971..557150,lcl|553971|557150|3|1,1,tr|A0A5S4FIA1|A0A5S4FIA1_9ACTN,9.38e-18,tr|A0A5S4FIA1|A0A5S4FIA1_9ACTN tniQ PLDc_2 domain-containing protein OS=Nonomuraea turkmeniaca OX=103838 GN=ETD86_18860 PE=4 SV=1,MPIFEELQSESKTYPENHRTFKVPANAYMAALTQYISSRLTKKLSNLSQDDQFEDSIQLAQLIAELIEPDSETLSLPLRRVLFSTDSTLQLPLCDHFSLGASSLITNDKTAKTNFFKNLKFELQTSDNFTFMVSFIRSSGLQLLLNPLESFQQREKRGRILTSVYMNITQPAALRKLLEQSHIETRVYTNTKESFHTKAYLFERQTHNNSCALIGSSNLSQAALINGEEWNVKIPRSNTSDVYDRAMTRFETLWDSAESVPLTESFIEQYEAYLEGRPVEETKTKKTFDFLKQNTSSQSEKNALKLYPNQMQQEALVNLASTRSIGETRAVAIAATGTGKTFLAAFDAHQCKAKQVLFLAHRDELLEGAIETFAKVFGSRDICGKYTGTSKETDKRFIFSTVQTLSREKNLQLFAPDAFDYMVVDEFHHAQAETYQKVINYFTPAFLLGMTATPERMDGRDVLKLCHYNIVCDIRLKEALAMELLAPFHYFGVADETVDYDQIERQASGQFVEAKLVNRLNTAERVDYIIEQMNKYSFHGQRRCTLGFCVNRAHAEFMNQSFNARGIASTVLTGLTDTRVRQQEINNLQDSGHPLEVIFTVDIFNEGVDIPQVNFLLFLRPTESSTIFIQQLGRGLRKANGKEYVTVLDFIGNYQNSYMVPLALSGESGRRDFDKDTLKRAVTNEFADLPAGCYVELDEVAKEKIISKLDSIRLDKTEYLKQLYLQFKKDLGSSPELMDFYTAENAPNPNFFLSKFGSLYSTKTKCNDHEGNHPELNANRHLREVSERLEAMCPLKWPYEFIALHLVLVDNLNDITTHDIVQGLSHYFSQDVQVNQHHSLITSAMTSLASPHNKISWTFGSLSDNTFSIAPEFQSLMNSSEFARSYISERINYGLKLFRRHFKPDAFLGDGERFIRYQNYTRNDIQFLSGDTAKKGTWREGVKRVGKHYFLFINLNKDEEVDAHLHYKDYFIDPRTFHWQSQNQTSHSSSVGQHFIHHNRDGYQIHLFVRKQVKQYSLTLPFMYLGQVGYVSSKGDKPMSILWKLHSTVPLDIYEDLTE,86.7,213,207,30.435,63,133,102,6,11,49.28,19,/stor/work/Wilke/crisprtn7/reblast2/GCF_001646945.1_AVMART05_1.0_genomic.fna
NZ_LUTV01000001.1,533971..577150,cas3,553971..557150,lcl|553971|557150|3|1,1,gi|428215186|ref|YP_007088330.1|CAS-I-D|cas3|cas3,0.004,gi|428215186|ref|YP_007088330.1|CAS-I-D|cas3|cas3 cas3,MPIFEELQSESKTYPENHRTFKVPANAYMAALTQYISSRLTKKLSNLSQDDQFEDSIQLAQLIAELIEPDSETLSLPLRRVLFSTDSTLQLPLCDHFSLGASSLITNDKTAKTNFFKNLKFELQTSDNFTFMVSFIRSSGLQLLLNPLESFQQREKRGRILTSVYMNITQPAALRKLLEQSHIETRVYTNTKESFHTKAYLFERQTHNNSCALIGSSNLSQAALINGEEWNVKIPRSNTSDVYDRAMTRFETLWDSAESVPLTESFIEQYEAYLEGRPVEETKTKKTFDFLKQNTSSQSEKNALKLYPNQMQQEALVNLASTRSIGETRAVAIAATGTGKTFLAAFDAHQCKAKQVLFLAHRDELLEGAIETFAKVFGSRDICGKYTGTSKETDKRFIFSTVQTLSREKNLQLFAPDAFDYMVVDEFHHAQAETYQKVINYFTPAFLLGMTATPERMDGRDVLKLCHYNIVCDIRLKEALAMELLAPFHYFGVADETVDYDQIERQASGQFVEAKLVNRLNTAERVDYIIEQMNKYSFHGQRRCTLGFCVNRAHAEFMNQSFNARGIASTVLTGLTDTRVRQQEINNLQDSGHPLEVIFTVDIFNEGVDIPQVNFLLFLRPTESSTIFIQQLGRGLRKANGKEYVTVLDFIGNYQNSYMVPLALSGESGRRDFDKDTLKRAVTNEFADLPAGCYVELDEVAKEKIISKLDSIRLDKTEYLKQLYLQFKKDLGSSPELMDFYTAENAPNPNFFLSKFGSLYSTKTKCNDHEGNHPELNANRHLREVSERLEAMCPLKWPYEFIALHLVLVDNLNDITTHDIVQGLSHYFSQDVQVNQHHSLITSAMTSLASPHNKISWTFGSLSDNTFSIAPEFQSLMNSSEFARSYISERINYGLKLFRRHFKPDAFLGDGERFIRYQNYTRNDIQFLSGDTAKKGTWREGVKRVGKHYFLFINLNKDEEVDAHLHYKDYFIDPRTFHWQSQNQTSHSSSVGQHFIHHNRDGYQIHLFVRKQVKQYSLTLPFMYLGQVGYVSSKGDKPMSILWKLHSTVPLDIYEDLTE,39.7,91,198,22.727,45,134,88,8,19,44.44,18,/stor/work/Wilke/crisprtn7/reblast2/GCF_001646945.1_AVMART05_1.0_genomic.fna
NZ_LUTV01000001.1,533971..577150,glmS,548056..546521,lcl|548056|546521|1|-1,-1,WP_035343592.1,3.67e-68,WP_035343592.1 glmS two-component system response regulator GlrR [Dickeya],MIHRRKNFTDLALNLTRGLSSQDRFDRMLVTVRDLLDSEATALLLLKGQTFVPLAINGLDHDVLGRYFQIDQHPRLEAIARAGDVVRFPADSDLPDPYDGLISSHSGALKVHACIGLPLHINDRLIGALTIDGFSANQFDSFSDDELRTVSALAAASLNNALMMEQLEQQAANSTSHPVTLSQSSASVEMIGQSPAMEQLKKEINVVAGTDLTALICGETGVGKELVAAAIHAQSSRASENMVYLNCAALPESVAESELFGHVKGAFTGAISHRKGKFEMADGGTLFLDEVGELSLALQAKLLRVLQYGDLQRIGDDRSLKVDTRIIAATNRDLEQRVLEGEFRADLFHRLSVFPINVPPLRERGSDLFLLAGYFLEKCRVQLGIQTISLSSDCHHGMLRYSWPGNVRELEHCLHRAAVLAKAEAVSEYVLIQSKHFGRLFLSGEHEAEAKEVLPALSEQTLGLREATEVFQRQLIQQMLNANDQSWAATARQLSVDAGNLHRLARRLGLK,223,569,259,42.857,111,141,172,1,7,66.41,51,/stor/work/Wilke/crisprtn7/reblast2/GCF_001646945.1_AVMART05_1.0_genomic.fna
NZ_LUTV01000001.1,533971..577150,yciA,567917..567348,lcl|567917|567348|3|-1,-1,WP_010948520.1,1.51e-04,WP_010948520.1 yciA acyl-CoA thioesterase [Legionella pneumophila],MGSLCFGNHHHGRANYTTVQGVAFLKHVHHGIRFHVRIRHHGNRLMEVRVKRFAFRVNLQNLKLTQGIQQLFVSQAHTFQHGFVLAFGLFSVLDTFFKALNHRNHFIYELINAKLVGFFHVLLGATFGVHRFSGRTQSLIFGKSQLLFQLFDTACIYRCFVSGHQFWLFVKEWVFLCNVFCRRFSFRCF,37.7,86,61,32.787,20,38,34,2,3,55.74,31,/stor/work/Wilke/crisprtn7/reblast2/GCF_001646945.1_AVMART05_1.0_genomic.fna
NZ_LUTV01000001.1,533971..577150,glmS,570251..571417,lcl|570251|571417|2|1,1,KKW72534.1,1.11e-11,"KKW72534.1 glmS glutamine-fructose-6-phosphate transaminase (isomerizing), glmS, partial [Lactococcus lactis subsp. cremoris DPC6860]",MQVAQGFLMSKRDYYEVLGVDKSTSEKDIKKAYRRMAMKFHPDRNPGDAEAESKFKEINEAYEVLTDSQKKAAYDQYGHAGVDPNMGGGGFGGAGAGGFGDIFGDVFGDIFGAGGGGRGRSSVQRGSDLRYQMELSLEEAVRGVSKKIRIPTLVGCTACDGSGAKKGTQPVGCTTCGGIGQVRMQQGFFSVQQTCPDCRGTGKMIKDPCRECHGEGRVQEYKTLSVKIPAGVDTGDRIRLAGEGEAGVNGGPAGDLYVQVSVADHAIFQRDGKHLYCEVPITFVDAALGGELEVPTLDGRVKLKIPEETQTGKLFRLRGKGVLPVRGGSAGDLMCRVVVETPIKLTGRQKELFKELEETFKKEGHAKQSPKKQSFFDGVKKFFDDMTA,63.9,154,73,41.096,30,43,42,0,0,57.53,19,/stor/work/Wilke/crisprtn7/reblast2/GCF_001646945.1_AVMART05_1.0_genomic.fna
NZ_LUTV01000001.1,688624..729592,tnsA,709592..708624,lcl|709592|708624|3|-1,-1,UniRef50_A0A2I0QTD6,3.66e-04,UniRef50_A0A2I0QTD6 tnsA Heteromeric transposase endonuclease subunit TnsA n=1 Tax=Halalkalibacillus sp. B3227 TaxID=2018042 RepID=A0A2I0QTD6_9BACI,MNLYRLNLNLLPGLKALLDTQSVSLAAKQMHVTQSAMSRTLAQLREALHDPILVRQGNKVFLSEKALALKEDVNRVVTEAGTIFENQQFDPWTTEKNFTIAGSYILLEQYLPDILHQFWKQAPNFNFELLDFSPQLDQKLEAGQVDLVMAYVGKPPAGFSYVPLMEDTLCALISEDHPISDNDITVEDLEKYAVVRHSSWLGSPHFMRDYLDGLSRNIRVAAKAPSFPVALQLVNDSNRILLTMEKVAEANTYVKNMRMKPLPGKLPKVQYYIVWPEYWEHNRAHRWFREFIINRFRQQLKEAERRSQILTEQVSAADACMV,39.7,91,127,22.047,28,82,57,4,17,44.88,35,/stor/work/Wilke/crisprtn7/reblast2/GCF_001646945.1_AVMART05_1.0_genomic.fna
NZ_LUTV01000001.1,688624..729592,yciA,724400..724789,lcl|724400|724789|2|1,1,WP_013622500.1,2.04e-43,WP_013622500.1 yciA acyl-CoA thioesterase [Cellulophaga],MKYFSRRAVKPGDLNPAYRLFGGTLLAWIDEEAGIYASCKMGSGKLLVTKYMSEIDFVSSAACGDVLEFGLEVVNVGTTSLTLCCCVRNKVTRQVIIVVDRIVFVCVDAHGNPSAHQIGAEKIPQAMTA,137,344,116,53.448,62,53,85,1,1,73.28,90,/stor/work/Wilke/crisprtn7/reblast2/GCF_001646945.1_AVMART05_1.0_genomic.fna
NZ_LUTV01000001.1,688624..729592,CRISPR array,723698..723758,,,,,"Copies: 2, Repeat: 19, Spacer: 22",-----AGCATGGGAACGAGGTTGC,,,,,,,,,,,,/stor/work/Wilke/crisprtn7/reblast2/GCF_001646945.1_AVMART05_1.0_genomic.fna
NZ_LUTV01000001.1,688624..729592,CRISPR array,728995..729063,,,,,"Copies: 2, Repeat: 23, Spacer: 22",CGCTCACGACGATCGCCTCTGTC,,,,,,,,,,,,/stor/work/Wilke/crisprtn7/reblast2/GCF_001646945.1_AVMART05_1.0_genomic.fna
NZ_LUTV01000001.1,794628..836442,tnsA,814628..816442,lcl|814628|816442|2|1,1,UniRef50_A0A380Q0N8,1.96e-04,UniRef50_A0A380Q0N8 tnsA RNA polymerase sigma factor n=17 Tax=Enterobacterales TaxID=91347 RepID=A0A380Q0N8_YERFR,MSANSQQQSRLKELIARGKEQGYLTYAEVNDHLPEDISDPDQVEDIIRMINDMGISVFETAPDADTLLMAEADTDEAAAEEAAAALAAVEQEAGRTTDPVRMYMREMGTVELLTREGEIQIAKRIEEGWREVMSALAQFPGSAQIVIDEYDRVVEEEGRLTDIISGYIDPGDDVIPPPVVVEVNNDDLKDDDSEDDDEEEVDTGLDPEEAKERFGLLRDALAKANAAIAGNGRSNSQAALTELAEAFMPLKLIPRFFEMLVFRIRHAVDRIRTNERTIMQLCVRKSKMPRKIFLKVFPGNETNLNWVEELASGSGGYTEALLTHREDIVRAQKKLANIEKEFTLTLTEVKDINRKMSLGEARARRAKKEMVEANLRLVISIAKKYTNRGLQFLDLIQEGNIGLMKAVDKFEYRRGYKFSTYATWWIRQAITRSIADQARTIRIPVHMIETINKLNRISRQMLQEMGREATPEELAIRMEMPEDKIRKVLKISKEPISMETPIGDDEDSHLGDFIEDATMQSPIDRATGEGLKESTRMVLSGLTAREAKVLRMRFGIDMNTDHTLEEVGKQFDVTRERIRQIEAKALRKLRHPTRSDHLRSFLDE,42.0,97,50,40.000,20,29,33,1,1,66.00,8,/stor/work/Wilke/crisprtn7/reblast2/GCF_001646945.1_AVMART05_1.0_genomic.fna
NZ_LUTV01000001.1,794628..836442,rsmJ,810014..808980,lcl|810014|808980|3|-1,-1,PRD22402.1,8.94e-10,PRD22402.1 rsmJ rsmJ [Trichonephila clavipes],MVVLGIETSCDETGIALYDSKKGLLGDALFSQIDMHVDYGGVVPELASRDHIQRVLPLISEVLDQAGLKKADIEAVAYTRGPGLVGALMVGACVGKALAWAWDVPSIGVHHMEGHLLAPMLEDNPIAFPFVALLVSGGHTQLVQVDGIGQYHLLGESVDDAAGEAFDKVAAMLGLDYPGGPAISLLAEKGTEGRFRFPRPMTDRPGLDFSFSGLKTFTLNTVAKCREASDVELSEQDRADIARAFQDAVVATLTIKCRRALQQTGMKQLIIAGGVSANTSLRESLESMVAKEGGELRYARPQFCTDNGAMIAYAGCQRLVAGQNDGPEVVPVPRWPMDQLEAVN,57.8,138,114,28.070,32,66,58,2,16,50.88,33,/stor/work/Wilke/crisprtn7/reblast2/GCF_001646945.1_AVMART05_1.0_genomic.fna
NZ_LUTV01000001.1,794628..836442,xre,798728..799120,lcl|798728|799120|2|1,1,tr|A0A3T0L637|A0A3T0L637_9BACI,6.03e-05,tr|A0A3T0L637|A0A3T0L637_9BACI xre XRE family transcriptional regulator OS=Bacillus halotolerans OX=260554 GN=DIC78_03235 PE=4 SV=1,MILVDSSVWIDYFNGTLTPETDRLDQLLDYQFLVMGDLILTEVLQGFRKQSDFDQAKKLLTELETFSLCSPSLALASADNFRKLRQRGITIRKTIDVIIATWCIEHNASLLHSDRDFQPFVEHLHLKTVL,30.0,66,53,39.623,21,27,27,2,5,50.94,41,/stor/work/Wilke/crisprtn7/reblast2/GCF_001646945.1_AVMART05_1.0_genomic.fna
NZ_LUTV01000001.1,794628..836442,CRISPR array,801028..801089,,,,,"Copies: 2, Repeat: 19, Spacer: 23",CTCGGAGCATGGGAACGAG-----,,,,,,,,,,,,/stor/work/Wilke/crisprtn7/reblast2/GCF_001646945.1_AVMART05_1.0_genomic.fna
NZ_LUTV01000001.1,794628..836442,CRISPR array,795611..795699,,,,,"Copies: 2, Repeat: 18, Spacer: 52",GGTAGGCATTCCCACGCA,,,,,,,,,,,,/stor/work/Wilke/crisprtn7/reblast2/GCF_001646945.1_AVMART05_1.0_genomic.fna
NZ_LUTV01000001.1,836554..928846,tnsB,856844..856554,lcl|856844|856554|3|-1,-1,UniRef100_A5L531,3.56e-44,UniRef100_A5L531 tnsB Transposon Tn7 transposition protein TnsB n=1 Tax=Vibrionales bacterium (strain SWAT-3) TaxID=391574 RepID=A5L531_VIBBS,MRQFRYFYDNNYRKHDVIKQRTPSKIYDKDIRALTSTAAYMNIGPGGRYEIDATIADLYLVSEKDPEKIIGRPVVYVVPVRKPADNPLQQALTRFF,149,375,78,87.179,68,10,76,0,0,97.44,81,/stor/work/Wilke/crisprtn7/reblast2/GCF_001646945.1_AVMART05_1.0_genomic.fna
NZ_LUTV01000001.1,836554..928846,tnsB,857498..856932,lcl|857498|856932|3|-1,-1,UniRef100_A5KZL3,1.59e-58,UniRef100_A5KZL3 tnsB Transposon Tn7 transposition protein TnsB n=1 Tax=Vibrionales bacterium (strain SWAT-3) TaxID=391574 RepID=A5KZL3_VIBBS,MLLNSVFQNRKSKECYRVVFEAIDRLWLISISDEDAWPDMVMQSEFDELVEGGAYFEVDEPFEWKTVQSGSIEEQKRDQAYKVLIPLLCDPTKLLIKNERNTLIGLAAQSPQQRRYIVRQLRRYWQRGMSPNALTPDYHLSGAKGKPRRNLGKKTGPKRTVSSGEGIIVTEDIAEIFDLAISGFFIQN,192,488,189,51.323,97,91,127,1,1,67.20,100,/stor/work/Wilke/crisprtn7/reblast2/GCF_001646945.1_AVMART05_1.0_genomic.fna
NZ_LUTV01000001.1,836554..928846,tnsA,891049..893745,lcl|891049|893745|1|1,1,UniRef50_R8CPB2,1.60e-84,UniRef50_R8CPB2 tnsA Integrase catalytic domain-containing protein n=58 Tax=Bacillus TaxID=1386 RepID=R8CPB2_BACCE,MATTKIHESTEYQEYRMSMIIKRIMAFIFKLNLSVRGLDLCQQSMEGPVRRPKSNGWNNLTNFPSTKMGCSIRTESDIETAFVLECEENDDIIGFFDQPTTFRYTYLKPNGKKQATKTTPDFFIVDQNPSAKHNVRFVECKPFEKLVELCKQEPDRYSYDEKQGRFISPAIERELKGTNIAFYFYTDHDASPQALANIRHLLDFKRTAKKNSPLEKVEQKIISSVRDSQTATIATVLLQHSGVKVDSILKLIAERKIFIAMAHDKLSEPETCRIFASESASQVYGITKGKKASNLNPFKFPESPQRIEGFLCRHGRQEWLIRSVNTAQQTALVQIKENNHNELVSFKLDNIKALIQSRELEVLQWDTEEDNHTSIMLTASEENQRLALTRHKVVQQILSGHLNREQAAKKLGCSTRTIRRYLNQHSDGLHRRGNGLPELTNHDHGKGNTQKLISGPALEIAYDVIESEYLTPTNKSVMAVYGDYLSACKTNNIKAGSYSWLNRLIKNVDLRQKISARKGNKLANAMALITDNDGLIESRRGTRAFEYVHIDHTQADIAIKFPGRQPEKPWITVAVDSYSRTVLAVYVTMDKPGTPSLFMVIKELIERHCRFPESLFVDGGKEFESVVFEQFCAFYNITIRSRKCNPRGGSAVESVFKQMNEALIHRLTGNTQLMKNPRQLSANVNPFSLALWDFQSFKKTTHEYFYDHYNETEHPAHLMPPNQVLSDSMIRHGERDQRKIDINDELLTVMMLPYDKNGRTRIVQPVKGVERLGKHYTHELFNSSDWLRKKVELRYDPEDDSYVYCNLDGWKRCNRVAVEDRYYPGMDRSTISEGNAASRSFHHPKARAERALPITQKIIDTEKELKDITENAKDSEPNPETKTSSLEITPGRNDMDDF,288,737,815,27.362,223,550,382,20,42,46.87,89,/stor/work/Wilke/crisprtn7/reblast2/GCF_001646945.1_AVMART05_1.0_genomic.fna
NZ_LUTV01000001.1,836554..928846,tniQ,893947..895155,lcl|893947|895155|1|1,1,tr|A0A4Q4XEB1|A0A4Q4XEB1_9PEZI,7.83e-15,tr|A0A4Q4XEB1|A0A4Q4XEB1_9PEZI tniQ AAA domain-containing protein OS=Monosporascus sp. 5C6A OX=2211642 GN=DL771_011134 PE=4 SV=1,MQLPTQPEILDSIDTTANTTTPWSNDMPKKMLHPHRKFDDEILNSSIADRVEFFTGQLVRHKVLDQAYQELMLKACNVGGVEFIQLAGPTGAGKSTVIERFTRDKLAEFEQLISQNPHDIPVIKTVCPAAVKRKVPWQSLLKNILKSGGHALADSGQFILEYPEGTSQKNISKVLMRDNDEQELFDLVSNYINARNVCYLIIDEAQHIIDACKSGTEAFSAMEVLKSLAANSGCIIVLCGTYRLLRFGDSSAQLGRRSEIVELGPYQRGSDEELIQFGDALDALLARYPIHFSSTIFEKVSEIHLACCGCIGILKDLLTKALHRTLVAGKSHVSYSSLMENSMHPRELRRVAKEIEMGKDYFSRVAMIEVEEILLGAKTSVKKKAAKGPVQRKPERDPVEPM,74.3,181,255,24.314,62,169,106,4,24,41.57,61,/stor/work/Wilke/crisprtn7/reblast2/GCF_001646945.1_AVMART05_1.0_genomic.fna
NZ_LUTV01000001.1,836554..928846,tniQ,895158..896459,lcl|895158|896459|3|1,1,tr|A0A197ZX58|A0A197ZX58_9BACL,2.86e-37,tr|A0A197ZX58|A0A197ZX58_9BACL tniQ Uncharacterized protein OS=Paenibacillus oryzisoli OX=1850517 GN=A8708_25245 PE=4 SV=1,MLIYEALPRSILLDLKPVDSGKGFMHESVSSYIVRLAYAHNVTARDFMHHFLNPSIGQNRMCSNFFVRNGFSMLNGYRTKAEIYTHALSVFTDQPGLRVLSMQPWQSLLDSMGKGLFHDSKKWCQFCLQDWWEKGHPLYEPLIWSLKCLEHCPIHECKLQTICHKCGAKQYQVQRVLPLGFCPECGSFLGRRDHNSRDKQPLALKEQYLLDLVSSRHIVQENDELLLKLRTGIQQVMSCLNISSTIKLEKLIQFSKATISQWCSDAERGTKPTLSTLLNFCVAINVSPSDLIFSHHRIKPVAGTAILDGRKRFDNSDKYSWVKQQLIQTINCQTSIISINEMARQLKVGKSYIRYHFPDISEELVAKNNQLRKTKRENDYKRKYELVKSICQKLMSEEIFPSHTRVEEALKEQKSDLGYDEFTRIRRSVMRDI,139,349,416,25.721,107,284,192,11,25,46.15,93,/stor/work/Wilke/crisprtn7/reblast2/GCF_001646945.1_AVMART05_1.0_genomic.fna
NZ_LUTV01000001.1,836554..928846,tnsA,906798..905938,lcl|906798|905938|2|-1,-1,UniRef50_P0AC11,2.07e-28,UniRef50_P0AC11 tnsA Dihydropteroate synthase type-2 n=619 Tax=cellular organisms TaxID=131567 RepID=DHP2_ECOLX,MSNDFQLGGFLLDCAGKALDLSKPKVMGILNVTPDSFYEGSRCRDGWLKLAEQMVLDGADILDIGGESTRPGASGALSQEEELERVLPVIEGLNSRLDVILSVDTSSPLVMAETVKAGAGLINDVRALYRDGALEAAASTAVPIVLMHSLVEQPEPGFVPVYDDVVAEVGEYLASVVARCEQAGIAKERLIIDPGFGGGMFGKTPQYDLQILKGYRRFHKYGLPLFAGVSRKSFVGSTLNRDTEERLPGSLAAAMLAAQAGAHIIRVHDVRETVDVLRLLQAVEEA,108,269,264,30.303,80,176,139,7,8,52.65,91,/stor/work/Wilke/crisprtn7/reblast2/GCF_001646945.1_AVMART05_1.0_genomic.fna
NZ_LUTV01000001.1,836554..928846,tnsA,908846..906891,lcl|908846|906891|3|-1,-1,UniRef50_A0A0P9PXI9,5.42e-09,UniRef50_A0A0P9PXI9 tnsA TnsA endonuclease n=3 Tax=Pseudomonas syringae group TaxID=136849 RepID=A0A0P9PXI9_PSESX,MAKNLILWVIIALVLLTVFKNFDGMQSSTQKVAYSDFISQVENRQVSKVLIDGFTITGTMSNGERFETNLPPAVPDNKLMDELLLGKVQVDSKPIEKQSIWTQLLVASFPILVILAVFMFFMRQMQGGGGGRGGPMSFGKSKARLLSEDQIKTTFADVAGVEEAKEDVQELVDFLKDPGKFQRLGGRIPRGVLMVGPPGTGKTLIAKAIAGEAKVPFFTISGSDFVEMFVGVGASRVRDMFEQAKKQAPCIIFIDEIDAVGRHRGAGMGGGHDEREQTLNQLLVEMDGFEGNDGIIVIAATNRPDVLDPALLRPGRFDRQVVVGLPDIRGREQILKVHMRKVPVSDNVQPAVIARGTPGFSGADLANLVNEAALFAARANQRTVGQKEFDQAKDKIMMGAERKSMVMSDKEKSNTAFHEAGHAIVGRMVPDHDPVYKVSIIPRGRALGVTMFLPEEDRYSQSKEALLSQICSLFGGRIAEEMTLGKDGVTTGASNDIQRATQIARSMVTKWGLSEKLGPLQYDSEDGEVFLGKSYGHGNSGMNVSGETAKLIDQEVRFFIDDSYNRAYKILEDNRDKLDAMAAALMQYETIDSDQIDDIMEGRPVRPPKDSGDQDNNDSGINASAGDGESKNDTPDSKDSDKPIGGPAGEH,52.8,125,114,30.702,35,75,56,2,4,49.12,18,/stor/work/Wilke/crisprtn7/reblast2/GCF_001646945.1_AVMART05_1.0_genomic.fna
NZ_LUTV01000001.1,836554..928846,cas12b,916088..916927,lcl|916088|916927|2|1,1,KE386988.1,0.009,"KE386988.1 cas12b Desulfatirhabdium butyrativorans DSM 18734 genomic scaffold G492DRAFT_scaffold00017.17, whole genome shotgun sequence|cas12b|CRISPR|TypeVB",MKNLIKTGALAAAFSMGIMSAQADNVIRLATEGAYPPWNAVNSAGQLEGFEIELADELCARAKVECSLQQTAWDGIIPSLQQGKFDVIIAGMSITDKRKKKIAFSRAYASSPAFFVVSDDSPLKDFSTEVENLALGDMDDKEQAALMALKKALDGKTVGVQKGTIHLNFLKEYLKDEIDIRTYATQEQLDLDLQAGRVDIALAAMSYWHKLLSKEEGKNLLTVGPGVTEGPFGEGVGLGFRKKDQALADQFSVAIDSMVADGTLSAMAQKWFDFDAAAK,36.2,82,123,27.642,34,70,52,5,19,42.28,38,/stor/work/Wilke/crisprtn7/reblast2/GCF_001646945.1_AVMART05_1.0_genomic.fna
NZ_LUTV01000001.1,836554..928846,parE,889189..889497,lcl|889189|889497|1|1,1,CBL47071.1,1.39e-47,CBL47071.1 parE Plasmid stabilization protein ParE [gamma proteobacterium HdN1],MPAYCLTPDAQSDLLNIQRFTVEQWGASQSLKYLTELRASMQLIAETPALGKGRPDVGLDVLSFPQGSHVIYYVVHEQQIIVFGVLHKRMVPLNHLAERRKE,145,366,99,65.657,65,34,83,0,0,83.84,97,/stor/work/Wilke/crisprtn7/reblast2/GCF_001646945.1_AVMART05_1.0_genomic.fna
NZ_LUTV01000001.1,836554..928846,glmS,905852..904515,lcl|905852|904515|3|-1,-1,WP_000251875.1,2.20e-23,WP_000251875.1 glmS phosphoglucosamine mutase [Bacteria],MARKYFGTDGIRGKVGEFPITPDFVLKLGWAAGRVLADQGEGKVIIGKDTRISGYMFESALEAGLSAAGIDVVLTGPMPTPAIAYLTRTFNGQAGIVISASHNPFYDNGIKFFAGDGNKLSDEVELKIEALLDSDIDVVPSEKLGKVSRLDDAAGRYIEYCKASTAPQLDLRGMKIVVDAGHGATYQVGPAVFRELGADVVVMGVKPDGVNINEDAGSTKPEGMADMVLETGADLGIAFDGDGDRVIMVDDKGTIIDGDQLLYIIAMDRKNRGGLQGGVVGTLMTNLGMENALKEADVPFARANVGDRYVNEMLLANGWQLGGESSGHIICRDVSTTGDGIVSALQVLKAVQNAGKSMSELVAAISLYPQTMINVRVQHKRDTSTIPCIVNAVRQAELEMAGKGRVLLRASGTEPVIRVMVEGEDGTEVQSQAEKLATIVEHEMA,92.0,227,81,56.790,46,34,57,1,1,70.37,18,/stor/work/Wilke/crisprtn7/reblast2/GCF_001646945.1_AVMART05_1.0_genomic.fna
NZ_LUTV01000001.1,836554..928846,CRISPR array,863111..863255,,,,,"Copies: 2, Repeat: 54, Spacer: 36",AACCCATACCGGCGAGAAGCC-CTATCATTGCACTGAAATTGGTTGCGGAAAAGC,,,,,,,,,,,,/stor/work/Wilke/crisprtn7/reblast2/GCF_001646945.1_AVMART05_1.0_genomic.fna
NZ_LUTV01000001.1,977260..1017847,tniQ,998498..997260,lcl|998498|997260|3|-1,-1,tr|A0A2S3XKN4|A0A2S3XKN4_9GAMM,8.35e-76,tr|A0A2S3XKN4|A0A2S3XKN4_9GAMM tniQ Uncharacterized protein OS=Aeromonas veronii OX=654 GN=C2849_13385 PE=4 SV=1,MFLIRPEPEYDESLESYIIRLAEENRFRVKKLFPHLAKLLQKQRGKLAGAMATDLSRFNLYHANTSSSKRYWALHQLSELCCKDRMPLLEMAVLKTSRRFGEKHTALFWKGLDIPRIFFRSESIPICPQCLKEKPYILVFWHISLVRACPKHQTLLIESCPQCGLAIDYIRHGELHTCPCGFELSTAVAKPANPKLVRLSEQVYGFKPESSDQDNLLFRKSTTEAVFGAVLWFKQWVEKESDSSPLVDDDFLLRCIEFFDDWPARLSSRLEKLAYEGLEYSERSMKETAFRSLFGALLKISRYLPDDRLASNEVLKTVFAFLDQIVFQEDHPYSEIAHTLLDSFEACVILGVSIKQLARLIEDGLLHPCKQLKDKEQVNPTTPLFRLKDVFVLWSVSFQSRHSNRNLYLSRW,239,611,415,34.458,143,261,209,5,11,50.36,99,/stor/work/Wilke/crisprtn7/reblast2/GCF_001646945.1_AVMART05_1.0_genomic.fna
NZ_LUTV01000001.1,977260..1017847,tnsA,1004149..1002419,lcl|1004149|1002419|1|-1,-1,UniRef50_UPI000996D35A,2.08e-04,UniRef50_UPI000996D35A tnsA TnsA-like heteromeric transposase endonuclease subunit n=1 Tax=Streptomyces sp. CNQ329 TaxID=1298879 RepID=UPI000996D35A,MNIDQVILKGFRNFNDATIKFAQNTLVIGGNDVGKSNLMHALRMLLDKSLSDMDIEPTELDFHIDKDGNQADTFEITIAFSKVEEDAVLSVLKGHVSDEGETFFRYVGQRNGPSFKLYMGHSLADLEEIDSRFYLKHINLKYVHSQRDLQKFIQREKRHLLKFAQESLSDEEKAHDTYKLAAITRSLGVINADVSQLKYVANATRQVNKELKKLAHHHANYNVQLDSGAIQVNQFIEKLELGANTNGSQVMLGGDGRNNQILLALWKSKSEREHDHNSQVTFYVVEEPEAHLHPHQQRKLAQYLNTSLPGQSIITSHSPQITAKYSPDSIIRLLNEDGATRAASEGCSDCISTAWDNMGYRMSILPAEAFFASAVLLVEGPSEVLFYSTLAEKLDIDLDFYNISILAVDGVQFEVYTKILNAMGIPWAMRTDNDVSKITVKKVELRQLAGVNRCYAVAGIEKLPHRPKETTSYSLVSDDTWGTVSGSVNALGIYLSKQDLEYDLSLELPNELCTFANKELTDISAAVKYLQKQKAIRMRKFLGQYGEALESIRSGELAKPLLFCLNKAAKGATGDE,42.0,97,169,23.669,40,114,71,4,15,42.01,27,/stor/work/Wilke/crisprtn7/reblast2/GCF_001646945.1_AVMART05_1.0_genomic.fna
NZ_LUTV01000001.1,977260..1017847,tniQ,1012241..1011210,lcl|1012241|1011210|3|-1,-1,tr|K0Q410|K0Q410_9RHIZ,2.64e-09,tr|K0Q410|K0Q410_9RHIZ tniQ Putative TniB-like ATP-binding protein (Modular protein) OS=Rhizobium mesoamericanum STM3625 OX=1211777 GN=BN77_p40112 PE=4 SV=1,MSIVLTEQQKEKIRIARDKRIWSDIHGNIFAEMEDCKYLSKCGGEPACMLCRGDTGAGKSAVIAKFRDDHKRYEKLDASVIPVVYTVLPTKVSERGLLTSILKSIGPEIVDFKDFDDEEDLLREIVRLVDRLGIELFIIDEAQGFLEHDSRRLVYDATECVKNLIIRTNRPFILFGMPWCLHAVEQNSQLAGRFLRRRYLAPFRITQDQDRGAYIGFLDMLDEEFAKDLGFTEKAGLGSKDIALRLFAVSRGNLRVLRSVIDQAVVNAVRGNASKMEYDHFCQACDIFFPESNPFKIKSLDMIKYVELAKPSYWDKDAKRGQSPVVDQTYTQELKLSEALSAT,56.2,134,242,26.446,64,150,101,9,28,41.74,68,/stor/work/Wilke/crisprtn7/reblast2/GCF_001646945.1_AVMART05_1.0_genomic.fna
NZ_LUTV01000001.1,977260..1017847,tnsB,1014253..1012253,lcl|1014253|1012253|1|-1,-1,UniRef100_A0A0N8TSW6,4.89e-116,UniRef100_A0A0N8TSW6 tnsB Transposon Tn7 transposition protein TnsB n=1 Tax=Pseudoalteromonas sp. P1-25 TaxID=1723758 RepID=A0A0N8TSW6_9GAMM,MTIIQRFTEGTVFKLIPQIDTDEELLLRVESRTEKRLELTNLLQGGNTLSRSIEEIESSLANGNVEFVINSPDSQEEDPLSEDLACLPKKHREKVVLRFKYISKLRQLVETWTHKSLTPLIPKIARELNDSNPPGWRTLARWNESYSSNGQTIKALFSGQMKQGNWKSRFSDEVEGYIKDAIETYKTKERISIHEAWDNLDGYITKANKTRSEDDQFETPCYDVLRKRIKAEPPYEIMVAREGKRKADIEFASVGMSLKLERALQRVEVDHTKLDVFVVDDENYMPLGRPWLTTSIDAMSRSITGFYIGFHPPSFLSLTKLLKSIIIPKTYIKERYPEMRNPWVCSGVPELFVFDNGKEFWSKDLEIVLAELNIQTQYNPVQKPWLKGKIERLYGTINKKLLVDLPGKTFSNIFEKGDYDPEKNAVITFSTFLEILYTWVIDVYQQQPVAKGTIIPDLAWKEGILDFPPRHVDPKRLDIILGRTKYSKLRRGGIQYLNLKYDSDELAKLRGKIGSTQVMYKVDPDDLGHIHVFNESERKYIKVLAVDHEYAVGLSEWQHKVHKKYARKYIRKKYKHDDVVAARDAIKELVKREIENWENRGRKGKAGATAKAARYGKVADDSSGSLTDIAASSSDKPQSYPGDEGGKKEISDDWSVAVDRSGWSAS,358,919,582,35.911,209,354,325,9,19,55.84,86,/stor/work/Wilke/crisprtn7/reblast2/GCF_001646945.1_AVMART05_1.0_genomic.fna
NZ_LUTV01000001.1,977260..1017847,tnsA,1014995..1014363,lcl|1014995|1014363|3|-1,-1,UniRef50_Q87GC1,1.06e-43,UniRef50_Q87GC1 tnsA Tn7_Tnp_TnsA_N domain-containing protein n=42 Tax=Gammaproteobacteria TaxID=1236 RepID=Q87GC1_VIBPA,MYRRKLGKSKVNNIHRFVSPKNGSTVLTESTLEFHSCYSLEYDREVKSFESQPEGFEYIDGNKVRRYTPDHLVRMASGQEPYIEVKPLRIAKRKDFLDRFYCQRDEARRLGRDLWLWTEELIRKQPYLGNLQILHKYRNNDPITAEHRHVLDRVSSFGNHGVSIQELALSSGMGITQLLPLTYDLIARNQLDAELHSSPLTKESLVQIRS,144,362,206,40.291,83,120,118,3,3,57.28,98,/stor/work/Wilke/crisprtn7/reblast2/GCF_001646945.1_AVMART05_1.0_genomic.fna
NZ_LUTV01000001.1,977260..1017847,cas6,994194..993583,lcl|994194|993583|2|-1,-1,"gi|315127125|ref|YP_004069128.1|CAS-I-F,CAS-IV|cas6f|cas6",1.33e-34,"gi|315127125|ref|YP_004069128.1|CAS-I-F,CAS-IV|cas6f|cas6 cas6",MMRFSFGIRFKARSNNELMVGRCLKVLHGYQYSQGINSIGVTFPEYCNTTIGDVIGFVAADRHCLQQLMVHPYFQQMQKLKKFFFHEIITVPDNLPEVRYCKDQKSDKYCAGGRQRRIRRGQRIAEKKGYAYQPRYDPSNNERTIQLFHKIPMTSSENPAQVFYYRVQRHETNNISCGGYTSYGLANQQEAKGTVPELVFTNF,120,301,199,34.171,68,127,107,3,4,53.77,98,/stor/work/Wilke/crisprtn7/reblast2/GCF_001646945.1_AVMART05_1.0_genomic.fna
NZ_LUTV01000001.1,977260..1017847,cas7,995231..994191,lcl|995231|994191|3|-1,-1,"gi|217975324|ref|YP_002360075.1|CAS-I-F|cas7f|G7,CASCADE",8.99e-55,"gi|217975324|ref|YP_002360075.1|CAS-I-F|cas7f|G7,CASCADE cas7",MAQKVKLSKQHSQQRSLYIGKGLFFWVDEKAKEHPLSPDTTTISATKDGYSEGYAPSGEIKKSLQPQSLSHANIQTIQEAYMPPEAVALVIRFSITFKANSGKLYRCDSIEMNEVVAKLAETYKNVGGYRVLARRYLENLLLGVWLWENQCTLETEICLTDYKTKDQLIVDDVQARCFSWDLDDFDEALEPWIDRIERALTSPKDYCSILVEAKLKLPLSAEVFPSQGFVEGESLSKLLVTCNFNGEEQVVFTRHKLGAAVHQIDDWFSGADYRIRVSSYGADREGLTAHRLPKDGKDYFTLLQNANDYLEILESNPDLNGSKMNDIHFIMACHTCGGVRPKKSEK,181,460,339,33.628,114,213,173,6,12,51.03,96,/stor/work/Wilke/crisprtn7/reblast2/GCF_001646945.1_AVMART05_1.0_genomic.fna
NZ_LUTV01000001.1,977260..1017847,cas8f,997320..995206,lcl|997320|995206|2|-1,-1,"gi|117922286|ref|YP_871478.1|CAS-I-F|cas8f|LS,CASCADE",1.13e-52,"gi|117922286|ref|YP_871478.1|CAS-I-F|cas8f|LS,CASCADE cas8f",MVSELSVKALEPQPLSVKVVRMKVLGDLLEVEEKTEFNEAVKRAFFSDVPVEIDGHVREALIILTNLTRSSADKTDLDDEAAAKELLKNDQWHADIIVTTPWVTTHYLKDPNSRATGCVRWFTDDYGEDGEKYLGWSHNANKVSRSHFLATEFFWNNRVTSLFEAFSQQVNSQLIDELITLGLPVDKAQQLQELCRGGMDSCLPDSVSTESKVLLFPDGQGEYVAVTPLVAAGVQRWVHNLVGNPDVMSRPVFYTRPFLVSSFLATCKGKLYCFHYPPKLGTRDRKLDYLLDQWRFKKHLLNVRCVFQKKNLAFLLDCSLGKVVVESEKQGKDRLQKQAVGVKSIAEELFSLLCRLRAYYPSRCNQISQMLDETTELDVIRGSISNVNEAVEYFLSQLNDIFEQSQYSVQLAYHPRLMRLFEKGIKETLIKITEPVKSTDTVGQFLHFKRLLAYDVNARSNPYVIGLPALTAWAGLVHAFLCNLGYESRQTDFRFAIVLRKYSLNKGHPLPVQEIKNGRISNAPIIDRKSCDLEFDLIVQLPESAKEIDLSEDNLFGCMPSRFAGGTLTNPIEGTYGKCDFYRCCEIYSSLDDLSSSLIQLPSYARIISSVCESPGKHELVGLLSEGKVLPIGSGFRFLGAPTVREGIEGYLHAFAYSDMSVIRLSSVHILNPLDRGFWSMNYSDSGIAISVEQQTHGTKSETE,192,489,721,26.491,191,446,311,25,84,43.13,95,/stor/work/Wilke/crisprtn7/reblast2/GCF_001646945.1_AVMART05_1.0_genomic.fna
NZ_LUTV01000001.1,977260..1017847,cas4,1004149..1002419,lcl|1004149|1002419|1|-1,-1,"gi|365967614|ref|YP_004949176.1|CAS-I,CAS-II,CAS-V|cas4|cas4",1.20e-10,"gi|365967614|ref|YP_004949176.1|CAS-I,CAS-II,CAS-V|cas4|cas4 cas4",MNIDQVILKGFRNFNDATIKFAQNTLVIGGNDVGKSNLMHALRMLLDKSLSDMDIEPTELDFHIDKDGNQADTFEITIAFSKVEEDAVLSVLKGHVSDEGETFFRYVGQRNGPSFKLYMGHSLADLEEIDSRFYLKHINLKYVHSQRDLQKFIQREKRHLLKFAQESLSDEEKAHDTYKLAAITRSLGVINADVSQLKYVANATRQVNKELKKLAHHHANYNVQLDSGAIQVNQFIEKLELGANTNGSQVMLGGDGRNNQILLALWKSKSEREHDHNSQVTFYVVEEPEAHLHPHQQRKLAQYLNTSLPGQSIITSHSPQITAKYSPDSIIRLLNEDGATRAASEGCSDCISTAWDNMGYRMSILPAEAFFASAVLLVEGPSEVLFYSTLAEKLDIDLDFYNISILAVDGVQFEVYTKILNAMGIPWAMRTDNDVSKITVKKVELRQLAGVNRCYAVAGIEKLPHRPKETTSYSLVSDDTWGTVSGSVNALGIYLSKQDLEYDLSLELPNELCTFANKELTDISAAVKYLQKQKAIRMRKFLGQYGEALESIRSGELAKPLLFCLNKAAKGATGDE,63.2,152,166,30.120,50,103,80,7,13,48.19,27,/stor/work/Wilke/crisprtn7/reblast2/GCF_001646945.1_AVMART05_1.0_genomic.fna
NZ_LUTV01000001.1,977260..1017847,cas3,1010781..1007275,lcl|1010781|1007275|2|-1,-1,gi|507380408|ref|YP_008018527.1|CAS-I|cas3|cas3,0.002,gi|507380408|ref|YP_008018527.1|CAS-I|cas3|cas3 cas3,MEQSNFQFLKGVNDILYRLALAAERNYPDDPNTTMVKLRMFGEASAKHLAKLLCVDIPDNQHELLRELAKIAWVDESIISVFHKLRKLGNEAVHKFHDDLGDAENCLRLAYRLSVWYYRLLKKDTDFIAPVFVVPTSQSGEVLQKEVLNLKEALRQAQGGKAETAEGLASKENQLLALQGYISILESKQEETEEQTKARIEALEAQLKQKDEELAKKTDRQRKEYKKEMTERAAKRSLDLSEKETRFLIDDQLRQAGWEADTQKFTFAKDVRPEPGKNRAIAEWPTADGGWADYILFVGLQPVAVVEAKKKNADVSGKLNQAENYSLNFDHNFLKRTLLDEAADEGSRTLINDQFTDDHPVWVDSSGTRYFQIPFVYSTNGRPYLRQLQTKSGIWFRDVRKKTNHPKALPVWHQPEELLSKLKSDPEKAHEWLKGNTLDRLGLRYFQEEAVLAVEKAIERGQQNMLLAMATGTGKTRTAIAIMYRLIQSGRLNRILFLVDRTALGEQAIDSFDDTRINDEPFNTIFDIKELTDKFPDDSTAIHVATVQSLVKRTLFSDEFMPTERYDAIIVDEAHRGYILDKEQTEGEQVFRNQKDYISSYRRILDHFDAIKIGLTATPALHTLDIFGEPVYRYSYRKAVIDGYLTDQEPPVKIVTELSDGGIKLEKGETVQRITKNGELILDALEDEQNFDVSDFNRKVIAPGFNKAVCEELVNHIDPTSPQKTLIFCVKNSHADMVVEDLRIAFKKKYPDLENDAILKITGESEDNPKRLLGLITRFDKERLPNIVVTVDLLTTGIDVPSICNLVFLRKVKSRILYEQMKGRATRLCPEVGKTSFRIFDAVNLYETLEPVDTMKPVVIRPKVSLRELVNEITDSETYNVQEADGRSFAEHSHEQLVSKIQRIISLAQFNRMKSADVDKSIKRFDDVLAGIAGCDFNSLGRVLKEKGPQQAAEIFEQDSGMVERLENLKELINDLRDEPIFTDIPDKVIDVRREYGLFDKADDFLEAFDSFVKDNLNKHVALQTIANRPRDLTRKGLLDLVEWFDKEYFDESSLRVAWKAKTNQDIAARLIGHIRQAAVGDALKPFDERVDHALIKIKHENQWNPVQQEWLERLAKTLKESVVIDDDTFKIGNYRRRGGKRKIDAAFEGKLTEVLDKFTDYMWDELA,41.2,95,448,20.759,93,258,167,18,97,37.28,36,/stor/work/Wilke/crisprtn7/reblast2/GCF_001646945.1_AVMART05_1.0_genomic.fna
NZ_LUTV01000001.1,977260..1017847,cas3,1017434..1016865,lcl|1017434|1016865|3|-1,-1,gi|119720228|ref|YP_920723.1|CAS-I-D|cas3|cas3,0.008,gi|119720228|ref|YP_920723.1|CAS-I-D|cas3|cas3 cas3,MTQSLINTKVKPFKATAFHNGEFIDLTEESMLGKWAIVFFYPADFTFVCPTELGDVADHYEKLQSMGVEVYSVSTDTHFTHKAWHDTSDTIQKIKFPMIGDPTGTITRNFGVMIEEEGLALRGTFVINPEGEIKAIETNDLGIGRSAKDLVRKVQAAQYIAEHDGEVCPAAWQPGEETLAPSLDLVGKI,35.4,80,81,28.395,23,48,36,2,10,44.44,40,/stor/work/Wilke/crisprtn7/reblast2/GCF_001646945.1_AVMART05_1.0_genomic.fna
NZ_LUTV01000001.1,977260..1017847,xre,998954..999277,lcl|998954|999277|2|1,1,tr|A0A4R6HQ65|A0A4R6HQ65_BACIU,1.78e-06,tr|A0A4R6HQ65|A0A4R6HQ65_BACIU xre Transcriptional regulator OS=Bacillus subtilis OX=1423 GN=DFO69_2782 PE=4 SV=1,MSDRSSEALSPLPKRLMEARRAKGLSQKKLGILAGIDEFSASSRMNQYEKGKHAPDFATLKRLSDELDMPTCYFYCEEDWLAEILIRVQLVSASHRRKILQLLNLEK,33.9,76,41,34.146,14,27,24,0,0,58.54,38,/stor/work/Wilke/crisprtn7/reblast2/GCF_001646945.1_AVMART05_1.0_genomic.fna
NZ_LUTV01000001.1,977260..1017847,CRISPR array,993078..993466,,,,,"Copies: 7, Repeat: 28, Spacer: 32",GTTCTCAACTGCCTGCACGGCAGGTCAC,,,,,,,,,,,,/stor/work/Wilke/crisprtn7/reblast2/GCF_001646945.1_AVMART05_1.0_genomic.fna
NZ_LUTV01000002.1,14985..56031,tnsA,36031..34985,lcl|36031|34985|2|-1,-1,UniRef50_A0A2D2C3Y7,1.17e-17,UniRef50_A0A2D2C3Y7 tnsA Tn7_Tnp_TnsA_N domain-containing protein n=4 Tax=Paracoccus TaxID=265 RepID=A0A2D2C3Y7_9RHOB,MRRSHQGALLLTGLAILLPVMVIVSIGVGAVPIPAGDILTILFDRLGLIHSDVSNQSALIVESIRLPRTLLGVIVGGALAVAGASMQGLFRNPLADPSIIGVSSGAALGAGVAIVLGGMLFADAPSLIQSYSISVLAFGGGVLTTWLVYKMGSGSNGTSVATMLLAGVAINALAGAGMGMLNYIADDTMLRNLTFWQMGSLGGATWELVMICATFLIPVMLILIRYGQVLNALLLGESEARHLGINVQKIKLTLIFLTALAVGVSVSVSGIIGFVGLVVPHLIRLAVGPDHRILLPASAMLGGILLLGADMVARTVVAPAELPIGIVTALMGAPFFLSLLWQQRKRIA,79.3,194,103,42.718,44,57,72,2,2,69.90,29,/stor/work/Wilke/crisprtn7/reblast2/GCF_001646945.1_AVMART05_1.0_genomic.fna
NZ_LUTV01000002.1,14985..56031,glmS,21412..20651,lcl|21412|20651|2|-1,-1,WP_000804546.1,2.94e-35,WP_000804546.1 glmS glucitol operon DNA-binding transcriptional repressor SrlR [Bacteria],MLPVERREHILAFVEEKGCANIEEMAERFDVSQMTIRRDIRTLEQEDKLRVTYGGAVSKSFLMEDIPYEKKNAVNIEEKKSIAHEALKHVREGQIVLLDSGTSTMALAKLMMRMKVTVITTDLKIALQLSDSSTVKVYTTGGNVSAITKAHTDVAALSFLDSINADIAFLATNSWSLHNGVTTASNDHYYIRSKMMDRANKTVLLADSSKYGASSMKTICRLEDLDCIISDTKFDEESVAAIREAGGNIILPS,124,311,253,30.435,77,172,135,4,4,53.36,99,/stor/work/Wilke/crisprtn7/reblast2/GCF_001646945.1_AVMART05_1.0_genomic.fna
NZ_LUTV01000002.1,14985..56031,glmS,51152..49698,lcl|51152|49698|1|-1,-1,WP_035343592.1,7.39e-91,WP_035343592.1 glmS two-component system response regulator GlrR [Dickeya],MNMNSKVWIVDDDQAIRWVLERALSSAGIETQAFDAPEKVLTALERDEPEVIISDVRMPGMNGLDLLKAVHEKKPDIPVIIMTAHSDLDSAVSSYQSGAFEYLPKPFDIDEAVALVKRGQEHRQQQLADAPVQEVVESTEIIGEAPAMQEVFRAIGRLSHSNITVLINGESGTGKELVAKALHRHSPRAERSFIALNMAAIPRDLIESELFGHEKGAFTGAGGLRRGRFEQAGGGTLFLDEIGDMPADTQTRLLRVLADGEFYRVGGHTPVKADVRIIAATHQNLEKLVEEGKFREDLFHRLNVIRVHLPRLRDRQEDIPRLARFFLDKAGKELEVEPKILNPETATYISALDWPGNVRQLENTCRWLTVMASGREVLISDLPPELMDQADNDGAFAGYGNWQQLLRQWCDRELTAGHSSILDQAVPIFETIVIEAALAHTGGRKKDAAELLGWGRNTLTRKIKELGLESAQEESASEEEPLMA,281,720,376,41.489,156,197,224,3,23,59.57,76,/stor/work/Wilke/crisprtn7/reblast2/GCF_001646945.1_AVMART05_1.0_genomic.fna
NZ_LUTV01000002.1,246977..310305,tnsC,266977..269634,lcl|266977|269634|1|1,1,UniRef100_C5UT02,8.73e-04,UniRef100_C5UT02 tnsC Putative transposon Tn7 transposition protein TnsC n=1 Tax=Clostridium botulinum E1 str. 'BoNT E Beluga' TaxID=536233 RepID=C5UT02_CLOBO,MHDIDPIETREWLEALDSVLEQEGEDRAHFLLTRLSQHARAKGTQLPYAITTPYRNTIPPEKEARMPGDLFMERRIRSLVRWNALAMVMRANKKDSSLGGHISSFASSATLYDIGYNYFFHGHDDSREGDLVYYQGHVAPGIYSRAFLEGRLSEDQLDNFRQEVDGKGLSSYPHPKLMPDFWQFPTVSMGLGPIQAIYQAHFMKYLINRGLAQEQNRKVWAFLGDGEMDEPESLGAISLAGREKLDNLVFVVNCNLQRLDGPVRGNGKIIQELEGVFRGAGWNVIKVTWGRHWDPLLAQDKNGKLQKIMDEAVDGDYQNCKAKGGAWTRDNFFARDPEALKLVENLSDDDIWRLNRGGHDPYKVYAAYHEATHHTGQPTVILAKTVKGYGTGATGEAANISHNVKKLPVDDLKHFRDRFDLPIKDEEIENLPFFKPDADSPEMKYMRQRREKLGGFIPQRRVETDVKLEIPGLDAFEAVTKGSGEREISTTMAYVRILGALAKDKNLGKYIVPIVPDEARTFGMEGMFRQLGIYSAVGQNYEPVDSDQVMFYKESIQGQILEVGINEAGAHSAWIAAATSYSSNNVPMIPFYAFYSMFGFQRTGDLAWAAGDIQARGFLIGATAGRTTLNGEGLQHQDGHSHILASTVPNCISYDPTYGYEMAVIVQNGLQRMYGDGENVWYYITAMNENYRQPALPEGPEVIEGIIKGLYNLEECSRNSGLKVQLMGCGTILEEVRKAATILRDEYNIESDIWSATSFNELARDGKDAKRHNMLNPEGEQRTSWVEKQLAGRKGPVVAASDYMSLYANQIREFISGTFVALGTDGFGRSDSREKLRHFFEVDSQFIVVAALYALVQDGELEASVVSDAIKKFNIDPTKANPLYS,40.8,94,85,27.059,23,57,41,1,5,48.24,10,/stor/work/Wilke/crisprtn7/reblast2/GCF_001646945.1_AVMART05_1.0_genomic.fna
NZ_LUTV01000002.1,246977..310305,tnsA,290305..288866,lcl|290305|288866|2|-1,-1,UniRef50_A0A345DB38,5.79e-07,UniRef50_A0A345DB38 tnsA ResIII domain-containing protein n=396 RepID=A0A345DB38_9BURK,MNSRNTDAQILFASIQSVHKRAEELGRFDLLIIDECHLLNSESSETMYSRLIAGLREVNPALKIVGFTATPYRMKQGLMTEGKNPLFDEIVYETDIQRLIDDGFLSPLRSKAGKDKIDLAGVRTRQGDYLTSDIEEAVNKNDVTEKAVAEIIQYGQERKAWLIFCVSVAHAQQVKALLIDDGIEAECITGETPKDERSSILSDYKAGRIKALSSQGVLTTGFDAPLTDMIALLRATKSPGLYVQILGRGLRISPETNKTDCLVLDYGGNVERHGPIDRITVDHIKAGKGSGEAPVKECPECFELILAGLRVCPACHYQFPEREKHESEASNAALLANQIEPEWLDVDELIYNLHEKNGKPPSMQVSYRCGLETIREWVCFEHGGYARQKAVIWWVKRFDHDPVPELTNDALHRISETRDMKEPCRIEVVQDGRWQRIRAYDFTIKAGTPSEWNNNPADRPKPQGFNADHFDVFDTDIDF,50.1,118,284,23.944,68,162,118,12,54,41.55,54,/stor/work/Wilke/crisprtn7/reblast2/GCF_001646945.1_AVMART05_1.0_genomic.fna
NZ_LUTV01000002.1,446003..511668,tniQ,468171..466003,lcl|468171|466003|3|-1,-1,tr|A0A081NVM8|A0A081NVM8_9BACL,9.15e-07,tr|A0A081NVM8|A0A081NVM8_9BACL tniQ ABC transporter domain-containing protein OS=Paenibacillus tyrfis OX=1501230 GN=ET33_22665 PE=4 SV=1,MNPSSNSDQSWNVPTEQTADSDALLECLALLTRHYGHPYSRESLKAGLPLENGKFTTDVFIRSAERAGLACKLNKKALTEISSLVTPAVLLLNKKQACVLLDVDEKKGIAKILMPEAGEGIKRIKLSVLSESYTGYVIYIREKHRYDKRAPEKLNIKKRHWFWGTIFGSWRIYRDVLLASLLINIFVIASPLFIMNVYDRVVPNQAFDTLFVLAIGAFIVFTFDFVLKMVRSYFIDLAGKKSDILLSSTIMEKVLGLSMKARPTSVGSFAKSLQDFESIRDFITSTTVTALVDLPFTLVIIGVIFMLGGPLAVVPFGAMVLIALYSFFIHGALKRSVEKTLRSGQQKNATLIESLTGMEAIKVAHAESDVQYRWEKAVSHIATFSIKTKLLSQSATSFAAYVQQMCNIVLVIMGVYFISEGDLSMGGLIASVMLTGRCLGPMAQFAGLATRYNQAKSALEALTNIMDMPAERNEDRDYVNRPELKGSIQFDGVNFSYPDQEIQALRNINLQIKAGEKVAIIGRIGSGKTTMEKLILGLYEPDEGAVRMDGIDLRQINPTDLRTSIGCVTQDITLFYGSIKDNITLGANHVEDEQLLNAAEISGVAEFANKHPNGMDMVVGERGQNLSGGQRQSIAMARALLMDPPILVMDEPSSSMDNTTELRLKEQLKNRCQDKTLILVTHKASMLELVDRLIVVDNGHIVADGPKDQVHAALKQGKLKID,49.7,117,91,31.868,29,60,49,1,2,53.85,12,/stor/work/Wilke/crisprtn7/reblast2/GCF_001646945.1_AVMART05_1.0_genomic.fna
NZ_LUTV01000002.1,446003..511668,tnsA,489887..491668,lcl|489887|491668|2|1,1,UniRef50_A0A345DB38,6.58e-04,UniRef50_A0A345DB38 tnsA ResIII domain-containing protein n=396 RepID=A0A345DB38_9BURK,MAYQLRPYQTDAVHSVIRHFRQSNDPALLVLPTGAGKSLVISELARIARGRVLILAHVKELVEQNHNKYESYGLKASIFSAGLGQKEAIEQVVFGSVQSVVRNLSQFHHEPEQKAFTLLVIDECHRVSMEKNSSYQKVVEHFKRLNPNLKVLGLTATPYRLGMGWLYQYKNGLNNKGIVRTEEPRFFKHCLFELPLSYMVNNGYLTKPNVVDAPIVFYDFSLLYTDSFGRYPEQELNQLLKGNTRATRQIIDQVKSEATDRKGVMVFASTVDHAREIISYLPENESALIIGDTPAKERDHLINDFKDQQLKFLVNVSVLTTGFDAPHVDLIAILRPTESVSLYQQIAGRGLRLAEGKEECLIIDYAGNRFSLFSPEVGEPKPDSKAVPVTVPCPACGNENSFWGIVDGDGDLVEHYGRRCQGFEEFEGEKEQCSFRYRFKECDKCGAENDIAARKCHECQNGLVDPDKKLRDALNLKNCMVIRCSGMEMNCSKDSKGNTRLKVTYHDEDGAEVGEYFRLDTPAQQGAFYHYFGKHALINRGAPFKASTVDNVIHNRKKFRKPDFVIAHKEKHYWKIIDKIFDYQGSFRKAGML,40.4,93,261,23.755,62,142,107,11,57,41.00,40,/stor/work/Wilke/crisprtn7/reblast2/GCF_001646945.1_AVMART05_1.0_genomic.fna
NZ_LUTV01000002.1,446003..511668,cas3,489887..491668,lcl|489887|491668|2|1,1,gi|557694418|ref|YP_008797472.1|CAS-I|cas3|cas3,0.005,gi|557694418|ref|YP_008797472.1|CAS-I|cas3|cas3 cas3,MAYQLRPYQTDAVHSVIRHFRQSNDPALLVLPTGAGKSLVISELARIARGRVLILAHVKELVEQNHNKYESYGLKASIFSAGLGQKEAIEQVVFGSVQSVVRNLSQFHHEPEQKAFTLLVIDECHRVSMEKNSSYQKVVEHFKRLNPNLKVLGLTATPYRLGMGWLYQYKNGLNNKGIVRTEEPRFFKHCLFELPLSYMVNNGYLTKPNVVDAPIVFYDFSLLYTDSFGRYPEQELNQLLKGNTRATRQIIDQVKSEATDRKGVMVFASTVDHAREIISYLPENESALIIGDTPAKERDHLINDFKDQQLKFLVNVSVLTTGFDAPHVDLIAILRPTESVSLYQQIAGRGLRLAEGKEECLIIDYAGNRFSLFSPEVGEPKPDSKAVPVTVPCPACGNENSFWGIVDGDGDLVEHYGRRCQGFEEFEGEKEQCSFRYRFKECDKCGAENDIAARKCHECQNGLVDPDKKLRDALNLKNCMVIRCSGMEMNCSKDSKGNTRLKVTYHDEDGAEVGEYFRLDTPAQQGAFYHYFGKHALINRGAPFKASTVDNVIHNRKKFRKPDFVIAHKEKHYWKIIDKIFDYQGSFRKAGML,38.5,88,112,23.214,26,81,58,2,5,51.79,19,/stor/work/Wilke/crisprtn7/reblast2/GCF_001646945.1_AVMART05_1.0_genomic.fna
NZ_LUTV01000002.1,516004..556909,tniQ,536004..536909,lcl|536004|536909|3|1,1,tr|A0A1X0B0X5|A0A1X0B0X5_9MYCO,4.43e-05,tr|A0A1X0B0X5|A0A1X0B0X5_9MYCO tniQ HTH lysR-type domain-containing protein OS=Mycobacterium aquaticum OX=1927124 GN=BST13_12675 PE=4 SV=1,MNRLLKHFKVVAHHKKIASACRELNISQPALSKSIKTLENNFGLPLFERLPRGMELTEAGVRLLNRIRRMDMEYQYAVEEINLLRSGKGCKLFIGAGTVWERYLPPVISQLYDEYPNLEVIIRADTNEQLMPDLVEGKLDVVLGGGNDQIGTREQLAFLPLLNVNMKIAAHRSHPLASMSAVTAEQLAEYPWVAYQRSKGAFLNQLFDRKGIKSVRYSLQTELLDVALDVMEKRKALLCIAEQFFYKLPENDVVQIHLNEAIWNFHSGIWYQSSARYTPVVDRFIDLLTQEVERLEQTPAY,42.7,99,66,34.848,23,41,34,1,2,51.52,21,/stor/work/Wilke/crisprtn7/reblast2/GCF_001646945.1_AVMART05_1.0_genomic.fna
NZ_LUTV01000002.1,516004..556909,cas8c,556878..556219,lcl|556878|556219|3|-1,-1,"gi|525656093|ref|YP_008219474.1|CAS-I-C|cas8c|LS,CASCADE",0.007,"gi|525656093|ref|YP_008219474.1|CAS-I-C|cas8c|LS,CASCADE cas8c",MCLEYHKYTVKHQERSAMRLSESPDIVIMGDPFLFQQHKQVCVDDIPTDDFQHNLKILRKRQLEANGIGIAAPQIGWGARVLCLGISEETRSRYPTAVDIPLSFWINPTILETSKDTCWTWEGCLSVPGMRGWVERPSAVKIRGFNEQGEVIEADLSGFAARVMLHELDHLNGRLFTDQVDSPKLLLSNDAFQHQDIWPEGWPTENARKASPGGLSTER,35.8,81,78,28.205,22,47,37,2,9,47.44,35,/stor/work/Wilke/crisprtn7/reblast2/GCF_001646945.1_AVMART05_1.0_genomic.fna
NZ_LUTV01000002.1,717276..785877,tniQ,737276..737860,lcl|737276|737860|2|1,1,tr|A0A5C7P1D4|A0A5C7P1D4_9ACTN,3.03e-04,tr|A0A5C7P1D4|A0A5C7P1D4_9ACTN tniQ LysR family transcriptional regulator OS=Actinobacteria bacterium OX=1883427 GN=E6Q90_12735 PE=4 SV=1,MDVRLLKQFVAIYEEQSISKAAARTFVSQPALSNAIRHLEEELGSLLFNRSKRGVTPTREAEQLYPMATRVINELERIPERLKAQHKRQTISIAVMPELPHHYMGEFLRQIQDSLSGTQIILKHLGAPAEARIILDSMKREDELFFPLWREEYVFCVHKDHPLSTKEEISLGDLNQQAFVICPPCEAHQRTLGL,38.9,89,72,29.167,21,47,37,1,4,51.39,37,/stor/work/Wilke/crisprtn7/reblast2/GCF_001646945.1_AVMART05_1.0_genomic.fna
NZ_LUTV01000002.1,717276..785877,tnsA,740083..740901,lcl|740083|740901|1|1,1,UniRef50_A0A212IPG6,1.32e-94,UniRef50_A0A212IPG6 tnsA Tn7-like transposition protein A n=2 Tax=Enterobacteriaceae TaxID=543 RepID=A0A212IPG6_9ENTR,MARGRRLKTLDDYARSLKNKYGLGEGDDYKPWLRVQDVPSIGLASKIQGMKANREHHTLSKLETEFFFLAEFSDVVIDIREQFPLLPLDLTVKISKTISVSHPVVPGTDTMHLMTTDFLLTCFDNEKQWHIAVSVKSEKDLRDKRVLEKLEIERLWWELLGVEFVLFCGTSETSIQSKNIAWVTDPIRHRLESLNKITEDLKENALGLIKSGKQSQEVICQNFLSNLELEGIDPLMLLKVLIAEKRLIADLTLPMIETGFISIIAINAAAEI,277,709,270,50.000,135,131,187,1,4,69.26,99,/stor/work/Wilke/crisprtn7/reblast2/GCF_001646945.1_AVMART05_1.0_genomic.fna
NZ_LUTV01000002.1,717276..785877,tnsB,740898..743048,lcl|740898|743048|3|1,1,UniRef100_G3F9T5,0.0,UniRef100_G3F9T5 tnsB Tn7-like transposase TnsB n=6 Tax=Enterobacteriaceae TaxID=543 RepID=G3F9T5_ECOLX,MNIEINSVWSFNGIEGIPDGCYRVLKFYEEFEELIIFPIKDESTIQRPISCDVEIFAIEYNEGNIKEFHFELPWYLLVSETDIPEIHRITRDLNFSLIKPLIEDKGFYHDLVVSQRVKSISKRAKEISKPVQTLYRVLNNFWKYGQDASALIPAFKDRGGKGKERVAGDKKRGAPVKSRTGVIEVAPGINITEEDKKKIEKGLKKFYLNSKRMSLAKAYKNTIKAYYAKEVREAEVNGDFPKIPNQDQFKEWKNILTKKSDETKKRSTKRHYQKNERGLLGSALEDAAIPGECFELDATVADVHIVSKLNRNLCLGRPTIYLVVDKTSRMIVGVHVSMEYASWRAGRQALINSFTEKKTFCEKYGITITDSQWPCYHLPRRLLCDRGEMVCKKPEELVVPLMQLDIAAPYRADMKGIVERRFGLLNEEVFHQLVGTTRGTIRIRGEDDPRDRAQYTIDELTKETIKEIRKHNRKIFDNLKTASPLLMENSLAATPINCWKIHLQKHRHSLRIAEEEEIRAKLLPSVTASMTKYGILYNGVYYSCERVKEENLAAIARNHGRWSLEARADLDNSSFLYVRLKHGEGFTKCHILPRSKMLADLPESDIDCFHDWHRQQDKKNEFTSEDISDFEESRDDARYSAQEQKKAPKNANKKDKKTGIKDRRREAIEQGRKELQDEKSKVLEEVITSPESGNIADTQNNSGKNSMFSRSRRRKE,656,1693,674,47.478,320,352,449,2,2,66.62,94,/stor/work/Wilke/crisprtn7/reblast2/GCF_001646945.1_AVMART05_1.0_genomic.fna
NZ_LUTV01000002.1,717276..785877,tnsC,743048..744472,lcl|743048|744472|2|1,1,UniRef100_G3F9T6,5.02e-140,UniRef100_G3F9T6 tnsC Tn7-like transposition protein C n=7 Tax=Enterobacteriaceae TaxID=543 RepID=G3F9T6_ECOLX,MSTDALYKEVNFPDFKGNPLIEALPEKLSNEKQIQILENYPEHDESDRDLSAVDRLDYLSRITKLTQPMPIYIEFFRLLESAINEGYSTKNPLTPTTQHYLTYPVDDEPEIIPTSGRFEPKGKAITLLGDSGVGKSRMINRCLGYFPQVISHSSYKGNDLDIKQVTWLYVECSHDSSLRGVCDAILGALDDALETITTPKSTIAALLNQIERKLKSSFVGILVIDEIQAISVAKSGGAANLLGFLLNLKNKCGIPIVLSGNLEARGLLETTFRIARRAESGGYIEMQRLSYNEMWQYFVEEIWCLQWTNTKTELTDSLSRKLFDLSTGVFDIAARIYRKAQEMVIGSGDEIITEQVLESAYNAACQLTSSDLTLYRRRVRQRISDDRQQNNEANTKNDSEAKPKKNYIAGDVTRPQHPEFNEKLVELKSGIDLISQMKDPDLLRNSLDEEDQVAFLTKKGVLCKDPLSFLEETG,409,1050,474,44.093,209,253,303,3,12,63.92,98,/stor/work/Wilke/crisprtn7/reblast2/GCF_001646945.1_AVMART05_1.0_genomic.fna
NZ_LUTV01000002.1,717276..785877,tniQ,744525..746009,lcl|744525|746009|3|1,1,tr|A0A2R3EV32|A0A2R3EV32_9GAMM,5.62e-140,tr|A0A2R3EV32|A0A2R3EV32_9GAMM tniQ Transposase OS=Shewanella sp. WE21 OX=2029986 GN=CKQ84_08020 PE=4 SV=1,MLIPGSFPDELLFSRLIRHFIQSGITSTDYLEWMYGTRKVSIHPVLTCDLKNISRFAKENAQTLFYQQTLAPLFLTFMPNKSAALKKLMASGGSSKAIRICQYHQFNQSAGLSLKYCSRCAKHDIQTYGVAYWHREHQIPGVGVCSTHGILLAVEYLPERQRLSESLLPVVNEDKRAGSTTDTRFSQYSKDVLNHFSQPDRKLNLTVYKNELQKQGYITNYGRVRRKKLVGDFFEFAKQFTATDSIFLPKNEEDYKYFSFLLSGSINQHPTKHLLLEFWLFRDLEKLLSAKKEKRKKAKVKIAKVHKTIKVVKKIQVPDKPVKITKAIKQQIYTLALRGFHRSAIARQFGISAGSVEQEISNHPGMVEHRKRCKFESRRRRYRLQITRFRQSNPNALRKDVRKAHDKAYIWLYHYDRPWLEQALPKATKPKPKGRVDWTQRDNELADRVRVLMVAHKGQLSRSKLDKLLGGHGWMIKQQNKLPKAMQVYWDLSK,411,1056,517,40.812,211,281,307,2,25,59.38,99,/stor/work/Wilke/crisprtn7/reblast2/GCF_001646945.1_AVMART05_1.0_genomic.fna
NZ_LUTV01000002.1,717276..785877,tniQ,765293..765877,lcl|765293|765877|2|1,1,tr|A0A1N6UQY6|A0A1N6UQY6_9RHOO,4.44e-07,tr|A0A1N6UQY6|A0A1N6UQY6_9RHOO tniQ TniQ protein OS=Aromatoleum tolulyticum OX=34027 GN=SAMN05421829_10610 PE=4 SV=1,MICLQPAEDEHFASFLCRQLHIRGEVWSVVEHKRCFLNNKGGAPRFIPGPDHFSLYAKMMRKSEAQFFDEHTLFLLLVIYHQERSSLPPAPEDVSLQSALHFCASCMIESVQSNGWAYIKRSWVVPGVRSCLKHKKKLIDIRSVYCGCYSLDVPNWFIDFLLGKCSECQSYLWGETQEVAEEEDMTFARILESL,47.4,111,155,27.097,42,96,64,5,17,41.29,72,/stor/work/Wilke/crisprtn7/reblast2/GCF_001646945.1_AVMART05_1.0_genomic.fna
NZ_LUTV01000002.1,717276..785877,cmr1,718529..717882,lcl|718529|717882|1|-1,-1,"gi|384434761|ref|YP_005644119.1|CAS-III-C|cmr1gr7|G7,CASCADE",0.007,"gi|384434761|ref|YP_005644119.1|CAS-III-C|cmr1gr7|G7,CASCADE cmr1",MPSLENLLEKNKQWSKSIREQQPDFFENLSKQQAPKYLWIGCSDSRVPANEIVDLLPGELFVHRNVANVVVHTDLNCLSVLQYAVDYLKVEHIIVTGHYGCGGVREAMNNSKLGLIDNWLRHVQDVKKKHIQLLNNAGTDDEQFQRMCELNVLEQVLNVCQTTIVQDAWDRGQKLAVHSWIYGLKDGLVSDLGLTVTSNEDIDAKYPAALGALSA,35.8,81,76,27.632,21,52,35,1,3,46.05,34,/stor/work/Wilke/crisprtn7/reblast2/GCF_001646945.1_AVMART05_1.0_genomic.fna
NZ_LUTV01000002.1,717276..785877,cas4,756925..755804,lcl|756925|755804|2|-1,-1,"gi|365967614|ref|YP_004949176.1|CAS-I,CAS-II,CAS-V|cas4|cas4",0.005,"gi|365967614|ref|YP_004949176.1|CAS-I,CAS-II,CAS-V|cas4|cas4 cas4",MPGLCVFVGANGSGKSTLFDVFGFLKDALAGNVRTALQKRGGFKEVVTRGCIDQPIVFTLQFRITIGDVERLVTYVLEIKLDNNKPVIAREILRYKRGSYGSPFHFLDFSNGSGYAILNEEDFNKKDSELDREEQTLDSPDILAVKGLGQFQRFKAANAFRQLIEHWHVSDFHISDARITNDAGYAEHLSSRGDNTALVAQYLFEQHPDIFQRVLDKMKQRVPGVEGVKAAETDDGRIVLKFQDGSFKDPFIARYVSDGTIKMFAYLLLLNDPSPHPLLCVEEPENQLYPSLMPELAEEFREYSDRGGQVMVTSHSPDMLNSIQLDEIFWLKKKDGVTTIERASDNALLVSLIKGGDLPGALWKQGLFEGVNP,37.7,86,54,33.333,18,36,32,0,0,59.26,14,/stor/work/Wilke/crisprtn7/reblast2/GCF_001646945.1_AVMART05_1.0_genomic.fna
NZ_LUTV01000002.1,717276..785877,cas8c,759329..759877,lcl|759329|759877|2|1,1,"gi|312113989|ref|YP_004011585.1|CAS-I-C|cas8c|LS,CASCADE",0.002,"gi|312113989|ref|YP_004011585.1|CAS-I-C|cas8c|LS,CASCADE cas8c",MLIFEKGVGGHIAKVGRNAPNGKVHLRQLVGGAGVFLPEDGDVFAVALMAVHKFDGLHKHTAGTTTGVVYFALVRFNHFRNQRYDAFGRVELTAAFAFRCRKPTEEVFINPTHHILLGHVAVVGDGFDIIDGVDQRRQFGCIQPQAGEIVIRQCARQRRVVLFNIVQRRINFDGDVILLGVL,36.6,83,48,37.500,18,30,27,0,0,56.25,26,/stor/work/Wilke/crisprtn7/reblast2/GCF_001646945.1_AVMART05_1.0_genomic.fna
NZ_LUTV01000011.1,17030..59336,tniQ,39336..37030,lcl|39336|37030|2|-1,-1,tr|A9LZ93|A9LZ93_NEIM0,8.78e-05,tr|A9LZ93|A9LZ93_NEIM0 tniQ Putative ATP-binding protein OS=Neisseria meningitidis serogroup C (strain 053442) OX=374833 GN=NMCC_1093 PE=4 SV=1,MLNKDLEATLNNAFKDARENRHEFMTVEHLLLALLDNESASRVLISCGIDLKKLRQDLMEFVSSTTPLIPDGDSERETQPTLGFQRVLQRAVFHVQSSGKKEVTGANVLVAIFSEQESQAVYFLKQQDVARIDVVNFIAHGIAKTPGQELEEIGHDLSEEMESEPGSSGKSKNPLKLYASDLNEQARLGRIDPLVGRADEVERVCQILTRRRKNNPLLVGEAGVGKTAIAEGLARRIVDGEVPEVLSESVVYSLDLGSLLAGTKYRGDFEKRFKQLLGELKKLDHAILFIDEIHTIIGAGAASGGVMDASNLLKPMLTSGELRCVGSTTFQEFRGIFEKDRALARRFQKVDIVEPDVEDTFQILLGLKKKFEEHHCIEYQDAALKAAAELAGRYINDRHMPDKAIDVIDEAGAYQRLQPEDQRKKVIDVDDVESIVAKMARIPPKSVSSSDKELLGKLERNLKMVVFGQDEAITSLSTAIKLSRAGLKAPEKPVGSFLFSGPTGVGKTEVCRQLAKALGIELVRFDMSEYMEAHTVSRLIGAPPGYVGFDQGGLLTEAINKTPHCVLLLDEIEKGHSDVFNLLLQVMDHGTLTDNNGRKADFRNVIVIMTTNAGAEKMTRSSIGFLEQDHVTDGTEAIKKTFTPEFRNRLDSIIPFGALNDDIIKHVVDKFLTELQAQLDEKMVQLDVDDKARSWLSEEGFDRQMGARPMGRVIQEHLKKPLAEQILFGKLAERGGMVKVTVRKGKLHLKYEPTKQRTTDLEAMDSGE,43.1,100,116,27.586,32,69,51,1,15,43.97,13,/stor/work/Wilke/crisprtn7/reblast2/GCF_001646945.1_AVMART05_1.0_genomic.fna
NZ_LUTV01000011.1,64066..95305,tnsA,84740..84066,lcl|84740|84066|3|-1,-1,UniRef50_A0A3M5N9X7,2.66e-07,UniRef50_A0A3M5N9X7 tnsA HTH gntR-type domain-containing protein n=380 Tax=Bacteria TaxID=2 RepID=A0A3M5N9X7_PSEAZ,MGDAAEKTSVKPLTQAREVTDLLMQDIVSGQLEEGSRISELELSRRYGIGRGPLREAILRLEGMGLVVREPHVGARVVRLTRQELAEIFTMREALEGVAAREAAKNITDAELIDLGQLIDRHGRYVEENNGEAYMDQEGDYDFHYRIIKASGNQRLINLLCNELYHLIQIYRKTSRGEARPERALIEHKMIFQALQDRDGELAELLMRKHIGRARREIENAIEQ,47.8,112,222,26.577,59,136,98,7,27,44.14,90,/stor/work/Wilke/crisprtn7/reblast2/GCF_001646945.1_AVMART05_1.0_genomic.fna
NZ_LUTV01000011.1,64066..95305,glmS,67164..65701,lcl|67164|65701|2|-1,-1,WP_035343592.1,9.48e-07,WP_035343592.1 glmS two-component system response regulator GlrR [Dickeya],MDGELWKKRYEREKQARLQAEQIAEQKTREIYQRNRELTQLAESLEHQVEERTAELEANNQRLADSRNTLRQKQTALKEANLRLQEKAAELEKVSEHKSQFLANVSHELRTPLNSLMILASMLTGNHEGNLSDDQLQSLQIIYNSANELLEIIEDILDMSKAEAGELSIYQDDVLLGDIWRGLYDQFMPISKERKIEFQVVCAPKLPDLIHTDKKRLKQILKNLLSNAFKFTPENGSVCLRIHKKTWRLDDQYTSEGLVFDVSDDGVGIAADKHETIFNLFKQADGSTSRRYGGTGLGLSISRKLTHLLGGQLSLDSEAGKGATFSLTLPPLTLVPQSSAGAQSDSNFVAAGNVDTTPDFCGQEVLLVDDDLRNSFAFSRLLESKGLKVHLAENAHQAIDFLNQSPPLDLILLDLMMPEVDGYELLTQLKSQDNFREIPAVMLTASPLREDEIRCREAGADDYLQKPIEVSVLINHINNVFLSSRHR,48.5,114,117,29.915,35,79,56,2,3,47.86,24,/stor/work/Wilke/crisprtn7/reblast2/GCF_001646945.1_AVMART05_1.0_genomic.fna
NZ_LUTV01000003.1,15010..56038,tniQ,35010..36038,lcl|35010|36038|3|1,1,tr|A0A2W1D0I8|A0A2W1D0I8_9PLEO,5.76e-14,tr|A0A2W1D0I8|A0A2W1D0I8_9PLEO tniQ Pectate lyase OS=Pyrenophora tritici-repentis OX=45151 GN=A1F97_07859 PE=3 SV=1,MSQAQNRRFVLASRPQGAPTPENFRLETAEIPQPGAGEVLLKTMYLSLDPYMRGRMNDAKSYADPVAIDEVMVGGTVAKVVESNLEGFAAGDWVLSFTGWQDYGISDGEGLLNLGQSPTMPSYALGIMGMPGFTAYMGLLDIGAPKAGETVVVAAATGPVGATVGQIAKLKGCKVIGIAGGDEKCSYAKEVLGFDACIDHKADDFAAQLNAACDNGIDVYFENVGGKVFDAVMPLLNTSARVPVCGLISQYNATSLPEGPDRMSMLMGTLLVKRIKMQGFIIFDDYADRYPEFAQDMTTWLTEGKIKYKEHLVEGFENAPEAFIGLLEGKNFGKLVIKVNDD,69.7,169,226,25.664,58,142,111,9,26,49.12,63,/stor/work/Wilke/crisprtn7/reblast2/GCF_001646945.1_AVMART05_1.0_genomic.fna
NZ_LUTV01000003.1,332821..480533,tnsA,352821..353993,lcl|352821|353993|3|1,1,UniRef50_A0A1C6RKQ5,8.42e-06,"UniRef50_A0A1C6RKQ5 tnsA Murein DD-endopeptidase MepM and murein hydrolase activator NlpD, contain LysM domain n=2 Tax=Micromonospora inyonensis TaxID=47866 RepID=A0A1C6RKQ5_9ACTN",MKSFTRLFTTSAEKISAVLLLSLLMSFSLLAISNETNEKAVTEAELQAIESDIQQAKKLLESLNAERSSAENQVRKNDRAVNELNKDVNSLQNRLREGQSEIKKLQSRQQALMAKSEQQKQQVTQSLQSLYKSLGDSRLKLLLNQEDPEQVSRQLVYLDYFQKAQLQSIQKYEKIITELQSNEARQQTLVAQLNKEKTQLDQKKATLVKQQAQRKKLLGELAGRYQKGGSELKRLEKQRAQLDEILATIVSRQTGSGASFTARKGKLIWPVDGKVLYRFNDQNPNTRMRWQGTFIAAKTGTEVNAVHDGRVIFSDWLSSYGLLVILDHGDNFLTLYAHNDSILRQEGDTVLAGEPIAISGQSGGQPDEGVYFEVRQNGKPQNPRNWLGKQ,45.8,107,83,32.530,27,52,35,2,4,42.17,21,/stor/work/Wilke/crisprtn7/reblast2/GCF_001646945.1_AVMART05_1.0_genomic.fna
NZ_LUTV01000003.1,332821..480533,tnsA,358675..357275,lcl|358675|357275|3|-1,-1,UniRef50_A0A2D2C3Y7,1.01e-04,UniRef50_A0A2D2C3Y7 tnsA Tn7_Tnp_TnsA_N domain-containing protein n=4 Tax=Paracoccus TaxID=265 RepID=A0A2D2C3Y7_9RHOB,MEWLAPKLLIAIPILLLAPRVLQLLRIGQQAAQGRGLATGPVLALMLLITLWMVSASITAVGVISFIGLIAPNLARYLGARTARDQLWFSTLLGSLLLLTADFLARALSVFTIDLIPTGTAAALCGAPVLILMALRKLKAEDRMTTRPIHHKRMMQRHWWFLFFSCGACISAALFLNQGPFGWQWQLPSEFAFHLRMPRIIAALAAGIAMAVAGTLLQRLIYNPLASPDLLGVSAGASGALVIYSLVFGEPITSASPLVALAGSGCMLILLLTLARRQQFSPAAIILLGVSLTALVEALIQFALANGKEDVYQILGWLAGSTYRIQAFEASLLVALSSVILLLALSSHRWLTLLSISHSMAQGRGLNVQKSYWYLLGLVALACSVVTALLGPIAFIGLLAPHLARLIGAQTAVTQLLVASLIGSSLLLTADWLGRNLVYPGQIAAGTLAAALGGAYFIILLIRIRR,41.6,96,123,29.268,36,78,64,5,9,52.03,26,/stor/work/Wilke/crisprtn7/reblast2/GCF_001646945.1_AVMART05_1.0_genomic.fna
NZ_LUTV01000003.1,332821..480533,tnsA,368330..369031,lcl|368330|369031|2|1,1,UniRef50_A0A1H5WKS4,2.53e-14,UniRef50_A0A1H5WKS4 tnsA TnsA endonuclease N terminal n=3 Tax=Gammaproteobacteria TaxID=1236 RepID=A0A1H5WKS4_9GAMM,MTPLLSQYVGSRKLTPGRHRYKYPSRKMEAHVITESPNECNFCEFLEFDSRVKGYISQPKTIIYDLYQCGHDYTADFFVDLYLSKPAFYEIKPKDYEKSEEEEDKFYEVEKVFYDMGFNFYLVTGDYIEKGNRLINFKKLRRFVGSLPERKIREFIERLVFESNEGISFGDLIAKLRNQLDVEERDAFQNIYQCIANKIIGFDIDRYKLNQSVMVGVWNESFDRAWNGVPIQE,67.4,163,205,25.854,53,146,97,3,6,47.32,88,/stor/work/Wilke/crisprtn7/reblast2/GCF_001646945.1_AVMART05_1.0_genomic.fna
NZ_LUTV01000003.1,332821..480533,tnsB,368985..371024,lcl|368985|371024|3|1,1,UniRef100_A0A1J5PV28,1.61e-73,UniRef100_A0A1J5PV28 tnsB Transposon Tn7 transposition protein TnsB n=1 Tax=mine drainage metagenome TaxID=410659 RepID=A0A1J5PV28_9ZZZZ,MRASIEPGMEYRFRNRVYSIVSVGDSEMIVMDRYDEEEIHISKDEFNKCWIKNEIKLVSGRMANSVKNKLKTPVSTLSEEQKKVAVRKEEYIKKFLDKKDALRKSETDLDYSKIIVEIAAELKDPYPPSLRTLMRWKSDYNAANGSIRSLINGFSNSGRKSNLNKCQKELIEKAIDNVYLQPEKGTVAQTHSELGVLVEIHNRENKDNESMIIKCPSRFQVQKAIENLDYLTKLEKREGKREAARDVRTSKHNYRPERILEIGETDHTLLDYYVIDDDLLMPLGRPWMTNIMELYSRIPLGSEITYENGSFITIANALKMSILPKSNFYEMYPDIKNTTNYSGILESLRTDNGADFISNDLDDAALEIGMILHHVQVTKSWQKGAIEGFFRKQNVMLLDKIKGKTFSNILERAKYDPKKQSLIRLSDFKNILYKWLYDVYPYNEVRVEHGKKIIPHKLWEKNIKDHPQDFIEKSNLDIIFGKTGSRKARDKGIEINNLKYDGIDLTKFRASHGNNETVKVKFDPSDLGFIHFFDKFEKRFIRLNAVDSEYANKLTLYQHGIIKKYVKEDMRRSEEDIKVLMDGKIQLRDMINDLLENKPSKLASKRGAQLRQGMTNSIADAGENQRDSIPRLEENQISSVSDVSVESTACDSIISDSKGTEESKKNTSYEKWTDDDIEW,248,633,659,28.983,191,423,313,15,45,47.50,95,/stor/work/Wilke/crisprtn7/reblast2/GCF_001646945.1_AVMART05_1.0_genomic.fna
NZ_LUTV01000003.1,332821..480533,tnsC,371029..372072,lcl|371029|372072|1|1,1,UniRef100_A0A143QFU6,7.20e-08,UniRef100_A0A143QFU6 tnsC Transposon Tn7 transposition protein TnsC n=2 Tax=unclassified Rhodococcus TaxID=192944 RepID=A0A143QFU6_9NOCA,MMNIEKEIYYNCFIPTSRIVDVINDMIKCKKSFDTKMEPISMMIMAGSGYGKTLLINYFSSKYPPVTEKNDKGEQDKKEVLVVTLRSNSTKKDAATEMLKALGDPNPDKGSLLQQTDRILTLLCLCGVKVIIIDEFSHIVQSNSSRVLGKTADWIKDIIKPPKDNPKECPKIPLIAVGMYSSIKILQSNPQLDTLVTKKSYLFPYGISQKDELDFYKIFLSNVGNKIKNLGLEIDLEDPEIYLRLFAASNGIPRLLMKIISCACGIGCSRGDNKIVDVSCFENGFEDVFGKQKKNPFKATSLKDIPFTESTTYTTWVESKCSHAVLEGKNNGLLDVVFKTGKSKGFI,51.2,121,254,18.898,48,182,107,5,24,42.13,73,/stor/work/Wilke/crisprtn7/reblast2/GCF_001646945.1_AVMART05_1.0_genomic.fna
NZ_LUTV01000003.1,332821..480533,tniQ,372711..373280,lcl|372711|373280|3|1,1,tr|A0A0J8JPY2|A0A0J8JPY2_9ALTE,2.07e-13,tr|A0A0J8JPY2|A0A0J8JPY2_9ALTE tniQ Uncharacterized protein OS=Catenovulum maritimum OX=1513271 GN=XM47_01095 PE=4 SV=1,MTENSIRAELSSLPSDNIYTIFGMAVFYFQYLGKLTHLSKKFYAFLDFIRRWPRSYIALLSENADKGLRYLIKPSNESEFKSIFGSLLNNIKRLPNNLDKDDLIKKETYAFFRQRLLLDKKNENKNSVSNLLLTKDEVALLLGVSTDRVAKLTSKGKLCAKRKTLKAYVGSYPLGEVFDLLSETDSAIF,65.5,158,137,29.927,41,90,73,3,6,53.28,72,/stor/work/Wilke/crisprtn7/reblast2/GCF_001646945.1_AVMART05_1.0_genomic.fna
NZ_LUTV01000003.1,332821..480533,tniQ,377660..379549,lcl|377660|379549|2|1,1,tr|A0A081NLT3|A0A081NLT3_9GAMM,0.0,tr|A0A081NLT3|A0A081NLT3_9GAMM tniQ HTH_17 domain-containing protein OS=Endozoicomonas numazuensis OX=1137799 GN=GZ78_05485 PE=4 SV=1,MLLLSRPTPNKLESLRGYILRLSQANSYHTTQYVLELADLWTGRNYDTASKYVFGDSNLSKLAKITNTSKGELEALRYGLDDQKQSSIHGHLISNEHLRLDYPRVCPECLESNNIALAVWDIPALTVCPVHHMSLFDYCPECNTRLRWNRPAVHQCHKCNCDFRSYTSDKLSEKQYRLSRLIHQLCMIDKINHRMIPNVLKNHSLAEVLSLVSSIAFFDYHLLGDQSKDGKFLSLKTAPNYRLHEHYTNAMKHLDNWPHNFYQFMAESRQNRRSQGMKEGISKEVGGIFYFLRANNEKAIYRPLWEAYCNFREVAARKTLDELRLARIHAKNIPVSTAAKELKIRPEQLRKFCERLNIPLETAYKDVKLISREQVADLKDFISKLLTIRQSADIMGISVYQLRAMVRKDVITPLRGPTIDQSRDWYFEPESIEAFHQQIAKYCLYKGAKRTHDMDLKQALEQLSYYQMGLAEIVQAISAGKLRPASESKAITLNALQFSAEEIKALRPELKSNNDYWQPPEIEKYLGCKKDLVYGLLKSGHLPMEKVSLPGRTRPVVACKKSEVKAFNENFYLLRTLSRKTGVVSEKLRKLLEAKKIQPVSGPTVDGGYCHFYKKNKNIDKLLKELGAK,788,2036,629,58.665,369,260,476,0,0,75.68,100,/stor/work/Wilke/crisprtn7/reblast2/GCF_001646945.1_AVMART05_1.0_genomic.fna
NZ_LUTV01000003.1,332821..480533,tnsA,416546..417184,lcl|416546|417184|2|1,1,UniRef50_A0A3M5N9X7,3.61e-04,UniRef50_A0A3M5N9X7 tnsA HTH gntR-type domain-containing protein n=380 Tax=Bacteria TaxID=2 RepID=A0A3M5N9X7_PSEAZ,MDNDLSLSDKAYEQLECMILFEELKGGAMYSEKQLAESLQMGRTPIREALQKLAWEQMVIIHPRRGIQIPEVSVESQLKLLEVRRPLEAECVRLATQRATTEQKKAMEKLADGIIECSESNNDSAFLNYLREIHQLLVKSARNEYFIKAMLPLQGLSRRFWFLNKGSDTGHPASLHAEIMRRVAADDATGAIKASNSLIDYLVQQAKSKLDR,38.1,87,132,23.485,31,82,63,4,19,47.73,55,/stor/work/Wilke/crisprtn7/reblast2/GCF_001646945.1_AVMART05_1.0_genomic.fna
NZ_LUTV01000003.1,332821..480533,tnsB,444902..443445,lcl|444902|443445|2|-1,-1,UniRef100_A0A2T0AMM3,3.05e-04,UniRef100_A0A2T0AMM3 tnsB Transposon Tn7 transposition protein TnsB n=1 Tax=Clostridium thermopalmarium DSM 5974 TaxID=1121340 RepID=A0A2T0AMM3_9CLOT,MSAVEPLTTEHRIVTQQITTSLQDVLNAQKTAFLKDPNPDHQERIARLKALESALLDNKDALLAALNEDFAGRSANESLLTEFMPSLGGIHYTRKRLKKWMKPSRRSLSLQLQPASAKVIYQPLGVVGIVVPFNYPLFLALGPLLTVLAAGNRAMIKMSEFTPKTSELFAKLIEQTFPSDLVTVICGDADVATEFSSLPFDHLIFTGSTNVGHHVMKAASQHLTPVTLELGGKSPVIVDNDFPLAEAAERICYSKSLNAGQTCVAPDYILIKNEQKAEFIEQYLKAFRSMFPTVNGNGDYTSIINPRHHQRLLNLLEDAKAQGAKVHSATDEEINDGSRRIPIHLLENTSDNMAVMQEEIFGPLLPVIGVDNLDEAISFVQQRPRPLALYYFGSDSKNQQKVLDRTHSGGACINECMLHVAVEDLPFGGIGPSGMGHYHGYEGFLTFSKAKAVLSKGRINGAKMIFPPYGGWLQSKLLAFLSGGK,41.2,95,148,27.027,40,89,67,6,19,45.27,28,/stor/work/Wilke/crisprtn7/reblast2/GCF_001646945.1_AVMART05_1.0_genomic.fna
NZ_LUTV01000003.1,332821..480533,tnsA,459679..460533,lcl|459679|460533|1|1,1,UniRef50_A0A1H4IPS7,7.30e-04,UniRef50_A0A1H4IPS7 tnsA TnsA endonuclease N terminal n=1 Tax=Rhodococcus jostii TaxID=132919 RepID=A0A1H4IPS7_9NOCA,MNTSLQPVDMLVPGRNIEAYVASVSNIAVLSADQEKTLAERLYFHDDLEAARQLVMSHLRFVVHIARSYSGYGLPLSDLIQEGNVGLMKAVKRFNPEVGVRLVSFAVHWVKAEIHEFILRNWRIVKVATTKAQRKLFFNLRSAKKRLSWLTNDEAKAVAEDLGVETRVVHEMEGRMAGQDTAFDGYQDDDSDTAYQAPAHYLEDRSADPSSILENEDWTDNSVGQLRSALAQLDERSRDILQRRWLAEDKATLHELADVYGVSAERIRQLEKNAMKKLKGSMLA,38.9,89,47,46.809,22,23,30,1,2,63.83,16,/stor/work/Wilke/crisprtn7/reblast2/GCF_001646945.1_AVMART05_1.0_genomic.fna
NZ_LUTV01000003.1,332821..480533,csx1,342593..341592,lcl|342593|341592|2|-1,-1,gi|218961159|ref|YP_001740934.1|CAS-III|csx1|CARF,1.03e-28,gi|218961159|ref|YP_001740934.1|CAS-III|csx1|CARF csx1,MITPSMPLTDIHRHLDGNIRPETILELGRKYNLELPANNLEALIPHVRVISQEPDLVSFLSKLDWGVKVLADYDACRQIAYENVEDALNARIDYAELRFSPGYMAMTHNLDPKGVVEAVIDGVKAGSEKFGVKVNLIGILSRTFGQEACQKELDACLAFRDELVAIDLAGDELGKPGELFVDHFRQVHDAGLNITVHAGEAAGPESMWQAIKELSATRIGHGVKAIYDPALMDYLAEHKIGIESCLTSNIQTNTFANIESHPLKQFLDHGVLATINTDDPAVEGIELPYEYEVAAPAAGLTQADIRQAQENGLTIAFLSEQEKAALISSANNR,115,288,285,30.175,86,175,134,6,24,47.02,80,/stor/work/Wilke/crisprtn7/reblast2/GCF_001646945.1_AVMART05_1.0_genomic.fna
NZ_LUTV01000003.1,332821..480533,cas8c,364906..363983,lcl|364906|363983|3|-1,-1,"gi|357405514|ref|YP_004917438.1|CAS-I-C|cas8c|LS,CASCADE",5.33e-04,"gi|357405514|ref|YP_004917438.1|CAS-I-C|cas8c|LS,CASCADE cas8c",MTEYVAAQRINRGLSRINDILLYIETHLDEPLTVESLAEKSCWSRWQFQRVFQREIGMGVAQYIRSLRLSRAGQLLLTTKRRQMDIALACGFESEISLSSSFRKAYDCSPGQYRKAGIFRNLHQPIVSLSDKTVQETSLPPSLFQVRIETLPARRLQGIKGHFDGIFSKHPNHMEAIPAIWATLMKSVSVADFFASEHIGVIDFSERWTTDNIPYWACLSREDHIIHPTLDSIELPEHTYAVLPCSNNLASFDKILTWFLCSWLPESNYQGVEHYELEHYGQGLRQNDTNLQLEYWMPVVYSDAPND,40.4,93,76,38.158,29,38,42,4,9,55.26,23,/stor/work/Wilke/crisprtn7/reblast2/GCF_001646945.1_AVMART05_1.0_genomic.fna
NZ_LUTV01000003.1,332821..480533,cas5,373353..375494,lcl|373353|375494|3|1,1,"gi|217975325|ref|YP_002360076.1|CAS-I-F|cas5f|G5,CASCADE",5.44e-24,"gi|217975325|ref|YP_002360076.1|CAS-I-F|cas5f|G5,CASCADE cas5",MLSVPSDITGKVNSFFAQIINQSNKSKSSLSGTPLQTARSLLKSKLFIIDACQSLKGFLTHNPKIYDAKVRGRVFSLSVNSGTDSSYIYGDSVSYHHQYDWAGNAGYISKRYFLCTEFIYKGDNTTLYHEFLKESSELVEMLTGLGLTSKHRELIKTSCLAHQDSAFPNSVPPYQVQVLIPYTDVNKNTEYISVSPISASKVQAAIHTFCHSENAHTVGRSFHYPTRPENIGALAISTGGSIGVLAPDIILESEIVPTSSDILKELRVNVNKDLFDTSNLDFSYFLKLRKKADFAIGRYIPTPKSSQKAAFLDIIKNNVEKMFSKLDKLRLAVQLGVLHEDKVDGLNLVQRSYVIEQKLSEAIMNQVWTQANNSIQKFISGTHYKQIAYHPTLTRYISESVRRHLQPVFRGNIESSKPEIVTDGHEGEKEDTNEPIKTAANAIVFIVIPRLTVIDAHADSSAYTTGLPGITALVGYVDKLCRNIQIQTKVEIDNIEVAWLLRDFQRIEGMKKHEPARWDSKKKTTLSDVVSRKFCNLSFDLILKCSADYEQLNCLKEELPDCLPAKFASGMVSTAEEISTKNYMSESFLIFQSEQDLLNELQSEDSLRWAVLDYSEKFVRKSDSILEDLADAFLEYKEQNPRWNQLTVSNVGFKLLEEPVTRPNSRLTHHAYAEPVIGVQELWLIKNLSPEVFGTLPIFWAYRSAGKRILCQA,106,264,687,21.252,146,478,286,19,63,41.63,95,/stor/work/Wilke/crisprtn7/reblast2/GCF_001646945.1_AVMART05_1.0_genomic.fna
NZ_LUTV01000003.1,332821..480533,cas7,375519..376628,lcl|375519|376628|3|1,1,"gi|212633878|ref|YP_002310403.1|CAS-I-F|cas7f|G7,CASCADE",2.30e-31,"gi|212633878|ref|YP_002310403.1|CAS-I-F|cas7f|G7,CASCADE cas7",MILPTILTYEKSLAPSVALMFAKTYDNKKVPIEVYDAKGRGAQTTFTACHGTKDTDLGEWLPVRQDICHLPHDASELIIEFPLKYSPNSMKPGSCNVADWTTLLKEMALLYGEKGGYLYQAYCQMDALFQAVPFWRNKDAESMTLRVMNISDSILPPYVFTNLPCSIDELIGSDKQQLDSLIKNIESALTGKRNFLRLRVIAELKKDILEEVHPSQQFIEKLPEAKKEYLHRQGRYQKSRQYVSYNLGNFRQAMLRPTKIGAGLRPDRWNDVAKEVPVSVYGLDPESHAAIRGRGTKNDFYTLISNIKKHIETLRAFDGDMFNDESILTLGNIHFIMANLIKGGVYNRESSKTKNKGEPDECPIDLSNP,120,302,361,27.701,100,228,161,10,33,44.60,94,/stor/work/Wilke/crisprtn7/reblast2/GCF_001646945.1_AVMART05_1.0_genomic.fna
NZ_LUTV01000003.1,332821..480533,cas6,376625..377263,lcl|376625|377263|2|1,1,gi|525847193|ref|YP_008267629.1|CAS-I-F|cas6f|cas6,2.60e-16,gi|525847193|ref|YP_008267629.1|CAS-I-F|cas6f|cas6 cas6,MRNFMNYLSFKIIPDDADPRFLLGYILQEAHPIIARYGNNKIGTLFPEWNVDEPGRSIAFCGALDVLNRIMKHEYFRVMIDAGVLKYNLLDIDPINHQKVIFLKNQKITSNTPKRQQGKIKRIIKRQIERGEIQSAREYRPRTDQQQTDMPDVFYHLFFLDSKSTEQIMPLCIQMIPVAESEGIVGTQTFDHYGFSTLEQHRAVVPLISPIF,72.8,177,203,27.586,56,137,83,4,10,40.89,95,/stor/work/Wilke/crisprtn7/reblast2/GCF_001646945.1_AVMART05_1.0_genomic.fna
NZ_LUTV01000003.1,332821..480533,cas1,457832..458500,lcl|457832|458500|2|1,1,AIM031395_asm35512_04298,0.006,AIM031395_asm35512_04298 cas1 CRISPR-associated endonuclease Cas1,MIRFDGVSKRYPGGHAGLENVSFHLKRGEIAFLTGHSGAGKSTLMKLVMLLERSSAGQVWVGGHNLRTLKNSRIPYLRRNIGVVFQDHQLLFDRTVFDNVALPLLIAGYSPEDCAGRVRASLDMVGLLNKEKLYPVALSGGEQQRVGLARAVVNRPSLILADEPTGNLDPQLSTEIMKLFESFNQVGVTVLIASHDLALVARMRHRILTLEQGCLVSDQEVQ,35.8,81,85,30.588,26,57,36,1,2,42.35,38,/stor/work/Wilke/crisprtn7/reblast2/GCF_001646945.1_AVMART05_1.0_genomic.fna
NZ_LUTV01000003.1,332821..480533,parE,365617..366219,lcl|365617|366219|1|1,1,PRD20609.1,2.44e-12,PRD20609.1 parE parE [Trichonephila clavipes],MKPLLVYLHGLNSSSQSLKAIQTTEYVKKSALDLELWIPDLPIFPSDIVQCLQNCVSPSINQRDIYIIGSSLGGFLGTWLQSWLIEQGHEQKLRLVLVNPAVVPHERFDDYLGPQKNFHTGEEWVMTEGYVEQLVQLEVNKLPAPHDMLLLAQTGDETLDYRQAVHKYQLCRAIVQEGGSHGFDDFEKMLPEIFEFLTSV,62.8,151,111,34.234,38,66,57,1,7,51.35,56,/stor/work/Wilke/crisprtn7/reblast2/GCF_001646945.1_AVMART05_1.0_genomic.fna
NZ_LUTV01000003.1,332821..480533,parE,366300..368192,lcl|366300|368192|3|1,1,PRD20609.1,0.0,PRD20609.1 parE parE [Trichonephila clavipes],MVKNDYNAEAIEVLSGLDPVRKRPGMYTDTTRPNHLAQEIIDNSVDEALAGFASQVKVTLHKDQSLEVVDDGRGMPTDIHPEHGISGIELILTRLHAGGKFSNKNYQFSGGLHGVGVSVVNALSTRLEVTVRRGGVISAMSFKDGYKDEELRETGTCGRRNTGTTVRFWPDASYFDSPRFSVPRLMHILRAKAVLCPGLKVEFDDQISGDVTEWYYEDGLNDYLKSSTHGYSVLPSEPFTGTLKGESEAVDWAVQWLPEGGELLTESYVNLIPTPMGGTHVNGLRTGLLEAIREFCEFRNLLPRGVKLGPDDLWENCAYVLSAKLADPQFSGQTKERLSSRECAGFVSGVAKDAFSLWLNQHTAQGELLAELCINNAQKRMRKAKKVARKKVTQGPALPGKLADCSSQDLARTELFLVEGDSAGGSAKQARDREHQAIMPLRGKILNSWEVDSSEVLASQEIHDISVALGVDPASDDLNGLRYGKICILADADSDGLHIATLLCALFVQHFRPLVEKGHIYVAMPPLYRIDIAKEVFYALDEAEKEGILERLRAEKKRGKVNVQRFKGLGEMNPLQLRETTMSADTRRLVQLTLDDEVETTQRMDMLLAKKRSGDRKTWLEARGNLVEII,998,2581,629,73.768,464,165,535,0,0,85.06,99,/stor/work/Wilke/crisprtn7/reblast2/GCF_001646945.1_AVMART05_1.0_genomic.fna
NZ_LUTV01000003.1,332821..480533,CRISPR array,377402..377551,,,,,"Copies: 3, Repeat: 29, Spacer: 31",CCTCACTGCCGCATACGCAGCTGAAAATT,,,,,,,,,,,,/stor/work/Wilke/crisprtn7/reblast2/GCF_001646945.1_AVMART05_1.0_genomic.fna
NZ_LUTV01000004.1,61725..150423,tniQ,81725..82036,lcl|81725|82036|2|1,1,tr|A0A5C8WWJ1|A0A5C8WWJ1_9RHIZ,0.001,tr|A0A5C8WWJ1|A0A5C8WWJ1_9RHIZ tniQ TniQ family protein OS=Methylobacterium sp. WL8 OX=2603899 GN=FV234_07180 PE=4 SV=1,MSQEIINLLEAIEDELRNQNVWAQMPPSIEALSSTTPFCMDTMHFSQWLQWIFIPRIRAILDAGGSLPTGSDMKPYAEEALPMERLSSQELLNLIEKFDQLMN,35.0,79,43,39.535,17,24,25,1,2,58.14,42,/stor/work/Wilke/crisprtn7/reblast2/GCF_001646945.1_AVMART05_1.0_genomic.fna
NZ_LUTV01000004.1,61725..150423,tniQ,119488..118538,lcl|119488|118538|2|-1,-1,tr|A0A2G7F0Q1|A0A2G7F0Q1_9ACTN,8.45e-05,tr|A0A2G7F0Q1|A0A2G7F0Q1_9ACTN tniQ Regulatory helix-turn-helix LysR family protein OS=Streptomyces sp. 70 OX=1827606 GN=CLW09_04841 PE=4 SV=1,MIPTETLQIVRAVAHFRNFTAAAKHLHKVPSAISYTVRKLEDRLGVQLFLRDSKRVELTPAGEHFIENTDKLLAALEDLENTTRQLATGWEQELRIAVDNVVNQGKIYDLVQDFQAVRPVTELVINSEVYNGSWDSLFHGRCQLAIGAPQTIPDAILNQDRFGWRSMGKMSWDFVVSPDHPLAKHKEPMSMEDLQSHRSICIQDTSRFFRQGYNLLLENQQVLLVPSFRVAIECLLRGLGATILPSHFAKPYIQEGMLVKKDVPDLQFNDGCLLAWNQENMGQGLKWILEWLGSEEWLNKIWLQYDDQKPMGYHVP,42.0,97,66,34.848,23,42,37,1,1,56.06,21,/stor/work/Wilke/crisprtn7/reblast2/GCF_001646945.1_AVMART05_1.0_genomic.fna
NZ_LUTV01000004.1,61725..150423,tnsB,130423..129686,lcl|130423|129686|2|-1,-1,UniRef100_A0A1B2F0V3,2.40e-06,UniRef100_A0A1B2F0V3 tnsB Transposon Tn7 transposition protein TnsB n=1 Tax=Pseudomonas putida TaxID=303 RepID=A0A1B2F0V3_PSEPU,MHKXGQQQHRGRAAKPAXRXPTSYCATGPNQVWSWDITFLRSPVRGQFFYLYLVIDIYSRMIVTWEVHENESAEHASKMITKACLRHGISALERPLVLHSDNGSXMKGGTMLSTLQSLGVVSSFSRPRVSDDNPYAEAIFRTLKYRPGYPSKPFTDLKAARTWVLGFTQWYNEEHRHSGIKFLTPGQRHRGETETLMDNRKVVYALAKKRHPERWGSRATRNWDLPDEVWLNPDKCIAGQLSNAA,45.8,107,100,31.000,31,59,45,2,10,45.00,38,/stor/work/Wilke/crisprtn7/reblast2/GCF_001646945.1_AVMART05_1.0_genomic.fna
NZ_LUTV01000004.1,61725..150423,rsmJ,74253..73288,lcl|74253|73288|3|-1,-1,WP_013099197.1,1.94e-68,WP_013099197.1 rsmJ 23S rRNA (adenine(2030)-N(6))-methyltransferase RlmJ [Enterobacter cloacae],MSGQPALNVTDMDRSPYAPWATNLLDFTDPSSPFHRLTLPSHQSFIDMLSYQHHYHAGNHADVLKHWTLLACVRHMQKKDKPFDYIDTHAGAGFYRLDSAMAKKTNEADEGVLKINWKKQPGLKDYHGQIAADIKARSYPGSPLLVKRLLRPGDKAWLFEMHPKTLRELKNHCEHRRLCHVRQEDGFQGLLSLLPVASRRALVLIDPSYEIKSDYQTVVTVMKKAWQKMPQATMLLWYPVVDAGQIQQMEKAFAKSSMRNVHLMEMGIEDSEQPGMTASGMIVVNPPWTLADEFNATMPAVSEMLSKDKKSRYRYQVLVAE,213,542,265,43.019,114,143,163,4,8,61.51,80,/stor/work/Wilke/crisprtn7/reblast2/GCF_001646945.1_AVMART05_1.0_genomic.fna
NZ_LUTV01000004.1,61725..150423,glmS,134923..136755,lcl|134923|136755|1|1,1,WP_004950497.1,0.0,WP_004950497.1 glmS glutamine--fructose-6-phosphate transaminase (isomerizing) [Serratia plymuthica],MCGIVGAVAQRDVAEILLEGLRRLEYRGYDSAGLAVVNNSDELHRVRRIGKVAELTDAVSQSPVHGGTGIAHTRWATHGEPSERNAHPHVSGDRFVVVHNGIIENHETLRALLQNEGFEFTSGTDTEVIVHLVNHEQQKGGTLLEAVQRTVTQLEGAYGMVVMDRTDSDRLIVARSGSPLVIGLGLGENFIASDQLALFPVTRRFMYLEEGDVAEVTRTDVTVLDNNGHPVEREARDSEIEHDAGDKGQYRHYMLKEIHEQPEALTNTLEGRLGEHQVNLSVLGKEGQELLNRTRAVQIVACGTSYNSAMVARYWFEELAGIPCRVEIASEFRYRKFFVPEDCLFITLSQSGETADTLAALKLAKELGYMATLAICNVPGSSMVRESDMALMTHAGAEIGVASTKAFTTQLANLLLLVTAVGRHTGMTAEQEASVVSALKALPQILKSTLSMSDDIEKMAEAFADKHHSLFLGRGSQYPIAMEGALKLKEISYIHAEAYAAGELKHGPLALIDNDMPVIVVAPNNDLLEKLKSNMEEVRARGGQLFVFADRNASLKNGEGVQVLPVEASPEIIAPIVYTVPLQLLSYYVAVIKGTDVDQPRNLAKSVTVE,885,2288,610,71.311,435,174,501,1,1,82.13,100,/stor/work/Wilke/crisprtn7/reblast2/GCF_001646945.1_AVMART05_1.0_genomic.fna
NZ_LUTV01000004.1,275431..316372,tniQ,296372..295431,lcl|296372|295431|1|-1,-1,tr|A0A327UUJ5|A0A327UUJ5_9ACTN,7.74e-05,tr|A0A327UUJ5|A0A327UUJ5_9ACTN tniQ TniQ protein OS=Streptomyces sp. PsTaAH-130 OX=1305828 GN=K376_01223 PE=4 SV=1,MNLETKWLEDFLALAELRNFSRAAQFRNVTQPAFSRRIRSLEQSLGVELIDRATTPLTLTPEGRLFRTTARNLLRQMEDGLHQLKGQSGFGPQPLDFAAAHSLSVTLLPELIQAMSHEGQMLRSRVESIDVDLAVEALQEGRCDFLLAFNIEALMQPPFLSLSLGKTELRPVCAPDAGGQPRFQLTQSAPIPILGYSPDAFMGRQVNGILRALEDSPTFQPVMESSLTNLLKVMALNGSGIAWLPGYAIVDELRSGQLVDVVSPEKRDIYWGEVEIKLYRNDIRLHAGAEQFWSALRKKCQQGWVLTPDERLM,42.4,98,53,43.396,23,30,29,0,0,54.72,17,/stor/work/Wilke/crisprtn7/reblast2/GCF_001646945.1_AVMART05_1.0_genomic.fna
NZ_LUTV01000004.1,330006..370968,tniQ,350968..350006,lcl|350968|350006|2|-1,-1,tr|A0A1Q9NC86|A0A1Q9NC86_HEILC,7.30e-04,tr|A0A1Q9NC86|A0A1Q9NC86_HEILC tniQ Uncharacterized protein OS=Heimdallarchaeota archaeon (strain LC_2) OX=1841597 GN=HeimC2_40130 PE=4 SV=1,MGKHWHPHCLLCKSCRQPLQGGSFVVFRKKLYHSQCVRCPGCKKPISAEYVEHNKMPWHPACIPTRGNKKCSVCRKPLTRRYFVDFWGNPYCDQHQNHPECSSCGRLVCDNLTDGAMQYPDGVVICNQCSLNGVSTQAQADQIAEEMRFALASVGLKLNSTQTPVFLCGRDELNGASHHNFHDNHPILGVTRTNTTHSRGEILARNFDCILIQINLPEEHFRTVMIHELTHAWFFYNYFLDLPLKVEEGMCVLMEYIWLKNLDTKDAEFRRKQIALTPDPIYGDGFREAREALRLMPLSKLLSYIKEKKKFPTRWAAFFY,38.9,89,82,30.488,25,46,37,2,11,45.12,22,/stor/work/Wilke/crisprtn7/reblast2/GCF_001646945.1_AVMART05_1.0_genomic.fna
NZ_LUTV01000004.1,330006..370968,guaC,365492..364023,lcl|365492|364023|1|-1,-1,WP_003150717.1,0.0,WP_003150717.1 guaC IMP dehydrogenase [Bacillus],MLRIAQDALTFDDVLLLPGYSEVLPKDVQLKTKLTRDIELNIPLISAAMDTVTEASLAIAMAQEGGIGIIHKNMTAEQQAVEVRKVKKHESGVVKDPITIDASATVRELLELTTHHNISGVPVLSGTDLVGIVTSRDVRFVLNLDKPVSDIMTQKDRLVTVKEGTDAEEVRKLLHKHRIEKVLVVDDQFSLTGMMTVKDIKKAQKYPNAAKDAQGQLLVGAAVGTGPETPERVSALVAAGVDVIIVDTAHGHSRGVIERVKWVKETYPQVQVIGGNIATGAAGKALVEAGADGVKVGIGPGSICTTRIVTGIGVPQISAVANVVEALKGTGVPVIADGGIRFSGDLAKAIVAGASTVMLGSMLAGTEEAPGEVELYQGRSYKAYRGMGSLGAMSQASGSSDRYFQSAEEGTEKLVPEGIEGRVPYKGPLHAIIHQMVGGLRAAMGYTGSADMDAMRTKPEFVRVTNAGMAESHVHDVTITKEAPNYRVR,560,1442,489,55.624,272,208,365,4,9,74.64,99,/stor/work/Wilke/crisprtn7/reblast2/GCF_001646945.1_AVMART05_1.0_genomic.fna
NZ_LUTV01000004.1,330006..370968,xre,341486..342133,lcl|341486|342133|2|1,1,tr|A0A150F2Z7|A0A150F2Z7_9BACI,6.43e-10,tr|A0A150F2Z7|A0A150F2Z7_9BACI xre XRE family transcriptional regulator OS=Bacillus nakamurai OX=1793963 GN=AXI58_04480 PE=4 SV=1,MTRVNTKEFKMAVFVGDNQDIAQRIHFSVEVAKNNKKQVSDLLIATGISRAQLSRYNNGTNEPTVSKMVSLAEFCEVDLNWLITGEGEPFQTKPYVDIAFHDHSEESGPVKFERDYLEKVLRLKEDDCLMYTNTSDAMINRGIYNGSLVLVDLNHKRGDDVYLITINQDTMVRRLQFMPGGKVKVISDNESYEDYTLAEDEVTVIGRVAWVGGGR,45.1,105,71,32.394,23,44,40,1,4,56.34,31,/stor/work/Wilke/crisprtn7/reblast2/GCF_001646945.1_AVMART05_1.0_genomic.fna
NZ_LUTV01000004.1,485326..526453,tniQ,506453..505326,lcl|506453|505326|1|-1,-1,tr|A0A2W1D0I8|A0A2W1D0I8_9PLEO,4.59e-12,tr|A0A2W1D0I8|A0A2W1D0I8_9PLEO tniQ Pectate lyase OS=Pyrenophora tritici-repentis OX=45151 GN=A1F97_07859 PE=3 SV=1,MSDQFIKSKAAIAWEAGKPLSIEEVDVMLPRAGEVLVRIVATGVCHTDAFTLSGDDPEGVFPAILGHEGGGIVEMIGEGVTSVAVGDHVIPLYTPECGECKFCLSGKTNLCQKIRETQGKGLMPDGTTRFYKDGQPIFHYMGCSTFSEYTVLPEISLAKVNPEAPLEEVCLLGCGVTTGMGAVLKTAKVQPGDTVAVFGLGGIGLSAIIGAKMAGAGHIIGVDINESKFELATKLGATDCINPKLHDKPIQEVIVEMTDGGVDFSFECIGNVNIMRSALECCHKGWGESVIIGVAGAGQEISTRPFQLVTGRVWRGSAFGGVKGRSELPGIVNQYMNGDFKLDDFITHTMGLEDINTAFDLMHKGESIRTVIHYQ,64.3,155,158,32.911,52,96,82,6,10,51.90,41,/stor/work/Wilke/crisprtn7/reblast2/GCF_001646945.1_AVMART05_1.0_genomic.fna
NZ_LUTV01000004.1,485326..526453,DEDDh,509508..508783,lcl|509508|508783|3|-1,-1,gi|118580761|ref|YP_902011.1|CAS-I|DEDDh|DEDDh,1.25e-22,gi|118580761|ref|YP_902011.1|CAS-I|DEDDh|DEDDh DEDDh,MRQIILDTETTGIDPKQGHRIIEIGCVEMIDRKLTGNHYHVYINPERVVEQEAIDVHGITNEYLADKPVFKTIAQEFLEFIQGAELVIHNAAFDIGFINHEFALLRQGFPKVETVCGVIDTLALARKKHPGQKNNLDALCKRYFIDNSSRTLHGALLDSEILAEVYLTMTGGQRALLLAGGDDDSDGDDDGGSQIRRLPNDRPALKVISAGEDELAHHKRKLDYIQKQSGNCLWLADKPAN,89.7,221,169,35.503,60,97,88,7,12,52.07,68,/stor/work/Wilke/crisprtn7/reblast2/GCF_001646945.1_AVMART05_1.0_genomic.fna
NZ_LUTV01000004.1,715021..771815,tniQ,736055..735021,lcl|736055|735021|1|-1,-1,tr|A0A3A3DGX9|A0A3A3DGX9_9RHOB,1.77e-08,tr|A0A3A3DGX9|A0A3A3DGX9_9RHOB tniQ Uncharacterized protein OS=Paracoccus sp. JM45 OX=2283626 GN=DWB67_05530 PE=4 SV=1,MNQNNHPAIKHKLGLLELADQLKNVSRACKVMGVSRDTFYRVQNAYEEGGIDALLAKSKKIPNPKNRVEPHVEEAVCKLAIDNPALGQTRVSNELRKLGIFVSGGGVRSIWQRHNLETFKKRLKALEEHAAANDAIYTESQLAALEKKKETDIACGEIETVHPGYLGSQDTFFVGTLKGVGRVYQQTFVDTYSKIAHCKLYTTKTPITAADLLNDRVLPYFEEHDIPMLRILTDRGTEYCGKVEQHDYELYLAACDIEHTKTKARHPQTNGICERFHKTILNEFYQVTFRKKVYTDLTELQKDLDAWVEYYNTERTHQGKMCCGRTPLQTLESGKVICKEKQIV,53.9,128,52,51.923,27,25,34,0,0,65.38,15,/stor/work/Wilke/crisprtn7/reblast2/GCF_001646945.1_AVMART05_1.0_genomic.fna
NZ_LUTV01000004.1,715021..771815,tnsA,752077..752850,lcl|752077|752850|1|1,1,UniRef50_A0A1C6RKQ5,2.13e-08,"UniRef50_A0A1C6RKQ5 tnsA Murein DD-endopeptidase MepM and murein hydrolase activator NlpD, contain LysM domain n=2 Tax=Micromonospora inyonensis TaxID=47866 RepID=A0A1C6RKQ5_9ACTN",MSDCSRKILFLLFTGAVTLFVAGCSHDPSRVVVKELRSPPKVTSGSHRVVTGETLYSIAWSYGRDFKELARNNGIRSPYTIYPGQRINLSARKYYPLVTAKSTPPKKKPIRPSVVKPVNKPTPVSPPKQTPTAAFNGWQWPAKGKVVAAYSTRSPVNKGIDISGKLGEPVKAAANGEVVYAGSDLSGYGRLIILKHNSSYLSAYAHNKDLFVREGDSVKAGQKIAEIGSTGTTEPKLHFEIRRDGKPVDPMGFLPKR,52.4,124,217,25.346,55,126,88,9,36,40.55,74,/stor/work/Wilke/crisprtn7/reblast2/GCF_001646945.1_AVMART05_1.0_genomic.fna
NZ_LUTV01000004.1,715021..771815,tnsA,752955..754019,lcl|752955|754019|3|1,1,UniRef50_A0A3N1KIY1,1.96e-07,UniRef50_A0A3N1KIY1 tnsA TnsA endonuclease-like protein n=17 Tax=Streptomyces TaxID=1883 RepID=A0A3N1KIY1_9ACTN,MASKRDDAELSSYADDVIQGQDGFDSEGDDSSSEQALVEAVEESSEIEEVQASPEKPRVAPVSATTSTRRKEDDGFYKSIDATQLYLNEIGFSPLLTPEEEVHFARLARKGVEAGRRRMIESNLRLVVKISRRYVNRGLTLLDLIEEGNLGLIRAVEKFDPERGFRFSTYATWWIRQTIERAIMNQTRTIRLPIHVVKELNVYLRAARELTQKLDHDPSPEEIAELLDKPVADVKRMLGLNERVTSVDTPLGPDSDKSILDTISDEKGADPAVLLQDLDLNDSLDRWLGELSEKQREVVARRFGLRGYETSTLEEVGREIGLTRERVRQIQVEALKRLRSILEKQGLSGESLFN,50.4,119,77,38.961,30,41,48,2,6,62.34,21,/stor/work/Wilke/crisprtn7/reblast2/GCF_001646945.1_AVMART05_1.0_genomic.fna
NZ_LUTV01000005.1,29898..107319,tnsA,49898..51358,lcl|49898|51358|2|1,1,UniRef50_A0A345DB38,1.95e-06,UniRef50_A0A345DB38 tnsA ResIII domain-containing protein n=396 RepID=A0A345DB38_9BURK,MLSHVKEIIEQNLEKLVAIWPEAPTGIYSAAIGSRNTDAQVLFASIQSVHKRAEQLGHVDLLLIDEVHTLNSERSESMYARFIAALKVINPNLKIIGFTATPYRMKQGLLTQGKNPLFSDIVYETDIQRLIDDGYLSPLTSKGGKEKINLKGVRTRQGEFLSSDMEAAVQENDVTEKAVAEIIEYGEGRDAWLIFCVSIAHAQQVKQLLLDAGISADCVTGKTPKDERARILADYKNGRIKALTSQGVLTTGFDAPRTDLIALLRATKSPGLYVQILGRGLRVSPETDKQDCLVLDYGGNVERHGPIDQITIGSIKVGEGTGAPPVKECPECFEIILASLRVCPACQYEFPEREKHDPVASDAALLSAQVEPQWLEVDEVVYSIHEKFGKPPSVQVLYRCGLKTVREWACFQHGGYARQKAVIWWVKRFGHTPCPAMTVDAYQLLRETEDLKEPTRIEVIQEGRWYRIRAYDFSPPTDHSDDNSML,48.5,114,243,25.103,61,142,105,10,40,43.21,46,/stor/work/Wilke/crisprtn7/reblast2/GCF_001646945.1_AVMART05_1.0_genomic.fna
NZ_LUTV01000005.1,29898..107319,tnsA,87319..85325,lcl|87319|85325|2|-1,-1,UniRef50_A0A2D2C3Y7,7.55e-08,UniRef50_A0A2D2C3Y7 tnsA Tn7_Tnp_TnsA_N domain-containing protein n=4 Tax=Paracoccus TaxID=265 RepID=A0A2D2C3Y7_9RHOB,MNYFGIIRPAMVTCLMLMLYLAIVVVSLITGPSGLDSQLLAVFSLSPGTGDSEMTNVIVTWLLLPRTLMALLCGAALGAAGVLIQGATRNPFASPATLGVNAGAMLAIVLGSVFLPQFTGQFPVVVAFSGAILTTILVFRLAQAISDSPVNLVLVGMAMTLSLGALSAGMLMFYENRLDGLYTWGAGNLSQFDYQPIQRSWPIIGMLTALALLFARRLDMIELGTEQAESLGVNVRRTVGLSLLIGVLLSSTVVSQVGMISFVGLIAPHIARGLGCRKVWLRLLVSTAVGALLLLVADVAARLIPLLISDSHYSFPAGVMTTVVGAPFMLFLLTQRKRVSALATTPGETGIRALFHLSPVTFLSALAFVFLLIFGFSLFGNLDLQWISLRWPRVLTAAFAGAALGVSGLVLQTLTRNPLSSPDVSGLTTTGVLFVVLGLVLFPGLGSFEMTLLSIMGSGFALLLLLGLSRLTGFNPLLFALAGLCLSAMAATLISMVLVLGSNQSSEVLVWLSGSTYAVTSERFYLLFISVLAVLPLLFAMWRRLDILQLGEYLPSLLGVRIQATVAILLVMVALLSAVSVAAVGGISFIGLMAPHICRVTGLSSHRHLIPATAMMGSILLVGSDWLSRTVIAPFEIPSGLLVSGAGGIYFILLLLSGKYIQRR,52.0,123,103,33.010,34,68,60,1,1,58.25,16,/stor/work/Wilke/crisprtn7/reblast2/GCF_001646945.1_AVMART05_1.0_genomic.fna
NZ_LUTV01000005.1,29898..107319,cas3,63051..64640,lcl|63051|64640|3|1,1,gi|222523373|ref|YP_002567843.1|CAS-I|cas3|cas3,2.41e-09,gi|222523373|ref|YP_002567843.1|CAS-I|cas3|cas3 cas3,MINFKNAHKCFGWKGDFSWYSSPWELRIRIYSQTTLRRRFRNRLLYSRAAFPLFMRQPRGNSPLLFSDLELHERVQKALAISGFTEATPVQEQTLPLILSGKDLMVSAETGSGKTAAFLLPMIHNMHTQPSPKTSTRALILVPTRELGLQVLKECESLARYTYIKAGLIVGGEDYRHQVNTLRKNTEILIATPGRLIEHINNSNHDFRDLEYLILDEADRMLDMGFGPDVLTIVAECNKERQTLLFSATLEGKSLANIAGEVLDDPTRLMLNSVREKHANIHQQIVLSDDTAHKEKLLIWLLKNETYDKALVFTNTRARAEEFVGKIRVKGFRVGMLHGEMDQRERKHVMSLLKEGKINILIATDVAARGLDIKGIDLVINLEMARNGDDYVHRIGRTGRAGEQGLAVSLIGPDEWNRMSATERYLRVRFEMRTIKELAGSYKGPKKVKSSGKAAGKKKKAGKKSDAKNSAEKQRHRDKKNIGKRRTSSADKSVNDKPVNRSEKRSENKSETKTDIIKDAGFAPVKRRK,58.9,141,389,23.393,91,235,158,16,63,40.62,64,/stor/work/Wilke/crisprtn7/reblast2/GCF_001646945.1_AVMART05_1.0_genomic.fna
NZ_LUTV01000005.1,29898..107319,cas3,64649..66007,lcl|64649|66007|2|1,1,gi|333910101|ref|YP_004483834.1|CAS-I-D|cas3|cas3,2.65e-05,gi|333910101|ref|YP_004483834.1|CAS-I-D|cas3|cas3 cas3,MSKATATTNVDFSTLGLDDTLLKAVQEAGYKKPTPVQAKAIPMALTGRDMMASAQTGTGKTASFTLPILQRLSQMKASNAVRALVLVPTRELALQVFESFKTYGKHTELKTVAVFGGVDIEEQLTALSKGADILVATPGRLADMINRKHIQLTNLRILVLDEADRMLDLGFKDDIERILKNAPVKRQNLLFSATFSKDIKQLAHDFMRHPVKVEIENPNSAAKTVKQSFYPVDQPDKPEILSYLINGGKFKKALVFVRTKKAANRIAELLEEDGINAQPIHSDINQYQRVRTLEDFKDGYFDVLVATDVAARGLDIEQLPLVINFDLPKVPQDYVHRIGRTGRAGQPGRAIALINPEEKKHLLPSLQKLLNRPIEIEPLPYFEDGEVRPNESETPAAKPRNRGRKPDPKAKKPAIKKYAGKTTGKRGGSKPATGAARGARRPSAPSGSKRKS,45.4,106,384,22.396,86,229,159,15,69,41.41,74,/stor/work/Wilke/crisprtn7/reblast2/GCF_001646945.1_AVMART05_1.0_genomic.fna
NZ_LUTV01000005.1,29898..107319,xre,45483..46097,lcl|45483|46097|3|1,1,tr|A0A150F2Z7|A0A150F2Z7_9BACI,1.93e-06,tr|A0A150F2Z7|A0A150F2Z7_9BACI xre XRE family transcriptional regulator OS=Bacillus nakamurai OX=1793963 GN=AXI58_04480 PE=4 SV=1,MDWKERTKILLAKQKISQSELANRLGVTRSAVSVWLGAKMDLSENNETMVQYKIASVLGVSQDYLATGISRETPTGKAVPLLDETEVTDYVLNQMTPGNAPWVYCPDECSDLTFSLKTKGSSMDSCGTPAITIPQQANIFIDPKVTLELGAIALFNDTTPVLGIFEELNGKAMLVFSNPRFQPVEVVRDNYLGTLIGIYQSCKK,35.4,80,70,35.714,25,37,39,4,8,55.71,34,/stor/work/Wilke/crisprtn7/reblast2/GCF_001646945.1_AVMART05_1.0_genomic.fna
NZ_LUTV01000005.1,230517..272322,tniQ,250517..252322,lcl|250517|252322|2|1,1,tr|A0A081NVM8|A0A081NVM8_9BACL,7.99e-06,tr|A0A081NVM8|A0A081NVM8_9BACL tniQ ABC transporter domain-containing protein OS=Paenibacillus tyrfis OX=1501230 GN=ET33_22665 PE=4 SV=1,MSEQTPNTGSLQIYLRLLTYVKPYTAYFALSLVGLAIFALSQPAFAKLLEYFVQALEGESINLLSGLGYDIPALWLIPGMMVGIALIRGIGSYLGSFYLSKVANSVIHDLRTSMFNSMIALPNEFFDNNNSGHLIARVTYNVSQVTAAATSAIKIAVREGLTVVFLLGFLFYTNWKMTLIFIAALPVIALVVSFASDRFRRISRNIQNSMGDLTHVTSESINGYREVRGFGGEKYESNRFMAASATNTRQSLKLSKADAVHTPVLQFIVSIALALLLFMVLWVKGDASTAALVGYVTAAALLPKPIRQLSEVNASIQKGIAAAESIFAMVDEVPEANTGEYTCDRVKGNLEFKDVCFTYPGASSPALQDINFTVEPGKTYALVGRSGSGKSTLASLVPRFYNHTSGDILIDGTPLNAFELKNLRSHIALVSQNITLFNDTVARNIAYGALSETAEEEDIRLAAEAAHAMEFIKDMSNGIHTMVGEDGVLLSGGQRQRLAIARAVLKDAPILILDEATSALDTESERHIQAALNEIMKGRTTLVIAHRLSTIENADCILVMEQGRIIERGTHSELLANGEHYAKLHKMQFHEEAPILDPVTA,46.2,108,98,25.510,25,68,51,1,5,52.04,16,/stor/work/Wilke/crisprtn7/reblast2/GCF_001646945.1_AVMART05_1.0_genomic.fna
NZ_LUTV01000005.1,230517..272322,parE,262533..265625,lcl|262533|265625|3|1,1,VFJ66771.1,1.05e-04,"VFJ66771.1 parE ParE toxin of type II toxin-antitoxin system, parDE [Candidatus Kentron sp. DK]",MNIAEYSISHRVISWMFVAILLVGGGISFFGLGQLEFPEFTIKQAMVITHYPGASPEQVEEEVTLPLEEAIQQLEYVKNIDSISSNGRSQIMVEMKEQYPSDELPQIWDEVRRKINDAQGGMPPGVYPSVVVDDFSDVYGMLFNITGDGYTPRDLENYADYLKRELVLVEDVKKVTVAGIRQEEVVVEMSQAKLASLGIDPAWIFSLIQNQNVVSNAGNMLVEGRSIRIHPTGEFNHVKELEQLIISPPGSSQLVRLGDISTVRRDYDDTPDSMYTSNGKPALSLGISFGSGVNVVDVGESVRQRLNELTSEQPLGIELTTVYDQPATVSESVNGFLINLVEAIVIVIVVLLLAMGVRAGLLMGAVLLLTISGTFIVMKALGIDLQLISLGALIIALGMLVDNAIVITEGIQVGLQRGMTRMQAAKRVVQLNQWPLLGATVIAIMAFAPIGLSDDSTGEFCLSLFQVLLISLMLSWVTAITLTPFFCNILFKGYENATEDEHAPAVDPYQGALFTLYKQLLNFALKHRPATISLTLLALVIAIVGFGSVKNVFFPPSNTPIFFVDFWMPEGSDIRATAAELATFEKQVLTMPGVKNVTSVMGMGAQRFILPYQPEKQYTSYGQLIIAAEDLETIDALIPPMESILKEQYGDVEYRIKLMQNGPAAPAEIEARFYGEDPKVLRSLAMQAATILNNEPTAVHVRHGWRNQVSLVRPHIDEASARRSGISKQALDDALLVNFSGRQVGIYREGSQLMPLVVQAPETERLNADSITDLQVWSADHQSFVPITQAISSFDTEWENPLIIRRDRKRMLSVMADPIMLSDETTDSVFKKVRSKIEAIPLPEGYSLEWGGAYELSSDAQSAVFKSIPMGYLAMFLITVFLFNTVRQPLAIWCTVPLALIGVVAGLLVLNTPFSFMGLLGLLSLSGMLIKNGIVLVEQIKLELEEGWEEHEAIFHASVSRLRPVCMAALTTMLGMIPLLFDAFFKSMAVTIIFGLGFATVLTLIVLPVIYSLLYKISFKGFNYRKIGNH,41.6,96,70,32.857,23,42,40,2,5,57.14,6,/stor/work/Wilke/crisprtn7/reblast2/GCF_001646945.1_AVMART05_1.0_genomic.fna
NZ_LUTV01000005.1,291283..331768,tnsA,311768..311283,lcl|311768|311283|1|-1,-1,UniRef50_A0A1B1A886,5.19e-04,UniRef50_A0A1B1A886 tnsA Tn7_Tnp_TnsA_N domain-containing protein n=18 Tax=Rhodobacteraceae TaxID=31989 RepID=A0A1B1A886_9RHOB,MTPAINLLKKAKANFKVHQYDHDPDSHSYGEEAVEKMGQDANQVFKTLLVKLDGRQLAVAVVPVAGMLDLKAMAAACGAKKAVMAEQPEAERSTGYLLVFRKVKTTGFSRSALAMIFCRSYLDVEVLRWTTGMAVTQYLIFSTTLCLSRSTGIRCSREMLA,36.2,82,66,37.879,25,30,37,3,11,56.06,34,/stor/work/Wilke/crisprtn7/reblast2/GCF_001646945.1_AVMART05_1.0_genomic.fna
NZ_LUTV01000005.1,581288..622688,tnsA,602688..601288,lcl|602688|601288|3|-1,-1,UniRef50_A0A1C6RKQ5,1.94e-10,"UniRef50_A0A1C6RKQ5 tnsA Murein DD-endopeptidase MepM and murein hydrolase activator NlpD, contain LysM domain n=2 Tax=Micromonospora inyonensis TaxID=47866 RepID=A0A1C6RKQ5_9ACTN",MNKAILRGATRTNERLKQFPKRHLLLASSVAIGVMGMMALLPSSDVEAKRSEIPMTIDGVEPSADTRPLTLGNPFLSNKEDSKAQEEAKALAKTAYDPEKQLGQWHNVTIKSGDNVAALFSKQSLSPTVVYQVANTPKYGDLLARIRPGQSLEFRINDQGILTQLRYVQSKLDSIFFTKGDEGYQAELVSLSPEVRPTYASGTIESSLFSASQKAGLSDNLTMELAGIFGWDIDFVLDIRSGDSFNLIYEEKYLDGDKLGDGNILVASFTNQGTTYTAIRYTDSNGDSGYYTPDGNSMRKAFLRTPVDFTRISSRFNPNRLHPVFKTKRPHRGVDYAAPTNTPIKAAGDGRVKFSGRQNGYGNVVYLEHPNNIVTIYAHANKLAGLRKGQKVRQGQTVAYVGQTGWATGPHLHYEFRVNGVHRNPMTVKLPDAAPIDSKEMASFKKVSERMVARLEKQTETLVATQ,60.8,146,111,33.333,37,53,55,2,21,49.55,19,/stor/work/Wilke/crisprtn7/reblast2/GCF_001646945.1_AVMART05_1.0_genomic.fna
NZ_LUTV01000006.1,78115..119569,tnsA,98115..99569,lcl|98115|99569|3|1,1,UniRef50_A0A3M5N9X7,3.57e-06,UniRef50_A0A3M5N9X7 tnsA HTH gntR-type domain-containing protein n=380 Tax=Bacteria TaxID=2 RepID=A0A3M5N9X7_PSEAZ,MSCNYQTLWTLTPDQKDVKGFIVTMTIAINALKTEKGPLYRQIADALAEQINAGLLLPGSKLPTHRRLADQLHVTVGTITRAYGEVERRGLVEARVGAGTYVRDHRKANWVFSNDLDNSQCELGFNIPPSFDRSQMMQQAMSALTEDPRQINHLLLYHSAAGIAEHRETMVGWLSTLGLKLSSDRLLFTSGAQNATQLVLSAFSRAGDNLLVENLTYPGLISLARQQQLTLKPVAMDDQGLLPEALDNACRQYQPRFLYSMPTLQNPTTAVMGLQRRQEILDVCRQHNVYLIEDDVNGLLPEHRPEAMVNLDQEHVIYVGALSKFLAPGLRVGYVHAPEALYKQLMSTIQNQCWMVSPLLTGLACQLIEQGSADQTLHYIRQDIRQRRQLVCSLLADTGIQTAEDCFHAWLPVPEAWSLSDFLAALKTEGIAVKSAELFVPPGYAIPPAVRLSFSAPDNLDTLTSGLKTIKSLLATQPVAEFSL,46.2,108,61,32.787,20,41,40,0,0,65.57,13,/stor/work/Wilke/crisprtn7/reblast2/GCF_001646945.1_AVMART05_1.0_genomic.fna
NZ_LUTV01000006.1,78115..119569,xre,116339..116926,lcl|116339|116926|2|1,1,tr|A0A2M8T4Q9|A0A2M8T4Q9_9BACI,3.04e-06,tr|A0A2M8T4Q9|A0A2M8T4Q9_9BACI xre XRE family transcriptional regulator OS=Bacillus sp. SN1 OX=2055158 GN=CVV77_06135 PE=4 SV=1,MIEAICSHGGLDLDVGSRLKSIRIMHNLSQRELAKRAGVTNSTISMIEKNSVSPSVSSLKKVLSGIPMSLVTFFSLDADDQESEPVVFRNSEAVPMEMDNILINVIGLNKPNRGFSFMDELYPPESDTGSDMLCHDGEEAGIVIEGTLELTVGNDVYQLNPGDSYYFDSTKPHRFRNLSKVNNCRLISCTTPANF,34.7,78,74,31.081,23,47,37,2,4,50.00,38,/stor/work/Wilke/crisprtn7/reblast2/GCF_001646945.1_AVMART05_1.0_genomic.fna
NZ_LUTV01000006.1,271206..312003,tnsA,292003..291206,lcl|292003|291206|1|-1,-1,UniRef50_A0A1C6RKQ5,1.77e-08,"UniRef50_A0A1C6RKQ5 tnsA Murein DD-endopeptidase MepM and murein hydrolase activator NlpD, contain LysM domain n=2 Tax=Micromonospora inyonensis TaxID=47866 RepID=A0A1C6RKQ5_9ACTN",MRLFCSVLLVLLSGLAVAKGLESRLTPGGLYVGKAPLGTRIFYDNKEVSVAPDGRFIIGFGRDAELKQSYILQFINGEQATVELNLKAREYDIQRLTGIAKKYVSPDGRVLNRIRQEAEAVRYARMEDTQQSDLFNGFGWPVKGRISGVYGSQRVYNGKPGRPHYGLDIAVSTGTPVKAPADGIVRLADSDLYYSGGTIIIDHGYGIFSSFLHLSKVTVNEGSQIKRGQQIGEVGATGRVTGPHLDWRYNWFDKRLDPALLTLGE,52.8,125,103,32.039,33,49,48,2,21,46.60,31,/stor/work/Wilke/crisprtn7/reblast2/GCF_001646945.1_AVMART05_1.0_genomic.fna
NZ_LUTV01000006.1,271206..312003,cas3,293026..293508,lcl|293026|293508|1|1,1,gi|296123383|ref|YP_003631161.1|CAS-I-U|cas3|cas3,0.004,gi|296123383|ref|YP_003631161.1|CAS-I-U|cas3|cas3 cas3,MSHTFETLPENVKQYSAQELQKLLFSAIDLGMQIKESHWTMAGREFLSVHRLFDEVHEVIEEATDDIAERIAQLGHKPEGTLKSVAEKSTLPSYPKSFQSIDEHIEIISQRLAYFAGQSLQALANIEEGGDPISADLITARTREVDKLVWLVESHLTPKK,35.4,80,119,28.571,34,66,52,4,19,43.70,65,/stor/work/Wilke/crisprtn7/reblast2/GCF_001646945.1_AVMART05_1.0_genomic.fna
NZ_LUTV01000006.1,461073..501972,tniQ,481073..481972,lcl|481073|481972|2|1,1,tr|A0A2G7F0Q1|A0A2G7F0Q1_9ACTN,3.71e-05,tr|A0A2G7F0Q1|A0A2G7F0Q1_9ACTN tniQ Regulatory helix-turn-helix LysR family protein OS=Streptomyces sp. 70 OX=1827606 GN=CLW09_04841 PE=4 SV=1,MNIDHVRLFVRVAATSNISKAGQELRLSPAVASSYITRLEEELGVRLIHRTTRKVSLTEEGVSFLPYAEEVLASVDQALTSVGSGRYSPRGVLRITAPASFGYMHLVPGLKGFLETYPDISIDLNLSDTVVDIVAGGFDVAIRNAALKDSTLIARALASDRRIVCASPDYINRHGEPETPEDLKNHDCVILSGIDNWSFKTPEGDTHVKISGRLHLDNGSAMREASVEGLGLSLNSTWSVYKQLKRGTLIQVLKDYPLISGSSIWAVYPSSRQVSPKVKAFIDYFHHLFGTPPYWDHQE,43.1,100,80,31.250,25,54,44,1,1,55.00,27,/stor/work/Wilke/crisprtn7/reblast2/GCF_001646945.1_AVMART05_1.0_genomic.fna
NZ_LUTV01000007.1,84213..125190,tniQ,105190..104213,lcl|105190|104213|1|-1,-1,tr|A0A2W1D0I8|A0A2W1D0I8_9PLEO,3.67e-11,tr|A0A2W1D0I8|A0A2W1D0I8_9PLEO tniQ Pectate lyase OS=Pyrenophora tritici-repentis OX=45151 GN=A1F97_07859 PE=3 SV=1,MFKALVLNQQDANTVSTVEQLDDSSLPDGDVVVSVEYSSLNYKDGLAITGKGRIIRQFPMVPGIDYAGKVLTSSDDRYQPGDSVVLTGWGVGENHWGGMAEKASVPADYLVPMPTGLDSRKAMIIGTAGLTAMLCVMALEDAGITPDKGDILVTGASGGVGSVAITLLDQLGYQVVACSGREQNNEWLKSIGADRVIPRDDLLEPAKPLEKQLWTGCIDTVGSKVLAKVLTQIDYDGAVAACGLAGGFDLPTTVMPFILRGVKLLGVDSVMCPFERRTQAWSRVAELLPETFYSNAGNEVALDAVPELAEAITNGQVTGRTLIKL,61.2,147,176,27.273,48,114,85,4,14,48.30,53,/stor/work/Wilke/crisprtn7/reblast2/GCF_001646945.1_AVMART05_1.0_genomic.fna
NZ_LUTV01000007.1,84213..125190,cas8b,119120..120364,lcl|119120|120364|2|1,1,"gi|114568027|ref|YP_755181.1|CAS-I-B|cas8b1|LS,CASCADE",0.006,"gi|114568027|ref|YP_755181.1|CAS-I-B|cas8b1|LS,CASCADE cas8b",MMVDQKKSDVLFNGHYDQPDLMGHFGRFGGRFVAETLMGALEDLDNTWRELWQDKAFQADFDRDLADFVGRPSPLYLAERWTNERGGAKIYLKREDLNHTGAHKINHAVGQALLAKHMGKTRIIAETGAGQHGVASATVAARLGLECVVYMGAKDVKRQALNVYRMKLLGATVIPVETGSQTLKDAINEALRDWVARPEDTFYLLGTVCGPSPYPEMVRNLQSIIGREARQQIMTKEGKLPDALVACVGGGSNAMGLFHEFIKDTSVKLYGVEAAGHGIHTDKHAARMSSGRPGVLQGARTYLMTDEHGQIIESHSVSAGLDYPGVGPEHSYLKDIGRAEYPAATDDEALDAFRKLTRLEGIMPALESAHALAYVDKLAPTMDKDQIIICNLSGRGDKDIHTVAEIDGLDGFEE,37.7,86,69,37.681,26,36,37,3,7,53.62,15,/stor/work/Wilke/crisprtn7/reblast2/GCF_001646945.1_AVMART05_1.0_genomic.fna
NZ_LUTV01000009.1,33017..78222,tnsA,53017..55674,lcl|53017|55674|1|1,1,UniRef50_A0A0C1RC38,2.86e-97,UniRef50_A0A0C1RC38 tnsA Integrase n=18 Tax=Terrabacteria group TaxID=1783272 RepID=A0A0C1RC38_9CYAN,MDKPKALLEYVKANAERLGVNDEGLDYVQQSMGNPVRHINRGGPGRASLFPSPLMGVVNKSESDLEKALQIMSEMKPSVRGIFDQPITFQISPVMKNGKRQGIRHTPDAFLVEEDAVSFVECKRVAELMELCEKYPDRYIYDEVEGCFRSPVMERELKRTGVKYRFFTDADCNPKLLANIRHLLDYIRVLKKKEAVSSEIEQACVSFIGSSPTMTISEFLVGHPALKIDHVLQLVASGALYVAMERELLSEPETCRVFTSKSACQVYITTRDVKPSNGFHFKSSEMAVKEGMVCQRGGQVWKLQSIDPSRQTVLIEITGEGLSQLKPVRIQDVRELIKSKELEVVEGDQSNDKLNDEQTQMMLAANEDHQKEALKRHHTLHQVLMGDMNRQQAAEYLGCSTRTLRRYMKRYAEGIDRRGNGLAELVDNHRGKGNSQSFINGKPLELADDVIESEYLDAKCKSVAACYRDYVRLCKDEGVEPGSYSWMRRRIKTVSLSKRVRTRQGHKKANALMPITTSDGVIESRRGTRAFEYLHVDHTQLDEFLKFPNKKPAKPWLTVIVDLYSRSVLAIYLTMSSPSNNSVMMVVRELIKRHGRLPESFCVDGGAEFESVQFEQFCAYFSVTIHSRKSNPRGGSAVESVFKQLNEAVVHTLTGNSKLMKNPRQLSASVNPVLNALWDFQSLKQLLEDFFYGHYNKTEHPAHKMIPDEVLEDSFIRHGERDYRKVGADDENLRIMMLPHDGNKRTRVIQPVKGVVRKGLYYGHELFSSADWLGKEVELRIDPEDDSYVYCNLDGWKRCERVVTEGRYFPGIDRSVLTEANGYTHSFYSQKEIAERAVPFNRKISDEEKRLREGVEEVENKSTAVSDSDASSIRIVPGENNIEDF,323,827,776,28.479,221,519,364,13,36,46.91,86,/stor/work/Wilke/crisprtn7/reblast2/GCF_001646945.1_AVMART05_1.0_genomic.fna
NZ_LUTV01000009.1,33017..78222,tniQ,55792..56937,lcl|55792|56937|1|1,1,tr|A0A4Q4XEB1|A0A4Q4XEB1_9PEZI,1.31e-21,tr|A0A4Q4XEB1|A0A4Q4XEB1_9PEZI tniQ AAA domain-containing protein OS=Monosporascus sp. 5C6A OX=2211642 GN=DL771_011134 PE=4 SV=1,MKNKLHENRTFGDEVLQSSIEEKIDFFSNQRIKHANLSEAYDDLLIKAEPVGGVEFIQLVGSTGAGKTRAAKKFAKGKLEENKTYMQENPEVVPVVYVECPASVGDRFPWQPLFKNILKTGGELLLDRGNYVLDYSEGVSQKEISRILLKDNSIPDLAEVVQGFLKKRKVQYLIIDEAQHIIDACRTPKEAFRCMEMLKSIATLSGCIIVLVGTYRLLRFGEISAQLGRRSEIIELRPYQRGSVAELKNFGEALDALLQRYPTAFADIIFEKVEDIHLACCGCIGILKDWLTKTLYRTLKSGKSYVTFKDLMANRMDPRELRQVAKEIRMGRDYFCRVSMLEVEEMLLGDKTKVVPANDSKGVQRKLERDEAGGADYDGCV,94.7,234,221,27.602,61,155,110,3,5,49.77,58,/stor/work/Wilke/crisprtn7/reblast2/GCF_001646945.1_AVMART05_1.0_genomic.fna
NZ_LUTV01000009.1,33017..78222,tniQ,56864..58222,lcl|56864|58222|2|1,1,tr|A0A1J5PWU7|A0A1J5PWU7_9ZZZZ,1.65e-40,tr|A0A1J5PWU7|A0A1J5PWU7_9ZZZZ tniQ Uncharacterized protein OS=mine drainage metagenome OX=410659 GN=GALL_423630 PE=4 SV=1,MIRRVFSENLSEMKQGVLIMMGVFEQFPRTALYKLKPEDSGNGFMFESAGSYLVRLAYAHRKAPHHFLRHFLNPALGQGAVSNDLFLNYGFSAMNGYRPKAEMYLNALEVFTGQKGVGLLSMLPWKSLLDSMGKGLFHPSKKWCPECFQEWRTNKEVLYEPLIWSLKSLTICPVHQCLYAGNCFECGAKQYMVQRVLPIGFCPECGSFLGSEAKGMGKKVLSKKEQYLLDLVASRHRVTENMQLLQLLRGGIKIVMAKLSVTSTKKLEQLLCFSQATISQWLSDGSRGTRPTLSTLLNFCVAVEVSPVVLLFQHDRIDPVAKVAELDGRKSYDNADKYDWVKQQLTNIVDGHSRVFSVKQAADQLKVGVNYLRYHFPELTYRLVEKNNVLRDEKRERRNRRNVLLVETVCQDLLGAGVFPSHNYVRKALKHELKNYGFGEFTRIWREVTERL,148,374,433,27.483,119,280,187,10,34,43.19,91,/stor/work/Wilke/crisprtn7/reblast2/GCF_001646945.1_AVMART05_1.0_genomic.fna
NZ_LUTV01000009.1,33017..78222,cas1,62053..63921,lcl|62053|63921|1|1,1,"gi|410668222|ref|YP_006920593.1|CAS-I,CAS-II,CAS-III,CAS-V|cas1|cas1",5.50e-04,"gi|410668222|ref|YP_006920593.1|CAS-I,CAS-II,CAS-III,CAS-V|cas1|cas1 cas1",MLNRYPLWKYLLILVVVGLGFIYALPNLYPADPAVQVSGASSSKVMDERVQRRVEQALSAADVDIKSVELDDGSLLVRLNHADQQQLSKSLVKEALGDDYVVAINLAQTTPEWLTSIGAYPMKLGLDLSGGVHFLLEVDTAKAVQLKLDIANSEIRTALRKEKLRYRTMPERADGARQMAFNDVASRDKAARLISRDFPDLTVENTEVNSRPVVSFGYSETAIREVEDYAVRQNLTTVRNRVNELGVSEPLVQRQGRNGIVVELPGVQDTAEAKRILGKTANLQFRLEALPDASRVSTETFSFRNSARPAVALERDIIITGDQVSSAQSNFDTQSGQPQVNINLDSHGGTVMNRATRNNVGRAMAVIFIEQKPVTKVVTKTVDGVKVKETIQSFQQEESVISLATIQSALGNQFRITGLDSSGEASELALLLRAGSLAAPMYFAEERTVGPSLGAENIQMGVHSTVIGLILLLIFMVVVYRVFGLLANIALSINLVLLMAVMSLFGATLTMPGIAGIVLTLGMAVDANVLIFSRIREEIRNGRPIQRAIHDGFDRAFVSIFDGNITTLLVGIILFAVGTGPIKGFAVTLCIGILTSMFTAIVLTRSLVNVTHGGRNLKKLHI,41.2,95,145,28.276,41,84,62,4,20,42.76,20,/stor/work/Wilke/crisprtn7/reblast2/GCF_001646945.1_AVMART05_1.0_genomic.fna
NZ_LUTV01000009.1,33017..78222,glmS,61421..61765,lcl|61421|61765|2|1,1,PRD36068.1,4.30e-11,PRD36068.1 glmS glmS [Trichonephila clavipes],MIPFISQAQAAAEGAAPAVGGPGMIGQLVMLGGFVLIFWLLIWRPQSKRAKEHKNLIGGLAKGDEVVTTGGILGKVNNVTDEFVTLQVADNMEMNFQKGSVAATLPKGTIKAIK,56.2,134,109,34.862,38,62,66,6,9,60.55,91,/stor/work/Wilke/crisprtn7/reblast2/GCF_001646945.1_AVMART05_1.0_genomic.fna
NZ_LUTV01000009.1,99610..139939,tniQ,119610..119939,lcl|119610|119939|3|1,1,tr|A0A6A8D9Y1|A0A6A8D9Y1_9BACI,5.38e-04,tr|A0A6A8D9Y1|A0A6A8D9Y1_9BACI tniQ Helix-turn-helix domain-containing protein OS=Aquibacillus halophilus OX=930132 GN=GH741_05300 PE=4 SV=1,MDLTTRILCSRKDKKLSQQALADMIGVSRSALAQWETAMSSPSLENLRKMSEVLNVSFEWLATGRGNQYLIHPGDGVNDSDVDDEIINQLHRMTLMKKRAILNVMRAMG,35.8,81,79,30.380,24,44,39,2,11,49.37,72,/stor/work/Wilke/crisprtn7/reblast2/GCF_001646945.1_AVMART05_1.0_genomic.fna
NZ_LUTV01000009.1,99610..139939,xre,119610..119939,lcl|119610|119939|3|1,1,tr|A0A0H3DZT8|A0A0H3DZT8_BACA1,1.95e-11,tr|A0A0H3DZT8|A0A0H3DZT8_BACA1 xre Phage PBSX transcriptional regulator OS=Bacillus atrophaeus (strain 1942) OX=720555 GN=BATR1942_03890 PE=4 SV=1,MDLTTRILCSRKDKKLSQQALADMIGVSRSALAQWETAMSSPSLENLRKMSEVLNVSFEWLATGRGNQYLIHPGDGVNDSDVDDEIINQLHRMTLMKKRAILNVMRAMG,47.0,110,51,35.294,18,33,33,0,0,64.71,47,/stor/work/Wilke/crisprtn7/reblast2/GCF_001646945.1_AVMART05_1.0_genomic.fna
NZ_LUTV01000010.1,26678..67193,tniQ,47193..46678,lcl|47193|46678|3|-1,-1,tr|A0A417XIF4|A0A417XIF4_9CLOT,1.10e-05,tr|A0A417XIF4|A0A417XIF4_9CLOT tniQ GNAT family N-acetyltransferase OS=Clostridium sp. OF09-10 OX=2292309 GN=DXA91_00825 PE=4 SV=1,MHIDLGNGYCLRRFLYGDAIALANHGNNPKISQYLRDTFPNPYTIEHARAWVQHVKEHETKTRFAIDYNGEAIGEIGFVVQLDVHRFGAEIGFWVSEDHWGKGIMTKALSYVTNYAFDEMGLVRIYADVQARNPGSRKVLEKCGFELEGVMKKHVYKDDQFIDQLVFALVR,41.6,96,60,40.000,24,36,29,0,0,48.33,35,/stor/work/Wilke/crisprtn7/reblast2/GCF_001646945.1_AVMART05_1.0_genomic.fna
