NZ_AUTM01000025.1,0..9143,tnsA,1641..2954,lcl|1641|2954|3|1,1,UniRef50_A0A1C6RKQ5,7.93e-12,"UniRef50_A0A1C6RKQ5 tnsA Murein DD-endopeptidase MepM and murein hydrolase activator NlpD, contain LysM domain n=2 Tax=Micromonospora inyonensis TaxID=47866 RepID=A0A1C6RKQ5_9ACTN",MVHVVHTLPKKHKLLILGLVSAIVGLAFLPSEKATASKDNSANALEIGKRYELQVKVDNNEKLTELNSEQAAEKLPEYDFVDHKVKNGDNLAIIFKRAGFSAQTLHKLINTNAETRKLTKIHPGEILSFATAEDGSLAQLRYVISKTDTLFVTLNEEGNYDTAIDSKEIETLTKTAGGEISNNFWTSAIAAGLSERQIMNFADIFGWDVDFANDIRKGDVFGLIYESHYVDGEFIGTGKIIAAEFVNQGQRFAAIRHTDGNFYTPEGRSMKKAFLRAPVSFKYISSSFNPRRLHPVTGQVRAHRGIDFAARTGTPVVASGNGKVIKAGYSKYNGNYVFISHGTQYVTKYLHLNKKLVKTGQKVKQGQQIGTVGSTGRVTGAHLHYEFLVNGVHRNPKTVKLPKSEPLPRSELAKFKPIADNFIAQLERNRELQLALK,65.1,157,111,36.036,40,49,55,3,22,49.55,20,/stor/work/Wilke/crisprtn7/reblast2/GCF_000498035.1_TAE80_genomic.fna
NZ_AUTM01000033.1,0..16996,tnsA,12441..11740,lcl|12441|11740|2|-1,-1,UniRef50_A0A3M5N9X7,4.02e-12,UniRef50_A0A3M5N9X7 tnsA HTH gntR-type domain-containing protein n=380 Tax=Bacteria TaxID=2 RepID=A0A3M5N9X7_PSEAZ,MKSQPRQNLTQQLAHDLGFAIVRGIYPINEGLPSEADLCIKYDVSRSATREAVKMLSAKGLISSRPKQGIRVLPESSWNMFDTDVLRWILSSNPSLSLLKEFTQVRVALEPQAAALAAISATAEQLAEIDNALARMADADKGLDDTLEADIAFHTSILVASNNRFFVQLTEFISTALRVSIRYTNHIKGVPGADVAKHADILNTIKSRNPERAKKAVETILEEALELIESRLV,61.6,148,146,30.137,44,96,71,1,6,48.63,63,/stor/work/Wilke/crisprtn7/reblast2/GCF_000498035.1_TAE80_genomic.fna
NZ_AUTM01000033.1,0..16996,cas13b,7005..7766,lcl|7005|7766|3|1,1,ERJ66054.1,0.007,ERJ66054.1 cas13b hypothetical protein HMPREF1553_01900 [Porphyromonas gingivalis F0568]|cas13b|CRISPR|Type6B,MAIKKLSNTEHQALKVNPNAAAIYASTKHLLNLRATEVAKVTCDLPVFFARNAQNGSYTISALTSFNANKNLLVNNTKWHALYTPMCMQSYPLYLLTHDANSSDYFVAIDEESSVVNIEQGEALFDNKGTPSLFLSAQKKLLEADLKNDYLTYKFTQELVRLGLIKDIDIILQFEQGDPQTIQGLSTVDEDKLQALDHDTIVNLHKQGYLNVLNSMLISLFQLNALVKIHNQHPELKPLKQIKLELSRDAHAF,36.2,82,118,31.356,37,61,60,6,20,50.85,43,/stor/work/Wilke/crisprtn7/reblast2/GCF_000498035.1_TAE80_genomic.fna
NZ_AUTM01000040.1,0..32984,tniQ,15109..14588,lcl|15109|14588|2|-1,-1,tr|A0A417XIF4|A0A417XIF4_9CLOT,5.82e-07,tr|A0A417XIF4|A0A417XIF4_9CLOT tniQ GNAT family N-acetyltransferase OS=Clostridium sp. OF09-10 OX=2292309 GN=DXA91_00825 PE=4 SV=1,MRSLMTLFTQRLSMYQMEESDWPLFLALHRDPQVLKYCFDMPMESLIRNRFEIRLPQWNTKSRHPLCLLIINNKTKQPVGVTGFAYDGETAELGYLLLPEYFNKGYATESLRAVIDWAWKECGIRQFKAVVTRGNIGSVKVLSKCGLTHTDTLFKVHTIGEKLYDDLIYTLKV,45.1,105,88,32.955,29,49,42,2,10,47.73,50,/stor/work/Wilke/crisprtn7/reblast2/GCF_000498035.1_TAE80_genomic.fna
NZ_AUTM01000040.1,0..32984,tniQ,30663..30121,lcl|30663|30121|3|-1,-1,tr|A0A417XIF4|A0A417XIF4_9CLOT,2.28e-06,tr|A0A417XIF4|A0A417XIF4_9CLOT tniQ GNAT family N-acetyltransferase OS=Clostridium sp. OF09-10 OX=2292309 GN=DXA91_00825 PE=4 SV=1,MKMNAPVTKRLNFKLMSEHDWPQLFELDQDPAVMQYLTRGVPTSAEQIKNEGVPRMLAYRNELKGWGLWSITLKQTNTFIGWVLIRPMDFFSDAPNYSDIEIGWRFKQASWGHGYATEAALALCDELIKQDDVKAISATALKDNTASINIMKKLGLQFIKNYTHTDEQGDLPAVLYSKNV,43.5,101,91,29.670,27,57,40,1,7,43.96,51,/stor/work/Wilke/crisprtn7/reblast2/GCF_000498035.1_TAE80_genomic.fna
NZ_AUTM01000051.1,0..21916,tniQ,4836..3808,lcl|4836|3808|2|-1,-1,tr|A0A2W1D0I8|A0A2W1D0I8_9PLEO,4.24e-14,tr|A0A2W1D0I8|A0A2W1D0I8_9PLEO tniQ Pectate lyase OS=Pyrenophora tritici-repentis OX=45151 GN=A1F97_07859 PE=3 SV=1,MPNTENLHEYIILQTMRAIVLPEPNEAIDLADAELPVPDCADNELLVKVEYVGLNPVDGQFAKTGFCKWQYPHILGLDAVGVVVKANKGVFPNVGQRVMWHANIGEQGALSEYTKVPNFAVSVVPSGLNPAIAATLPCAGMAALISLDKIGISEGDTIFIEGGAGAVGQFAIQYAKQRGADVFTTASKRNHKLVKQLGADVVFDYSDKKLCEKIRRELGPQGFDAVIDTIGGECTQRNIELMRFCGRIACLNPLPCFDQDLMYHRAPNISVVSIGGAWLANSLCAQQRLSFMGNLLLEGAVSGDIKHPEITPVDFSAESVSQALNKQLAGGFTGKQIVKVAK,70.1,170,286,26.923,77,178,127,10,31,44.41,79,/stor/work/Wilke/crisprtn7/reblast2/GCF_000498035.1_TAE80_genomic.fna
NZ_AUTM01000051.1,0..21916,tniQ,10703..11641,lcl|10703|11641|2|1,1,tr|A0A1N1MBJ4|A0A1N1MBJ4_9MYCO,1.05e-04,"tr|A0A1N1MBJ4|A0A1N1MBJ4_9MYCO tniQ Regulatory helix-turn-helix protein, lysR family OS=Mycobacteroides abscessus subsp. abscessus OX=1185650 GN=SAMEA2149858_03031 PE=4 SV=1",MDTTSRLLMLLEVVEQGSFAKAAEIRNIDRSVISKQISRLEDELGVRLLNRTTRSFSLTAAGAEMIKKAAELRELLGETVRMAENYHLEPRGVLKITSSTLIGRRYLQPVLNDFQKRFPQVEVELRLDDRLVDIVSEGFDLAFRVGEPKDSSLIARKIARNRLLILAAPQFIETYGMPKTIEELAQLPAASYASNSIRVETIDYYDSKGERCEQKIKSVFRANDAESLLMKTLSGTTYFVAPAFIIGDEIIQGKLVPLLTDVKLMEFSAMYAVYPHRDLPVRTRLFFDAVREHLGKDKPIWENGIPNFEQMY,41.6,96,64,37.500,24,38,36,1,2,56.25,20,/stor/work/Wilke/crisprtn7/reblast2/GCF_000498035.1_TAE80_genomic.fna
NZ_AUTM01000051.1,0..21916,parE,9404..6252,lcl|9404|6252|3|-1,-1,VFJ66771.1,5.09e-07,"VFJ66771.1 parE ParE toxin of type II toxin-antitoxin system, parDE [Candidatus Kentron sp. DK]",MKFSHFFIQRPIFAAMLSLVILIAGGISLFQLPVSEYPEVVPPTVVVTASYPGANPTVIAQTVATPLEQEINGTENMLYMFSQGTSDGRMTLTVTFALGTDLDRAQVQVQNRVNSALPRLPEEVQRLGVVAEKSSPDLTMVVHLYSPEKTHDTAYLSNYADLNIKDEIARLPGVGDIRLFGGGKYSMRVWLNPDALAARELTATDVVAALRSQNQQVAAGSLGAQPISNDSQFQILLNVKGRLNSIEEFENVIIKVGDEGQLTRLSDIARVDLGQDTYALRAELDNQPALAMPIFQRPGSNAIELSDQVRETMARLSKDFPTGVEYDIVYDPTVFVRGSIDAVIATLLEAIVLVVIVVIVFLQTWRASIIPLIAVPISLIGTFAVMQWLGVSINTLSLFGLVLAIGIVVDDAIVVVENVERNIEKGLSPLEATRVAMSEVTGPIIAIALVLSAVFIPTAFITGLSGQFYKQFALTITISTIISAFNSLTLSPALAALLLKSHDAKPDAFTRLLNKLFGRWLFEPFNRVFNRGAKGYEKLVQKLIRMTVVVMVAYIALVGGTIKLFDTVPGGFIPQQDKQYLVAIAQLPDASSLDRTEDVLAQMQQIALEVPGVAHTVAFPGLSVNGFTNSPNSGIVFTPLESFDKRTDPSQSAMAIAAQLNKRFAAIDEAFVAVFPPPPIQGLGTTGGFKLQIEDRANKGFEALFNSLQAVIGKAQQDPALMGLYSSFRIQVPQMDIDIDREQALIQGIPLDEVFNALQIYLGSVYVNDFNMFGRTYQVNAQADADYRLDPDQILNLKVRNRSGNMVPLGSVLTVTPTIGPDRVMHYNGYPSAELNGSPAPGYSSDQAQVAIEKVLADTLPTGIEYEWTEVTYQQVLAGNTMVYVFPLVVLLVFMVLAAQYESLRLPLAIILIVPMTIFSALLGVWFVGSDNNIFTQIALIVLVALASKNAILMVEFAKDRHDSGLSHLEAILEACRMRLRPILMTSIAFTAGVVPLVLATGAGAEMRHAMGNAVFSGMIGVTVFGLLFTPVFYMLVTNKKEKAQENTHD,48.5,114,72,34.722,25,47,39,0,0,54.17,7,/stor/work/Wilke/crisprtn7/reblast2/GCF_000498035.1_TAE80_genomic.fna
NZ_AUTM01000055.1,0..1234,tniQ,1227..568,lcl|1227|568|2|-1,-1,tr|A0A2W1D0I8|A0A2W1D0I8_9PLEO,8.39e-13,tr|A0A2W1D0I8|A0A2W1D0I8_9PLEO tniQ Pectate lyase OS=Pyrenophora tritici-repentis OX=45151 GN=A1F97_07859 PE=3 SV=1,MELPDDVTMAEGAAISEVYLTAFGALFELGKLQKGQTALIHAGASGVGGAAIQMAKSAGATVVITAGTDDKCQHAKELGADHAINYKTTDFVEYMKANELTANAIVDPVSGSYLNKNAAIAAMDCQIVMLAFLDGRFAEVDFAALLRKRISFHASTLRNRSIEFKRQVRDDFVARFYNDIATKKYDFNLYKILPWSDANEAHAILERNENAGKVVLLVE,64.3,155,142,30.986,44,89,76,4,9,53.52,65,/stor/work/Wilke/crisprtn7/reblast2/GCF_000498035.1_TAE80_genomic.fna
NZ_AUTM01000057.1,0..15153,tniQ,3248..4126,lcl|3248|4126|2|1,1,tr|A0A1U1BRW6|A0A1U1BRW6_9MYCO,6.45e-06,"tr|A0A1U1BRW6|A0A1U1BRW6_9MYCO tniQ Regulatory helix-turn-helix protein, lysR family OS=Mycobacteroides abscessus subsp. massiliense OX=1962118 GN=SAMEA2275744_05269 PE=4 SV=1",MNLHALRVFYTVAKLGSFSGAAEALFISQPAVSKALKELEHQLNIQLIERASKGKKLTLSEGGQVLYDHARSIFAIEKAAIEDIKSRTGLKRGTLVIGTSTTIASYWLPPYLAKFCAQYPHIKVEVQVANTAQIELALLECTIDLALVEGTPIEPHIISKHWQNDLMSIVIPSNFKPAKNLNAWLNKQFWLLREPGSGTLEMSVKLLAQHGVIAERSMQLGSNEAIARAVAQGMGVALLPNVVTEDLVQLGKLTRLSQKNNEQLSRPLYQLHYKDRPSSHAAQAFEKSLFSE,45.4,106,74,36.486,27,46,39,1,1,52.70,25,/stor/work/Wilke/crisprtn7/reblast2/GCF_000498035.1_TAE80_genomic.fna
NZ_AUTM01000057.1,0..15153,tniQ,9807..8887,lcl|9807|8887|1|-1,-1,tr|A0A0W7WYX0|A0A0W7WYX0_9ACTN,3.81e-06,tr|A0A0W7WYX0|A0A0W7WYX0_9ACTN tniQ HTH lysR-type domain-containing protein OS=Streptomyces silvensis OX=1765722 GN=AT728_13705 PE=4 SV=1,MSSTVLSDSFRGIVYFTAAAKNESFTAAAEELGISKSALGKSIAKLENHLNTKLFHRTTRKLSLTTEGEAYLASCQLALDTLQSAELALQSKLSQPSGRVRIDVPAAFGRSFVLPVLLKLAEQHAQLKLTVTFNDKIIDPLDAGFDLAIRFGAIKDSGDLVARKLTSQHLILTASPAYLARLGTPTSLAELTSHQCIVAWRGGSSLHWLIKNTDGDDMRFHPKPFHQISDGDAMVDACIAGAGIIQFPKSLLQPWLDEGKLVPILPELNPASTELHIIWPKTKHLLPSVRFIIDEFVRLSDEGNFN,46.2,108,63,44.444,28,33,35,1,2,55.56,20,/stor/work/Wilke/crisprtn7/reblast2/GCF_000498035.1_TAE80_genomic.fna
NZ_AUTM01000057.1,0..15153,tniQ,12251..12757,lcl|12251|12757|2|1,1,tr|A0A417XIF4|A0A417XIF4_9CLOT,3.07e-04,tr|A0A417XIF4|A0A417XIF4_9CLOT tniQ GNAT family N-acetyltransferase OS=Clostridium sp. OF09-10 OX=2292309 GN=DXA91_00825 PE=4 SV=1,MITLREFKAQDAPFIISTLNDEQVTRYLSSKIPFPYTQADADWWINQGSKNGVIDATAKAIEVNGQFAGCIGITPGEFEYSHSGEIGYWLNKAYWGQGIITRAIELICNEAFANSHINRIFGAVFAGNTGSMKALIKSGFEQEAVLKQAIYKNGVLYNNHIFSKLKAD,37.4,85,76,30.263,23,50,33,1,3,43.42,45,/stor/work/Wilke/crisprtn7/reblast2/GCF_000498035.1_TAE80_genomic.fna
NZ_AUTM01000057.1,0..15153,tniQ,12937..13965,lcl|12937|13965|1|1,1,tr|A0A2W1D0I8|A0A2W1D0I8_9PLEO,1.18e-17,tr|A0A2W1D0I8|A0A2W1D0I8_9PLEO tniQ Pectate lyase OS=Pyrenophora tritici-repentis OX=45151 GN=A1F97_07859 PE=3 SV=1,MSTTSRQLTLESRPNGAPTDENFKLKTVELPALKDGEVLLRTIYLSLDPYMRGRMSDAKSYADPVNIGDVMVGATVCQVEDSKNDKFSEGEWVLAYTGWQDYAITGGEGLMQLGKEPENPSYALGIMGMPGFTAYMGLLDIGQPKEGETVVVAAATGPVGATVGQIAKIKGCKVVGVAGGSEKCAHAVEKLGFDACIDHKADDFEEQLEKACNKGIDVYYENVGGKVFDAVLPLLNTAARVPLCGLVSQYNATSLPEGPDRLGMLMGQLLTKRIKMQGFIIFDDYGDRYDEFAQDMQKWLKDGKIQYREHMVEGIENTVGAFNDMICGKNFGKTVVKINNPL,80.9,198,221,28.959,64,135,112,8,22,50.68,62,/stor/work/Wilke/crisprtn7/reblast2/GCF_000498035.1_TAE80_genomic.fna
NZ_AUTM01000068.1,4707..45732,tniQ,24707..25732,lcl|24707|25732|2|1,1,tr|A0A2W1D0I8|A0A2W1D0I8_9PLEO,6.04e-11,tr|A0A2W1D0I8|A0A2W1D0I8_9PLEO tniQ Pectate lyase OS=Pyrenophora tritici-repentis OX=45151 GN=A1F97_07859 PE=3 SV=1,MKALSKLKAEPGIWMTDAPKPEVGHNDLLIKIRKTAICGTDVHIYKWDEWASKTIPTPMVVGHEYVGEVVDMGQEVRGFQVGDRVSGEGHITCGHCRNCRAGRVHLCRNTTGVGVNREGAFAEYLVIPAFNAFKIPDNISDELASIFDPFGNAVHTALSFDLVGEDVLITGAGPIGIMAAAVAKHVGARHVVITDVNEYRLDLARKMGASRAVNVANEKLEDVMKELGMTEGFDIGLEMSGVPSAFNSMLNNMNHGGKIAMLGIPPSDMAVDWNQVIFKGLVIKGIYGREMFETWYKMASLIQSGLDLNPIITHQYSVDDFQAGFDMMISGQSGKVILNWD,60.8,146,270,25.926,70,156,119,11,44,44.07,76,/stor/work/Wilke/crisprtn7/reblast2/GCF_000498035.1_TAE80_genomic.fna
NZ_AUTM01000068.1,4707..45732,rsmJ,35136..35936,lcl|35136|35936|3|1,1,PRD22402.1,3.70e-28,PRD22402.1 rsmJ rsmJ [Trichonephila clavipes],MSIIEIIILALIQGFTEFLPISSSAHLILPSQILGWEDQGLAFDVAVHVGTLIAVVIYFRKEVVDILSAWFKSFGAQGTTDDSKLGWWIILGTVPAAILGLLLKDFIELYLRSAWVIATTTIVFGLLLWYADVKGKQIKTIYQLNWKTALIIGFAQAVAMIPGTSRSGITMTAGLMLGMNKQSAARFSFLLAIPIISMMGLYYTAELALGDHVVDWNTLLLGVVLSFLSAYACIFMFLKVIERMGMLPFVIYRLLLGIGLIVFLMM,110,276,244,34.016,83,132,134,7,29,54.92,88,/stor/work/Wilke/crisprtn7/reblast2/GCF_000498035.1_TAE80_genomic.fna
NZ_AUTM01000068.1,47926..88900,tnsA,67926..68900,lcl|67926|68900|3|1,1,UniRef50_A0A3N1KIY1,4.42e-07,UniRef50_A0A3N1KIY1 tnsA TnsA endonuclease-like protein n=17 Tax=Streptomyces TaxID=1883 RepID=A0A3N1KIY1_9ACTN,MASAAKLDKHTMTDEKFGDIDVDESTALLDKMDDDEIFAKEEVTKNLDATQLYLGEIGFSPLLSAEEEVFFSRKSLRGCEASRKRMIESNLRLVVKIARRYNNRGLALLDLIEEGNLGLIRAVEKFDPERGFRFSTYATWWIRQTIERAIMNQTRTIRLPIHVVKELNVYLRTARELTQKLDHEPTADEIAACLDRPVEDVTKMLRLNERIASVDMPIGVENDSVLLDIIPDEKSAGPEGEVQNNDINKHIVDWLGELNPKQREVLARRFGLLGYEPSTLEDVGREIGLTRERVRQIQVEALRRLKDILQQEGLSTDSLFNQFS,49.3,116,56,50.000,28,25,37,2,3,66.07,17,/stor/work/Wilke/crisprtn7/reblast2/GCF_000498035.1_TAE80_genomic.fna
NZ_AUTM01000074.1,0..21149,tniQ,12077..12358,lcl|12077|12358|2|1,1,tr|A0A417XIF4|A0A417XIF4_9CLOT,1.01e-07,tr|A0A417XIF4|A0A417XIF4_9CLOT tniQ GNAT family N-acetyltransferase OS=Clostridium sp. OF09-10 OX=2292309 GN=DXA91_00825 PE=4 SV=1,MVGVVGFYKRAALLQPDLGFALVSGFEKKGYVFEAASALLQYKHEFGITKLCAITSPDNRASQNVLLKLGFKIEGKAVINDDKTAVIILSLND,45.1,105,62,46.774,29,28,36,2,5,58.06,63,/stor/work/Wilke/crisprtn7/reblast2/GCF_000498035.1_TAE80_genomic.fna
NZ_AUTM01000074.1,0..21149,glmS,19812..20951,lcl|19812|20951|3|1,1,KKW72534.1,1.74e-11,"KKW72534.1 glmS glutamine-fructose-6-phosphate transaminase (isomerizing), glmS, partial [Lactococcus lactis subsp. cremoris DPC6860]",MSKRDYYEALGVSKDASERDIKKAYKRLAMKYHPDRTAGDKELETKFKEVKEAYEILTDPQKRQMYDQHGHAAFEQGGGGGHGGFGGGHGDFGDVFGDVFGDIFGGGGRRRQSRQQRGSDLRYNMDLSLEEAVRGKEVEIKVPTWVGCEPCDGSGAKAGSKPKTCTTCHGAGQVQMRQGFFAVQQTCPTCQGQGQIISDPCNKCHGQGRVEKTKTLSVKIPAGVDTGDRIRLTGEGEAGMHGAPSGDLYVQVSVREHEIFVREANNLYCEVPISFTTAGLGGEIQVPTLDGRAKLKIPSETQTGKMFRMRGKGVKSVRSGAQGDLICKVVIETPVNLNERQRELLQELDESMGTDSSKNRPKEQGFFDGVKKFFDDLTK,63.2,152,73,43.836,32,40,42,1,1,57.53,19,/stor/work/Wilke/crisprtn7/reblast2/GCF_000498035.1_TAE80_genomic.fna
NZ_AUTM01000087.1,3135..27234,tnsA,23983..23135,lcl|23983|23135|3|-1,-1,UniRef50_A0A1C6RKQ5,4.27e-06,"UniRef50_A0A1C6RKQ5 tnsA Murein DD-endopeptidase MepM and murein hydrolase activator NlpD, contain LysM domain n=2 Tax=Micromonospora inyonensis TaxID=47866 RepID=A0A1C6RKQ5_9ACTN",MKVLEKDRLVMFKTLLATALVASASFSAMALELKGHLTQGGLVTGKLENVKSVSLDGKDLKISANGDFVFGFGRDADTTHTLKWVDNNGKSHSQPIAITKREYKIDKITGVAKKYVSPPKEVSARISREAVAVRKAREVESDLLYFLDPVLKPAEGRISGVYGSQRYFNGEPRRPHFGLDIANKTGSPVYAPISGTVVFAEPDLYYSGGTLIIDHGHGITSTYIHLSKLDVKVGDKIEQGNKVAEIGATGRVTGPHLDWRFNWKGERLDPALLMQDTSANKK,45.8,107,138,26.087,36,76,58,3,26,42.03,40,/stor/work/Wilke/crisprtn7/reblast2/GCF_000498035.1_TAE80_genomic.fna
NZ_AUTM01000087.1,3135..27234,glmS,9092..9970,lcl|9092|9970|2|1,1,WP_035343592.1,1.02e-05,WP_035343592.1 glmS two-component system response regulator GlrR [Dickeya],MSILTKEAENNKIVLKNNITSELTVASDEKLISQLVIQLVTEVLDSSSNTTLSIDAQIKKESTRNYLNLDFSLSNLINTNHFITELKSISGDNITRFIDDKDLSLELKFFISIFKMLGGKAIIISSNANKTTISLSMLVNLASKQNKDDEQEVLNSPLITTDLVNINPLTNEEQNTLLLVDDDPLVEIVIRAMLKNESIKIDYARSAIEAMLMVSQNSYDIILMDIVMPELSGTDAMLKIKKHSDNSKTKIIAHTSTPDPESKYVNQGFDDMLLKPVKQGILINQIARILKR,44.3,103,119,25.210,30,87,60,2,2,50.42,40,/stor/work/Wilke/crisprtn7/reblast2/GCF_000498035.1_TAE80_genomic.fna
NZ_AUTM01000087.1,3135..27234,yciA,23129..22686,lcl|23129|22686|2|-1,-1,WP_029772286.1,3.14e-101,WP_029772286.1 yciA acyl-CoA thioesterase [unclassified Pseudoalteromonas],MTDVNRDAIIAQRIEDSTTSVTKTVFPGRTNHHNTLFGGDALAWMDEVAFIAATRFCRKPLVTISSDRVDFKEAIPAGTFAELIAKVVHVGNTSLKVDVDILLETMHRDDKHSAISGSFTFVAVDDNHRPTPVVCDKMIYGFDELKL,284,726,143,95.804,137,6,142,0,0,99.30,97,/stor/work/Wilke/crisprtn7/reblast2/GCF_000498035.1_TAE80_genomic.fna
NZ_AUTM01000088.1,0..33514,tniQ,13514..12627,lcl|13514|12627|3|-1,-1,tr|A0A1X1NDK8|A0A1X1NDK8_9ACTN,1.15e-04,tr|A0A1X1NDK8|A0A1X1NDK8_9ACTN tniQ HTH lysR-type domain-containing protein OS=Streptomyces sp. CB03238 OX=1907777 GN=BKD26_21400 PE=4 SV=1,MYNLSDLETFIAVVENKGVLAAARELHLSPATVSHRLSKLERELATVLVFRDSRRVRLSPAGEIFYTRVGAIIEALHDAEHSIGARSSSVSGLLRVTMPPWVFSKYVMPKLNEFEQACPELKLDFLITDHFVNVVDDAQDVAIRVGQLNDSGLLSRKIVNNKRILCAAPSYIKKYGMPKSLAQLSEHYWVCLPWQRQLKLFDEQGKIHTFNARTRFTISNSDNMTQAAIAGHGIAIKSMIAIHEDIKNGILVEVMPGVMAQDDAPVWFLRPQNSLTTRKTDVFYDFMKSLFLSCE,41.6,96,82,34.146,28,46,42,3,8,51.22,27,/stor/work/Wilke/crisprtn7/reblast2/GCF_000498035.1_TAE80_genomic.fna
NZ_AUTM01000088.1,0..33514,cas3,17945..21418,lcl|17945|21418|2|1,1,gi|331270848|ref|YP_004397285.1|CAS-I|cas3HD|cas3,6.25e-06,gi|331270848|ref|YP_004397285.1|CAS-I|cas3HD|cas3 cas3,MAFEQWAALPWVKSHKDKIQWGQLSGSGLSIAIAEGVKQQDNLVLIVTPDTPSALRLETELEYLLPDNPVMVFPDWETLPYDHFSPHQDIISARLATLNTLKKEQQSVLIVPVSTLMLRTAPASFIYGSTINFKVGDKLDTHNFRDNLEQAGYLNVQQVMEHGEYAIRGSIVDLYPMGSPHPFRLDFFDDELDTIRLFDVETQRSDEKVDKIELLPAHEFPTNDADIERFRISYREKFGASSQQDSVYMQVSKGNWPAGIEYYMPLFFEKLATIFDYLPDTTTVMQLGDLEHAADNFWHDVNVRYENRRVDPLRPLLEPNALYQPIEELFSNLGNFARIRLSLAKLGTKAGNKNLSVSELPAIRIDHKQHEPYGAFINYVAEQKKKKGRILLSVESDGRRESLLSILKPSGLKFKEFETLEQFTKSASDVGLIVSPLEQSVVLGTKPSLSIITEQELLGIKVSQRRRRKHKYEASQDALIRNLAELKEGQPVVHLDHGVGRYQGLQTIDAAGVITEFVTITYASEAKLYVPVSALHMLSRYSGGEEASAPLHKLGSDAWEKAKKRAAEKVRDVAAELLDIYAQRQAKPGNKFTLDAPAYRQFSDSFPFEETDDQRNAIEAVLGDMQSKQAMDRLVCGDVGFGKTEVAMRAAFVAVNDDKQVAILVPTTLLAQQHYENFKDRFADFPIEVGVLSRFNSTKEQKDTLEKMANGKLDIVIGTHKLIQQDIKFNDLGLLIVDEEHRFGVRQKEKIKALRADVDILTLTATPIPRTLNMAMSGMRDLSIIATPPAKRLAVKTFVRQRDVELIREAVLREIKRGGQVYFLHNNVETIERVAQEISEWVPEASVTSAHGQMREQELEQIMTDFYHQKYNVLVCTTIIETGIDVPTANTIIMDRADKLGLAQLHQLRGRVGRSHHQAYAYLLTGDPKALSKDASKRLQAIESLEDLGAGFALATHDLEIRGAGELLGDDQSGQMQTIGFSLYMEMLEQAVNALREGKEPTLENLLQKQTEVDLKLAALLPDDYIHDVNARLGMYKRVASCANLDDMDELQVELIDRFGLLPDAAKNLFSLQQLKMQASNLGITKIEANPKGGYFEFSQDTKVNPSFIIGLIQSAPKVYKMDGANKLRFAISEANARERLKMVTAMIADFEKKVSH,49.3,116,308,21.429,66,203,128,11,39,41.56,24,/stor/work/Wilke/crisprtn7/reblast2/GCF_000498035.1_TAE80_genomic.fna
NZ_AUTM01000093.1,67049..102030,tnsA,87049..87792,lcl|87049|87792|1|1,1,UniRef50_A0A3M5N9X7,1.86e-14,UniRef50_A0A3M5N9X7 tnsA HTH gntR-type domain-containing protein n=380 Tax=Bacteria TaxID=2 RepID=A0A3M5N9X7_PSEAZ,MGNRRLFWRIVDKIESLINQGEFSAGSRLPPERELAEMFDVSRPTIREAIIALEVRGRVEVKTGSGVYVVEQKNASIKSKEISAFELTQARALIEGEIAALAAQSITEEELEQLNKTLIAMEKGLYVEQADREFHEIIARATRNKALEFAVSNLWDLRLTNPQIVADYGSVCKNNNECVMDEHTAIYTALKSHDANAARSAMHKHFNRLINALFDAVESRALEEIKRKNDEKRGLYSLDGLVNKSAH,68.6,166,215,27.442,59,139,97,4,17,45.12,81,/stor/work/Wilke/crisprtn7/reblast2/GCF_000498035.1_TAE80_genomic.fna
NZ_AUTM01000093.1,67049..102030,rsmJ,75876..76331,lcl|75876|76331|3|1,1,PRD22402.1,3.51e-21,PRD22402.1 rsmJ rsmJ [Trichonephila clavipes],MFIVGGVIFLLLERNYKEAQCTTTDVTQVTYKQALWIGGAQVFALIPGTSRAGSSIVGAMLCGLNRKASAEFSFLLGLPVLAAVSGYDLLKHYQLFSLDDLTALAVGFLTSFIVAYFTIKLFIRFLENFTFVSFGLYRIVFGVILLAIAYT,86.7,213,88,50.000,44,42,59,1,2,67.05,58,/stor/work/Wilke/crisprtn7/reblast2/GCF_000498035.1_TAE80_genomic.fna
NZ_AUTM01000093.1,67049..102030,glmS,77671..79068,lcl|77671|79068|1|1,1,WP_035343592.1,4.04e-04,WP_035343592.1 glmS two-component system response regulator GlrR [Dickeya],MNSAIEFYKEGPSREGITRAVELAIEKGKKWNLELEVVTAKNKHLWVATFGEAEFDEGRCVRLFGTCQDVTESVMLREELKQKQAQAERLLEDRSMLFAKISHELRTPLNGITGMLTTLVDEHSEEVRAEKIKIALRSADILLSIINEVLDFSKINHGELKLEPTDFLLKTIFTDLTSLYTPLFKNTHVTLQVNNTIDDNCWAFSDNTRLSQITSNLLSNALKFTENGSVTLNTNLSKIKNKLILNIEVSDTGRGMSKGFLESLFSPFSQEVDAKNSKGGTGLGLAIVKELVEYMGGKIKVKSTPNKGTTFLVNIPIEKGTEQKQESLKSTLDINGSELSVLVVDDNDINRLVLHASLGKLNIKADSAVDGQDAVLKCRQKHYDLIFMDCIMPILDGFEATKQLRSENICSHEETYIVAITANTSSQDKLACKQAGMDMFISKPFKLPILEKAVINALEHTAKVS,40.4,93,119,26.891,32,83,58,1,4,48.74,26,/stor/work/Wilke/crisprtn7/reblast2/GCF_000498035.1_TAE80_genomic.fna
NZ_AUTM01000103.1,1748..51809,tniQ,22878..21748,lcl|22878|21748|2|-1,-1,tr|A0A2W1D0I8|A0A2W1D0I8_9PLEO,1.68e-10,tr|A0A2W1D0I8|A0A2W1D0I8_9PLEO tniQ Pectate lyase OS=Pyrenophora tritici-repentis OX=45151 GN=A1F97_07859 PE=3 SV=1,MSDKFIKSKAAIAWGPKQPLSIEEVDVMLPRKGEVLVKVIASGVCHTDAFTLSGDDPEGIFPVILGHEGGGIVEQIGEGVTSVQVGDHVIPLYTPECGECKFCLSGKTNLCQKIRETQGKGLMPDGTTRFYKDGQPIFHYMGCSTFSEYTVLPEISLAKVNKDAPLEEVCLLGCGVTTGMGAVMNTAKVEEGSTVAIFGLGGIGLSAVIGATMAKAGRIIAIDINESKFELARKLGATDCINPKDYDKPIQDVIVELTDGGVDYSFECVGNVNLMRSALECCHKGWGESVVIGVAGAGQEISTRPFQLVTGRVWKGSAFGGVKGRTELPDYVERYLAGEFKLSDFITHTMALDDINESFDLMHKGESIRTVIHFDK,59.7,143,160,30.625,49,97,85,7,14,53.12,41,/stor/work/Wilke/crisprtn7/reblast2/GCF_000498035.1_TAE80_genomic.fna
NZ_AUTM01000103.1,1748..51809,tnsA,30829..31809,lcl|30829|31809|1|1,1,UniRef50_A0A0P9PXI9,3.73e-12,UniRef50_A0A0P9PXI9 tnsA TnsA endonuclease n=3 Tax=Pseudomonas syringae group TaxID=136849 RepID=A0A0P9PXI9_PSESX,MASSTQIKALMQSHIDKDDDRFLSIALQVAAHEARSGHGKLAQELKQLIDKAKKKSLNNLPVSIASGVKDSTGLLTTSYPKLRFNDLIVSESVKGRLNRLVKEQKHLSTLKNHGLSPRRKLLLAGKPGTGKTYTASVLAGELNFPLFEVRLDAVITKYLGESSAKLRQIFDAIRDVRGVYFFDEFDALGSHRGSNNDVGEARRILNSFLQMIEQDDSSSVIVCATNHIEALDHALFRRFDDVIRYELPSESEIVSLFKSRLHPYVAKNFSWKKLALKSDGLSNAEVTQAANDAIKEMLIHDYSSITITMLQEAIEDRKSISQHFAM,60.5,145,112,30.357,34,75,64,2,3,57.14,34,/stor/work/Wilke/crisprtn7/reblast2/GCF_000498035.1_TAE80_genomic.fna
NZ_AUTM01000103.1,1748..51809,parE,29800..28367,lcl|29800|28367|1|-1,-1,WP_183466676.1,3.43e-40,WP_183466676.1 parE DEAD/DEAH box helicase family protein [Mycolicibacterium iranicum],MKLRLWQAECINLALTQYQNGNSHFLALATPGAGKTLMASELADQLLKNNMVDVIICFSPSSIVSQDFKESLQLKTNERFDGLIGAKGRTLTYQSLQYLDVHFWQLFERYRVFVIFDEIHHCAGSNIDNANAWGEQIILNIHNKAQCTLALTGTPWRSDAAPIVLSSYQQPNNKIACDYVYGLSEAIVDNVCRVPKIVAVDNNHITVVDDVETKTFDCFKALLNDSGVSYQEIIENEAVVKYIISSAQKKLISIRLKNPDAAGLIVTSSVEHAHQISKLMRTYFDEDSIVVTYRENEPTSIIQQFRYAQTKWIISVGMISEGTNIPRLQVCCHLTNIKTEMHFRQILGRILRVTNSKNQEAIMYMPAEPKLLEYAYRVNQDVPLEADVVKFEKIETPAGKNTADTDSSNITFDKQSKKPSKAQFDFNNFADFFEQPAMGNRPEATEEHFLTGAYERIINISGRFQQEAIALGLSELR,150,378,464,26.293,122,265,201,13,77,43.32,87,/stor/work/Wilke/crisprtn7/reblast2/GCF_000498035.1_TAE80_genomic.fna
NZ_AUTM01000105.1,0..10503,tniQ,5675..4830,lcl|5675|4830|2|-1,-1,tr|A0A2Z5JF85|A0A2Z5JF85_STRAR,3.16e-04,tr|A0A2Z5JF85|A0A2Z5JF85_STRAR tniQ LysR family transcriptional regulator OS=Streptomyces atratus OX=1893 GN=C5746_20965 PE=4 SV=1,MKNISTDGLRTFVMVVEIGGFAKAGDLLGLSQPAVSLQIKRLEDVLGYKLFKKQGQRQVLNQYGELLLPMAKQMMQHNDAILQQFTSENIAGKVRLGIPSEFAARILPSIIGDFVALYPEVSLEVKSRLSKHLLSASRQDQFDLVLALNERLNSDKFPIFMQDELVWVGDLSLAHNEVVTLVTAPEGCIYRRRATDALKSAGIKYRIVYSNADLTGLIAALKEGLGITVLAKSTVPSELNYQVQTKHLPALGNIGISLVKSSGESENAVDKLAEFIALRLG,40.0,92,74,33.784,25,47,36,1,2,48.65,26,/stor/work/Wilke/crisprtn7/reblast2/GCF_000498035.1_TAE80_genomic.fna
NZ_AUTM01000106.1,1490..38005,tniQ,22671..21490,lcl|22671|21490|2|-1,-1,tr|A0A2N1BBG8|A0A2N1BBG8_9GAMM,0.0,tr|A0A2N1BBG8|A0A2N1BBG8_9GAMM tniQ Uncharacterized protein OS=Pseudoalteromonas sp. GutCa3 OX=888433 GN=CXF64_12925 PE=4 SV=1,MHFLVQTKPYPDEALESYLLRLARDNSYDGYSELADILWQWLAEQDHELEGALPLELTKVDVYHARQASSFRIRALKLVAQLADVNAGNILSLAWRRSNFKFGNLAAVSRNELAIPLELLRTDNIPVCIKCLSESSYIPFYWHLKPYKACHKHKAQLTMHCKECDDSIDYRASETFLECTCGCGYKPTSSEQLNDADFKIASALAGSNSHKIVGLISWFAKVKQLDVSDADFNRTFVDYFSTWPDSFNAELDLLTNNARLKQLNPFNKTKFNSVYGNVIRDAQIAATTNRKNKVLDEIINYFVELVDNNPKTKHPNIADLLLCTFDTAVLLNTTTEQIYRLHQEGFLNCAYPQKKHEQLRADSHVFYLRQVIELQQAFAAEKPQTKKQFIAPW,725,1872,393,90.585,356,35,371,1,2,94.40,100,/stor/work/Wilke/crisprtn7/reblast2/GCF_000498035.1_TAE80_genomic.fna
NZ_AUTM01000106.1,1490..38005,tniQ,30234..29233,lcl|30234|29233|2|-1,-1,tr|K0Q410|K0Q410_9RHIZ,7.53e-17,tr|K0Q410|K0Q410_9RHIZ tniQ Putative TniB-like ATP-binding protein (Modular protein) OS=Rhizobium mesoamericanum STM3625 OX=1211777 GN=BN77_p40112 PE=4 SV=1,MLTNKQKEKLNEFRDVFIEYPIISTVFNDFDRLRLGKGLAGEKPCMLLSGDTGTGKTALIKQYKERHLPQFINGVMNHPVLVSRIPSNPTLESTLAELLKGLGQVGSTERKLRINGTRLTTSLIKCLKTCGTELVIIDEFQELIEHNQGKKRREIANRLKYINDEAGVSIVLVGMPWAEKIADEPQWSSRLLVRRQLPYFKLSENPKHFVQLIIGLANRMPFTEKPNLSEQATVFALFSLSKGCFRTLKYFLDDAVFYALVGNAKTLTTKHLVKAFEVLFPDVPNLFTLPVSEITASEVERYSLYKPESAQDKDPFIATKFTDRMPISQLLRK,79.3,194,221,25.792,57,146,106,7,18,47.96,64,/stor/work/Wilke/crisprtn7/reblast2/GCF_000498035.1_TAE80_genomic.fna
NZ_AUTM01000106.1,1490..38005,tnsB,32060..30237,lcl|32060|30237|3|-1,-1,UniRef100_A0A0N8TSW6,0.0,UniRef100_A0A0N8TSW6 tnsB Transposon Tn7 transposition protein TnsB n=1 Tax=Pseudoalteromonas sp. P1-25 TaxID=1723758 RepID=A0A0N8TSW6_9GAMM,MFNDGLFEDEFNQPLPKVETKPPQNYAKDLQALPDKIKITTFAKLKYIQWLEGNIQGGWTQKNLEPLLKVMPEVEGEKKPSWRTAARWYSAYTNADKNIIALIPSHQKKGNRERETATDKFFEKALERYLVKEKPSVASAYKFYKDLVIIENDSVVGGVLKPLTYKAFKNRIDNLPQYEVMVARYGKRLADIAFNKVEGHTRPTRVLEKVEIDHTPLDLILLDDELHIPLGRPTLTILIDVYSHCIVGYYFSFSAPSYDAVRRAMLNSMKPKSEVAKLYPDTINEWKCAGKIETLVVDNGAEFWSNSLELACEEIGINTQYNAVAKPWLKPIVERIFGTINTELLDPIPGKTFSNILQKHEYNPKKDAIMRFTTFMQLFHKWVVDVYHQDADSRFKYIPSQLWEQGFSTLPPTMLSNDDLQRLDIVLSISIHPKLRKGGVWLENLRYDCTELSNYRKQFSHNVSHKVLVKLNPEDISYVYVYLDKLEHYIKVPCIDPNGYTQNLSLNQHKINIRIHRDFISGSIDNVGLAKARMFIHNKIQNEFEALKNAPKHSKVKGGKALAKHQNVSSDSQKSITQCKPIEPKKVTPKEQPTDSWDDFISDLDGF,1154,2985,607,92.422,561,46,587,0,0,96.71,100,/stor/work/Wilke/crisprtn7/reblast2/GCF_000498035.1_TAE80_genomic.fna
NZ_AUTM01000106.1,1490..38005,tnsA,32703..32053,lcl|32703|32053|2|-1,-1,UniRef50_A0A0M9UIE8,5.08e-106,UniRef50_A0A0M9UIE8 tnsA Tn7_Tnp_TnsA_N domain-containing protein n=43 RepID=A0A0M9UIE8_9GAMM,MVRWLTHMYRRKLKHSRVKNLHKFASQKNKSTCLVESSLEFDACFHFEFSPSIAAFEAQPIGYEYEFDNRICRYTPDFLLTHTDGTQKFIEVKPQSKIADEDFRARFIEKQAIAKQDGRDLILVTDKQIRVYPTLNNLKLLHRYSGFQSLTELQASVLELVKQYGSIKVCQLVSFLKVTAGELLATVLRLLSLGQLFADLTTNEISIETAIWSNNV,302,773,208,67.308,140,68,176,0,0,84.62,96,/stor/work/Wilke/crisprtn7/reblast2/GCF_000498035.1_TAE80_genomic.fna
NZ_AUTM01000106.1,1490..38005,csm6,16973..17509,lcl|16973|17509|2|1,1,"gi|433654546|ref|YP_007298254.1|CAS-III-A,CAS-III-D|csm6|CARF",0.005,"gi|433654546|ref|YP_007298254.1|CAS-III-A,CAS-III-D|csm6|CARF csm6",MIGYRSNPTISWITEVLLLNITFLGFEVCMPSDIQPSANHKFVDILSNGKVNLSSNPLDEIELIQRGLDLKSVEKFRLQLGWDIQSFAKAIGTNIRTLERHKKEYTRLNATLSENTFELAHLASACIDYFENIERWNKWLNTYSLQFSSKTPLTFVNTIAGRRLIRNVINSLKYGYNA,35.4,80,95,23.158,22,57,47,3,16,49.47,44,/stor/work/Wilke/crisprtn7/reblast2/GCF_000498035.1_TAE80_genomic.fna
NZ_AUTM01000106.1,1490..38005,cas6,18317..17805,lcl|18317|17805|3|-1,-1,"gi|315127125|ref|YP_004069128.1|CAS-I-F,CAS-IV|cas6f|cas6",4.21e-113,"gi|315127125|ref|YP_004069128.1|CAS-I-F,CAS-IV|cas6f|cas6 cas6",MSSREISNIGVCFPKWNEQTIGNELAFVSTDKKQLTNLSQQSYFEMMAHDKLFGLSKILEVPVNQSEVMFVRNQSVAKAFVGEKQRRLKRAKKRAEARGEVYNPEYKFEEKAIGHFHSIPVSSKGNGQSYVLHVQKVEKPEPINNHFNNYGFATNQTFLGTVPSLNPIFQ,318,815,166,90.361,150,16,159,0,0,95.78,98,/stor/work/Wilke/crisprtn7/reblast2/GCF_000498035.1_TAE80_genomic.fna
NZ_AUTM01000106.1,1490..38005,cas7,19435..18407,lcl|19435|18407|1|-1,-1,"gi|315127126|ref|YP_004069129.1|CAS-I-F|cas7f|G7,CASCADE",0.0,"gi|315127126|ref|YP_004069129.1|CAS-I-F|cas7f|G7,CASCADE cas7",MQLPRHLSYTRSLSPSKAVFFYKTPESDFEPLQIEQNKLVGQKSGFGDAYQKQNVAKNLAPQDLAFGNPQTIDVCYVPPTVNELFCRFSLRVEANSNEPHVCDDPKVIYWLKRFFETYKKHNGLNEVATRYAKNILMANWLWRNRQSPNVDIEILTEHAAPIIVEGAQKLKWQGNWQNNQTALLTLSEAIQEGLSNPQNYCYLDITAKIKNAFSQEVHPSQKFVDTVEQGMSSKQLAYTQVGDKKAASLNSQKVGAAIQTIDDWYEGGYKPLRTHEYGADKQILVAHRTPKTHSDFYSLLPRIAMHIKHMERHGLAQNEESNAVHFIAAVLIKGGLFQRSKA,693,1789,342,95.322,326,16,335,0,0,97.95,100,/stor/work/Wilke/crisprtn7/reblast2/GCF_000498035.1_TAE80_genomic.fna
NZ_AUTM01000106.1,1490..38005,cas8f,21486..19435,lcl|21486|19435|2|-1,-1,"gi|315127127|ref|YP_004069130.1|CAS-I-F|cas8f|LS,CASCADE",0.0,"gi|315127127|ref|YP_004069130.1|CAS-I-F|cas8f|LS,CASCADE cas8f",MNLQDAFAIESLKEKTTALRKLFAPYTPHVAVDGFEEQALVVLINLVYKRSEIDDLTSVRTAKRVLRDQVLLNKCINEVKWFHTHNLKYPDIRVSHQRLISKVVSEDIAGICSRSLPLSFGWSHNSAEINHAKLFLTSFIWQGEVTCLAKLLIAEEPVWINLIRKYGFTKKAVLDIAGKIKQLLPVAELPLEVSSFSPQLQMPFQQSYLAVTPVVSHAMLAKIQQLTTGRKLNFGLVEHSRPANVGDLASSVGGNIRVLRYFPKTYSKAVNRSKVANNDIEKKFKIRALLSSQFQHALLVLVGIKQFNTLRQKRLARVAAIRQVRVSLQLWLDNILEAKNNAQEQAYPEWAKHYLDQSITNCISQFSNVLNESLGTLSKLKRFAYQPNLMGLFKIQLNYVFTHCTAEQETLNDEQIVYVHCQDMRVFDAEAMANPYIQGMPSLTALNGLAHNFERKLKNFIDPSIKCIGSAIYIESYQLHTGKPLPEPSKLKQVAGRSHVIRSGIIDKPKCDITLDLIFRLFVPNKEVLNKLNSQLIKPALPSTFAGGTMHPPSLYQNIDWCHLHTKPNELFKNMKAKSLNGSWLYPSKKVVKSFEQLIDALNGNFNLRPAAIGFAALEEPVKRDAALHEYHCYAEPVIGLLECVSNTSVKYAGAKQFFHDAFWVMDVQKESMLMKKSKFEYE,1320,3416,683,92.826,634,48,653,1,1,95.61,100,/stor/work/Wilke/crisprtn7/reblast2/GCF_000498035.1_TAE80_genomic.fna
NZ_AUTM01000106.1,1490..38005,xre,25980..25651,lcl|25980|25651|2|-1,-1,tr|A0A657RI08|A0A657RI08_9BACI,1.40e-08,tr|A0A657RI08|A0A657RI08_9BACI xre Transcriptional regulator OS=Bacillus intestinalis OX=1963032 GN=CE489_07930 PE=4 SV=1,MFFIAKVHMETPTPSRLKSARKAAGLTQQQLGMALGMEPNTASARMNQYEKGKHAPDFLTMKRIAKELDVPVAYFYCEEDTLAELICVLGTLTEKQQKELLGTLAENQK,39.3,90,70,31.429,22,42,38,2,6,54.29,64,/stor/work/Wilke/crisprtn7/reblast2/GCF_000498035.1_TAE80_genomic.fna
NZ_AUTM01000106.1,1490..38005,CRISPR array,17604..17691,,,,,"Copies: 2, Repeat: 27, Spacer: 33",TTCCAGCTGCCTACTCGGCAGTTCACA,,,,,,,,,,,,/stor/work/Wilke/crisprtn7/reblast2/GCF_000498035.1_TAE80_genomic.fna
NZ_AUTM01000109.1,0..21620,tnsA,6156..4303,lcl|6156|4303|3|-1,-1,UniRef50_A0A380Q0N8,7.53e-05,UniRef50_A0A380Q0N8 tnsA RNA polymerase sigma factor n=17 Tax=Enterobacterales TaxID=91347 RepID=A0A380Q0N8_YERFR,MDPTPQSQLKLLIQKGKEQGYLTFAEVNDHLPQDIIDSDQVEDIISMINDMGIKVSENAPDADELMMQETTTDEDAAEAXAAAALATVEKEIGRTTDPVRMYMREMGTVELLTREGEIVIAKRIEEGINQVQISVAEYPEAITYLLEQWDKFEAEEMRLSDIIVGFIDPNEDTAPISATNIGSELSAKQLEDDDKDDKDDADSDDEDEEEIDTGPDPEEARIHFENLRDLYNKARDTFEAKGRSHPESQAAIFEIGELFRTFKLIPKQFDRMVNNMREMMDRVRVQERLIMKQAVQIAKLPKKTFVKHFANNETDASWVDLEISGNEKYSAKLEEVKPEIIRSINKLSVIEQTTGLSIERIKDINRRMSIGEAKARRAKKEMVEANLRLVISIAKKYTNRGLQFLDLIQEGNIGLMKAVDKFEYRRGYKFSTYATWWIRQAITRSIADQARTIRIPVHMIETINKLNRISRQMLQEMGREPNPEELAERMMMPEDKIRKVLKIAKEPISMETPIGDDEDSHLGDFIEDTTIDSPIDSATMESLRGATNDVLAGLTAREAKVLRMRFGIDMNTDHTLEEVGKQFDVTRERIRQIEAKALRKLRHPSRSDLLKSFLDAK,43.5,101,50,42.000,21,28,33,1,1,66.00,8,/stor/work/Wilke/crisprtn7/reblast2/GCF_000498035.1_TAE80_genomic.fna
NZ_AUTM01000109.1,0..21620,tnsA,18589..17450,lcl|18589|17450|2|-1,-1,UniRef50_A0A1C6RKQ5,1.74e-05,"UniRef50_A0A1C6RKQ5 tnsA Murein DD-endopeptidase MepM and murein hydrolase activator NlpD, contain LysM domain n=2 Tax=Micromonospora inyonensis TaxID=47866 RepID=A0A1C6RKQ5_9ACTN",MNKRINRLIKCGLILTSLVAASAVANEDRTKKDLSEVQNALEQSQAEYNAQRKKIASLQKNLKSHELDIAKNAKALNMAEQSVKETKTQQKELQSKADELDKKHTQFQKILAAQLKSAYMAGGDDYSKMLLNQEDTAKFERTLSYYNYLNKARIEQIEDLKDLQQQIVQNQEELVKTQEKLELLFDEQKRRQTALLNAQSERQANLKNLQAQLNSTKSSINYLKENQQTLVTTIKELEKEKTQKIELLGLNKSKGKLDWPSKGKLEHTFGQRKHGGIDWKGVLIGAKEGTNINSVHNGQVVFADWLKGYGWVIVVDHGEGFMSLYGHAQTLLRDVGDMVREGETLALVGQSGGQASSGLYFEIRHKGRAVNPVKWCKRI,44.7,104,95,27.368,26,60,43,3,9,45.26,23,/stor/work/Wilke/crisprtn7/reblast2/GCF_000498035.1_TAE80_genomic.fna
NZ_AUTM01000109.1,0..21620,cas7,12157..12834,lcl|12157|12834|1|1,1,"gi|410732168|ref|YP_006972086.1|CAS-I-E|cas7|G7,CASCADE",0.008,"gi|410732168|ref|YP_006972086.1|CAS-I-E|cas7|G7,CASCADE cas7",MINFQQVSKTYPGGHRALEKVNFHIKPGELAFLTGHSGAGKSTLLKLISLMERPSAGSVFINGVDLNKVNSRQIPYARRDIGIIFQNHRLLERYTIFDNVALPLIIEGTHHKQIAKRVHGALDKVGLIDKVKCHPSMLSGGEQQRVGIARAIVNSPPILLADEPTGNLDPELSMEILKLFEDFNKHGTTVLIATHDLGLVARMKYRSLTLKDGRMLQDPLAEGAL,35.4,80,137,26.277,36,96,57,1,5,41.61,61,/stor/work/Wilke/crisprtn7/reblast2/GCF_000498035.1_TAE80_genomic.fna
NZ_AUTM01000113.1,0..2629,tniQ,1841..2602,lcl|1841|2602|2|1,1,tr|A0A1I2JDF2|A0A1I2JDF2_9RHIZ,2.66e-10,tr|A0A1I2JDF2|A0A1I2JDF2_9RHIZ tniQ TniQ protein OS=Aureimonas phyllosphaerae OX=1166078 GN=SAMN05216566_11921 PE=4 SV=1,MPRLMLTDGTWNVLSKVMYLSGRIYNKPDHRKTLEGILYKMRTGIPWRDLPSDFGRWSAIYRRFNLWSKKGILNELFRALSRDADMDWVFIDGSIVRAHQHSCGARTADNESIGKSRGGNSTKIHLAVDSGGLPVYYELSCGNTHDIVHAESLVANCPTSNMVVADKGYDSEKLRAFVRDNNATPVIPRKGNSLVGNEDIDWCMYKYRHLVENAFGRIKQYRGIATRYEKLERNYHSMLALAFTMMWLPMWAD,58.2,139,67,34.328,23,44,42,0,0,62.69,26,/stor/work/Wilke/crisprtn7/reblast2/GCF_000498035.1_TAE80_genomic.fna
NZ_AUTM01000116.1,0..19574,tniQ,10380..9481,lcl|10380|9481|3|-1,-1,tr|A0A1X0DTB1|A0A1X0DTB1_9MYCO,4.88e-04,tr|A0A1X0DTB1|A0A1X0DTB1_9MYCO tniQ HTH lysR-type domain-containing protein OS=Mycobacterium heidelbergense OX=53376 GN=BST25_05950 PE=4 SV=1,MKLPPLRAVQCFESVARLNSFSKAAEHLNVTQSAVSHQVKLLEQYLNEPLFNRSGRSFSLTDAGNRYYQEVSHSLTSLASATQKIRYGEPGHIRLALYSSLAVKWLIPRLESFKHDSPDIDLTLNMIVDEADFSDRVADCFITTTPPKGEFVSLFLFAEKLYPACGKGMWQQLKNQSLPNELWKHPLLSVQYDESEQRSTNDWQQWCKSGGFELPKNVRVNHFSHVILAAEAARYNLGITLIDAFFIASQHDNHLVKLPLHGVETGCKFYFVYKKSRAKQTDIITLSRWLKAQWAEVKK,39.7,91,68,29.412,20,46,37,1,2,54.41,22,/stor/work/Wilke/crisprtn7/reblast2/GCF_000498035.1_TAE80_genomic.fna
NZ_AUTM01000124.1,0..28140,tniQ,8140..7217,lcl|8140|7217|3|-1,-1,tr|A0A1X0DTB1|A0A1X0DTB1_9MYCO,8.83e-04,tr|A0A1X0DTB1|A0A1X0DTB1_9MYCO tniQ HTH lysR-type domain-containing protein OS=Mycobacterium heidelbergense OX=53376 GN=BST25_05950 PE=4 SV=1,MKVSFEQLKSMVVFAQIVEQGSLTAAAKQLGLTRAVASYHLKKLETQLEVTLLNRSTRTMALTEAGIAYYERCRIITEQANAANQQIENIKSEPQGLLKISCPVNVGMQLIVPAINTFKRQYPKIQIDLQLTDDVVDIIKNGFDFAIRGVALSDSNLQATKLTTMSTCICGAPEYFAHFGKPKTPLELAEHQWVVYQLGSKTLTLQKDGKKHDITMQGALSTNNAAARTAFVEAGHGIGRIPLYDAWPKVQAGLLEIILDDYKSKDIELYGVFPPGAAGSKKLRLFIDYLKAYFVKQHTALGMLKST,38.9,89,57,35.088,20,35,36,1,2,63.16,18,/stor/work/Wilke/crisprtn7/reblast2/GCF_000498035.1_TAE80_genomic.fna
NZ_AUTM01000128.1,15879..87973,tnsA,36727..35879,lcl|36727|35879|2|-1,-1,UniRef50_P0AC11,8.32e-37,UniRef50_P0AC11 tnsA Dihydropteroate synthase type-2 n=619 Tax=cellular organisms TaxID=131567 RepID=DHP2_ECOLX,MTSILKLPRGRTLNLEKPVIMGILNVTPDSFSDGGQFLEPKIALKRAMQLLDDGATILDIGGESTRPGAPDVSLEDELSRVIPAIKAIRQHSDCAISIDTSKAPVMEQAILAGADIVNDVRALQEIDALETVAQYEDIAICLMHMQGQPRSMQSAPHYDNLFADINMFFSERIKACETAGIKFERLILDPGFGFGKMLSHNYQILARFDDFNKLGLPLLAGLSRKSMIGNLLNRDTNERLAGSLAGALIAAQNGAKIIRVHDVKETADVLGVYQACEQGISQ,130,326,263,34.221,90,168,140,4,5,53.23,92,/stor/work/Wilke/crisprtn7/reblast2/GCF_000498035.1_TAE80_genomic.fna
NZ_AUTM01000128.1,15879..87973,tnsA,38749..36806,lcl|38749|36806|2|-1,-1,UniRef50_A0A0P9PXI9,4.06e-09,UniRef50_A0A0P9PXI9 tnsA TnsA endonuclease n=3 Tax=Pseudomonas syringae group TaxID=136849 RepID=A0A0P9PXI9_PSESX,MAKNLILWLVIAVVLMSVFQSFNGGEQVDRQTSYTQFVKDVRSGSLQEVIIDRGTGNITGTKSSGERFQTTMPMYDEDLINDLLKNDVNVKGVQPEEQSFLASIFISWFPMILLIGVWIFFMRQMQGGGGKGAMSFGKSKARLMSEDQIKTTFADVAGCDEAKEDVTELVDFLRDPSKFQKLGGSIPKGVLMVGPPGTGKTLLAKAVAGEAKVPFFTISGSDFVEMFVGVGASRVRDMFEQAKKAAPCIIFIDEIDAVGRKRGAGMGGGNDEREQTLNQMLVEMDGFGGNEGIIVIAATNRPDVLDPALLRPGRFDRQVEVGLPDIRGREQILKVHMRKVPLGDNVEAALIARGTPGFSGADLANLVNEAALYAARGNKRVVSMAEFDAAKDKIMMGAERKTMVMSEQEKAMTAYHEAGHAIVGRMVPEHDPVYKVSIIPRGRALGVTMYLPEQDRVSHSKELLESMISSLYGGRIAEALIYGADKVTTGASNDIERATDIARKMVTHWGLSEKLGPLLYAEDQNEMYMGGGGSRSSSMSDDTAKIIDAEVRLFSDRNYQRAEEILKENIDILHSMKDALMKYETIDAKQIDDLMARQPVREPRDAHDRHEAKPVKAEEPQEPVVDESQNTDDSSKKDETNLDDKAE,53.1,126,114,28.947,33,77,59,2,4,51.75,18,/stor/work/Wilke/crisprtn7/reblast2/GCF_000498035.1_TAE80_genomic.fna
NZ_AUTM01000128.1,15879..87973,tnsA,67973..67260,lcl|67973|67260|1|-1,-1,UniRef50_A0A3M5N9X7,1.35e-05,UniRef50_A0A3M5N9X7 tnsA HTH gntR-type domain-containing protein n=380 Tax=Bacteria TaxID=2 RepID=A0A3M5N9X7_PSEAZ,MRIFKAKSPAGFAEEYIVESIWNGDFPPGSILPAERELSELIGVTRTTLREVLQRLARDGWLTIQHGKPTKVNNFWETSGLNILETLARLDEDKMPELTDQLLSARTNISAIYTRAAIKLNPERVIEILSQSHELEDTAQAFADYDYKVHHELAVAGNNRIYVLILNGFRGFYSKIGCHYFSDAGTRELARQFYKDLTILAEKKEHDGAISMMRKYGHQTGEIWQKIRGDMPSDIMD,42.7,99,161,25.466,41,106,72,5,14,44.72,65,/stor/work/Wilke/crisprtn7/reblast2/GCF_000498035.1_TAE80_genomic.fna
NZ_AUTM01000128.1,15879..87973,glmS,17798..16272,lcl|17798|16272|1|-1,-1,WP_014356751.1,3.76e-23,WP_014356751.1 glmS glutamine--fructose-6-phosphate transaminase (isomerizing) [Acetobacterium woodii],MCGIVGIVGTSPVNQAIYDGLTVLQHRGQDAAGIITIENNTFSLRKANGLVKDAFHTRHMKRLQGTIGLGHVRYPTAGSSSSSEAQPFYVNSPFGIALAHNGNLTNAEALKEQLFSEARRHVNTTSDSEILLNIMAHELSKSDKLHLDPEDIFTAVTEVNNKVSGGYATIAMIIGHGIVAFRDPNGIRPLVFGKRETAKGTEYMFASESVALKPDGFEFVRDVAPGEAIYVTEEGEFHSLSCADKASYSPCIFEFVYFARPDSTIDRMSVYATRVNMGTKLGEKIAREWADKDIDVVIPIPETSCDVALEIARVLDLPYRQGFVKNRYIGRTFIMPGQEMRKKSVRQKLNAIDREFKGKNVLLVDDSIVRGTTSAQIVEMARESGAKNVYFASAAPEIRFPNVYGIDMPSAAELIAHGREVEDINASIGSDGLIFQSLKDLIAAVSQENPEITKFETSVFDGQYITGDIDQNYLNRIDELRNDSAKSTRESAMSSSLEIHNQDENEAD,100,249,200,33.500,67,107,99,6,26,49.50,38,/stor/work/Wilke/crisprtn7/reblast2/GCF_000498035.1_TAE80_genomic.fna
NZ_AUTM01000128.1,15879..87973,glmS,35882..34533,lcl|35882|34533|1|-1,-1,WP_000251875.1,4.63e-23,WP_000251875.1 glmS phosphoglucosamine mutase [Bacteria],MKERKYFGTDGVRGLVGAAPINPEFAMKLGWAAGRVLSQSGTKKVIIGKDTRISGYMLETALEAGLIAAGIDVVLLGPMPTPAVAYLAQTFRAEAGIVISASHNPYYDNGIKFFNGQGLKLDDAVELEIEAMLDEKMTCVASDKLGKASRLVSADGRYIEFCKSQFPQGLSLEGLKIVVDCANGATYHIAPSVMRELGAEVMTHACEPNGVNINHECGATHVDALKRKVLELKADVGIAYDGDGDRVMMVDHNGRVFDGDDLVYIIACQAAQDDNLGGGVVGTVMSNMGLENALKAKGIEFARSKVGDRYVMELLQQKGWKIGGESSGHVLNLDLISTGDGIISSLQVLAAMVAQNRTLQDLGAGFTKYPMKMINVRYTAGTDPTKAPEVLSAVAEVELALGDKGRVLLRKSGTEPVVRVMVEAEQEKIVIDSAQKIAAVVESMSKQTD,91.3,225,79,54.430,43,35,56,1,1,70.89,17,/stor/work/Wilke/crisprtn7/reblast2/GCF_000498035.1_TAE80_genomic.fna
NZ_AUTM01000128.1,15879..87973,glmS,44042..44746,lcl|44042|44746|2|1,1,WP_035343592.1,3.01e-07,WP_035343592.1 glmS two-component system response regulator GlrR [Dickeya],MDNYGTILLVEDDASLAQWVAEYLTEQGYTTHVCHRGDEVVSQVKTLNPNIVLLDIMLPGQDGISVCRELRSFYNSPIIMLTARDEEMDEVIGLEVGASDYIMKPVRPRALLARIKAALRQKNEPNTPHVNESVINVGALSIDTESRNVKLNEQDVNISSAEYLLLHYLASNAGQVVSRDAVFKATKGREYDGLDRSVDVLISALRKKFNDDPQNPEKIKTIWGRGYLLVSTAW,48.1,113,116,27.586,32,83,59,1,1,50.86,49,/stor/work/Wilke/crisprtn7/reblast2/GCF_000498035.1_TAE80_genomic.fna
NZ_AUTM01000128.1,15879..87973,glmS,53331..52639,lcl|53331|52639|3|-1,-1,WP_035343592.1,1.03e-05,WP_035343592.1 glmS two-component system response regulator GlrR [Dickeya],MPKILLVEDDLGLQQLTKDYLEHNGLEVEVLDRGDEVFNYLENNTPDLMILDVMLPGKDGFSVCRQVRDKFTLPILMLTAKGEDFDQVLGLELGADDYVIKPAEPRVLLARINALLRRGQPTVKSSEELQFGDLVIDKTSRIVKLSDSEIVLTSHEFELLWLLASNAGEVLSREHVHQHMIGRQYDGLDRTVDVRVSRIRKKLGDNSDKPYRIKTVWGQGYLFVSDAWDL,43.5,101,120,26.667,32,87,55,1,1,45.83,52,/stor/work/Wilke/crisprtn7/reblast2/GCF_000498035.1_TAE80_genomic.fna
NZ_AUTM01000129.1,0..16057,tniQ,6030..7223,lcl|6030|7223|3|1,1,tr|A0A1I6UXC0|A0A1I6UXC0_9BACL,3.28e-04,tr|A0A1I6UXC0|A0A1I6UXC0_9BACL tniQ TniQ protein OS=Paenibacillus sp. BC26 OX=1881032 GN=SAMN05428962_4072 PE=4 SV=1,MKSFLSLAFAGLSVTALLTFSPFTKAQWYESTGHANVQNGDTSAAKSAAIKDAITQALVFSGARVSSVQTLVDGVLMQDQLKISSHGEIQKIELISENKYDNKFAVTLRLDIFSQTEQCPQNSFNKFVAVTQSQLVHREHAKMGQIFDVSKAISKNIFTSLQKSKMSAVPIAYYNNAISVDKYFSQQHDYSNAQLEEISSRSNAQYVLLSQITSLSTSDKLNNDYAFWQDEAYERSYNIEFALFDGTTYEQLWQNSYHTEAIWPFEKTTIVDVNSDRFWQSPYGQSITDINQAVSYDIQAAMACLPTQGKIMHMENSKIVINLGKAHGLKKGQMLSIAHHNYLTDAAGNVMPHTITTLNKIRVEQLYQQTAVAVSIDEKPLPGVQINDVVEIISQDL,40.4,93,132,25.758,34,94,62,3,4,46.97,33,/stor/work/Wilke/crisprtn7/reblast2/GCF_000498035.1_TAE80_genomic.fna
NZ_AUTM01000129.1,0..16057,tniQ,8119..7220,lcl|8119|7220|1|-1,-1,tr|A0A1H1AQR5|A0A1H1AQR5_9ACTN,2.42e-06,"tr|A0A1H1AQR5|A0A1H1AQR5_9ACTN tniQ Regulatory helix-turn-helix protein, lysR family OS=Tsukamurella pulmonis OX=47312 GN=SAMN04489765_0335 PE=4 SV=1",MNLKDFEYVKAIAQYKHFRKAADACFVSQPTLSGQVKKLENELGVTLFDRSTKQVTLTAKGERLLTQIEIILEQTQILKELAATSNEPLQGKLTIGIIPTIAPYLLPALLTSMKAAFIDSQFSFIEMQTATILEALNKGELDFAILADVPELINYHTVALYKEDFLVAVSHDNALSKHKKVALSDLQGCSLLMLSDGHCFKDQAQKFCFSAGVDVSNQYKGNSLETLLALVAMDDGITFVPKLACTDRVGIDYLPIFPNQQRNVVFACRKHYPHLSGVEQLGEWLSAHPNLKAKLSKKL,46.6,109,66,39.394,26,38,37,1,2,56.06,21,/stor/work/Wilke/crisprtn7/reblast2/GCF_000498035.1_TAE80_genomic.fna
NZ_AUTM01000131.1,0..3749,tnsC,93..1271,lcl|93|1271|3|1,1,UniRef100_A0A0E3K3W5,6.24e-04,UniRef100_A0A0E3K3W5 tnsC Putative transposon Tn7 transposition protein TnsC n=1 Tax=Clostridium scatologenes TaxID=1548 RepID=A0A0E3K3W5_CLOSL,MPYNIVIGARQESTDITSTANIDLPNAVAWEGNNDFNVRFGSAKEDFTLKSSYDHFLPSFDFDIEVIENVKARFSYSTTIARPTYDNLSSAATVGVPGAPTLLAGSSPATASTGNPGLVPLESDNIDVSAEWYFAETSYVSVGYYTKDIENFIGLTPMTQNYYGLRDATAGPRAQAAIAELESRGLALTDSNLFQMVAATENNVDFDSMTYEEFEAAYDVIANSDDPLLEFTAQVPTNNKNATIDGFEIAFQHFFGESGFGVQANYTTVNGDIDFDVNADPTTTQFALVGLSDTANFIAMYENDDFQARIAYNWRDKFLNSAARYVNEPGFTEEYYQIDFNVAYNYSEQLSFFVEGLNITEQNSREHGRTSVQLWNLQQLGARYNIGMRYNF,39.7,91,163,28.221,46,88,67,7,29,41.10,35,/stor/work/Wilke/crisprtn7/reblast2/GCF_000498035.1_TAE80_genomic.fna
NZ_AUTM01000135.1,0..2042,tnsB,1004..201,lcl|1004|201|1|-1,-1,UniRef100_A0A3S4I0J1,2.14e-06,UniRef100_A0A3S4I0J1 tnsB Transposon Tn7 transposition protein tnsB n=2 Tax=Serratia rubidaea TaxID=61652 RepID=A0A3S4I0J1_SERRU,MSIALACRTFMISETCYRYTPILRNENLKIAELLLDLTESKRSWGFGLCFLYLRNVKKHKWNHKQVYRIYRDLELNLRIKPRKRLNRDKPEPLAVPETINECWSMDFMHDQLADDRACRLFNVIDDFNREGLTIDADLSLPAERVIRSLNQIIEWRGKPKAIRCDNGPEYISKQLAQWALNNDIELRFIQPGNPQQNAYIERLRFNRTVRYDWLSHYIYSDISELQDRATDWLWTYNNERPNMGLGGITPIQKLEKLNNGNSTASLH,46.6,109,123,30.081,37,69,53,3,17,43.09,40,/stor/work/Wilke/crisprtn7/reblast2/GCF_000498035.1_TAE80_genomic.fna
NZ_AUTM01000143.1,5152..30494,tniQ,25152..25634,lcl|25152|25634|3|1,1,tr|A0A417XIF4|A0A417XIF4_9CLOT,2.12e-07,tr|A0A417XIF4|A0A417XIF4_9CLOT tniQ GNAT family N-acetyltransferase OS=Clostridium sp. OF09-10 OX=2292309 GN=DXA91_00825 PE=4 SV=1,MFNTTKLERVTLRLVTHKHAACLFNILNHPHVSEFNDYETPLSKTQIKQLIQDDISAYYEGEVIRVAIEHNISGKLMGTCGLYNLTPCKSSAFIGFELHPDFWDKGVMFEVVTGFIETLLKEIALKHLSAEVSAHNARSHNLLIKLGFSLRENSIWHKSL,46.2,108,77,36.364,28,45,37,2,4,48.05,48,/stor/work/Wilke/crisprtn7/reblast2/GCF_000498035.1_TAE80_genomic.fna
NZ_AUTM01000150.1,0..3876,tnsB,2196..3101,lcl|2196|3101|3|1,1,UniRef100_A0A1B2F0V3,4.25e-08,UniRef100_A0A1B2F0V3 tnsB Transposon Tn7 transposition protein TnsB n=1 Tax=Pseudomonas putida TaxID=303 RepID=A0A1B2F0V3_PSEPU,MTDKRTSTIKRPPNRLTELEQQRIIKTVNSIEYGHLPPSKIVPKLLDKGVWIASESSFYRVMKSHKLLTHREKVKPNKKIKKPKALRATRVNEIYTWDITYLPTAVKGQFLYLYLVMDIYSRKIVGWQVHDTQLSTLAADLMVDICRREQVKPEQVTLHSDNGSPMKGATLLATLQELGIVPSFSRPSVSNDNPYSESLFKTLKYRPEYPEKAFESMGSARKWVSGFVDWYNDEHLHSGIKFVTPNQRHLGLDKAILAKRHQVNEMAKLQNPSRWSGKSRDWTMINEVNLNPEKKEAMRAA,52.0,123,96,35.417,34,58,46,2,4,47.92,31,/stor/work/Wilke/crisprtn7/reblast2/GCF_000498035.1_TAE80_genomic.fna
NZ_AUTM01000150.1,0..3876,cas8c,2196..3101,lcl|2196|3101|3|1,1,"gi|452202939|ref|YP_007483072.1|CAS-I-C|cas8c|LS,CASCADE",0.001,"gi|452202939|ref|YP_007483072.1|CAS-I-C|cas8c|LS,CASCADE cas8c",MTDKRTSTIKRPPNRLTELEQQRIIKTVNSIEYGHLPPSKIVPKLLDKGVWIASESSFYRVMKSHKLLTHREKVKPNKKIKKPKALRATRVNEIYTWDITYLPTAVKGQFLYLYLVMDIYSRKIVGWQVHDTQLSTLAADLMVDICRREQVKPEQVTLHSDNGSPMKGATLLATLQELGIVPSFSRPSVSNDNPYSESLFKTLKYRPEYPEKAFESMGSARKWVSGFVDWYNDEHLHSGIKFVTPNQRHLGLDKAILAKRHQVNEMAKLQNPSRWSGKSRDWTMINEVNLNPEKKEAMRAA,38.9,89,140,22.857,32,99,60,5,9,42.86,45,/stor/work/Wilke/crisprtn7/reblast2/GCF_000498035.1_TAE80_genomic.fna
NZ_AUTM01000150.1,0..3876,cas6,3154..3783,lcl|3154|3783|1|1,1,"gi|326793969|ref|YP_004311789.1|CAS-I,CAS-III|cas6|cas6",6.97e-07,"gi|326793969|ref|YP_004311789.1|CAS-I,CAS-III|cas6|cas6 cas6",MKKRNHRIVRYADDILILCSTEKAAQEALKASTQILERDLKLTVNQKKTHIAHSSKGVKFLGVEIGSQWTRIQASKLIVFKQKVKQLTKRNGGINLAEVIKRLNPVVRGFVNYFSIANCKRELKALAGWIRRRLRAIQLRLWKKPSRLHRRLKQLGKKPPFKFIKMNSWRNSLSPLSCVSMPNQWFEELGLYPIEKVNTGWLALSAFRK,47.8,112,62,38.710,24,37,39,1,1,62.90,30,/stor/work/Wilke/crisprtn7/reblast2/GCF_000498035.1_TAE80_genomic.fna
NZ_AUTM01000152.1,0..16991,tnsB,5985..7295,lcl|5985|7295|3|1,1,UniRef100_A0A0F0KMC2,8.34e-25,UniRef100_A0A0F0KMC2 tnsB Transposon Tn7 transposition protein TnsB n=1 Tax=Microbacterium oxydans TaxID=82380 RepID=A0A0F0KMC2_9MICO,MXSLIGIIDVFSRRAKVVIHPTSDSTGICLVIRKAILDWGIPEIARTDNGKDYTSIQIKSVFDALDIKHETTRPFSGEEKPYIERFFKTFSHDIAELLTGYIGHNVSERQAIEARKTFAQRLLAKQGGDKSAIEINMTAQQLQEFVDNWIENRYHHKPHSNVGNKTPFDLFAASRDQIKVIKDERLLDVMLQPIPSNRGLRMVGKEGIKLSGGFYIAPELGAIVGDEVLCKWDPKNVGRIYVFNRINNEFICIAVDHEIESAGMTRQDVAHHAKRSQSAETSRQLKELKKTAKSVNVSDIANEVLGHYTTQNKALSTLPKQSVEHTNVITQSAIKALDSKPAVGFSDEQLSEFEKRRKQLDEEIAVANVNPTPLFDNPQSKAMFHKKQRLENQLSDVDALWLNTWEQNNRATSKRLDDLLNDMNPAPAATTKLHNQ,103,257,299,26.087,78,183,145,8,38,48.49,66,/stor/work/Wilke/crisprtn7/reblast2/GCF_000498035.1_TAE80_genomic.fna
NZ_AUTM01000152.1,0..16991,cas3,13405..12992,lcl|13405|12992|2|-1,-1,gi|192360930|ref|YP_001982918.1|CAS-I|cas3|cas3,4.55e-04,gi|192360930|ref|YP_001982918.1|CAS-I|cas3|cas3 cas3,MKYPAFAFLALCALPSHAKIYQCIVDDVPTFSQTPCAPDAKELHLKVTKAPDTRAASNDILQQCTELAKNNGWRDPDSFMVVSHEKQWRDDASGARLVLAMQVNAKNGYGGYGKAKPFNCFLNHSGTGLSNVQRWVN,37.7,86,62,38.710,24,32,32,3,6,51.61,45,/stor/work/Wilke/crisprtn7/reblast2/GCF_000498035.1_TAE80_genomic.fna
NZ_AUTM01000152.1,0..16991,parE,7307..8014,lcl|7307|8014|2|1,1,WP_173779332.1,8.30e-05,WP_173779332.1 parE type II toxin-antitoxin system RelE/ParE family toxin [Chryseobacterium sp. 16F],MKTKIAIVSNVVATQMMVEALNQRAHGVPGIGLIYGDPGLGKTTATAWLVNRCDGIYIRATSGMTLAQLLRQIVKELSGPDIYTREAMLNYIIEHMAIHNRPLFIDEADYLLNDKNTLEIVRDIHDLTNCPVVLIGMESVRRKLQRHRQFYNRISEWLEFQPTQREDLQIIVNAVIEPTLTIQDDLLSQLLSDTDGEVRRIITGLSKIEAFALANGLTSIDLQQWGNKEFFLKKA,38.5,88,92,26.087,24,67,45,1,1,48.91,39,/stor/work/Wilke/crisprtn7/reblast2/GCF_000498035.1_TAE80_genomic.fna
NZ_AUTM01000161.1,0..2227,tniQ,559..1605,lcl|559|1605|1|1,1,tr|A0A2W1D0I8|A0A2W1D0I8_9PLEO,1.68e-05,tr|A0A2W1D0I8|A0A2W1D0I8_9PLEO tniQ Pectate lyase OS=Pyrenophora tritici-repentis OX=45151 GN=A1F97_07859 PE=3 SV=1,MKTVGYAAKSQGSELTEFSFERRDLRNNDVEIEILYCGVCHSDLHAVRNDWGGSDYPLVPGHEIVGKVMSVGSDVKKYKQGDTVAVGCMVDSCQSCDQCDNDEEQFCREGMVGTYAGKDRVSGEMTQGGYSKHVVVREEFVLSVPENLDLSRVAPLLCAGITTYSPLHKWGVKKGSRVGVVGLGGLGHMAVKNAVAMGASVTVIGRSESKKDDAVKLGAQHYLVSSNDDEMKDSQSAFDVIIDTVPVKHDLSIYTPLLDVDGTLVIVGQVGPVDELSTVPLLMGRRRIAGSLIGGIAQTQQMLDFCGENNVLPECEMINIDEINTAYERMEKSDVRYRFVIDMASLNA,43.9,102,150,30.000,45,92,69,5,13,46.00,41,/stor/work/Wilke/crisprtn7/reblast2/GCF_000498035.1_TAE80_genomic.fna
NZ_AUTM01000173.1,0..26026,tnsA,5303..5953,lcl|5303|5953|2|1,1,UniRef50_A0A0M9UIE8,5.08e-106,UniRef50_A0A0M9UIE8 tnsA Tn7_Tnp_TnsA_N domain-containing protein n=43 RepID=A0A0M9UIE8_9GAMM,MVRWLTHMYRRKLKHSRVKNLHKFASQKNKSTCLVESSLEFDACFHFEFSPSIAAFEAQPIGYEYEFDNRICRYTPDFLLTHTDGTQKFIEVKPQSKIADEDFRARFIEKQAIAKQDGRDLILVTDKQIRVYPTLNNLKLLHRYSGFQSLTELQASVLELVKQYGSIKVCQLVSFLKVTAGELLATVLRLLSLGQLFADLTTNEISIETAIWSNNV,302,773,208,67.308,140,68,176,0,0,84.62,96,/stor/work/Wilke/crisprtn7/reblast2/GCF_000498035.1_TAE80_genomic.fna
NZ_AUTM01000173.1,0..26026,tnsB,5946..7769,lcl|5946|7769|3|1,1,UniRef100_A0A0N8TSW6,0.0,UniRef100_A0A0N8TSW6 tnsB Transposon Tn7 transposition protein TnsB n=1 Tax=Pseudoalteromonas sp. P1-25 TaxID=1723758 RepID=A0A0N8TSW6_9GAMM,MFNDGLFEDEFNQPLPKVETKPPQNYAKDLQALPDKIKITTFAKLKYIQWLEGNIQGGWTQKNLEPLLKVMPEVEGEKKPSWRTAARWYSAYTNADKNIIALIPSHQKKGNRERETATDKFFEKALERYLVKEKPSVASAYKFYKDLVIIENDSVVGGVLKPLTYKAFKNRIDNLPQYEVMVARYGKRLADIAFNKVEGHTRPTRVLEKVEIDHTPLDLILLDDELHIPLGRPTLTILIDVYSHCIVGYYFSFSAPSYDAVRRAMLNSMKPKSEVAKLYPDTINEWKCAGKIETLVVDNGAEFWSNSLELACEEIGINTQYNAVAKPWLKPIVERIFGTINTELLDPIPGKTFSNILQKHEYNPKKDAIMRFTTFMQLFHKWVVDVYHQDADSRFKYIPSQLWEQGFSTLPPTMLSNDDLQRLDIVLSISIHPKLRKGGVWLENLRYDCTELSNYRKQFSHNVSHKVLVKLNPEDISYVYVYLDKLEHYIKVPCIDPNGYTQNLSLNQHKINIRIHRDFISGSIDNVGLAKARMFIHNKIQNEFEALKNAPKHSKVKGGKALAKHQNVSSDSQKSITQCKPIEPKKVTPKEQPTDSWDDFISDLDGF,1154,2985,607,92.422,561,46,587,0,0,96.71,100,/stor/work/Wilke/crisprtn7/reblast2/GCF_000498035.1_TAE80_genomic.fna
NZ_AUTM01000173.1,0..26026,tniQ,7772..8773,lcl|7772|8773|2|1,1,tr|K0Q410|K0Q410_9RHIZ,7.53e-17,tr|K0Q410|K0Q410_9RHIZ tniQ Putative TniB-like ATP-binding protein (Modular protein) OS=Rhizobium mesoamericanum STM3625 OX=1211777 GN=BN77_p40112 PE=4 SV=1,MLTNKQKEKLNEFRDVFIEYPIISTVFNDFDRLRLGKGLAGEKPCMLLSGDTGTGKTALIKQYKERHLPQFINGVMNHPVLVSRIPSNPTLESTLAELLKGLGQVGSTERKLRINGTRLTTSLIKCLKTCGTELVIIDEFQELIEHNQGKKRREIANRLKYINDEAGVSIVLVGMPWAEKIADEPQWSSRLLVRRQLPYFKLSENPKHFVQLIIGLANRMPFTEKPNLSEQATVFALFSLSKGCFRTLKYFLDDAVFYALVGNAKTLTTKHLVKAFEVLFPDVPNLFTLPVSEITASEVERYSLYKPESAQDKDPFIATKFTDRMPISQLLRK,79.3,194,221,25.792,57,146,106,7,18,47.96,64,/stor/work/Wilke/crisprtn7/reblast2/GCF_000498035.1_TAE80_genomic.fna
NZ_AUTM01000173.1,0..26026,tniQ,15335..16516,lcl|15335|16516|2|1,1,tr|A0A2N1BBG8|A0A2N1BBG8_9GAMM,0.0,tr|A0A2N1BBG8|A0A2N1BBG8_9GAMM tniQ Uncharacterized protein OS=Pseudoalteromonas sp. GutCa3 OX=888433 GN=CXF64_12925 PE=4 SV=1,MHFLVQTKPYPDEALESYLLRLARDNSYDGYSELADILWQWLAEQDHELEGALPLELTKVDVYHARQASSFRIRALKLVAQLADVNAGNILSLAWRRSNFKFGNLAAVSRNELAIPLELLRTDNIPVCIKCLSESSYIPFYWHLKPYKACHKHKAQLTMHCKECDDSIDYRASETFLECTCGCGYKPTSSEQLNDADFKIASALAGSNSHKIVGLISWFAKVKQLDVSDADFNRTFVDYFSTWPDSFNAELDLLTNNARLKQLNPFNKTKFNSVYGNVIRDAQIAATTNRKNKVLDEIINYFVELVDNNPKTKHPNIADLLLCTFDTAVLLNTTTEQIYRLHQEGFLNCAYPQKKHEQLRADSHVFYLRQVIELQQAFAAEKPQTKKQFIAPW,725,1872,393,90.585,356,35,371,1,2,94.40,100,/stor/work/Wilke/crisprtn7/reblast2/GCF_000498035.1_TAE80_genomic.fna
NZ_AUTM01000173.1,0..26026,cas8f,16520..18571,lcl|16520|18571|2|1,1,"gi|315127127|ref|YP_004069130.1|CAS-I-F|cas8f|LS,CASCADE",0.0,"gi|315127127|ref|YP_004069130.1|CAS-I-F|cas8f|LS,CASCADE cas8f",MNLQDAFAIESLKEKTTALRKLFAPYTPHVAVDGFEEQALVVLINLVYKRSEIDDLTSVRTAKRVLRDQVLLNKCINEVKWFHTHNLKYPDIRVSHQRLISKVVSEDIAGICSRSLPLSFGWSHNSAEINHAKLFLTSFIWQGEVTCLAKLLIAEEPVWINLIRKYGFTKKAVLDIAGKIKQLLPVAELPLEVSSFSPQLQMPFQQSYLAVTPVVSHAMLAKIQQLTTGRKLNFGLVEHSRPANVGDLASSVGGNIRVLRYFPKTYSKAVNRSKVANNDIEKKFKIRALLSSQFQHALLVLVGIKQFNTLRQKRLARVAAIRQVRVSLQLWLDNILEAKNNAQEQAYPEWAKHYLDQSITNCISQFSNVLNESLGTLSKLKRFAYQPNLMGLFKIQLNYVFTHCTAEQETLNDEQIVYVHCQDMRVFDAEAMANPYIQGMPSLTALNGLAHNFERKLKNFIDPSIKCIGSAIYIESYQLHTGKPLPEPSKLKQVAGRSHVIRSGIIDKPKCDITLDLIFRLFVPNKEVLNKLNSQLIKPALPSTFAGGTMHPPSLYQNIDWCHLHTKPNELFKNMKAKSLNGSWLYPSKKVVKSFEQLIDALNGNFNLRPAAIGFAALEEPVKRDAALHEYHCYAEPVIGLLECVSNTSVKYAGAKQFFHDAFWVMDVQKESMLMKKSKFEYE,1320,3416,683,92.826,634,48,653,1,1,95.61,100,/stor/work/Wilke/crisprtn7/reblast2/GCF_000498035.1_TAE80_genomic.fna
NZ_AUTM01000173.1,0..26026,cas7,18571..19599,lcl|18571|19599|1|1,1,"gi|315127126|ref|YP_004069129.1|CAS-I-F|cas7f|G7,CASCADE",0.0,"gi|315127126|ref|YP_004069129.1|CAS-I-F|cas7f|G7,CASCADE cas7",MQLPRHLSYTRSLSPSKAVFFYKTPESDFEPLQIEQNKLVGQKSGFGDAYQKQNVAKNLAPQDLAFGNPQTIDVCYVPPTVNELFCRFSLRVEANSNEPHVCDDPKVIYWLKRFFETYKKHNGLNEVATRYAKNILMANWLWRNRQSPNVDIEILTEHAAPIIVEGAQKLKWQGNWQNNQTALLTLSEAIQEGLSNPQNYCYLDITAKIKNAFSQEVHPSQKFVDTVEQGMSSKQLAYTQVGDKKAASLNSQKVGAAIQTIDDWYEGGYKPLRTHEYGADKQILVAHRTPKTHSDFYSLLPRIAMHIKHMERHGLAQNEESNAVHFIAAVLIKGGLFQRSKA,693,1789,342,95.322,326,16,335,0,0,97.95,100,/stor/work/Wilke/crisprtn7/reblast2/GCF_000498035.1_TAE80_genomic.fna
NZ_AUTM01000173.1,0..26026,cas6,19689..20201,lcl|19689|20201|3|1,1,"gi|315127125|ref|YP_004069128.1|CAS-I-F,CAS-IV|cas6f|cas6",4.21e-113,"gi|315127125|ref|YP_004069128.1|CAS-I-F,CAS-IV|cas6f|cas6 cas6",MSSREISNIGVCFPKWNEQTIGNELAFVSTDKKQLTNLSQQSYFEMMAHDKLFGLSKILEVPVNQSEVMFVRNQSVAKAFVGEKQRRLKRAKKRAEARGEVYNPEYKFEEKAIGHFHSIPVSSKGNGQSYVLHVQKVEKPEPINNHFNNYGFATNQTFLGTVPSLNPIFQ,318,815,166,90.361,150,16,159,0,0,95.78,98,/stor/work/Wilke/crisprtn7/reblast2/GCF_000498035.1_TAE80_genomic.fna
NZ_AUTM01000173.1,0..26026,csm6,21033..20497,lcl|21033|20497|2|-1,-1,"gi|433654546|ref|YP_007298254.1|CAS-III-A,CAS-III-D|csm6|CARF",0.005,"gi|433654546|ref|YP_007298254.1|CAS-III-A,CAS-III-D|csm6|CARF csm6",MIGYRSNPTISWITEVLLLNITFLGFEVCMPSDIQPSANHKFVDILSNGKVNLSSNPLDEIELIQRGLDLKSVEKFRLQLGWDIQSFAKAIGTNIRTLERHKKEYTRLNATLSENTFELAHLASACIDYFENIERWNKWLNTYSLQFSSKTPLTFVNTIAGRRLIRNVINSLKYGYNA,35.4,80,95,23.158,22,57,47,3,16,49.47,44,/stor/work/Wilke/crisprtn7/reblast2/GCF_000498035.1_TAE80_genomic.fna
NZ_AUTM01000173.1,0..26026,xre,12026..12355,lcl|12026|12355|2|1,1,tr|A0A657RI08|A0A657RI08_9BACI,1.40e-08,tr|A0A657RI08|A0A657RI08_9BACI xre Transcriptional regulator OS=Bacillus intestinalis OX=1963032 GN=CE489_07930 PE=4 SV=1,MFFIAKVHMETPTPSRLKSARKAAGLTQQQLGMALGMEPNTASARMNQYEKGKHAPDFLTMKRIAKELDVPVAYFYCEEDTLAELICVLGTLTEKQQKELLGTLAENQK,39.3,90,70,31.429,22,42,38,2,6,54.29,64,/stor/work/Wilke/crisprtn7/reblast2/GCF_000498035.1_TAE80_genomic.fna
NZ_AUTM01000176.1,5869..37564,tniQ,25869..26360,lcl|25869|26360|3|1,1,tr|A0A327UUJ5|A0A327UUJ5_9ACTN,1.27e-04,tr|A0A327UUJ5|A0A327UUJ5_9ACTN tniQ TniQ protein OS=Streptomyces sp. PsTaAH-130 OX=1305828 GN=K376_01223 PE=4 SV=1,MKLNQLIILDAIVQSASLSGAALKLHKTQPALTLAIKNLEEKIGFELLDRSKYRLQLTEKGRIFHREAQQLLHANDELAQLAKELALGNEPQFRICYEQLCHTQSYNEIISNTFRLFTSTEFSLTSGKRFISLEQVNSGQAELGIGPWFDLFHXQARYWHCQR,39.3,90,68,39.706,27,37,36,2,4,52.94,39,/stor/work/Wilke/crisprtn7/reblast2/GCF_000498035.1_TAE80_genomic.fna
NZ_AUTM01000176.1,5869..37564,cas3,29333..27108,lcl|29333|27108|3|-1,-1,gi|206889905|ref|YP_002248912.1|CAS-I|cas3|cas3,5.32e-09,gi|206889905|ref|YP_002248912.1|CAS-I|cas3|cas3 cas3,MIDAHERLDFRIQQWIFKQGWDRLREIQCLAIDPILSGKTDVLISASTAAGKTEAFFLPAISSIADQVSGVGILYISPLKALINDQDRRLESLSDLLDIQVTPWHGDSPQGRKNKLKRNPSGIMLITPESLESLLIRDSGWVKSAFQNLKHIVIDEFHAFIGTERGHHLLSLLHRLEHLLGRVNAPIPRTALSATLGDLESVPASLRPNKSLSCKIIKQTQSSSTLKMQVKGYIESAVVIDEAVTAEQSVCNDLYGLCRGGNHLVFANSRSRTESIATTLAEMCESNTVPNEFFPHHGSLAKEMRETLEARLQQEQMPTTAVCTMTLELGIDIGKVDSVVQVTAPHSIASLRQRMGRSGRRGGASILRMLITEADLTEKSSIVDKLRLELVQSLAMIRLLVASKWYEPADTSLYHFSTLLHQVLALIAQWGGIRADQIYVLLCEDGPFQQVTVTHFKDLLSHMGKVDLITQLGSGELVLGFMGEKITNHYTFYAVFKTSEEFRIVTGSKTLGSLPVDSLILEGQHIVFAGKRWVVELVDTDKKVISVKHAKGGKPPKFGGSGMVVHDVVRQEMLKILEEGDYRIQVGEQRIEFADAVAQALFKEGADFFKTAKLESTHFLQYGNTAVVLPWAGDKVVNTLVAVLIHKGFGAGAFAGIIEVENTLIDDVIGALKSFRDDQTISAIDLADAIAEKAIDKFDEYLPQEILAKGYAARAFDVEKARVLVKELLMARFKHAKEVKL,58.2,139,380,22.895,87,224,147,15,69,38.68,47,/stor/work/Wilke/crisprtn7/reblast2/GCF_000498035.1_TAE80_genomic.fna
NZ_AUTM01000179.1,0..11572,tnsB,9225..8290,lcl|9225|8290|2|-1,-1,UniRef100_A0A4Q8MT20,3.23e-04,UniRef100_A0A4Q8MT20 tnsB Transposon Tn7 transposition protein TnsB n=1 Tax=Pasteurella multocida TaxID=747 RepID=A0A4Q8MT20_PASMD,MNRNYLVIVGFAVLAAFQSSAVLAFDFDLKSVRTTISNPSTSHALIYDDLAGSNQKTLFSLEPINNQRVGVFFDINDIEIGYSADIFEDDIETKTQDILLSYRKFKNSKITFNYQTLEGLQSTASNLSGNQTDQIFSQNTRSTKFELSGQHNFYTFNNKESLFEHFFLNRPKLSNKFDMSLSIVGAWSFKHVSLENKDNIVFQADFLNSPVPQVTKLISNSYGASIGSLLSFSLPHNVHVFAEYKVGKGHIQNTNPGLGLKDSGAEKVEAYGGGISWTSDNKKLMVVLRAWEQTGRHIDTSFGDLSVIKFF,40.0,92,172,21.512,37,107,69,5,28,40.12,52,/stor/work/Wilke/crisprtn7/reblast2/GCF_000498035.1_TAE80_genomic.fna
NZ_AUTM01000179.1,0..11572,glmS,5730..7907,lcl|5730|7907|3|1,1,WP_035343592.1,1.21e-05,WP_035343592.1 glmS two-component system response regulator GlrR [Dickeya],MIKAQIPADEESRLKALYEYEILDTEAEKVFDDLTQLASDICEAPISLISLVDPQRQWFKSKYGIDVDSTERDIAFCSHTILQDQVFEIQNALLDERFYDNPLVTSDPNIRFYAGTPLVTPSGSTIGTLCVISDQPKKLTQTQINALKILGKEVIAQLELRLNNRKLATALKQQQIHNKNLEELKKEADTANTLKGRFLANMSHELRTPLHGILNLAEFGLAETSNIEKDNALKSILSSANILSNIVNDILDFSKIEAGKLNIENINFNLSEVINNVINPLMKQATDKGIKFIPSIDKNIATTLKGDPVRVSQILNNLCSNAIKFTQQGQVEFKVTVKENLLNTQNIVFEIIDTGIGISKAAQQNLFQEFHQADSSTSRKYGGTGLGLSICTKLSDLMNGKINFTSKEDKGSVFTYQQSFETSELDELLKPNKEITDLQGCTILVAEDNKVNQVVVSKMLQAHNAKVIFTENGKECVDYFFANHVDLIFMDIQMPVMDGVQATKIIREQQTGKTTPIIAMTANTMKPDIEHYLDIGMDGYLTKPFNKDHLNSLLNVYNPKNSNLKNLAVKVSNPNITSERKLKQICNELKKLISNADRVSLWLFNHDYTAINSLICLDEKNEIVSNAVLKAEDFPAYFDYILEHKVLDASDARNHEITKNLTKVYFEPSNIYSLLDYIYFIDNKPLGVICCESVGSKISWSHADKLSLIKVADVTTLFLSKQLKS,45.8,107,144,22.222,32,106,64,2,6,44.44,19,/stor/work/Wilke/crisprtn7/reblast2/GCF_000498035.1_TAE80_genomic.fna
NZ_AUTM01000185.1,0..14860,tnsA,13022..13771,lcl|13022|13771|2|1,1,UniRef50_A0A3M5N9X7,5.06e-09,UniRef50_A0A3M5N9X7 tnsA HTH gntR-type domain-containing protein n=380 Tax=Bacteria TaxID=2 RepID=A0A3M5N9X7_PSEAZ,MSNSMFDHKLSSPSLDFQPLYLQVADSIKQLIVKRHWLPGEALPSEFRLAEEFNVSQGTVRKALNLLTDNKIVTRRQGVGTFVSEHTSQDALFRFFPLQADGKSDNSPKAELLSVELCAAPVEVIEALQLNKKDKVTKLVRRRILDNKFCMSETIYLPQSYFPDIHKSSDIPHTLYHYYQSKFNQTVHKTQDSIKAVLATIDDAKMLAIKAGDPLLLVSRITESIEGKRIEYRLSKCRSDHYHYQIELD,53.1,126,76,36.842,28,47,47,1,1,61.84,31,/stor/work/Wilke/crisprtn7/reblast2/GCF_000498035.1_TAE80_genomic.fna
NZ_AUTM01000188.1,0..16258,tniQ,2919..3818,lcl|2919|3818|3|1,1,tr|A0A498PN23|A0A498PN23_9MYCO,3.54e-05,tr|A0A498PN23|A0A498PN23_9MYCO tniQ HTH lysR-type domain-containing protein OS=Mycobacterium attenuatum OX=2341086 GN=LAUMK136_00063 PE=4 SV=1,MAIKFEDWQDVKVAFEVARLGTLTAAAEELNVHHSTVLRRINNLEKNLNARLFHRHARGYKVTEIGTKLFATAQTIHSSLEQLHNDIVAADSTLRGSLLLTTVSGFMDVLGDVCEQFQALHPQVQLEVILEQKRLRLDHGQAHIAVRAGPRPDEGDYIAQHLAQLSSGLYANKRYINKYGMPKLLIDLQQHNFVSGVAGFNARVPYFAWADEHIPASQIKLRVSETAEATRAIIKGLGIGGLQHDVAAQYPDLVPILHSQLSWPTDVWLVTHHLVHRTAKVQAFAGLLKTHFSKLAANQ,43.1,100,72,34.722,25,45,39,1,2,54.17,23,/stor/work/Wilke/crisprtn7/reblast2/GCF_000498035.1_TAE80_genomic.fna
NZ_AUTM01000188.1,0..16258,glmS,5221..3821,lcl|5221|3821|1|-1,-1,WP_035343592.1,2.62e-67,WP_035343592.1 glmS two-component system response regulator GlrR [Dickeya],MSDSLGRRFKIVEHPRLEAICKSTLALQFAHDCPLPDPYDGLLLAKTGDIPVHACLGLPLYDKNALLGVLTFDSLNANAFNSISADTLNTLQTLCSAHFKTALELAHYKQHAQHSSALVQELNREALTRDGGEIIGQSPLMQTLKNEIKLVAASNFSVLILGETGVGKELVARNIHLNSARKDQPLIHLNCASLPESLAESEFFGHAKGAFTGAQNSRQGKFQLADGGTLFLDEIGELPLAMQSKLLRVLQSGEIQTVGEDTPKYVDVRVVAATNRNLKEEVAQGRFRADLYHRLSVYPITVPPLSKREHDITLLAGYFIEQTARKLGIKQLKLSPEAQALLNQYNWPGNVRELEHVISRSALKAKQSQWQNPIITITSEHCDLTPSALQPPIAESRSTANALINQPLKQAVESLQYNIITEQLKQHNYNWSAAARVLELDRANLVRLAKRLGIEVKKYYNHLKYS,220,560,225,48.444,109,116,155,0,0,68.89,48,/stor/work/Wilke/crisprtn7/reblast2/GCF_000498035.1_TAE80_genomic.fna
NZ_AUTM01000191.1,0..11220,tnsD,1770..1492,lcl|1770|1492|1|-1,-1,UniRef90_A0A158EGH4,1.13e-04,UniRef90_A0A158EGH4 tnsD TnsD domain-containing protein n=1 Tax=Caballeronia calidae TaxID=1777139 RepID=A0A158EGH4_9BURK,MNKKYTDEFKQEAVRQVVEKGHSVPDIAKRLGISDKSLYYWVSKAKVPASQSAEQEEIRQLKAEVKRLTEERNILKEAAVYFASESKKGTRS,37.0,84,66,27.273,18,47,38,1,1,57.58,72,/stor/work/Wilke/crisprtn7/reblast2/GCF_000498035.1_TAE80_genomic.fna
NZ_AUTM01000191.1,0..11220,tnsA,5597..4032,lcl|5597|4032|2|-1,-1,UniRef50_UPI000996D35A,2.06e-06,UniRef50_UPI000996D35A tnsA TnsA-like heteromeric transposase endonuclease subunit n=1 Tax=Streptomyces sp. CNQ329 TaxID=1298879 RepID=UPI000996D35A,MKIIERIKLFNFKKFLNFEVQFTEEVNLLIGDNEAGKSSILSAIELVLSGSKSKIETIGIDNLFNKKVINDFLVSDKSIENLPTLRIELYLNDQDNPHLNGKVNSEGVACDGLVLTCEPNEELTHEISEVLAQAESNFPFEYYVVNFATFSGQAYSGYRKFLKHLTLDSSQINNDYATKEYIKSVYDNFVEQTERIKLKNEYRQQKVAFTETNLKTINDKLDEYQFSLRTGSKSNLETDLNIVEDDVPIENKGKGRQCFIKTEFALKEHDAGKPIDVLLLEEPENHLSHTNMKKLVHRISESHARQIFIATHNSLISTRLNLRNAILLNSSSAEPLTMKGLPEDTAKFFMKAPDNNVLEFILSAKVILVEGDAEYILLDSLYSSVSGSTLEANNIHVISVGGTSFKRYLDIAKILGIRTAVIRDNDGDYQANCVDGYVDYRADNIGIFYDDDNTNNTFEVCLYSLNQDVCDELWLAGRRALSVQEFMLKNKADCAFELLDKKADHIETPDYIKRAFQWINE,48.5,114,171,24.561,42,107,78,5,22,45.61,29,/stor/work/Wilke/crisprtn7/reblast2/GCF_000498035.1_TAE80_genomic.fna
NZ_AUTM01000196.1,0..13152,tnsA,998..2017,lcl|998|2017|2|1,1,UniRef50_A0A2D2C3Y7,1.65e-14,UniRef50_A0A2D2C3Y7 tnsA Tn7_Tnp_TnsA_N domain-containing protein n=4 Tax=Paracoccus TaxID=265 RepID=A0A2D2C3Y7_9RHOB,MVTNNMSAVNTRQSLALFISAAAALFSLFAALSFGAAETSLQDVFNSFLLSNDASFNSRIIFELRMPRTLLAFLAGSGLAIAGLILQTVTRNPLADPYLFGISSGASFGVVLLMALAGISAGFMLSAAALLGSLLAMSLLILIAGRQQSAQVESMLLAGVALSFLFSAFTSLLLYWSDPQAVAAILFWTLGSFSRAQWVTLWLPLLVITLCTFVMLSFRRQLNAMLLGDESAITLGVRVQRFRILMLVLSSLITAVLVAMCGGIGFVGLMVPHIVRFFISQGTIAGLLVTSLVGGTFMVWVDVLSRSLLKNQELPVGVITAAIGSVFFLSLLFFRKRRV,70.1,170,98,42.857,42,55,62,1,1,63.27,29,/stor/work/Wilke/crisprtn7/reblast2/GCF_000498035.1_TAE80_genomic.fna
NZ_AUTM01000196.1,0..13152,cas3,11556..10330,lcl|11556|10330|1|-1,-1,gi|341581811|ref|YP_004762303.1|CAS-I|cas3|cas3,1.95e-09,gi|341581811|ref|YP_004762303.1|CAS-I|cas3|cas3 cas3,MQFSEFDLDNKLLDAINKMGYETPTSIQQQAIPEALQGRDILASAPTGTGKTAAFLIPAIQYLLDFPRRDPGFARVLVMTPTRELAYQIHEQCELLAKRTHLKIGVVTGGINYGTHKEIFEKNNDILIATPGRLMEYLETENFHAEHVEMLIIDEADRMLDMGFKKEMSRICDEAKNRRQCFLFSATLEGDSVERFAEKTLNDPALLEAESSRKEKAKIHQWVHLADDYHHKLELLVNTLNGPDVTKAIVFVKTRERLETLIGELTNNGVKAAWLRGEMPQDKRMKAMENFHSGKTRILIATDVAARGIDVSDISHVINFDMPRTADVYVHRIGRTGRAGKKGIAISLVEAHDIGILYKVERYVEQKLKRRVIKGVEPQHKEAKPPAKKRKDPVKMKVKKKAKVKKKK,58.2,139,349,23.782,83,223,141,12,43,40.40,79,/stor/work/Wilke/crisprtn7/reblast2/GCF_000498035.1_TAE80_genomic.fna
NZ_AUTM01000197.1,0..32285,tniQ,8754..7573,lcl|8754|7573|3|-1,-1,tr|A0A2N1BBG8|A0A2N1BBG8_9GAMM,0.0,tr|A0A2N1BBG8|A0A2N1BBG8_9GAMM tniQ Uncharacterized protein OS=Pseudoalteromonas sp. GutCa3 OX=888433 GN=CXF64_12925 PE=4 SV=1,MHFLVQTKPYPDEALESYLLRLARDNSYDGYSELADILWQWLAEQDHELEGALPLELTKVDVYHARQASSFRIRALKLVAQLADVNAGNILSLAWRRSNFKFGNLAAVSRNELAIPLELLRTDNIPVCIKCLSESSYIPFYWHLKPYKACHKHKAQLTMHCKECDDSIDYRASETFLECTCGCGYKPTSSEQLNDADFKIASALAGSNSHKIVGLISWFAKVKQLDVSDADFNRTFVDYFSTWPDSFNAELDLLTNNARLKQLNPFNKTKFNSVYGNVIRDAQIAATTNRKNKVLDEIINYFVELVDNNPKTKHPNIADLLLCTFDTAVLLNTTTEQIYRLHQEGFLNCAYPQKKHEQLRADSHVFYLRQVIELQQAFAAEKPQTKKQFIAPW,725,1872,393,90.585,356,35,371,1,2,94.40,100,/stor/work/Wilke/crisprtn7/reblast2/GCF_000498035.1_TAE80_genomic.fna
NZ_AUTM01000197.1,0..32285,tniQ,16317..15316,lcl|16317|15316|3|-1,-1,tr|K0Q410|K0Q410_9RHIZ,7.53e-17,tr|K0Q410|K0Q410_9RHIZ tniQ Putative TniB-like ATP-binding protein (Modular protein) OS=Rhizobium mesoamericanum STM3625 OX=1211777 GN=BN77_p40112 PE=4 SV=1,MLTNKQKEKLNEFRDVFIEYPIISTVFNDFDRLRLGKGLAGEKPCMLLSGDTGTGKTALIKQYKERHLPQFINGVMNHPVLVSRIPSNPTLESTLAELLKGLGQVGSTERKLRINGTRLTTSLIKCLKTCGTELVIIDEFQELIEHNQGKKRREIANRLKYINDEAGVSIVLVGMPWAEKIADEPQWSSRLLVRRQLPYFKLSENPKHFVQLIIGLANRMPFTEKPNLSEQATVFALFSLSKGCFRTLKYFLDDAVFYALVGNAKTLTTKHLVKAFEVLFPDVPNLFTLPVSEITASEVERYSLYKPESAQDKDPFIATKFTDRMPISQLLRK,79.3,194,221,25.792,57,146,106,7,18,47.96,64,/stor/work/Wilke/crisprtn7/reblast2/GCF_000498035.1_TAE80_genomic.fna
NZ_AUTM01000197.1,0..32285,tnsB,18143..16320,lcl|18143|16320|1|-1,-1,UniRef100_A0A0N8TSW6,0.0,UniRef100_A0A0N8TSW6 tnsB Transposon Tn7 transposition protein TnsB n=1 Tax=Pseudoalteromonas sp. P1-25 TaxID=1723758 RepID=A0A0N8TSW6_9GAMM,MFNDGLFEDEFNQPLPKVETKPPQNYAKDLQALPDKIKITTFAKLKYIQWLEGNIQGGWTQKNLEPLLKVMPEVEGEKKPSWRTAARWYSAYTNADKNIIALIPSHQKKGNRERETATDKFFEKALERYLVKEKPSVASAYKFYKDLVIIENDSVVGGVLKPLTYKAFKNRIDNLPQYEVMVARYGKRLADIAFNKVEGHTRPTRVLEKVEIDHTPLDLILLDDELHIPLGRPTLTILIDVYSHCIVGYYFSFSAPSYDAVRRAMLNSMKPKSEVAKLYPDTINEWKCAGKIETLVVDNGAEFWSNSLELACEEIGINTQYNAVAKPWLKPIVERIFGTINTELLDPIPGKTFSNILQKHEYNPKKDAIMRFTTFMQLFHKWVVDVYHQDADSRFKYIPSQLWEQGFSTLPPTMLSNDDLQRLDIVLSISIHPKLRKGGVWLENLRYDCTELSNYRKQFSHNVSHKVLVKLNPEDISYVYVYLDKLEHYIKVPCIDPNGYTQNLSLNQHKINIRIHRDFISGSIDNVGLAKARMFIHNKIQNEFEALKNAPKHSKVKGGKALAKHQNVSSDSQKSITQCKPIEPKKVTPKEQPTDSWDDFISDLDGF,1154,2985,607,92.422,561,46,587,0,0,96.71,100,/stor/work/Wilke/crisprtn7/reblast2/GCF_000498035.1_TAE80_genomic.fna
NZ_AUTM01000197.1,0..32285,tnsA,18786..18136,lcl|18786|18136|3|-1,-1,UniRef50_A0A0M9UIE8,5.08e-106,UniRef50_A0A0M9UIE8 tnsA Tn7_Tnp_TnsA_N domain-containing protein n=43 RepID=A0A0M9UIE8_9GAMM,MVRWLTHMYRRKLKHSRVKNLHKFASQKNKSTCLVESSLEFDACFHFEFSPSIAAFEAQPIGYEYEFDNRICRYTPDFLLTHTDGTQKFIEVKPQSKIADEDFRARFIEKQAIAKQDGRDLILVTDKQIRVYPTLNNLKLLHRYSGFQSLTELQASVLELVKQYGSIKVCQLVSFLKVTAGELLATVLRLLSLGQLFADLTTNEISIETAIWSNNV,302,773,208,67.308,140,68,176,0,0,84.62,96,/stor/work/Wilke/crisprtn7/reblast2/GCF_000498035.1_TAE80_genomic.fna
NZ_AUTM01000197.1,0..32285,tnsB,28559..30208,lcl|28559|30208|2|1,1,UniRef100_A0A3S4WZ21,3.42e-08,UniRef100_A0A3S4WZ21 tnsB Transposon Tn7 transposition protein tnsB n=1 Tax=Acidipropionibacterium jensenii TaxID=1749 RepID=A0A3S4WZ21_9ACTN,MKAKRIAPEVLLDLSSRMELFPARSDERKNIVKSACDLYGVSESTLYRQLRSVNKPKPLKRTDSGKSRVIPISEMEKYCEIIAALKIRTTNKNGRHISTNVAIDLLESTGVESEYGFIKLEKGKLSKTTINRYLAQFGLDKHNLIKNTPAVRFQARHSNECWQFDLSPSDLKSVNEPLWYDESKGLPILMLYSVVDDRSGVCYQEYRNVHGEDAGNALRFLFNAMSPKSDPDVPFQGIPHMIYMDNGPIARSRVFQSVMKYLGIDVKVHMPDSKDKRRKTARSKGKVERAFRTVKECHEVLYHLREPKNEVEASQMLSDYLKKYNDHQHRAEPHSRMEDWLQNIDGAVKQMCSWERFSSFAREPEKRKVGIDARIPVDGSVYEVDPDLAGEQVVLWWGLFDDELYVEHDGQRYGAYFPISGPIPLYRYRKFKQTKTEKRLGKLETLAKSLKLPDSENDENHQVILSMKNVVEPVPTREFDNPDPFNEKRFENILKAKLAISNYLGKPLTILAQGDRDMIDAILSESLDKEAVMKRIKEYFHNRSGEHAN,53.9,128,225,27.556,62,126,96,13,37,42.67,39,/stor/work/Wilke/crisprtn7/reblast2/GCF_000498035.1_TAE80_genomic.fna
NZ_AUTM01000197.1,0..32285,csm6,3056..3592,lcl|3056|3592|2|1,1,"gi|433654546|ref|YP_007298254.1|CAS-III-A,CAS-III-D|csm6|CARF",0.005,"gi|433654546|ref|YP_007298254.1|CAS-III-A,CAS-III-D|csm6|CARF csm6",MIGYRSNPTISWITEVLLLNITFLGFEVCMPSDIQPSANHKFVDILSNGKVNLSSNPLDEIELIQRGLDLKSVEKFRLQLGWDIQSFAKAIGTNIRTLERHKKEYTRLNATLSENTFELAHLASACIDYFENIERWNKWLNTYSLQFSSKTPLTFVNTIAGRRLIRNVINSLKYGYNA,35.4,80,95,23.158,22,57,47,3,16,49.47,44,/stor/work/Wilke/crisprtn7/reblast2/GCF_000498035.1_TAE80_genomic.fna
NZ_AUTM01000197.1,0..32285,cas6,4400..3888,lcl|4400|3888|1|-1,-1,"gi|315127125|ref|YP_004069128.1|CAS-I-F,CAS-IV|cas6f|cas6",4.21e-113,"gi|315127125|ref|YP_004069128.1|CAS-I-F,CAS-IV|cas6f|cas6 cas6",MSSREISNIGVCFPKWNEQTIGNELAFVSTDKKQLTNLSQQSYFEMMAHDKLFGLSKILEVPVNQSEVMFVRNQSVAKAFVGEKQRRLKRAKKRAEARGEVYNPEYKFEEKAIGHFHSIPVSSKGNGQSYVLHVQKVEKPEPINNHFNNYGFATNQTFLGTVPSLNPIFQ,318,815,166,90.361,150,16,159,0,0,95.78,98,/stor/work/Wilke/crisprtn7/reblast2/GCF_000498035.1_TAE80_genomic.fna
NZ_AUTM01000197.1,0..32285,cas7,5518..4490,lcl|5518|4490|2|-1,-1,"gi|315127126|ref|YP_004069129.1|CAS-I-F|cas7f|G7,CASCADE",0.0,"gi|315127126|ref|YP_004069129.1|CAS-I-F|cas7f|G7,CASCADE cas7",MQLPRHLSYTRSLSPSKAVFFYKTPESDFEPLQIEQNKLVGQKSGFGDAYQKQNVAKNLAPQDLAFGNPQTIDVCYVPPTVNELFCRFSLRVEANSNEPHVCDDPKVIYWLKRFFETYKKHNGLNEVATRYAKNILMANWLWRNRQSPNVDIEILTEHAAPIIVEGAQKLKWQGNWQNNQTALLTLSEAIQEGLSNPQNYCYLDITAKIKNAFSQEVHPSQKFVDTVEQGMSSKQLAYTQVGDKKAASLNSQKVGAAIQTIDDWYEGGYKPLRTHEYGADKQILVAHRTPKTHSDFYSLLPRIAMHIKHMERHGLAQNEESNAVHFIAAVLIKGGLFQRSKA,693,1789,342,95.322,326,16,335,0,0,97.95,100,/stor/work/Wilke/crisprtn7/reblast2/GCF_000498035.1_TAE80_genomic.fna
NZ_AUTM01000197.1,0..32285,cas8f,7569..5518,lcl|7569|5518|3|-1,-1,"gi|315127127|ref|YP_004069130.1|CAS-I-F|cas8f|LS,CASCADE",0.0,"gi|315127127|ref|YP_004069130.1|CAS-I-F|cas8f|LS,CASCADE cas8f",MNLQDAFAIESLKEKTTALRKLFAPYTPHVAVDGFEEQALVVLINLVYKRSEIDDLTSVRTAKRVLRDQVLLNKCINEVKWFHTHNLKYPDIRVSHQRLISKVVSEDIAGICSRSLPLSFGWSHNSAEINHAKLFLTSFIWQGEVTCLAKLLIAEEPVWINLIRKYGFTKKAVLDIAGKIKQLLPVAELPLEVSSFSPQLQMPFQQSYLAVTPVVSHAMLAKIQQLTTGRKLNFGLVEHSRPANVGDLASSVGGNIRVLRYFPKTYSKAVNRSKVANNDIEKKFKIRALLSSQFQHALLVLVGIKQFNTLRQKRLARVAAIRQVRVSLQLWLDNILEAKNNAQEQAYPEWAKHYLDQSITNCISQFSNVLNESLGTLSKLKRFAYQPNLMGLFKIQLNYVFTHCTAEQETLNDEQIVYVHCQDMRVFDAEAMANPYIQGMPSLTALNGLAHNFERKLKNFIDPSIKCIGSAIYIESYQLHTGKPLPEPSKLKQVAGRSHVIRSGIIDKPKCDITLDLIFRLFVPNKEVLNKLNSQLIKPALPSTFAGGTMHPPSLYQNIDWCHLHTKPNELFKNMKAKSLNGSWLYPSKKVVKSFEQLIDALNGNFNLRPAAIGFAALEEPVKRDAALHEYHCYAEPVIGLLECVSNTSVKYAGAKQFFHDAFWVMDVQKESMLMKKSKFEYE,1320,3416,683,92.826,634,48,653,1,1,95.61,100,/stor/work/Wilke/crisprtn7/reblast2/GCF_000498035.1_TAE80_genomic.fna
NZ_AUTM01000197.1,0..32285,xre,12063..11734,lcl|12063|11734|3|-1,-1,tr|A0A657RI08|A0A657RI08_9BACI,1.40e-08,tr|A0A657RI08|A0A657RI08_9BACI xre Transcriptional regulator OS=Bacillus intestinalis OX=1963032 GN=CE489_07930 PE=4 SV=1,MFFIAKVHMETPTPSRLKSARKAAGLTQQQLGMALGMEPNTASARMNQYEKGKHAPDFLTMKRIAKELDVPVAYFYCEEDTLAELICVLGTLTEKQQKELLGTLAENQK,39.3,90,70,31.429,22,42,38,2,6,54.29,64,/stor/work/Wilke/crisprtn7/reblast2/GCF_000498035.1_TAE80_genomic.fna
NZ_AUTM01000197.1,0..32285,CRISPR array,3687..3774,,,,,"Copies: 2, Repeat: 27, Spacer: 33",TTCCAGCTGCCTACTCGGCAGTTCACA,,,,,,,,,,,,/stor/work/Wilke/crisprtn7/reblast2/GCF_000498035.1_TAE80_genomic.fna
NZ_AUTM01000198.1,0..17155,tnsA,16662..14911,lcl|16662|14911|2|-1,-1,UniRef50_A0A345DB38,1.96e-07,UniRef50_A0A345DB38 tnsA ResIII domain-containing protein n=396 RepID=A0A345DB38_9BURK,MSYKLRPYQQEAVERTVLHFRKSNDPAVIVLPTGAGKSLVIAELARIAKQKILVLAHVKELVEQNSQKYKSFGLEASIFSAGLKEKSLNHQVTFASVQSLSRNLNKLNEHYSLLIIDECHRVNGDKKSQYGKVINSLKEYNPQLKVLGLTATPYRLGTGWIYHHHYHGFVKGTKESPFKSCIFELPLRYMIKHNYLTPPNEVDAAISHYDFSSLDSNAFGQYTTDDMNALLKNSERATQAILQQVIQYSEEREGVMVFAATVMHAQEILSYLPAHQSALITGDTPNTERDKIIKQFKAKQLKYLVNISVLTTGFDAPHVDFIAILRPTESVSLYQQIVGRGLRLSESKTDCLVIDYAGNGFNLFHPEVGDKKGDSDNEPVQVLCPGCGFANIFWGKIDSTGKVIEHFGRRCQGLLEDDEGTKEQCDYRFRFKECEQCGAQNDIAARQCHDCGAVMADPDDKLRNALNLKDALVLRCSGLSVTQIKDELIKVTYFDEGGASCDEVYNLANKGGQFIFNKQFGLRVGLGQTPINFKTAAQVVSAQFELVPPDFVIARKSKKYGWKVADKLFDYKGNFRKANQLSR,52.0,123,255,23.529,60,140,118,12,55,46.27,40,/stor/work/Wilke/crisprtn7/reblast2/GCF_000498035.1_TAE80_genomic.fna
NZ_AUTM01000198.1,0..17155,parE,16662..14911,lcl|16662|14911|2|-1,-1,WP_184123230.1,7.76e-11,WP_184123230.1 parE DEAD/DEAH box helicase family protein [Mycobacteroides chelonae],MSYKLRPYQQEAVERTVLHFRKSNDPAVIVLPTGAGKSLVIAELARIAKQKILVLAHVKELVEQNSQKYKSFGLEASIFSAGLKEKSLNHQVTFASVQSLSRNLNKLNEHYSLLIIDECHRVNGDKKSQYGKVINSLKEYNPQLKVLGLTATPYRLGTGWIYHHHYHGFVKGTKESPFKSCIFELPLRYMIKHNYLTPPNEVDAAISHYDFSSLDSNAFGQYTTDDMNALLKNSERATQAILQQVIQYSEEREGVMVFAATVMHAQEILSYLPAHQSALITGDTPNTERDKIIKQFKAKQLKYLVNISVLTTGFDAPHVDFIAILRPTESVSLYQQIVGRGLRLSESKTDCLVIDYAGNGFNLFHPEVGDKKGDSDNEPVQVLCPGCGFANIFWGKIDSTGKVIEHFGRRCQGLLEDDEGTKEQCDYRFRFKECEQCGAQNDIAARQCHDCGAVMADPDDKLRNALNLKDALVLRCSGLSVTQIKDELIKVTYFDEGGASCDEVYNLANKGGQFIFNKQFGLRVGLGQTPINFKTAAQVVSAQFELVPPDFVIARKSKKYGWKVADKLFDYKGNFRKANQLSR,62.4,150,371,24.528,91,238,160,18,42,43.13,59,/stor/work/Wilke/crisprtn7/reblast2/GCF_000498035.1_TAE80_genomic.fna
NZ_AUTM01000209.1,0..2521,tniQ,754..1635,lcl|754|1635|1|1,1,tr|A0A1G9Z6A6|A0A1G9Z6A6_9PSEU,1.06e-05,"tr|A0A1G9Z6A6|A0A1G9Z6A6_9PSEU tniQ Regulatory helix-turn-helix protein, lysR family OS=Lentzea violacea OX=128104 GN=SAMN04488074_1194 PE=4 SV=1",MQTPIRGLRSFCFAARSLSFKHAANELYLTPSAVSHQIKQLEEQLGIELFQRKTRSISLTTAGKNFFDAVSPIITMLESTINEFSQMQQNTNLTITLPEFFASELLMPKLSEWTSEHPNINLQMDTLKTRKELTRHSDLSIVLSSGKPTEGLATELFNLEYIPACNKKLLDQWRDDHRQALNQVPLILHKARPWAWHQWAEKAGIDDFSPSQIIQIDSMFGVARAAQQGMGIALIPLPISQSWLDEQWLYKLFEQPLTTKDKYYLVQHESSTPNHPLDLFAKWVVNTFRKIQE,44.7,104,86,31.395,27,57,39,1,2,45.35,29,/stor/work/Wilke/crisprtn7/reblast2/GCF_000498035.1_TAE80_genomic.fna
NZ_AUTM01000210.1,0..7872,tniQ,7303..6779,lcl|7303|6779|3|-1,-1,tr|A0A1X1NDK8|A0A1X1NDK8_9ACTN,6.99e-04,tr|A0A1X1NDK8|A0A1X1NDK8_9ACTN tniQ HTH lysR-type domain-containing protein OS=Streptomyces sp. CB03238 OX=1907777 GN=BKD26_21400 PE=4 SV=1,MLDRYTSMQVFVQAASRGSLSAAGRELNMSPAMATKHVDSLETRLGTKLLHRTTRQLSLTDAGRGYLQACQRILQDLEEAESEVSSQQHQAMGRLRLNAPLSFGTRFIAPLIPEFTHRYPLVEVDLGLSDTQQDLLKESWDLIVRIGHLADSDLRARPAVSAIARCDFVPRLSI,37.4,85,86,26.744,23,61,42,1,2,48.84,48,/stor/work/Wilke/crisprtn7/reblast2/GCF_000498035.1_TAE80_genomic.fna
NZ_AUTM01000231.1,0..8552,tniQ,5326..5664,lcl|5326|5664|1|1,1,tr|A0A2S5Z7P1|A0A2S5Z7P1_9ALTE,3.39e-05,tr|A0A2S5Z7P1|A0A2S5Z7P1_9ALTE tniQ Uncharacterized protein OS=Marinobacter sp. N4 OX=2055143 GN=KEHDKFFH_15295 PE=4 SV=1,MSLPACPKCQCEYVYEDQQLLICPECAHEWNPNTTNDEDAILVKDANGTLLNDGDKVTVAKDLKIKGSSQVIKIGTKAVVRRVLDKKDHELDCKVEGIGEMMVTAKFVKKAT,39.3,90,38,39.474,15,23,18,0,0,47.37,34,/stor/work/Wilke/crisprtn7/reblast2/GCF_000498035.1_TAE80_genomic.fna
NZ_AUTM01000231.1,0..8552,parE,6093..5794,lcl|6093|5794|3|-1,-1,WP_072841483.1,2.37e-48,WP_072841483.1 parE type II toxin-antitoxin system RelE/ParE family toxin [Marinomonas],MAEIIWTNPALDDLNDIAEYIALSNLQSAKKLVAKIFEKVERLEPFPESGKKPIELANLNYLELVVNPCRIFYKKDNNKVYILHVMRQERDLRKFLLLT,147,370,99,67.677,67,32,85,0,0,85.86,100,/stor/work/Wilke/crisprtn7/reblast2/GCF_000498035.1_TAE80_genomic.fna
NZ_AUTM01000241.1,0..18894,tniQ,726..1643,lcl|726|1643|3|1,1,tr|A0A1B1MDJ1|A0A1B1MDJ1_STRLN,4.91e-04,tr|A0A1B1MDJ1|A0A1B1MDJ1_STRLN tniQ HTH lysR-type domain-containing protein OS=Streptomyces lincolnensis OX=1915 GN=SLCG_4177 PE=4 SV=1,MIISILLKHFYSMVIMTRWNGIDEFIAVGEEGSFTAAAKTLGLSVAHISRHVTALEQRLNTQLLTRTTRKVVLTKEGEVYLHQIKHLQHAMDEATQGLAQQQSTPKGKIKLTAPVMYGETFIMPIVHNFMKDHPEVEVVATLSNEQENLLEGGFDLAIRLGHLKDSSLKARRLSARRFIMCAAPQYLTRFGEPHTLGELNSHECLIGNSSYWRVNENGRDKHFKIAGRLQCNSGWALVDGAKKGLGIVQLPDYYIENEINSGQLVPILTPYQPQQEGVWGVYPPRQFVATNVRVLLDYLVKGLKA,39.7,91,86,29.070,25,58,45,1,3,52.33,27,/stor/work/Wilke/crisprtn7/reblast2/GCF_000498035.1_TAE80_genomic.fna
NZ_AUTM01000250.1,15772..41769,tniQ,36674..35772,lcl|36674|35772|2|-1,-1,tr|A0A498PN23|A0A498PN23_9MYCO,3.33e-06,tr|A0A498PN23|A0A498PN23_9MYCO tniQ HTH lysR-type domain-containing protein OS=Mycobacterium attenuatum OX=2341086 GN=LAUMK136_00063 PE=4 SV=1,MSRRVPPLNALKAFEAAARHLSFTKAAEELYVTQAAVSHQIKTLEEHLGLKLFLRKNRSLLLTEEGQGYFLDIKEIFTQLIDATEKLLARGAKGSLTVSLTPSFAIQWLVPRLSLFNELHPEIDVRIKAQDQDENSLTDDVDIAIYYGRGHWNGVQAYKLHTEYLVPLCSPMLLSGVKPLDQPSDLAHHTLLHDTTRKNWKTWMKTAGVRNIQVNQGPIFSHSSMVLQAAVHGQGVAIGNSVLAKPDIDAGRLVIPFNHSLESKNAYYLVLRESQTELGKIVSFKEWMLSLVEHEQEHEY,46.2,108,58,43.103,25,31,36,1,2,62.07,19,/stor/work/Wilke/crisprtn7/reblast2/GCF_000498035.1_TAE80_genomic.fna
NZ_AUTM01000252.1,0..4378,tnsA,362..1111,lcl|362|1111|2|1,1,UniRef50_A0A3M5N9X7,1.14e-16,UniRef50_A0A3M5N9X7 tnsA HTH gntR-type domain-containing protein n=380 Tax=Bacteria TaxID=2 RepID=A0A3M5N9X7_PSEAZ,MSLKIKAAKLSDVILQQLENMILEGSLAPGEKLPPERELAKQFEVSRPSLREAIQKLEAKGLVTRRQGGGTFVKNQLEEGLTDPLFDLISKHPESQFDLLEFRHALEGIAAYYAALRGTSNDFSKVKESFDKIALVNDDLQQKAKAINAFHFSVAEASHNVVLLHLVRGMKALLEQNVLQNLTVLLKKSDISSQLAEHRRLLMDAVIDGNPEQARLASNAHLAFIEEALLEAGKEHSRIERSLRRTKQN,74.7,182,204,30.882,63,134,100,4,7,49.02,81,/stor/work/Wilke/crisprtn7/reblast2/GCF_000498035.1_TAE80_genomic.fna
NZ_AUTM01000256.1,9360..31726,tniQ,29360..30376,lcl|29360|30376|2|1,1,tr|A0A2W1D0I8|A0A2W1D0I8_9PLEO,1.13e-14,tr|A0A2W1D0I8|A0A2W1D0I8_9PLEO tniQ Pectate lyase OS=Pyrenophora tritici-repentis OX=45151 GN=A1F97_07859 PE=3 SV=1,MTMKAAINNEYKGKLQITDLPIPEVGINDVLVKIAACGVCHTDLHACHGDWPVKPKMPLVPGHEGVGVIEKVGSNIKHLEVGDRVGIPWLYSACGHCEFCLDGKETLCLSQHNTGYSIDGSYAEYCLAHGDYVVKIPQGLGFSEAAPLFCAGVTTYKALKVSGAKPGQWVAIVGVGGLGHLAVQYAKAMGFNVIAVDTGKEKLALAKELGADITLDFKEVVPSEAIFEQVGGAHGVVCTAVSKAGFEQAYKSVRRGGKCVLVGLPPEDMPLPIFDTVLNGVSVVGSIVGTRKDLQECLEFAAQGKVKAIIEEKRLEDINEIFDDMLKGEINGRIVVTI,72.0,175,236,28.814,68,151,115,7,17,48.73,65,/stor/work/Wilke/crisprtn7/reblast2/GCF_000498035.1_TAE80_genomic.fna
NZ_AUTM01000256.1,9360..31726,DinG,15225..17051,lcl|15225|17051|3|1,1,gi|146292922|ref|YP_001183346.1|CAS-IV|DinG|DinG,0.0,gi|146292922|ref|YP_001183346.1|CAS-IV|DinG|DinG DinG,MAVAVADALKNSSQLVVEAGTGTGKTFAYLAPALKSKGRTIISTGSKALQEQLYHRDLPQLVKALSASKKTALLKGRANYLCTYRLNQHVAHVPTDDSDVMHQLAMVAKFASETQSGDLADCIGIEDDAKVLPYVNSTADNCLGKECPDFQSCYIRKARLTAADADVVVINHHLFFADMAVKESGFAELMPKADAYIFDEAHQLSEIASDYFGESVSTKKLVDLINDLRAIYRAEIPDMLQLGKSLNKLETSVADLRLQFGVDGSRGDWREKLSDKQICAALHRVISDLDFVYQVLKLCLDRSDKIEHPFERALAFKGQLERVFDTAQTGFSYWYETTRRYLTINITPLNVSAKFAQMMQDTGAGFVFTSATLSVDNKLEHFNASLGLKPKQSMMVDSPFDYPNQALLCLPRYLPESHADNMPHAIVKLTLELIKSAQGRCFVLFTSYRMMHLVAEGLTTQIDYPVYMQGQMSKRIILEKFTRHGNAVLLGTASFWEGVDVRGSTLSCVIIDKLPFAAPDDPLLQAKMQDCQMQGKDPFSHIQLPQAVIALKQGVGRLIRDSKDKGVLVICDNRLVTRQYGQVFLKSLPPMRRTRSLEDANTFLKQIN,533,1373,610,44.426,271,332,381,4,7,62.46,99,/stor/work/Wilke/crisprtn7/reblast2/GCF_000498035.1_TAE80_genomic.fna
NZ_AUTM01000256.1,9360..31726,rsmJ,17061..17762,lcl|17061|17762|3|1,1,PRD22402.1,1.08e-26,PRD22402.1 rsmJ rsmJ [Trichonephila clavipes],MIKSNILALDASTEALSIVLHYQGQTFHHFEECPQQHSQKILPLVDELLTKANCKLKDLDVIGFGQGPGSFTGVRISVAIAQGLAYSTNLPLVGVSTLATMAQQTFEQKGSLSVYPSIDARMGEIYFAHYRAQNNLMLLVNQECVIKPDLLNNDYIATTEPSVAVGTGFKTYPDALNDFENVTINTDITLPDARYMLAHVEAAFLAGDVVKASDAQPKYVRDTVTWKKLPGRD,105,262,231,32.035,74,146,120,6,11,51.95,97,/stor/work/Wilke/crisprtn7/reblast2/GCF_000498035.1_TAE80_genomic.fna
NZ_AUTM01000257.1,0..34241,tniQ,14241..13315,lcl|14241|13315|2|-1,-1,tr|A0A3D8NHY0|A0A3D8NHY0_9ACTN,1.21e-04,tr|A0A3D8NHY0|A0A3D8NHY0_9ACTN tniQ LysR family transcriptional regulator OS=Streptomyces sp. IB2014 011-12 OX=2174847 GN=DDV98_25620 PE=4 SV=1,MTNLPSIKQLQYLLAVHQHQHFGRAASACFIGQSTLSSAIQNLEETLGCQLIERENRSLMFTSIGEEVVERSRKIINDTISLKELTKSFLTPLSGKLTVGVIPTIASFIAAPLYHFCKETFCDLELVLIEDTSDKLLDKLEHGHIDLALLALPYETDKFHTQVLAKDQFSLVHHKDYSAAKGVVDFNLLPEASVFLLEREHCMTGHALSACHLNRASCINPFEAASLHTLLSMVEHQLGVTFLPQMAINAGILDNKNMVATPSQSDAYRDIGILWRKTTGRIRDFRLFSQQLEVFLKRQCSLDFSKAE,41.6,96,77,36.364,28,47,41,1,2,53.25,24,/stor/work/Wilke/crisprtn7/reblast2/GCF_000498035.1_TAE80_genomic.fna
NZ_AUTM01000257.1,0..34241,glmS,7806..7471,lcl|7806|7471|2|-1,-1,PRD36068.1,1.04e-16,PRD36068.1 glmS glmS [Trichonephila clavipes],MSLFISNAHAAAGQPAAGGGWEMLIMLAIFGLVFYFLIYRPQAKRVKEHKSLMSMMAKGDEVLTQGGLVGKIVKISEEKDFIVISLNEQAEVTVQKSAVSAVLPKGTMKSL,72.0,175,102,37.255,38,64,57,0,0,55.88,92,/stor/work/Wilke/crisprtn7/reblast2/GCF_000498035.1_TAE80_genomic.fna
NZ_AUTM01000257.1,0..34241,parE,26760..23641,lcl|26760|23641|2|-1,-1,VFJ66771.1,3.21e-20,"VFJ66771.1 parE ParE toxin of type II toxin-antitoxin system, parDE [Candidatus Kentron sp. DK]",MITAIIRWSVGNRFFVLLLTLILLGGGLFALKNTPVDALPDLSDVQVIVKTTYSGQAPQVVQDQVTFPLTTAMLSVPGAQTVRGFSFFGDSYVYVIFDEKTDLYWARSRVQEYLSQVASRLPDSATPELGPDATGVGWIYLYALIDKTNKHDISQLRSLQDWFLKFELQTVPGVSEVAAVGGMVKQYQVNVEPDKLRAYGIPLSLIQTAIQQGNQEMGASVVEMAEAEYMVTSTGYIKSVADLEAIPLGVNANGTALQLRDVADIRVGPQMRRGIAELNGEGEVTGGIVIMRYGENAQKTIELVKAKLESLKKGLPEGVEIVPVYDRSNLINNAVDNLTSKLIEELIVVALVCVVFLFHVRSSLVAIITLPLGILTAFIIMYWQGINANIMSLGGIAIAIGAMTDGAIVMIENMHKHMEKTPLTNENRWEVVAKSASEVGPALFFSLLIITVSFMPVFILEAQEGRMFAPLAYTKTYAMAASAGLAITLVPVLMGYFIRGKVISEQKNPVNRLLVAAYRPLLNWVLKFPKMTLVLAVVVSVIGFYPVNKIGSEFIPPLDEGDLMYMPTTYPGLSVGKAREILQQTDKLIATVPEVKTVFGKVGRAETATDPAPLTMIETFIQLKPKNEWREGMTLEKLKKELDGLVKFPGLTNAWVMPIKTRIDMLATGIKTPVGIKVAGPKLSEIQKIGQQIEVLLKDVQGTASVYSERVAGGRYIKVDINREKAARYSLNISDIQQVVSTAIGGTNVTQTVEGQERYPVNLRYPQAYRGSPEELMLLPIVTPTGQRIALGDVADVFIEDGPPGIKSENARLNGWSFIDIDGVDIGTYVEHAQQVLDKDLILPAGYSITWAGQYEYMQRAKDKLTYVLPLTLAIIIVLLYLNFRSFAEVTIIMATLPLAMIGGVWLMYLEGFNFSVAVGVGFIALAGVAVEIGVIMLVYLNQAYQEKCIEAEQADKPLSLVQLQQAIIEGAGLRVRPVMMTVATIIIGLLPVLYGTGTGSEVMSRIAAPMVGGMGSAIVLTLLVIPAVYLLWRKQGLK,86.3,212,103,43.689,45,50,64,1,8,62.14,10,/stor/work/Wilke/crisprtn7/reblast2/GCF_000498035.1_TAE80_genomic.fna
NZ_AUTM01000261.1,0..38419,tnsC,17589..18419,lcl|17589|18419|3|1,1,UniRef100_A0A0L6ZA33,8.30e-06,UniRef100_A0A0L6ZA33 tnsC Transposon Tn7 transposition protein TnsC n=1 Tax=Clostridium homopropionicum DSM 5847 TaxID=1121318 RepID=A0A0L6ZA33_9CLOT,MVAILNAPLPSDVNAPVTTSAPENNLTLNTIDSISITDLNFIYPGSNEGIKNINLTLPNKGLIAVVGSSGSGKSTLFDCLLGFHPKVINHLSINDQSLSTTDITYLQNNIAWIPQKATLFYDTIAANIKLAKPTATQQELEHAAKQAGVLEFINTLPDGFNTLIGEQGEGLSGGQKQRIALARAFIKQAPVLVLDEPTAHLDSQTEQLIQDAINEYAKNNLVLVIAHRLNTVKHASNIVVMHDGKIAEQGHFDKLAAQNGVFANLLKTAKQGVAHA,44.7,104,101,30.693,31,55,54,4,15,53.47,32,/stor/work/Wilke/crisprtn7/reblast2/GCF_000498035.1_TAE80_genomic.fna
NZ_AUTM01000271.1,0..15615,tniQ,5387..4380,lcl|5387|4380|2|-1,-1,tr|A0A2W1D0I8|A0A2W1D0I8_9PLEO,4.33e-19,tr|A0A2W1D0I8|A0A2W1D0I8_9PLEO tniQ Pectate lyase OS=Pyrenophora tritici-repentis OX=45151 GN=A1F97_07859 PE=3 SV=1,MTALNRQMRALILDSYEEGTVFRDALINLPSPSAGQVQVKIFASGVNPIDYKIRQGIAPYAMPELPAVLGTDLAGEIVAIGDGVTDFAVGDAVYGLTGGVRGLQGSLAEYANVDAELLALKPKNLSMREAAALPLVTLTAWEGLVDKANVKAGQKVLIQGGAGGVGHVAVQIAKALGADVYATASTGKQELVKALGATPIDYHTVSPADYVDAYTQGKGFDIIYDTVGGSVLDASLGIIAHYGHILSCAAFSSHNLAPSSLRSATLSAIFVLHPQLSGEGRKHHGDILRQITALVEAGQIKPILDPLRFSLDTAMDAHNAVELGSMGKVVIDVIA,84.7,208,281,27.758,78,183,141,11,20,50.18,81,/stor/work/Wilke/crisprtn7/reblast2/GCF_000498035.1_TAE80_genomic.fna
NZ_AUTM01000271.1,0..15615,tniQ,6380..7273,lcl|6380|7273|2|1,1,tr|A0A0W7WYX0|A0A0W7WYX0_9ACTN,2.09e-04,tr|A0A0W7WYX0|A0A0W7WYX0_9ACTN tniQ HTH lysR-type domain-containing protein OS=Streptomyces silvensis OX=1765722 GN=AT728_13705 PE=4 SV=1,MLNRLEMLRIFCTAAESRSFKEAANRLGISPQAVTRAVKALEQLQGELLFHRNTRHIQVTLVGEKFALIAKERLRAVDELFQTSAPNSGNELQGRVRIAAPVGFGHKCLMPVLLELSTIHTQLDIDLTLSDERVDVVDEKIDIGIRIGFMRDSRFIARQLTKINMYVVASPELINRVGKPASIEDLNHLPATGLVDRNTGKLWPWIFSMDRQWTPSITRFRSADTEAELMAIQNGLGFAQIPDFLVQDLLRQEKLVRVLEEVEPVPWDLYIYRPQRGPVPQRIRLVFDHLVSRLSGR,40.8,94,63,38.095,24,37,35,1,2,55.56,21,/stor/work/Wilke/crisprtn7/reblast2/GCF_000498035.1_TAE80_genomic.fna
NZ_AUTM01000271.1,0..15615,glmS,11355..14021,lcl|11355|14021|3|1,1,WP_035343592.1,1.78e-05,WP_035343592.1 glmS two-component system response regulator GlrR [Dickeya],MKTSKLSIRLLWYITPLVILPLLFLGGFTLTNVTNSTQKQADLIMSRFVEQQQQKIFNYIDSFHSTAKLLSNSPVLSDFLANDISANGNYTRKLGALMDVFASYSEAYPDIISINLVSASGKSDAYYSNNLTTAPKSYPFFNRVLQSNLSTQQFMIQKDDGTTSLYFIQRIDSVDYYLKRPQQLGFIVIHIEPSILNSSILEAPYNNTLNLMLTKDGKILFSSDYNMRGQYISEYELNQVHDLADIGMLSTIELSSIDKIERMIFAVQMPGGYYYVSTIPKGVLYQSGKAISLITGLIVIISVITLPILIFVVVRNLLLNPIELLGAASHRVGDGDLSVHLPAHTNDEVGVLFNDFNHMVNQIRHYQQQLEEYKHHLEDKVESRTQALEAMNSQLELAIGQAEQANQLKSRFLANMSHEIRTPLTAIMGFTEQLLHNDKVANDKQHLSTILRNSKHLLELINNILDLSKIEAEKLAVDLSALNVVQLVHDIESIIQPLAQEKQLTLNIDYQLPLPRTIYSDVTRLKQILINIANNAVKFTENGSVSICVHYLQASQKLEFVIKDTGIGMSEHQIERVFKPFEQADATTTRRFGGTGLGLCISKNLALLLGGDVNLESEVGVGSRFTIRVSCQLSDDQPMLEFLTQESQLIPEKDPLLSFATNNFEANILVAEDNPDNQLLIKLLLQTWGLEPDIASNGAQAVEMALVNDYQLIIMDMQMPVMGGLEATKMLRHAAYDGPIIALTANVMNHDIGTYLEAGCNKALAKPIDKDALENVLVSYLHLEKDNQNKWDSLLKSEKFQQITDNYLANLPIYLEEVKTLQHCNDWEALRSIAHSIKGSSGCFNFDEIYHSAAALEENLKSNNKVPRDELVNKLIAAIEQAISGKVT,45.8,107,132,25.758,34,97,59,1,1,44.70,15,/stor/work/Wilke/crisprtn7/reblast2/GCF_000498035.1_TAE80_genomic.fna
NZ_AUTM01000272.1,3649..25621,tniQ,23649..24287,lcl|23649|24287|3|1,1,tr|A0A2W1D0I8|A0A2W1D0I8_9PLEO,3.50e-10,tr|A0A2W1D0I8|A0A2W1D0I8_9PLEO tniQ Pectate lyase OS=Pyrenophora tritici-repentis OX=45151 GN=A1F97_07859 PE=3 SV=1,MKAIGYKKSLPITNPESLIDVELPQPVATGRDLLIKVKAIAVNPVDYKVRASMPPAEGEVKVIGWDAVGEVVAIGDAVTAFKLGDAVYYAGDITRPGSNAEFQLVDERIVGFKPQSLNDAEAAALPLTAITAYELLFEHLNIVKQAADATTKSDEVILVTGAAGGVGSIFIQIAKAITGATVIATASRESSQAWVKKLGADYVVDHTKPLPA,56.6,135,110,37.273,41,59,58,2,10,52.73,52,/stor/work/Wilke/crisprtn7/reblast2/GCF_000498035.1_TAE80_genomic.fna
NZ_AUTM01000272.1,3649..25621,parE,18256..21405,lcl|18256|21405|1|1,1,VFJ57583.1,6.84e-05,"VFJ57583.1 parE ParE toxin of type II toxin-antitoxin system, parDE [Candidatus Kentron sp. DK]",MNTREAGLIAWFARNPVAANLLMIFILVGGILMAMTIRKQMFPQFESNWISVQAVYPGAAPQEVEEGITIKVEENLEGIEGIKRLITYSNRGFSQAWIEIEEQYNPQEVLDEIKVQVDSINTFPAGMERPVVRRDKFEQEVMILALYGDMSNYQLKELGNDIKDELQALPRVNLVNFNGGLEYEIGIEVSPDKLREYGLTFRDIAGAVQNFSANMSAGQIRSENGYISMRVEKQAYRGFEFEKLPLITLVDGAQIYLGDVATINDGFEEGLQYSKYNGKNSLSFEVNASKDQDITDVAKVLKSYMATKEPLLPAGIKLSPIVDLTYYLEGRLDMMVDNMIWGGLLVMLVLALFLPLRLAFWVMMGLPVSFLGAFLFMPIGFLDVTINLASLFAFILVLGIVVDDAIVVGESASAEIEKYGHTLDNVVRGVKRVAMPATFGVLTTIAAFLPQTLATGPGAAFSKAIGGVIILCLIFSLIESKLILPAHIAAMNPRKPNPKNLLHRLRMVIDSSLKGFVNNYYLPFVSRCIHYRYTVIVGFMCLLIVSAGMFAGGLVKFVPNPKIPHDFPRIDIEMNLASSEQATLETARKIESVLLKVDQQLQEQYGKPMIRDLSVSLRGRTQANIMAILVEPDLRPIDTFALSALWREQMPALPGIKTMTIQDSIMNGGRDDGDVSFKLEGKNANELKEVAGKLKAKLQTMEGVGDVNDSMQSATDEVQLDLKPLAYSMGLTLADVASQVSFSYYGLEAQRILREGEEIKVMIRYPEDERNSISDIASVRIITPTGAEVPLSEIAEVKLVDGVNRIRRENSKRTVNVWAAVNTDKAEPFAIAEEIRDEYLPTLLKSYPGVTSDVAGRIQEEMDSASEQLRDFGISMMIIFALLAIPLRSYSQPLIIMSVIPFGVVGAMFGHMILGMTMSSLSMFGIIAVAGVVVNDSLVMVDFVNKARAEGVAIKDAVMQAGARRFRAILLTSITTFIGVMPIIFETSLQAKIVIPMAVSLAFGVLFATVITLILIPCQYVALEDAKRLVRKMRGKPPLVDAQPAPTHS,42.0,97,100,27.000,27,70,51,2,3,51.00,9,/stor/work/Wilke/crisprtn7/reblast2/GCF_000498035.1_TAE80_genomic.fna
NZ_AUTM01000279.1,0..16679,tniQ,13505..14374,lcl|13505|14374|2|1,1,tr|A0A4U0H391|A0A4U0H391_9MICC,1.86e-04,tr|A0A4U0H391|A0A4U0H391_9MICC tniQ LysR family transcriptional regulator OS=Arthrobacter sp. CAU 1506 OX=2560052 GN=E4J89_17835 PE=4 SV=1,MNSGSLRIFCTVADYESVTQAAIQLRRAPSNVTTKIKQLESDLGVELFIRTGKKMKLASSGRKFYEYAQQLLALENEARQAIMGESIGGQLIIGSMESTAASRLPSVLSEYNIAYPTTNISLTTGTSMQLLEKVSNGELDCAFLALPDVFDNDKALVELGINTQEVWSEELLLLVPISEKKTSNFKDIKVRNLVSFHKGCTYREIAENILNVNSSIDWKIHEMSSYHAMAAYVASGMSVTVLPKSVLDLMDLPASISYLRIKESKTLIIWRKEFDVPAFKNFLKLLTKR,40.8,94,61,39.344,24,35,35,1,2,57.38,20,/stor/work/Wilke/crisprtn7/reblast2/GCF_000498035.1_TAE80_genomic.fna
NZ_AUTM01000279.1,0..16679,glmS,9616..10302,lcl|9616|10302|1|1,1,WP_035343592.1,7.31e-08,WP_035343592.1 glmS two-component system response regulator GlrR [Dickeya],MRLLVVEDESKTGDYLKQGLSEAGFQVSLARNGLDGHHLAMTDLFDVIILDVMLPDVSGWKILQSLREADNKTPVLFLSARDSIDDRVKGLELGADDYLIKPFAFAEVLARVRTLIRRGVVQTVDDILIVADLEMDIPKRKIQRAGKRILLSNKEFSLLELLLRREGEVLPRSLIASQVWDMNFDSDTNVIDVAIRRLRAKVDDDFTVKLIHTVRGMGYKLEVETDGY,50.1,118,100,30.000,30,70,49,0,0,49.00,44,/stor/work/Wilke/crisprtn7/reblast2/GCF_000498035.1_TAE80_genomic.fna
NZ_AUTM01000281.1,0..12896,tnsA,9537..8374,lcl|9537|8374|3|-1,-1,UniRef50_A0A1C6RKQ5,2.25e-11,"UniRef50_A0A1C6RKQ5 tnsA Murein DD-endopeptidase MepM and murein hydrolase activator NlpD, contain LysM domain n=2 Tax=Micromonospora inyonensis TaxID=47866 RepID=A0A1C6RKQ5_9ACTN",MSVFIKSFYHKFFPARQLLIRQNGEVKHVVLASWFQLLVALLILVTFTWLSISSFRVYTQTNKISDIKQNQITEQTLWQQKVSEQQALQATQLEQLAILEQKQALLQSMIESLPASISKDVIKLDTELDVPINENGNEFHEPLVDENQKGKQAQLIAPITFATRVANLNNQYEQSFTYLDNQISERHQAILAMVKGAGIESALEQHLILSAQTTAQGGPLDIFNETKIPSHFLAIVDKLLILNNLENFLTELPNTLPLAKAKYYISSNFGLRKDPMNSNHAFHKGIDLAGWHKTEIFAPADAVVLRAGRNGGYGNFIELEHKNGLVTRFGHLNKIKVKKGQSITKHDVIGLMGSTGRSTGTHLHYEVLLNGKQVNPLKITKALSRVW,63.2,152,117,35.043,41,54,59,4,22,50.43,25,/stor/work/Wilke/crisprtn7/reblast2/GCF_000498035.1_TAE80_genomic.fna
NZ_AUTM01000293.1,15754..37164,tnsC,35754..36767,lcl|35754|36767|3|1,1,UniRef100_A0A379H7I4,2.39e-09,UniRef100_A0A379H7I4 tnsC Transposon Tn7 transposition protein tnsC n=2 Tax=Pseudoalteromonas nigrifaciens TaxID=28109 RepID=A0A379H7I4_9GAMM,MKLESLALHHGYESEPTTKSAAVPIYHTSSYTFDNTQHGADLFDLKVPGNIYTRIMNPTNAVLEQRIAAMEGGIGGLAVASGMAAITYAIQCLCEVGTNIVSTSQVYGGTYNLFAHTLPRQGIEARMIKADDFSAFEDAIDDSTRAVFCESIGNPAGNIVDIERLARIAHSKGVPLIVDNTVATPYLCRPFELGADIVVHSLTKYINGHGTAIGGMIVDSGKFDWKANATRFAMMNEPDPSYHNVVYTEAFAEAAFIGRCRVVPLRNTGAALAPKNASDILIGLETLGLRMDRHCENAQQLAEYLENHPKVLCESPRVHRRPVCLSQATLPDSFKLS,55.1,131,27,88.889,24,3,26,0,0,96.30,8,/stor/work/Wilke/crisprtn7/reblast2/GCF_000498035.1_TAE80_genomic.fna
NZ_AUTM01000305.1,0..11089,tnsA,4211..5263,lcl|4211|5263|2|1,1,UniRef50_A0A2D2C3Y7,1.06e-23,UniRef50_A0A2D2C3Y7 tnsA Tn7_Tnp_TnsA_N domain-containing protein n=4 Tax=Paracoccus TaxID=265 RepID=A0A2D2C3Y7_9RHOB,MNTLTLSRFVPIILSQTHKWMLLASVCIFALALLSIGYGPAGRDWRLAIAWLAPEYFNQFDALQINVVMQIRLPRFVLAVLVGLVLAQTGAATQALCRNPLADPSIIGISAGAAMVAVAFIALSAQFNFNAQLYLPYASFLGALGVTSLVYFIAKQQGQINITTLILVGVAINALAFAVIGLLSFFADDSALRLINYWTMGSLGGASWSTIIQAAPLLFISLIGLWRLKNPMNLLLIGESQAQYLGVDTNKLKLYVIILVALGVGAVVALTGLIGFVGLVVPHIARLMVGPHLRNMLPLCMLIGVVVLLLSDWLARIVIMPSELPIGIITALLGAPLFIYLIVKNKRGWS,96.3,238,106,47.170,50,55,71,1,1,66.98,30,/stor/work/Wilke/crisprtn7/reblast2/GCF_000498035.1_TAE80_genomic.fna
NZ_AUTM01000325.1,0..7705,tnsA,4307..3402,lcl|4307|3402|3|-1,-1,UniRef50_A0A1W6LD49,2.67e-51,UniRef50_A0A1W6LD49 tnsA UPF0761 membrane protein A4W93_20890 n=42 Tax=Betaproteobacteria TaxID=28216 RepID=A0A1W6LD49_9BURK,MNDKLSHYKQQVKSFIRQQPGWWMQYFNRCIDDQITVNAGYLAYVTLLSLVPLIAVGVAIFSAFPGFESTRMEIESFLFTNFVPTSTDVIREHISSFAGNANQMTAVGIGFLAAIALLLIRNVDATLNRIWRIKKKRPMMISFAVYWMVLSLGPVLLGASIGVTSYIVSLVSFADQGIPGFSGFLLKLLPYGISMVGFIMLYTLVPNTRVSFRAAIPGAFFAALLFELTKKGFALYISHFPSYEVIYGAVATIPILFVWVYLSWVVVLLGAEFTACISPNDIPETPELELEDDEPAIKDTV,168,425,250,36.800,92,157,141,1,1,56.40,83,/stor/work/Wilke/crisprtn7/reblast2/GCF_000498035.1_TAE80_genomic.fna
NZ_AUTM01000327.1,28748..50104,tnsA,49449..48748,lcl|49449|48748|2|-1,-1,UniRef50_A0A3M5N9X7,5.61e-12,UniRef50_A0A3M5N9X7 tnsA HTH gntR-type domain-containing protein n=380 Tax=Bacteria TaxID=2 RepID=A0A3M5N9X7_PSEAZ,MKSQPRQNLTQQLTHDLGFAIVRGVYPVSEGLPSEADLCIKYDVSRSATREAVKMLSAKGLISSRPKQGIRVLPESSWNMFDTDVLRWILSSKPSLSLLKEFTQVRVALEPQAAALAALNATAEQLAEIDNALARMAEADEGLDDPLEADIAFHTSILVASNNRFFVQLTEFISTALRVSIRYTNHIKGVPGADVAKHADILETIKSRDPERAKKAVETILEEALQLIESKLV,61.2,147,148,31.757,47,91,75,3,10,50.68,63,/stor/work/Wilke/crisprtn7/reblast2/GCF_000498035.1_TAE80_genomic.fna
NZ_AUTM01000327.1,28748..50104,parE,36758..34653,lcl|36758|34653|3|-1,-1,WP_000226838.1,1.51e-126,WP_000226838.1 parE GTP diphosphokinase [Salmonella],MYLFEGLKKKISEYLPAADVELVQKSYVVAREAHEGQTRSSGEPYITHPVEVTQILAGMHLDHETLMAALMHDVIEDTDFSQQDLAEIFGETVAELVEGVSKLDKLSFKDKKEFQAENYRKMIMAMTQDIRVILIKLADRTHNMRTLGALRPDKRRRIARETLEIYAPIANRLGIHDIKNELEDLGFQALYPMRHRALKSEVAKARGNRKEVITNIQHEIEARLEESGIKATVSGREKHLYSIYKKMLNKELLFNEVMDIYAFRIAVDSMDTCYRVLGVAHSLYKPIETRFKDYIAVPKTNGYQSLHTSLVGPHGIPVEIQIRTHDMDHMADKGVAAHWMYKKAGDGAGNTSQQRARQWMQSLLELQQSAGSSFEFIENVKTELFPEEIYVFTPDGRIVELPMGATAVDFAYAVHTDVGNTCVGARVNRKPHPLSRPLDTGQTIEIITSSGAHPNATWLNFIVTGKARLGVRNYLRSQHHEEAMLLGRRLLDSALGENKLDSIADENIARVLEEHELTTLLELLVEIGSGNLMSMLIAKRLLQNDSDDLTDITSQAKATIIGTEGMLVNYSKCCRPVPGDAITAHVSQGKGLTVHRQECKNIRGWENERSKYLVVKWDDNPEKEYIAALRVEIINHQGALAKLTNVVTTTQANIVEITTDEKESNLYVIDLGVTVKNRIHVANIMRRIRVMPDVQKVYRKK,390,1003,678,31.563,214,429,364,8,35,53.69,92,/stor/work/Wilke/crisprtn7/reblast2/GCF_000498035.1_TAE80_genomic.fna
NZ_AUTM01000335.1,0..14261,tnsC,10246..11001,lcl|10246|11001|1|1,1,UniRef100_A0A143QFU6,6.32e-77,UniRef100_A0A143QFU6 tnsC Transposon Tn7 transposition protein TnsC n=2 Tax=unclassified Rhodococcus TaxID=192944 RepID=A0A143QFU6_9NOCA,MSYPRIERMPNMLIVGDTNNGKTMLTKRFLKQYPAKDNPNGDGVLAPVLLVQAPPVPDEGRFYNAILELLFAPYRPSERVDKKQFQVIKLLRYIGTKMLVIDEIHHILAGNLNRQRAFLNVLKYLGNELQISIVGVGTKDAFRALQSDPQLANRFEPVLLPRWEFNQDFLRLLVSFERMLPLRKPSNLHAKSLAMQLFSMCEGYIGELSRLLNDAAVYAVKNNIEAITPIVLDKINWVTPSQRKRQLDKAI,233,594,251,47.012,118,131,165,1,2,65.74,100,/stor/work/Wilke/crisprtn7/reblast2/GCF_000498035.1_TAE80_genomic.fna
NZ_AUTM01000335.1,0..14261,tniQ,11068..11967,lcl|11068|11967|1|1,1,tr|A0A0D8D9W4|A0A0D8D9W4_9GAMM,8.85e-116,tr|A0A0D8D9W4|A0A0D8D9W4_9GAMM tniQ Uncharacterized protein OS=Thalassomonas viridans OX=137584 GN=SG34_16495 PE=4 SV=1,MVRTAHHNGLKVQSFGHFAFNKRYELWNRDIDRLAPERLLEQMSVKTGVTLREAKKTTLSLFEGRLFESTSLSGQLRWITPLKLYHRTHTGFGMQYCPLCLAESTDAYYRIAWRVAFYTFCPKHLILMEDRCRHCGMAVAFHRIELGKYHQLDAPDLAVCWKCGVSLTDFTPIPVNIWHQNVHRRWKWKLAVLDRGFVNSGQVKTQRLNLLHQLCRIIASHSLAPDLQQYLCDKTNMPYQHISDVKIAFEQRSLSERHYILELAWWLIEKYPRKINEAIKYKKLRPHYLYKDMPSLRFK,335,858,300,51.667,155,143,210,2,2,70.00,100,/stor/work/Wilke/crisprtn7/reblast2/GCF_000498035.1_TAE80_genomic.fna
NZ_AUTM01000342.1,0..30772,tnsA,10772..5940,lcl|10772|5940|3|-1,-1,UniRef50_A0A2U3AGR1,2.17e-04,UniRef50_A0A2U3AGR1 tnsA Tn7_Tnp_TnsA_N domain-containing protein n=1 Tax=Kurthia sibirica TaxID=202750 RepID=A0A2U3AGR1_9BACL,MFRICNFILASAFVSLSTFGSGTLNPNTAASTSALDEAVITVDEPEQLDSSPIEPPTLASPLDSHDTNNSNISALSASSGGGGGDPSDDDASGPASEDIFARLKTDFTVSPHTTDLLGDQVDVNNGNVMFRNTDLVIPGNGLGLDIVISRSLKSSANSYSQYDMLADWNLDFPAIQTTLLKSSTRYSGSWGQGKECSGSLEPGPISNWGSVFESFEYWNGDSLQLPGGKSVKLLENNGYFASISTYRKVTQSNWKFSCFNRADGQGEGFIGYAPNGLKYTFDKLRLIKGQSIIRAFKPTSRFNAFMLATKLEDRFGNFIKYNYTGNNLTSITTSDSRTVTFNYNHPTNSNLITSFTFNGRTWNYDYSVINGRTSLTKVTRPDGKYWSYNLSDLVNAIQPSMSTNDSHSECGILTSSGNFTVSITHPDGMTGTFEFKPQLHGRSNVTKYATASVYSSQPIQPRCYVNYALSQKTLSGSGIDSLTWNYIYSGNQGTWTTTTPTSVHLLPSSSPVDAENHKSTTVEDPDGSKTIYYYNRDFSSFKEGSLIVVDKYDSNGTTLLSRTESNFVASPAIGSVDIMFENNAPDNKRTMQSSSIISKVDGSTNTYTTTYNTFDIYGNPQLTSESNNFNSKKRYTKQFYYDDTTNWLIGLPSYTQVSSDGSAYTETSRTTYHSATGSYKSLPYERRAFGRWYKRNTSYHTTGVNAGLPNKVDYNGTNRWVEYSNYKRGIAQTIKTPQSLSTTPQYAYKEVDNNGWVTKVTDFMGLCINYDYDDLGRMTLVDPCDSRWLSTSIDYSTTAGSDGLSYVESGMFKQTVTKGNYQKITYFDSLLRAVMTKEWDNTISSTARYSRQQFDAFNRPIYQSLPHSSSSTPYGTESQYDGLGRPTLVDDNTTSGNVSYSYLSNNRVQVNDNKGNVTTTTYMAYGAPENSMATLIAAPHSVNTVMAYNIFGNMTSVNQGGITESRVYDSYQQLCKTVRLDVGNTAMAKDALGQMSWQARGSSVDGSTTACDTTVSATDTATFTYDNLGNVKSILFGDSSPDQSYAYDANSRLTTLTAGSVVTAYEYNSENLIEKETMSVDGQSFVLDYAYNSNGNLTNTVYPSGANITYFPNALGQATKAGSYASSATYHPNGMVKSHSYGNGFAHTSTQNNSGLPSTFYDVRSGTYAINHGFSYDANNNVTVLDDKINNAYDLSLTYDGLNRLDIISDSYLGSGDVNYDSMGNITYYKLGSQTINYYYNSSKQLDYTTGNKSYDFTYDDKGNVTDNGPRGFIYNAANQMVQSDGYLYTYDGNNKRVKEVGSNGTSYSFYASNGKLMYRNANNQNIDYYYLGSKLVANKKGSTVTYLHADYLGSSAAESNTSGTVSSRMHYQPFGESIETPKDDIGYTGHKFDTDLGLSYMQARYYDPVIGRFYSNDPVSAIGHFKTGNGPVHGFNRYAYANNNPYRFVDPTGMAVEVTLKAYPIGQAPIVGKYGHAFVEYRDTDTGESRITRGGPSKSYPGGASDAIMDSSFDGVNLIANDTPASESADFGEAGTETLMSTTVDKTMSEVTGQVQKLNSEVNGANIPYQPRGQNSNTYAGNAYQQLTGQKPVNNTDIALPALEKELDK,43.5,101,97,32.990,32,59,47,2,6,48.45,6,/stor/work/Wilke/crisprtn7/reblast2/GCF_000498035.1_TAE80_genomic.fna
NZ_AUTM01000342.1,48774..89481,tnsA,68774..69481,lcl|68774|69481|2|1,1,UniRef50_A0A3M5N9X7,6.19e-07,UniRef50_A0A3M5N9X7 tnsA HTH gntR-type domain-containing protein n=380 Tax=Bacteria TaxID=2 RepID=A0A3M5N9X7_PSEAZ,MTTPKFAQIKQFIVDKIRSGTWQENQRVPSENELSSQFSVSRMTARRALSELTEAGILTRSQGLGTFVATFKSQSSLLEIKNIADEVKERNGNYTCSVLILESINAVAPIAIALGVEVDSVVYRSVLVHNENDSPLQLEERFVNPALATGYLQQDFSMLTPHEYLSSVAPLTQARHTVEAIMPNSEMCQWLNLYNEEPCLQVIRRTWSVKGIVSFARLVSPGSKYRLGGHLTFKK,47.0,110,54,38.889,21,33,35,0,0,64.81,23,/stor/work/Wilke/crisprtn7/reblast2/GCF_000498035.1_TAE80_genomic.fna
NZ_AUTM01000342.1,48774..89481,cas6,71218..71934,lcl|71218|71934|1|1,1,"gi|288957881|ref|YP_003448222.1|CAS-I,CAS-III|cas6|cas6",0.001,"gi|288957881|ref|YP_003448222.1|CAS-I,CAS-III|cas6|cas6 cas6",MIMFELTLTPGSLDLNTLRKINNSPVKLSLAKHAESQIAASAQTVQNVINEHRTVYGINTGFGLLANTKIADDQLELLQRSIVLSHAAGIGEYMDDSTVRLMITLKVNSLSRGYSGIRLQVIQFFMQLLSSEVYPCVPKKGSVGASGDLAPLAHMCLPLLAEGQMRHKGEIISAAQGLKIAGLEPLTLAAKEGLALLNGTQASTAFALQGLFRSENLYAQSCVIGSKYRSRNGQSRAI,38.5,88,104,33.654,35,43,51,5,26,49.04,44,/stor/work/Wilke/crisprtn7/reblast2/GCF_000498035.1_TAE80_genomic.fna
NZ_AUTM01000345.1,0..22714,tnsA,2923..3612,lcl|2923|3612|1|1,1,UniRef50_A0A3M5N9X7,2.36e-05,UniRef50_A0A3M5N9X7 tnsA HTH gntR-type domain-containing protein n=380 Tax=Bacteria TaxID=2 RepID=A0A3M5N9X7_PSEAZ,MTHTFLNETPITTASDQVFVDMRREIVEGSIVQGSKISEPELAKRYGVSRATLREALNRLESCYLVERKANVGCRVVALTAERLIEVYQVRSSLEGLACRLAADNMEPEEVKGLKQLLNQHLQTQRVKEGESYYQEAGDLDFHYRIIQGSKNAHLIHLLCNELYQLIRMYRVQMGMVGPRVSKAFDEHLAIINAIENHDGELAEMLMKRHISASQANIQTKFDLLTAKS,42.0,97,218,22.477,49,143,95,6,26,43.58,86,/stor/work/Wilke/crisprtn7/reblast2/GCF_000498035.1_TAE80_genomic.fna
NZ_AUTM01000345.1,0..22714,CRISPR array,687..775,,,,,"Copies: 2, Repeat: 18, Spacer: 52",GTGCGTCTTGTATCTCTA,,,,,,,,,,,,/stor/work/Wilke/crisprtn7/reblast2/GCF_000498035.1_TAE80_genomic.fna
NZ_AUTM01000358.1,3284..25764,tnsA,24237..23284,lcl|24237|23284|1|-1,-1,UniRef50_C1B711,4.07e-37,UniRef50_C1B711 tnsA Putative ribonuclease n=294 RepID=C1B711_RHOOB,MKEAKRGQQAEQPGHIPFIGWWDIVKRIFKQMSEDNLSIVAAGVAFYALLAIFPAIAAMVSVYAYFSSPADISDHLSKIVTLLPPSTSELILSQVSSLAKTSSASLSLSAIGTLILTIWSSSKGSQALITACNISYREYDKRSFFKAQLVRFLFSVGAIVVAIFALLIIGILPIVLNLVGLKESIDLLIKLISWPLLAFTFNFALVLLYRYAPHRKPAKWRWITMGSSIATVLWILASIGFSFYVSRFSSYNETYGSLGGVVIMLMWLYISAYIITLGAVINAATEQQTGKDSTIGPAKERGQRGAYVADHLDVKNE,134,336,319,30.408,97,209,172,7,13,53.92,98,/stor/work/Wilke/crisprtn7/reblast2/GCF_000498035.1_TAE80_genomic.fna
NZ_AUTM01000359.1,30715..72679,tniQ,52679..50715,lcl|52679|50715|1|-1,-1,tr|A0A444K107|A0A444K107_9RHIZ,3.39e-135,tr|A0A444K107|A0A444K107_9RHIZ tniQ Uncharacterized protein (Fragment) OS=Mesorhizobium sp. M4B.F.Ca.ET.089.01.1.1 OX=2496662 GN=EN780_35465 PE=4 SV=1,MRQVMSNTTNKASRRETRAAASEYIYNLTGQPFPNSHKVYVEGTQPGVRVGMREITLSDTFIGGTDENPVYESNDPLRVYDTSGPYTDPNFELDVRKGLPKFREQWIESRSDTEVLESVTSQFSQQRMADEGLDHIRFDHLPKIRRGIAGKNVTQMHYARQGIITPEMEYVAVRENMGRAEIRKELLAAQHKGESFGASIPEFITPEFVRDEIARGRAILPNNINHPETEPMIVGRNFLVKVNANIGNSSVSSSIEEEVEKMVWSTRWGADTVMDLSTGRYIHETREWVVRNSPVPIGTVPIYQALEKVNGVAEDLTWEIFRDTLIEQAEQGVDYFTIHAGVLLRYVPMTAKRVTGIVSRGGSIMAKWCLAHHKENFLYTHFEDICEILKQYDVCFSLGDGLRPGSIADANDEAQFSELRTLGELTKIAWKHDVQVFIEGPGHVPMHMIKANMDEQLKHCDEAPFYTLGPLTTDIAPGYDHITSGIGAAQIAWYGCAMLCYVTPKEHLGLPNKEDVKEGLITYKIAAHAADLAKGHPGAQERDNALSKARFEFRWHDQFNIGLDPERAREYHDETLPQESGKVAHFCSMCGPKFCSMKISQEVRDYAKDLETRGIDPNDAGEAIEIKMVDVEAEMKAKSAEFKQTGSEIYHKAV,396,1018,227,80.176,182,45,201,0,0,88.55,35,/stor/work/Wilke/crisprtn7/reblast2/GCF_000498035.1_TAE80_genomic.fna
NZ_AUTM01000359.1,30715..72679,cas2,44090..43545,lcl|44090|43545|1|-1,-1,gi|406025971|ref|YP_006724803.1|CAS-I-E|cas2|cas2,3.04e-04,gi|406025971|ref|YP_006724803.1|CAS-I-E|cas2|cas2 cas2,MTINKSNLIWLDLEMTGLEPETDKILEIATVVTDADLNILAEGPTIAIHQSDELLNGMDEWCTTQHGKSGLTARCKASTFDEEYAVAQTLDFLKQWVPAGVSPMCGNSIGQDRRFMNKYMRELEDFFHYRNLDVSTIKELARRWKPEVLAKVNKKGSHLALDDIKDSIMELKVYREIFFNL,38.9,89,122,27.869,34,64,57,4,24,46.72,65,/stor/work/Wilke/crisprtn7/reblast2/GCF_000498035.1_TAE80_genomic.fna
