NZ_HG917868.1,8502..49050,tniQ,28502..29050,lcl|28502|29050|2|1,1,tr|A0A417XIF4|A0A417XIF4_9CLOT,1.63e-04,tr|A0A417XIF4|A0A417XIF4_9CLOT tniQ GNAT family N-acetyltransferase OS=Clostridium sp. OF09-10 OX=2292309 GN=DXA91_00825 PE=4 SV=1,MCGDYMLKGDRLVLREVAKKDLHTYLRYWSDEDICKFDGGLKEIPTINDLYTFFDAIFRSKKKYLSIDNEKGVIVGYVTYISMENDDKRYIIGITIDKKFWGRGYGTEAMMVVMKYLFNELDAESISLEVLLENERAGKCYRNCGFIAEKVKDEKIMIDGKCKDILVMKMNRKEFLKIVDKI,38.5,88,57,33.333,19,38,28,0,0,49.12,31,/stor/work/Wilke/crisprtn7/reblast2/GCF_000577895.1_M2_40_genomic.fna
NZ_HG917868.1,188476..229417,tnsA,208476..209417,lcl|208476|209417|3|1,1,UniRef50_A0A368VJ85,1.57e-05,UniRef50_A0A368VJ85 tnsA TnsA endonuclease-like protein n=1 Tax=Paenibacillus prosopidis TaxID=630520 RepID=A0A368VJ85_9BACL,MLGNLLKMWFMLLDGRVRQIKDIARELEVSERQVKRYKEELAVYVDIESITGKYGGYRLRETYIPFKGLLTEEETELLRYYIDSLDSFPLEEKDKINKIIGKINYSILNKNDNVSNFNEIIPYSTVRMMDENRKNLISDIYKAIVENREVDITYKNNNGKCTKRKVQPYKYITYKGEKYLVAYCLMREDIRYFKMIRIQCYKLLDSIFNRTIDIDNVINQEIHNSVGIFGGKEYKLVLEVSPPMANTISERIWVEDQCVEELEQGEIRFTATMKGGPEIISWILSMGDTVKVIEPLELKDEIGEKLKKMIRNL,43.9,102,89,30.337,27,61,45,1,1,50.56,28,/stor/work/Wilke/crisprtn7/reblast2/GCF_000577895.1_M2_40_genomic.fna
NZ_HG917868.1,188476..229417,c2c9,201492..202658,lcl|201492|202658|3|1,1,JPIM01000019.1,1.51e-46,"JPIM01000019.1 c2c9 Chloroflexus sp. MS-G contig00019, whole genome shotgun sequence|c2c9|CRISPR|TypeVU4",MIKTLKVMLIPNNKQRSKLFQSAGVARFAYNWALGREQENYKDCGTFLSDYNLRKEFTKLKTQEEYKWLNDYSNNITKQAIKDACLAYKRFFKGQSGFPKFKSRRKSKTSFYMDTDKIQFTNKKVKLEKITLSRKKNKQKLNWIRLAEKNRIPIDSKYINPRVTFDGVNWWISVGIKYADNTEVPVNDGLGIDLGIKDLAICSDIDKPYKNINKTEEIRKLKKKKRRLQRKISRKYLINKKGESYCKTSNIMKAEKKLLELNHRLTNIRHNYLHQTTTEIINRKPKFIVLEDLNVKGMMKNKHLSEAIAEQCFYEFYKQIEYKSSWNNIKFIIADQFYASSKTCSCCGSIKKDLKLSDRIYRCDNCNTVVDRDKNASINLYNYGKSIA,164,414,406,30.542,124,232,193,12,50,47.54,97,/stor/work/Wilke/crisprtn7/reblast2/GCF_000577895.1_M2_40_genomic.fna
NZ_HG917868.1,188476..229417,cas3,208476..209417,lcl|208476|209417|3|1,1,gi|148658418|ref|YP_001278623.1|CAS-I-U|cas3|cas3,0.005,gi|148658418|ref|YP_001278623.1|CAS-I-U|cas3|cas3 cas3,MLGNLLKMWFMLLDGRVRQIKDIARELEVSERQVKRYKEELAVYVDIESITGKYGGYRLRETYIPFKGLLTEEETELLRYYIDSLDSFPLEEKDKINKIIGKINYSILNKNDNVSNFNEIIPYSTVRMMDENRKNLISDIYKAIVENREVDITYKNNNGKCTKRKVQPYKYITYKGEKYLVAYCLMREDIRYFKMIRIQCYKLLDSIFNRTIDIDNVINQEIHNSVGIFGGKEYKLVLEVSPPMANTISERIWVEDQCVEELEQGEIRFTATMKGGPEIISWILSMGDTVKVIEPLELKDEIGEKLKKMIRNL,37.4,85,75,26.667,20,55,36,0,0,48.00,24,/stor/work/Wilke/crisprtn7/reblast2/GCF_000577895.1_M2_40_genomic.fna
NZ_HG917868.1,188476..229417,cas6,209480..210250,lcl|209480|210250|2|1,1,"gi|451821622|ref|YP_007457823.1|CAS-I,CAS-III,CAS-IV|cas6|cas6",2.06e-83,"gi|451821622|ref|YP_007457823.1|CAS-I,CAS-III,CAS-IV|cas6|cas6 cas6",MQRNQKKGGGVMRIRIVGRVKDGIIPIGYRMMIVSLLKKAIEKGDKEYFNKLYYYNEKKNKKIKSFCFGTYLQNFMFEEEGIKVDGKINITISTPDYMLGVSMYNGLLKLSTYKYKDKYEFIKEKVILEKEKIISDEHVVLKTLSPIVMKDSEGKKVDIDSENYEKELNYISNIILESYRGYGLKRKLVFIPVNMKKSVVKEEIAGFTKEINKRYIYINGYSGIFTMEGDVEDLNLLLQLGIGFRRSEGFGLISLV,248,634,246,52.439,129,115,177,2,2,71.95,96,/stor/work/Wilke/crisprtn7/reblast2/GCF_000577895.1_M2_40_genomic.fna
NZ_HG917868.1,188476..229417,cas8b,210644..212062,lcl|210644|212062|2|1,1,"gi|451821621|ref|YP_007457822.1|CAS-I-B|cas8b2|LS,CASCADE",3.68e-158,"gi|451821621|ref|YP_007457822.1|CAS-I-B|cas8b2|LS,CASCADE cas8b",MVKKYSEKNKVEELLNEYIDILKDNYINTQITLNKFKSILSKSFFGQVSFLNVCNNSKTLAQQEDILFKDYIDPILVMCKLNEILKKNDEEMLREFIEECLLKNKRNGEIEKVLKDFKKGLFGKIRKEKDAMSIFMQYNSCSMCGNEVSIGSNYYEGNFVPLAISNENAENMYWNFNTKHPICSLCKLILLCTSAGMTDIYKGYLDDKYDYNNKLYYGFISIDGDLRDVIKQNNNLANKKDKDSKLQAYILDSIAEKEQISKWQLDNILYIEFNTDYSSKNTKMNYLNIPRYLAEFLKSKSELLYKIKDKKVRVEIFDAILKQVDLKHLIDKFLRSTLQENEQYVVNVFPIIKVRVYLKLYKGECDMVDKLYDKKLNYVYMQGREVGGILKSNSQENKILGLSYRLLNATKATNKKEFMDTVIRIFMSVEKEVPMIFLDVIKEGSLEFEDISYSFISGLTSQDSKIKEGGEK,460,1184,466,49.142,229,230,335,3,7,71.89,97,/stor/work/Wilke/crisprtn7/reblast2/GCF_000577895.1_M2_40_genomic.fna
NZ_HG917868.1,188476..229417,cas7,212063..212968,lcl|212063|212968|2|1,1,"gi|451821620|ref|YP_007457821.1|CAS-I-B|cas7|G7,CASCADE",7.26e-167,"gi|451821620|ref|YP_007457821.1|CAS-I-B|cas7|G7,CASCADE cas7",MSKSISCSVIFQAQSLNYGESIGNISELKKLTRGDGNFYSIATRQAIGYDIRRIGKEIFGWNLYTVDKSKGTIQFKNEYTIKDSIEMDLFGYMKTEKKGKNGDGGSTIRTAVARLSNAISLEPYKSDMDFLSNKGLADRIGEHPNLANIEQHLSFYTYTITVDLDRVGEDGEISLLSKEKANRVNQLLDILKILNRNIRGRQENLSPLFIIGGIYSIANPFFLGRIKLKTNEGKYNIDTKLLKDTLDMTILDCNVRKNTSIGIISDIFGNEEEIKNIVDTSLGIEDFFEGLKEKVNQYYEV,464,1193,302,74.172,224,77,261,1,1,86.42,100,/stor/work/Wilke/crisprtn7/reblast2/GCF_000577895.1_M2_40_genomic.fna
NZ_HG917868.1,188476..229417,cas5,212958..213635,lcl|212958|213635|3|1,1,"gi|451821619|ref|YP_007457820.1|CAS-I-B|cas5|G5,CASCADE",1.49e-82,"gi|451821619|ref|YP_007457820.1|CAS-I-B|cas5|G5,CASCADE cas5",MRYNDMKSLKIKIYQETVCYKKPFAFKVTETYPLPPYSTIIGMLHNVMGVRSGEYIPMDISVQGSYEEIFNTYNTTMFYKKKNVTSMPMNVHLLLGVNLIIHVLAEENILLQIIDGFKDSKESFTLGRREDLARLDSIKLVNLEKRYISKFSGEEYRLKNNAYIPQKYNYRVNGITYMLNKKYTTLNELRNWEKVEAIYVEKGELIDQEYLIDDDIIEQDIVFLG,244,622,218,55.505,121,94,157,3,3,72.02,96,/stor/work/Wilke/crisprtn7/reblast2/GCF_000577895.1_M2_40_genomic.fna
NZ_HG917868.1,188476..229417,cas3,213685..215877,lcl|213685|215877|1|1,1,gi|451821618|ref|YP_007457819.1|CAS-I|cas3HD|cas3,0.0,gi|451821618|ref|YP_007457819.1|CAS-I|cas3HD|cas3 cas3,MKFLAKTIPEVETLREHTDRLLEEFSRLKNIYEDNINDIIRKYIDPSDFWCILNMCCEYHDYGKANKQFQNKLLRILNKEQIENNLEEIPHNFLSPGYLPISFLEYVKERYPDDILYIIIQAIAYHHERNKEPEYTNIKRCIEEDLKKSLLELSESMNKSIKDISSWYVKYISYNERIKASNQYYELYIILKGLLHKIDHAASAHCKIEEVADRGVGEYIEDYMKKNKWIFREPQIFAKENQDENLVIVASTGIGKTETALLWINDSKAFFTLPLRVSINALYSRVKDDIGYDYVGLIHSSALEYLEDNRYENADLLYEESKLLSKKLSFSTIDQIFKYPFKYIGYEKVLATLSYSKVVIDEIQGYSPSIVAVILYAIKQLSEVGGKFLIMTATLPRIYKDKLYEFGIEFKERSFISKIRRHRVSLRNDEIVSAIDEIEEKGKMSKVLVIVNTVDKAIEVYNKLKNKSNVKVLHSLFINEDRSRLEREIKQFTEKENSDNGIWITTQIVEASLDVDFDYLYTEMSTLDSQFQRYGRCYRKRSLDKNQSNIFIYIKNISGAGSIYDKDILEKSINALYEYDDKVIEEDVKVKMVDKIYSKEMLMGTDYYKEFINACRYLENVIPYETTSKEAQKILRDITSIKVIPEDIYNENIELIENFKNSYGDKRRELSNKIGKISVSIPLYKINKFKGINSEIKIIEIEGLSNYSTINVKYSHEVGILLDELNDNIF,818,2112,743,55.989,416,309,539,5,18,72.54,100,/stor/work/Wilke/crisprtn7/reblast2/GCF_000577895.1_M2_40_genomic.fna
NZ_HG917868.1,188476..229417,cas4,215989..216408,lcl|215989|216408|1|1,1,gi|451821617|ref|YP_007457818.1|CAS-I|cas4|cas4,9.08e-48,gi|451821617|ref|YP_007457818.1|CAS-I|cas4|cas4 cas4,MEENSDRVLHGKIVHENSYNKFPSKEKLIDDMIKIDVLEDDNIKEVKISSKMKKSDRMQLLYYLYYLKQLGINKSGTLNYVKEKKVEKVYLTKNDEIEIEKILLEIKRLLLEKKPPKIVKLPYCKKCAYYEFCYIKEEE,150,379,139,57.554,80,59,111,0,0,79.86,100,/stor/work/Wilke/crisprtn7/reblast2/GCF_000577895.1_M2_40_genomic.fna
NZ_HG917868.1,188476..229417,cas1,216408..217391,lcl|216408|217391|3|1,1,gi|451821616|ref|YP_007457817.1|CAS-I-B|cas1|cas1,0.0,gi|451821616|ref|YP_007457817.1|CAS-I-B|cas1|cas1 cas1,MARDYYIFSNGRLKRKDNTIYFLDVEGNKKAIPIEDIERLHLFGEVDFNTKFLNYISRYSILISIYNYYGFYSGSYYSKKKNVSGMLIVDQVRAYDKDEYRLYFAKSFIDSAIHHMLRNIRRHRYKTEEYIKSIEAERVLMLEAKTIQEVMGAEGRARKNYYESFNKFIKEEFYFEKREKRPPKDPINALISFGNSLMYTTVLGEIYKTPLDPTISYLHEPSTKRFSLSLDIAEIFKPLIIDSIIFSLINKKIIKKTDFVYEGDICYLNEMGKKKFIKEYENKLSTTIKHRTLNRKVSYKSLIRLECYKIIKMLIGDDIYKPLKAWW,522,1345,327,76.453,250,77,288,0,0,88.07,100,/stor/work/Wilke/crisprtn7/reblast2/GCF_000577895.1_M2_40_genomic.fna
NZ_HG917868.1,188476..229417,CRISPR array,217843..223121,,,,,"Copies: 81, Repeat: 29, Spacer: 36",CTTTTATCTTAACTATGAGGAATGTAAAT,,,,,,,,,,,,/stor/work/Wilke/crisprtn7/reblast2/GCF_000577895.1_M2_40_genomic.fna
NZ_HG917868.1,238800..291087,tnsA,258800..259780,lcl|258800|259780|2|1,1,UniRef50_A0A2D2C3Y7,7.61e-16,UniRef50_A0A2D2C3Y7 tnsA Tn7_Tnp_TnsA_N domain-containing protein n=4 Tax=Paracoccus TaxID=265 RepID=A0A2D2C3Y7_9RHOB,MKKKRLIFIIASLIFLIAMIVVSLKLGSLEVTYSELIKGILLGSNEGNVGIIKDLRMPRVIIAVLIGANLSIAGVLLQAVIRNPLADPYITGISSGACAVTVFFMVFVPGVITLRPLFGFLGGLISCTIVYFMAFNKGLSPIRIVLAGAACNALLGGFSSMFTISAGLGSANIQKWIMGSLATVTWNNVFILVVYSIIGIVSALLLSGKCNILMLGSKNAKSLGVNADLYMILVTLAAVFLASISTAIAGVVSFVGLVVPHICRIIVGSDHKYLIPFSGVMGAILVLFSDTIGRVIMAPYEIPVGVVTAIIGAPFFLYLLKRSDLK,73.9,180,105,40.000,42,60,68,2,3,64.76,32,/stor/work/Wilke/crisprtn7/reblast2/GCF_000577895.1_M2_40_genomic.fna
NZ_HG917868.1,238800..291087,tnsA,271087..269345,lcl|271087|269345|1|-1,-1,UniRef50_A0A0P9PXI9,6.04e-08,UniRef50_A0A0P9PXI9 tnsA TnsA endonuclease n=3 Tax=Pseudomonas syringae group TaxID=136849 RepID=A0A0P9PXI9_PSESX,MNKIKKNYILIPIFTAILSLIFMIIIASNTTTSINKSYSNFTEDLNSHNISTVIMDTSPNMTVILNNGEKYSTDNPKTDNLKETLLLNNIKVKDETVAPLIKTLPSGIFVVSLLTIMFMLIAKARGGSGSMTSMDMEDFSKNKKVALDFNSVAGNDEAKESLMDIVDFLKSPEKYQKYGARMPKGVILYGSPGTGKTLLAKAVAGEAGVPFYALSGSDFVQVYVGVGAARIRNLFKKAKSHGKAVIFIDEIDAIGKKRGNSKGGGNNDERDQTLNALLTEMSGFGQEEGIVVIAATNRLDMLDDALLRPGRFDRHIEVSLPDVNAREKILSLHLKNKPHDNLDIKDIAKKTVYFSGAKLESLVNESAILAAKDDSDTITNKHIEAAYSITLAGYDKKETSYLSKEDKLLTSYHEAGHGLVSMLLLPKDKVSKITIIPTTKGAGGYTLTIPEDKNYHKMNYLKNKIKVLLGGRAAEEIIFGKENISTGAENDISQTTDIALKMISEYGMGDTLGLIKLSSVGSLYGSYGNPVIEECKKLLDNLYEETLELLRENKNKLDSLALELLEKETLYDTELEKFVS,49.3,116,114,33.333,38,71,63,3,5,55.26,19,/stor/work/Wilke/crisprtn7/reblast2/GCF_000577895.1_M2_40_genomic.fna
NZ_HG917868.1,238800..291087,cas3,259777..260547,lcl|259777|260547|1|1,1,gi|557694418|ref|YP_008797472.1|CAS-I|cas3|cas3,0.007,gi|557694418|ref|YP_008797472.1|CAS-I|cas3|cas3 cas3,MIKGNGIKFTYEKNKSFIENLDVNIEEGKVTTILGPNGSGKSTLLSILCGLNKIIHGEVWINDKNIKKLNYKALAKEIATVHQQNSVPEDITVEELVSYGRTPHKTYYRGNDDEDTKIVQWAIEKTGLESLRNKAVMSMSGGERQRVFIAMALAQKSKVLFLDEPTTYLDIYHQMEILELVKELNEEYNLTVVMVLHDINQAMKYSDNIIIMKKGKIVDYGKATEVINMKLLNDVYNIGGFIGEHEGEKYFIPLKL,36.2,82,99,27.273,27,62,47,4,10,47.47,36,/stor/work/Wilke/crisprtn7/reblast2/GCF_000577895.1_M2_40_genomic.fna
NZ_HG917868.1,238800..291087,cas6,290003..290905,lcl|290003|290905|2|1,1,"gi|88603123|ref|YP_503301.1|CAS-III,CAS-IV|cas6|cas6",0.001,"gi|88603123|ref|YP_503301.1|CAS-III,CAS-IV|cas6|cas6 cas6",MPEWVKPMVIRNLNNIEEVKDDVDFVFCAVNMDKNTIKELEEAYAKAEIPVVSNNSAHRMTKDVPVIVPEINASHLEIINAQRKRLGTKRGFIATKPNCSIQSYVPPLTALLEFEPTKVVVSTYQAVSGSGKTLKEWPEMEDNIIPFIGGEEEKSEQEPLKVWGHIENDEIKFVDGITISAQCIRVPVLDGHLATVSVSFKKKPTKEQILTKWAEYSGRPQELELPLAPKQFITYFEEENRPQTHLDRDIERGMGISVGRLREDTIFDYKFVGLSHNTLRGAAGGAVLMAELLYREGYLE,38.5,88,170,24.118,41,113,59,3,16,34.71,52,/stor/work/Wilke/crisprtn7/reblast2/GCF_000577895.1_M2_40_genomic.fna
NZ_HG917868.1,238800..291087,CRISPR array,262383..262478,,,,,"Copies: 2, Repeat: 23, Spacer: 49",GTAATTATAGTTATTATTGTTAC,,,,,,,,,,,,/stor/work/Wilke/crisprtn7/reblast2/GCF_000577895.1_M2_40_genomic.fna
NZ_HG917868.1,238800..291087,CRISPR array,262419..262501,,,,,"Copies: 2, Repeat: 22, Spacer: 38",GTAATTATAGTTATAAGTGTTA-,,,,,,,,,,,,/stor/work/Wilke/crisprtn7/reblast2/GCF_000577895.1_M2_40_genomic.fna
NZ_HG917868.1,431886..473340,tnsA,451886..453340,lcl|451886|453340|2|1,1,UniRef50_A0A3M5N9X7,6.32e-07,UniRef50_A0A3M5N9X7 tnsA HTH gntR-type domain-containing protein n=380 Tax=Bacteria TaxID=2 RepID=A0A3M5N9X7_PSEAZ,MFLSNKNFNDNEPIYIQIENYIKGIIDKNLLAQNSKLPATREMAKLLGVSRNSVITAYENLEAEGVLYTIKGKGTFISSRNIDSSVKWHVSWKDYINDYAVKASELDIVKSEIPWSKDLISFKSISPEGELFNIEEIKRAFLNTISKENHKILNYGYAKGYKPLMEYILEYTKNKGIDVTNKDIIVTNGFTEGLDILLTSCIKKGDKIICENPTHNTAIKMMRVHGVDIVPVKVNEDGIDIVELEEELKKGGVKFGYLIPSYHNPTGIVISAEKRYCVYETFKKYNVPIIEDGFNEELMHNSSHISPIAALDKDANAVIYISSFSKILFPGVRIGWIIADKGLINTFESVKRCKNIHTSFLDQGILYEYLCSGTFKKDIKKIRRIYREKYNFALRCVKEYIKPSFIWGEGSLHIYIGIENINSRELLAKCYEKGVIFMPGDVFSVDSSCDNTLRLGLSRLSLDEIEKGIKVIGKCVEELKNGDT,48.5,114,65,36.923,24,41,41,0,0,63.08,13,/stor/work/Wilke/crisprtn7/reblast2/GCF_000577895.1_M2_40_genomic.fna
NZ_HG917868.1,431886..473340,csx1,472250..471480,lcl|472250|471480|3|-1,-1,gi|159899000|ref|YP_001545247.1|CAS-III|csx1|CARF,0.007,gi|159899000|ref|YP_001545247.1|CAS-III|csx1|CARF csx1,MNKDIYLKFVPEVSKNKPNSWNNKKTICPFCHRETLVDIIDSDGPLLLLKNKYQTLEDALLLVIIETYDCEKDMSMYSKEEMFNLIKFSINHWLKLESNDDYKSVLFFKNFGPHSGGSISHSHMQLVALKNVNYRDQLDDKYFEGDMVHKTNNCTVNISKEPINCFTEFNVIIESLEHLDEFADNIQKIVKYILNDYYAPCDSYNLFFYDWKGKIICKIAPRFVTSPFLLGFSLKQIGNNSKDIINTIKNKYYQSK,36.2,82,68,27.941,19,47,33,1,2,48.53,27,/stor/work/Wilke/crisprtn7/reblast2/GCF_000577895.1_M2_40_genomic.fna
NZ_HG917868.1,431886..473340,rsmJ,460020..459202,lcl|460020|459202|2|-1,-1,PRD22402.1,2.98e-37,PRD22402.1 rsmJ rsmJ [Trichonephila clavipes],MDFLEIFKAIILGIVQGITEWLPVSSTGHMILVDEFIKLNFSSTFVSTFLVVIQFGSILAVLVLYFNKLNPFSPSKSVTERNDTISLWLKVIVAVAPSGIIGVLFDDKIEEVFFNPTVVSITLIIYGILFIFIENRNKKPAINSFSELTYKTAIFIGMFQILALIPGTSRSGATIIGAVLLGTSRFVAAEFSFFLAVPTMLGASALKLLKAGFAFSSFEWIVLLTGSVVAFLVSIFAIKFLMDYIKKHDFKVFGYYRIILGILVLLYFFVIK,137,344,202,40.594,82,116,120,3,4,59.41,74,/stor/work/Wilke/crisprtn7/reblast2/GCF_000577895.1_M2_40_genomic.fna
NZ_HG917868.1,431886..473340,xre,443569..444156,lcl|443569|444156|1|1,1,tr|A0A0D1JI31|A0A0D1JI31_BACIU,3.73e-04,tr|A0A0D1JI31|A0A0D1JI31_BACIU xre Phage PBSX transcriptional regulator OS=Bacillus subtilis OX=1423 GN=SC09_Contig19orf00619 PE=4 SV=1,MKSLRGSKTAENLLKSFAGESQARMRYTYYSSAAKKAGYVQISKIFMETAEQEKEHAKRFYKFLKEDYVDEEIEITASFPVALHEDTMKNLESAAMGENEEWTKLYPEFAQVAEEEGYPTIAKAYREIMKVEKGHEIRYKKLADNIKNDRVFKRDEVVLWKCNNCGYIYEGEEAPKACPACLHPQGYFELLSENY,28.5,62,69,31.884,22,35,34,3,12,49.28,31,/stor/work/Wilke/crisprtn7/reblast2/GCF_000577895.1_M2_40_genomic.fna
NZ_HG917868.1,598073..646302,tnsA,618073..619467,lcl|618073|619467|1|1,1,UniRef50_A0A2U3AGR1,6.95e-13,UniRef50_A0A2U3AGR1 tnsA Tn7_Tnp_TnsA_N domain-containing protein n=1 Tax=Kurthia sibirica TaxID=202750 RepID=A0A2U3AGR1_9BACL,MNLNGKEYFYIRNVQNDVIGLHDSEGKVVVSYSYDTWGNIVSITGSLKDSVGVKNPYRYRGYRYDEETGMYYLQSRYYNAEWGRFVNCDDIGGKIGELGTHNAFKYCFNNPVNMSDESGQWPKWMKSKTFKKIAIGVAVISAAAVVTVATGGAAAGTLLAAVHCVASGALVGAIVGATTGAVIGAATRVVSNRVTTGSWKGSRKAAISGAADGFMEGAITGAITGGVTSNACFIAGTVISTQLGKKAIEDVKVGDMVYSENPETGEKGFKRVVQTFENETDELVHIKVNGEEIVTTPEHPFYVPRQGWTEAIKLRAGDILVLVNGKEVVVEKVQHEILETPIKVYNFEVEDYHTYYVSNSGVLVHNQCTNPYGKKGGPAHQAKIAELEKAFGKNGFKVKKEVAIKISDGFKKTRYADISATRNNKTIYIQVGRQTKSGMPVIRERRAISDIESEGGTVFFFPYN,67.8,164,90,38.889,35,51,49,1,4,54.44,19,/stor/work/Wilke/crisprtn7/reblast2/GCF_000577895.1_M2_40_genomic.fna
NZ_HG917868.1,598073..646302,tnsA,622142..623044,lcl|622142|623044|2|1,1,UniRef50_A0A2U3AGR1,5.92e-15,UniRef50_A0A2U3AGR1 tnsA Tn7_Tnp_TnsA_N domain-containing protein n=1 Tax=Kurthia sibirica TaxID=202750 RepID=A0A2U3AGR1_9BACL,MNLNGKEYFYIRNVQNDVIGLHDTEGKVVVSYSYDTWGNIVSITGSLKDSVGKKNPYRYRGYRYDEETGMYYLQSRYYNAEWGRFINEDCYIGEMNEILSCNMFAYCSNNPVNAEDTDGEFLAALRYAKTLFKVARVATKVLAVMSTPAAVVVTAVVLVTVVSVYAYTRYKANNVAQAKNKPKNKPKVNNKSDNQISNDEVSANPSSRPKNYTPPGAGRHGAFREAKRKSGIPVTQTPVTTPAVDKRGKPIQGRDYDFGNGKVIRDHSGGHTFKDDPTQNRGPHINDVNGNHYDYTVRGD,72.4,176,170,31.765,54,105,90,5,11,52.94,56,/stor/work/Wilke/crisprtn7/reblast2/GCF_000577895.1_M2_40_genomic.fna
NZ_HG917868.1,598073..646302,tnsA,624665..626302,lcl|624665|626302|2|1,1,UniRef50_A0A2U3AGR1,2.10e-13,UniRef50_A0A2U3AGR1 tnsA Tn7_Tnp_TnsA_N domain-containing protein n=1 Tax=Kurthia sibirica TaxID=202750 RepID=A0A2U3AGR1_9BACL,MGRQLKSIEGNNKTISYKYNDSGIRTEKTVNGVTTKYYLSGDTVTLEDNGTDKIYYTYDADGDLISMNLNGKEYFYIRNVQNDVIGLHDSTGTVVVNYSYDTWGNIVSITGSLKDSVGKKNPYRYRGYRYDEETGMYYLQSRYYNAEWGRFVNCDNIGGKIGELGTHNAFKYCFNNPVNMSDESGQCPKWMKKAAKVVAKVAVTAAVVTAIVVAAPVVACAVGTGVALAIGASAATATAIAAVTAAACYVTAAAVGAFGINRAYQAATGKNVIKNTVFRGNQKAYNRAEGIVNSVGGLIIAGSTVVGPGSVCFVAGTMISTEKGNVPIEKIKVGDLVYSENPETGEKGLKRVVQTFENETDELVHIKVNGEEIVTTPEHPFYVPRQGWTEAIKLRAGDILVLVNGKEVVVEKVQHEILETPIKVYNFEVEDYHTYYVSNSGVLVHNKCTNPYGKKGGPAHQAKIAEMEKKLSQRGYNLIKEEVRIDISNGYKSRRYADFAVSKNNKTIYVQVGKQTKSGMPVARERRAISDIESEGNTVWFFAYN,70.1,170,121,34.711,42,70,60,2,9,49.59,21,/stor/work/Wilke/crisprtn7/reblast2/GCF_000577895.1_M2_40_genomic.fna
NZ_HG917868.1,598073..646302,glmS,638233..642792,lcl|638233|642792|1|1,1,WP_005919208.1,8.03e-04,WP_005919208.1 glmS glutamine--fructose-6-phosphate transaminase (isomerizing) [Pediococcus acidilactici],MKFNSIPQAQGLYNPLFEKDACGIGAIAHIKGKKSHHIIKDVLDILVKLEHRGGAGAEKNTGDGAGILIQLPHKFFKKQQLGFNIGEEGDYAVAMMFLPVDENDRKEAKVVFEKAMKSEGLKFLGWREVPVNPSNLGETALEAMPHIVQGFVERPTDIEKGQAFERKLYVARRVAEKEATQILQDKTFYACSFSSKTIVYKGMLLSTQVEEFFLDLQDEDMESAIGMVHSRFSTNTFPSWERAHPNRCMIHNGEINTIRGNANWIHTREDRFESDVFKDDLKKVLPVINREGSDSAMFDNTLEFLVMNGRTLPETVMMLIPEPWSKNKDMDKTKRDFYEYQSTLMEPWDGPAAVVFTNGDIMGASLDRNGLRPARYYVTNDDYLILASEVGVLDIPEENIKEKQRLHPGRMLLVDTVKGEVVDDKKLKEQYASAKPYGEWLEKNLVKIENISSEGFKEESFDESKRLILQRNFGYTYDELTSAILPMSEKGEEALAAMGVDTPLAVLSDRPQPLYNYFKQLFAQVTNPPIDAIREVIVTSSRMYLGPEGNLLNPNETNCRRVKLTSPIISNEEMYKVLNLDNQGFKVEVLPIVFDAKGGDLKKALDDLFAKADKAIEDGATILVLSDRMVDENNAGIPALLATSGLHQHLIRTAKRTSVSIVLESGEPREIHHFATLLGFGVNAVNPYLAFDTISDLIEKGMLKDTYEHGVKNFIKACNKGIVKILSKMGISTIQSYNGAQIFEAIGISKEVVDEYFTSTACRIDGVGLNEIAEETLKRHKNAYDELSVEVTLDSEGSHGYRSNKEEHLYNPLTIHKLQNSCRNKDYKEFKEYTAMLSGDEKVINLRNIIDFDYSGEEIPLDEVESVESIVKRFKTGAMSYGSISKEAHECLAIAMNRIGGKSNTGEGGEERERFVRDANGDLRSSAIKQVASGRFGVTAEYLVNAKEIQIKMAQGAKPGEGGQLPAKKVYPWVAKARHSTTGVGLISPPPHHDIYSIEDLAQLIYDLKNANRDARISVKLVSEAGVGTVAAGVAKAGAEVILISGYDGGTGASPRTSIANAGLPWELGLAETHQTLVMNKLRDRVVIETDGKLMTGRDLAIAALLGAEEYGFATAPLVVMGCVMMRVCNLDTCPVGIATQNKELRKRFKGNPDHVVNFMTFIAMELREYMAKLGFRTVEEMIGRTDKLKVKKDVKGWKAKKVDLEKILHNPSVPQGVAISCTHPQPINLENTIDLQVLVPRCKNAIEKGEKVSFEVDVKNINRSFATILSSEVTKVYGQDGLPADTIHIKANGAGGNSFGAFVNNGITLEIEGDCNDYLGKGLCGGKISVYPHRNSKIVAEDNIIAGNVTLYGATSGEVYINGIAGERFAVRNSGAIAVVEGVGDHGCEYMTGGRVVVLGEIGRNFAAGMSGGIAYILDETGNNKGKINTDMVDLQQLSSEDIEELRTILEAHIENTNSNKGKSVLENLDALSNKFIKVMPRDYNRMITTIKELEGEGYSREEAELAAFEKNNALNTK,41.6,96,118,27.119,32,71,57,5,15,48.31,7,/stor/work/Wilke/crisprtn7/reblast2/GCF_000577895.1_M2_40_genomic.fna
NZ_HG917868.1,598073..646302,parE,642807..644276,lcl|642807|644276|3|1,1,WP_027832763.1,2.00e-04,WP_027832763.1 parE DNA topoisomerase IV subunit B [Marinobacter sp. HL-58],MGKPTGFMDYERKVAESKDPKERIKDWNEFHTPLSKEEQEIQGARCMNCGVPFCQSGIIINGGATGCPLNNLIPEWNDLIYRGLWKEAADRLMKTSCFPEFTGRVCPALCEAGCTCGINGPAISIKENELSIIERAFEEGWVKPIIPKYRTGKKVAIVGSGPAGLTTAVYLNRRGHEVTVFERHDRIGGLLMYGIPNMKLEKHIIDRRVNLMKEEGINFKVNTEVGVDIKGEELLKEFDAVVLAGGASNPRDLKVKGRELKGIEFAVDFLSANTKSLLDSNLEDGKYTSAKDKNVIVIGGGDTGNDCVGTSMRHGCASLVQFEIMDKLPEGRTASNPWPQWPRVLKVDYGQEEFEAVFGKDPREYVTTVKEFIGDENGNVKEAITVNVKWEKNETGRMIPVEIPGTEKTWKADLVLLAMGFVGSENTLPNTFGVELDARTNVKAEYGKFKTNVDKVFAAGDMRRGQSLVVWAMNEGKACAAEVDKYLNK,41.6,96,126,28.571,36,77,52,3,13,41.27,23,/stor/work/Wilke/crisprtn7/reblast2/GCF_000577895.1_M2_40_genomic.fna
NZ_HG917868.1,754955..795854,tnsA,774955..775854,lcl|774955|775854|1|1,1,UniRef50_A0A1H2WA90,1.50e-06,UniRef50_A0A1H2WA90 tnsA TnsA endonuclease N terminal n=1 Tax=Paenibacillus sp. CF384 TaxID=1884382 RepID=A0A1H2WA90_9BACL,MRFNRLFEIIYILINKGTVTASELADKFEVSKRTIYRDIDLLSSSGIPIYTTKGKGGGIGILDNFVLNKSMLSENEQNEIITALQGLSAINYTNVDDVLSKVSNFFGKNNEKWIDVDFSDWSERQKEKFNIIKDSIIKKKVIEIEYYSSYGEKTNRCVEPLQLMFKGKSWYIVGFCRAREAIRIFKINRIRSVKNIGEHFARSFEEECYQDVSNDSDIKFINIKLKVDKSQGYRVYDEFSEDEISKDIDGSFIVNTTYPVGSWIYSYILSYSSYVEVLEPQYLRDEIEKILRKTLKKYL,47.0,110,63,44.444,28,33,39,2,2,61.90,21,/stor/work/Wilke/crisprtn7/reblast2/GCF_000577895.1_M2_40_genomic.fna
NZ_HG917868.1,895049..967349,tnsA,915049..916872,lcl|915049|916872|1|1,1,UniRef50_A0A0P9PXI9,3.41e-12,UniRef50_A0A0P9PXI9 tnsA TnsA endonuclease n=3 Tax=Pseudomonas syringae group TaxID=136849 RepID=A0A0P9PXI9_PSESX,MKEKKAPKKSWIYYYVVTFVIVILLNTLVFPFISQREIKEVGYNTFLEDLEKGKISEVAMGDNQIVYLIKDNKGDEKLYKTGIWPDDDLVNRLKDAGVKFSAEIPKQASPMLSFFMTWIFPILVFFILGQLLSRTLMKKMGGGGNAMTFGKANAKIYVEAQTGKTFKDVAGQDEAKEALTEIVDFLHNPQKYSEIGAKLPKGALLVGPPGTGKTLLARAVAGEAQVPFFSISGSEFVEMFVGMGAAKVRDLFKQANEKAPCIVFIDEIDTIGKKRDNGGISGGNDEREQTLNQLLTEMDGFDGKKGVVILAATNRPDSLDKALLRPGRFDRRIPVELPDLKGREDILKVHAKGVKISDNVDFNTIARATSGASGAELENIINEGALRAVRMGREIVLQEDLEESVEVVIAGYQRKGAVISQKEKEIIAYHEIGHALVAASQTDSAPVHKITIIPRTSGALGYTMQVEEGEHVLMSKDEAFNKIVTFTGGRAAEELVFGSVTSGASNDIEQATKIARAMISRYGMSEHFDMVALETVTNQYLGGDTSLACSNETATKIDEEVIAMVKSAHEKAINILKDNMGKLHELSTYLLEKETITGEEFMNILNS,61.6,148,123,34.146,42,68,65,3,13,52.85,19,/stor/work/Wilke/crisprtn7/reblast2/GCF_000577895.1_M2_40_genomic.fna
NZ_HG917868.1,895049..967349,tniQ,930714..932231,lcl|930714|932231|3|1,1,tr|A0A081NVM8|A0A081NVM8_9BACL,6.13e-15,tr|A0A081NVM8|A0A081NVM8_9BACL tniQ ABC transporter domain-containing protein OS=Paenibacillus tyrfis OX=1501230 GN=ET33_22665 PE=4 SV=1,MLSEYLNKYISKVTMEKIATLDLIQFDDAKIYDDLQKVNDESVSRSVEFLSILIELIKNVIGLIGTITIFLTFNPIIIILCIFTTIPMFYISISASKKEFSLYNERLEKRRLVMQLRSIFIKNENIKEMKIFGIGTYFKNFMLDVYQKYIDEDKVVRKKFLKSFALGITFENMISYAIKLYTILVSINKKASIGSITMYISGIDTVQNSMITILNIVSELYENELYMKSLFNILELQPKYKISNEKKIIFNREFKEIEFRNVWFKYPNKDQYALKNINLKIQANKTYSLVGMNGSGKTTLIKLLSMLYLPDKGDIYIDGINIKNYDRESIYKNIAVVFQDFLRYPLDVAKNIGLGNIDEIDNINYIMEAAKKSGAAEFIENLPNKYNTQLQKEWSEGVDLSLGQWQKLAISRAFMADRSILILDEPTASLDAVAEYEIFKSFKEIIDGRTCILISHRFSTVKLADEILVIKDGEIIEQGTHEELSKSNGLYEKLYSMQSESYVTN,74.7,182,121,34.711,42,70,66,2,9,54.55,24,/stor/work/Wilke/crisprtn7/reblast2/GCF_000577895.1_M2_40_genomic.fna
NZ_HG917868.1,895049..967349,tniQ,944899..947349,lcl|944899|947349|1|1,1,tr|A0A5S4FIA1|A0A5S4FIA1_9ACTN,6.85e-17,tr|A0A5S4FIA1|A0A5S4FIA1_9ACTN tniQ PLDc_2 domain-containing protein OS=Nonomuraea turkmeniaca OX=103838 GN=ETD86_18860 PE=4 SV=1,MGNVDAKNIIASEVAIDNIKFKDINNNCITGETNHLLPKLRQAFKKATEVKIIVAFLKDTGVKLLEDDIRELVDRGVNIKILTGNYLNITEPKALTSLKYNFGDKIDLRFYNVKNKSFHPKAYIFKNSEGGEIYLGSSNMSRAALTDAIEWNYRIDKSTSPEDFDYLERTFDDLFLNHSTIIGRKELNEYAKTWRKRRIVVDDVEEDTNVIDLYTPTDTQLQCLYNLKATREEGFDRALVVAATGVGKTYLAAFDSKEYKKVLFVAHREEILKQAYKSFRNVRGETSTYGYFYGNTKDKDNDVVFALVQTLGKKEYLNDKYFNKDDFDYIIIDEFHHATASNYKKIIDYFKPKFLFGITATPERMDNKDVFAICDYNVAYEIRLKEAIEKDILCPYRYYGIYDNTVDYDSIDYSRGKYNETQLEKALSKKERADLVYNHYRKFDSKRALGFCTSKTHAEYMAEYFADQGVKAVAVYSGGKYNRNEAIEKLASGEISVIFSIDMFNEGLDIPSIDMVMFLRPTESSTVFLQQLGRGLRKSKDKKYLNVLDFIGKYKKVNLVPLLLKGEDGKRSSGNRFVNPQVDDYPDGCLVDFDFKLIDIFKEEYSRSRNIKTWIRDEFLRVKEELGHTPNRKEFFLQMEDDLYINLKAKSKENIFKDYISFLSEMGEESPLLDTVAHRFLVQIETTAMSKTYKMPLLLAFYNDGNMIMKLDKSDIAKSFRNFYSYGSNGIDMKKHKSTEDYKLWNYDKYYKLAKDNPINALCKTHGEFFTFENDKFYLSKSLESYINNEEFLGHFKDIIDFRTVEYYKMRFDNEA,83.2,204,142,32.394,46,93,78,3,3,54.93,17,/stor/work/Wilke/crisprtn7/reblast2/GCF_000577895.1_M2_40_genomic.fna
NZ_HG917868.1,895049..967349,cas3,944899..947349,lcl|944899|947349|1|1,1,gi|336121115|ref|YP_004575890.1|CAS-I-D|cas3|cas3,6.21e-04,gi|336121115|ref|YP_004575890.1|CAS-I-D|cas3|cas3 cas3,MGNVDAKNIIASEVAIDNIKFKDINNNCITGETNHLLPKLRQAFKKATEVKIIVAFLKDTGVKLLEDDIRELVDRGVNIKILTGNYLNITEPKALTSLKYNFGDKIDLRFYNVKNKSFHPKAYIFKNSEGGEIYLGSSNMSRAALTDAIEWNYRIDKSTSPEDFDYLERTFDDLFLNHSTIIGRKELNEYAKTWRKRRIVVDDVEEDTNVIDLYTPTDTQLQCLYNLKATREEGFDRALVVAATGVGKTYLAAFDSKEYKKVLFVAHREEILKQAYKSFRNVRGETSTYGYFYGNTKDKDNDVVFALVQTLGKKEYLNDKYFNKDDFDYIIIDEFHHATASNYKKIIDYFKPKFLFGITATPERMDNKDVFAICDYNVAYEIRLKEAIEKDILCPYRYYGIYDNTVDYDSIDYSRGKYNETQLEKALSKKERADLVYNHYRKFDSKRALGFCTSKTHAEYMAEYFADQGVKAVAVYSGGKYNRNEAIEKLASGEISVIFSIDMFNEGLDIPSIDMVMFLRPTESSTVFLQQLGRGLRKSKDKKYLNVLDFIGKYKKVNLVPLLLKGEDGKRSSGNRFVNPQVDDYPDGCLVDFDFKLIDIFKEEYSRSRNIKTWIRDEFLRVKEELGHTPNRKEFFLQMEDDLYINLKAKSKENIFKDYISFLSEMGEESPLLDTVAHRFLVQIETTAMSKTYKMPLLLAFYNDGNMIMKLDKSDIAKSFRNFYSYGSNGIDMKKHKSTEDYKLWNYDKYYKLAKDNPINALCKTHGEFFTFENDKFYLSKSLESYINNEEFLGHFKDIIDFRTVEYYKMRFDNEA,42.0,97,397,22.418,89,197,155,19,111,39.04,39,/stor/work/Wilke/crisprtn7/reblast2/GCF_000577895.1_M2_40_genomic.fna
NZ_HG917868.1,895049..967349,glmS,932653..934215,lcl|932653|934215|1|1,1,AIF18014.1,6.33e-04,"AIF18014.1 glmS glucosamine--fructose-6-phosphate aminotransferase, isomerizing (glmS) [uncultured marine thaumarchaeote KM3_79_H09]",MESTASRLKSLFDLKKSNEIFRLGKLFKTENIHYFYDLGTSKVLQLDDEAYEILNFLFDRENRMDWDDFVETLGDKHLKALDQLEEIIEDENLFLAPKMERLYTRNHCENLENIVNNDLKQVILELTGKCNLRCGYCIYNDDYDGNRNFNSNDMNKEVAKAAIDYTIKHSNGEVAVTFYGGEPLLNFELLKWSMEYAKETIKDRTVTFSFTTNLTLVTKEIAEYLSTVDNLTVLCSLDGPEEVQNSYRKYVDGRGTFNDAIRGLKYLVQAFEKNDTNTISINGVFAPPYSFEKAEKVNRFFQELSWLPESTDINVTYPSDGSIKDSSAIQELLENPIYIKEGKLINTLYEWSKEKIDEFDLKLDDTKMITMGGIQKRLLGIHNRRISKEPLIKQNFNGCCVPGSRRLYVDTKGDFYLCERIGNSPSIGNVYDGMDFDKIKKYYIEDYSNGSIEECSKCWASALCYKCYAENYTKDGFNKEYKNSRCDSVRDSIEDGLSLYHYILETNPEKLDILNEIETI,40.0,92,125,31.200,39,61,56,5,25,44.80,20,/stor/work/Wilke/crisprtn7/reblast2/GCF_000577895.1_M2_40_genomic.fna
NZ_HG917868.1,1109316..1150536,tniQ,1129316..1130536,lcl|1129316|1130536|2|1,1,tr|G3IWR2|G3IWR2_METTV,1.22e-04,tr|G3IWR2|G3IWR2_METTV tniQ Uncharacterized protein OS=Methylobacter tundripaludum (strain ATCC BAA-1195 / DSM 17260 / SV96) OX=697282 GN=Mettu_1961 PE=4 SV=1,MPKVIVIGGGPAGIMAALEAAKYNEVLLIERNDELGKKLKLTGGGRCNITNNRYIEEFFDKVVTNNKFLYSAFYTFTNEDLLKYFTDRGLRYKVEYDEKVYTMSDKADEVIEILKKDLEKNKVKVMYGTKVVDLIVEEKSIKGVVTEDGNKILGEKVIVTTGGKSVPATGSDGSMYKILEDYGHGIAPLYPALIPLVTKEGFVKNLQGVSMKEVVFTTKLKKKKIEVKGDMIFTHFGISGPGVLKLSSYINKALKDGEVEITLDFLEEWSREKLSKQMKSNLNKSLINNLKGILPQNFLKEILGMVGLLETKASELKKEDENRVINYIKEMRLTIIETISIKGAMVTSGGVKVKEINASTMESKIIKNLYFAGEVIDVDAETGGYNLQIAFSTGYLAGNSTKVITN,42.0,97,190,20.526,39,126,89,5,25,46.84,44,/stor/work/Wilke/crisprtn7/reblast2/GCF_000577895.1_M2_40_genomic.fna
NZ_HG917868.1,1109316..1150536,DinG,1141851..1144190,lcl|1141851|1144190|3|1,1,gi|432331527|ref|YP_007249670.1|CAS-IV|DinG|DinG,1.34e-40,gi|432331527|ref|YP_007249670.1|CAS-IV|DinG|DinG DinG,MKSEIKISIRNLVEFVMRRGSIDNRYVSSIKALEGIRGHQKVQGSYGDNYMAEVSLSHIFTYEDVDIKVEGRVDGILIEDEKVTIDEIKTTTRDLLIIDEDFNPLHWAQGKCYGYIYCIENKIDNIYVQITYYNVDTGYTRILKNQYSVDELERFFFSLLDEYKYWYDEKINWQDKRNKSISNLQFPFKEYRKGQRELAVRVYKSIINSKKCFARAPTGIGKTVSTLFPTIKAMGEGHTSKIFYLTAKTITREVAEDTINFMRKRGLMISSVTLTAKEKVCKMDEMNCNPEYCSYANGYFDRLNGALKKIIKEYNNFDRKIIDEISEKYKLCPFELSLELTSIADIIVGDYNYVFDPRVYLKRFFEEKENDYTLLIDEGHNLVDRARSMYSSQLYEEQFIEVKKSLKKGTRLFNSIKEIIDYLKDKGSVLKVIDENYIIENEELKEFHKLLEEFIILCDYYLSKSSEVNKELLQLYFDIHNFIVISQYYDEHYVTLSKYDFKGINIILYCVDPSKVIQERMKKCKSSIIFSATLMPINYFKDIYGYKEGDYSINLQSPFNIDNRIIMIGDNVDTTYKKRRETSSQIVDYIMNFTTSKEGNYIVFFPSYEYMKIIYEKVISEHKEINIFMQKSDMTEEEKEKFLDLFNEENKKTYIGFCVLGGHFSEGIDLVGDKLIGVIIVGVGMPQICIEREIIKNYFDKESKGFYYSYIYPGIIKVLQAAGRCIRTEEDRGAILLLDTRYSKNQYRSLLPEEWLSCIKVRGGNEVKKCCKEFWNKWC,157,398,660,21.515,142,419,285,19,99,43.18,74,/stor/work/Wilke/crisprtn7/reblast2/GCF_000577895.1_M2_40_genomic.fna
NZ_HG917868.1,1214377..1255627,tnsA,1234377..1235627,lcl|1234377|1235627|3|1,1,UniRef50_A0A1C6RKQ5,3.96e-18,"UniRef50_A0A1C6RKQ5 tnsA Murein DD-endopeptidase MepM and murein hydrolase activator NlpD, contain LysM domain n=2 Tax=Micromonospora inyonensis TaxID=47866 RepID=A0A1C6RKQ5_9ACTN",MKRTIAVVLVAIVIANNNVYATSVNDLENKKSSIENTLEEKKGEINEKRNQIKDTSKELSDTEKELADLDSSLNEIQNKISNINTEIKNIEKEMIDLESEMEENHEKIEENYEIMSEIIRIDYEQQIGGYLNLLLGAKNFQNFLMRFEIISNLIKSGDRAVEEIKVLQVELESKEKVLAEKKIDLNNKKIEVEKEEGNLTALLEKKQGEVTAYIASRQALENEIKLTENEIKELELRGNAIEEEIKNIIASSNSSNNNSSNSGNSNNSGNNNNNNNNNNNNGVVDSTSFLWPVPGYSYISSYYGSRIDPITGKPGAFHKGIDIPAPEGTPVVAARSGKVIISRFDSSYGYFVVIDHGDGLSTLYAHNSQLVASVGQTVEKGQVIAKVGTTGSSTGNHLHFEVKVNGTAVDPMNYLN,84.3,207,126,38.095,48,51,66,3,27,52.38,24,/stor/work/Wilke/crisprtn7/reblast2/GCF_000577895.1_M2_40_genomic.fna
NZ_HG917868.1,1274038..1315057,tnsA,1294038..1295057,lcl|1294038|1295057|3|1,1,UniRef50_A0A2D2C3Y7,1.32e-14,UniRef50_A0A2D2C3Y7 tnsA Tn7_Tnp_TnsA_N domain-containing protein n=4 Tax=Paracoccus TaxID=265 RepID=A0A2D2C3Y7_9RHOB,MNRNRKILLISIFIAILVICIGTSIGSSNINIQDVISIILNKMFKIPLLEGIEERYVSIIWKLRLPRVLLAFLVGAALSVSGVVIQSILKNSLASPYTLGISSGASLGVGIVIVTGITIPILGVLMLPIVGFLCGLITVFAVVLFASRVDKTMGNNTLILSGMVFSLFANAILTTITALCSENIESISLWQMGSFSLKGWSYVKGGSIFFIIGFIGVMLYAREMDILSFGEDQAKSIGVETERVKKKLLFLVAILTGTSVALSGVIGFVDLIIPHLVRKVVGSKHIYVVPMALLFGGSFMVITDLIARTVVVPSELPVGAITALIGAPFFAYIYFKKSK,70.5,171,105,32.381,34,70,68,1,1,64.76,31,/stor/work/Wilke/crisprtn7/reblast2/GCF_000577895.1_M2_40_genomic.fna
NZ_HG917868.1,1376729..1462914,tniQ,1398183..1396729,lcl|1398183|1396729|2|-1,-1,tr|W6RVS3|W6RVS3_9CLOT,0.0,tr|W6RVS3|W6RVS3_9CLOT tniQ Uncharacterized protein OS=Clostridium bornimense OX=1216932 GN=CM240_1254 PE=4 SV=1,MATFFPTPYEGETFYSTISRYHIYSANLNSKDTLRDLFNTTSVTAGRELPANIDLLLKNIPNNHSFTTNDIIFNNTLYKYYTCFLTKEKADYIYNLMANGNGSLIFASLGMCGNKMKNDFSLKYCPECVKSDRSVFGEAFWHLNHQIPGIFICPNHMCKLYICKKSTEVKNRQEYLNLEFSIGNNDESIVGFNNMMIEHQERFIMNLNKIMNEKYQFKEMNFFREYYLKSLIEKGMAESRVKIYQQDLLRDFKGYYSEDYLSLLGCSFDLNDKYNWVTTITRKHRKSFHPIQHLLMIEYLNIDIDELFDSEYMEVRKDNKRSDKNDEEKKIFREKWLELRKKYPNKNISFVRKLDFSTYRWLNKYDRKWLTDNSPKKNGCMNSKRIDWQKRDEEILSKVRKAVKSIYNSKEKPERVTVGAVGRKIGKIYLLQKSLDKMPMTKEYLQKKCESVKQFQDRRVKWVRENVTINGESEWIVMRKAGIR,1003,2594,484,100.000,484,0,484,0,0,100.00,100,/stor/work/Wilke/crisprtn7/reblast2/GCF_000577895.1_M2_40_genomic.fna
NZ_HG917868.1,1376729..1462914,tnsC,1399808..1398186,lcl|1399808|1398186|3|-1,-1,UniRef100_W6RXU6,0.0,UniRef100_W6RXU6 tnsC Transposon Tn7 transposition protein TnsC n=1 Tax=Clostridium bornimense TaxID=1216932 RepID=W6RXU6_9CLOT,MNNNFTVDAYYNEQLVNEYRGNPFIEALPPIFNKIDVINKIACYPEFNTEERNYDDHIRLHLIQRVFQYFQPLPVHLELESRISRIIRTGYVMRNPLKSNYIKELNNGYKDILNKQITTNNYVTTSNGFSLIGVSGMGKSTVLSKILNTIPQVILHTKYKEKPFCMTQLTYLKIDCPFDGSLKALCLEFFSSVDRILSTNYFEKYSMARLSANAMLPIINQIARNIGLGLLVVDEIQNLSLAKSGGSEKMLNYFVSLINLSIPVILVGTPKAMPILQGEFRQARRGQGDFVWDRLKKDSQWQLLIEGLWDYQWVRNPQPLTEEISNVLFDECQGIIDICIKLFFMAQVRAISSRKETITSKLIKKVADENLKLVRPMLQSLKNGGKGLSLYNDIMVLDVSNFINNEQNQINLNNTIEQFKKVKEEKNNIQSFDLKKEVTIKLLELGFEEDEINVYLEQVIDIGEKDINKLTRTMLNLLMKPEKKFIKETTRLKKVKSRISDENDIRYIAQKCKKEGQSIYSGLKNNNYISDFDSLLAEVI,1099,2842,540,100.000,540,0,540,0,0,100.00,100,/stor/work/Wilke/crisprtn7/reblast2/GCF_000577895.1_M2_40_genomic.fna
NZ_HG917868.1,1376729..1462914,tnsB,1401948..1399801,lcl|1401948|1399801|2|-1,-1,UniRef100_U5MWT0,0.0,UniRef100_U5MWT0 tnsB Transposon Tn7 transposition protein TnsB n=1 Tax=Clostridium saccharobutylicum DSM 13864 TaxID=1345695 RepID=U5MWT0_CLOSA,MYCSLNVNSLIKINEDEKEIHRILWVSEDADAVFLINIFDKSWPHEVKLSDFAIDIKENRVKFITNEIYNRVINANELSQKDINKRNKAFNVIMEFYQYIGEPNIFITSERNKYMNKVIEKHEISRRTAEDYIKRYWKRGMTPNSLLPDTYKCGGKDKNKAAGELKRGRPRVHGENNGINVDENIKKIFRTSINRFYNNQNKNSLTTAYYLMLKEYFSEKIINGKENSELIIKDRKNIPSLAQFRYWFHKERDLKKEITSRNGGRVFFQKHSAVLNTVNDLVVGPGMEYQIDATIGDVYLVSRFNKEWIIGRPVIYIVIDTYSRLVTGINVTLEGPSWVGAMGALANAMTGKVQFCKEYDIEIEEDEWPCKYIPYSIIGDRGEIAGFNADYLTDNLGIKVSNTPPYFAQWKPIVEQHFRLLNLKTKPLMPGAINPDFRLRGAKDYRYDAILNIKEFTKVVILSILYHNNHNVLKGYRREKGMIQEDVLPIPINLWNWGIKNKSGTLKTASEDFIKLSLMPRDKATITEKGIKFKGIFYSSVTAIKEGLFEIARSKKSGRIRIDVAYDPRNLNNIYWLDRSGEKYEKCFLLKKEYRYLDKTIEEIEYLRKKELLMLKNIEVDEVEKRINLIEEIEMVVNKAREEAKDIKLNSSNLIGIRANRNAEKIVCRKEDAFVIEDSVTMESANIIQYPKLEDGEDEDMMLLRNKQKGEKLNE,1096,2834,715,72.448,518,195,625,1,2,87.41,100,/stor/work/Wilke/crisprtn7/reblast2/GCF_000577895.1_M2_40_genomic.fna
NZ_HG917868.1,1376729..1462914,tnsA,1402717..1401938,lcl|1402717|1401938|1|-1,-1,UniRef50_U5MTP4,6.58e-138,UniRef50_U5MTP4 tnsA Transposon Tn7 transposition protein TnsA n=4 Tax=Clostridium TaxID=1485 RepID=U5MTP4_CLOSA,MENKLLEVNGREYVPGIKIQDFASRGRVSRIKGRTTNRVHHLLSDLETNIFYLLDFEERIIDIKEHYPLIDLHEVVEDLSDIKLKKFTDKKTGEEYIFTTTFVVTLKGGCKEKYIAISVRNETELYRDLLLEKLEVERRYWNKKNIRWSVITNKDIPIVKINNIKWLYLGGVDIRGNEENYIKNVISNKIISNKCPIKEILDNVDKELSLSLGTSLAIFKRMIINNEITIDLYKPINIDMLSDKLQINYKDGEVEKHVL,386,992,259,72.973,189,67,223,2,3,86.10,100,/stor/work/Wilke/crisprtn7/reblast2/GCF_000577895.1_M2_40_genomic.fna
NZ_HG917868.1,1376729..1462914,tnsA,1442914..1442096,lcl|1442914|1442096|1|-1,-1,UniRef50_P0AC11,9.87e-34,UniRef50_P0AC11 tnsA Dihydropteroate synthase type-2 n=619 Tax=cellular organisms TaxID=131567 RepID=DHP2_ECOLX,MLIGNKEFDLKNNTYVMGILNVTPDSFSDGGKFNTIYSAIEAAKKMVEDGVDIIDIGGESTRPGAEYVSVEEELNRVIPVIRALSKEIDIPISIDTYKSKVAEEAVKAGASLINDVWGFKKDPDMAKVAAKYDVAVCLMHNRNNKEYNSLLDDMMDDLRESINIAKKAGVKDEKIILDPGVGFAKTLEDNLDVMNNLEKFNELGYPVLLGTSRKSMIGLTLNLPVNERVEGTIATSVIGVMKKMSIIRVHDVKENRRAIDMTKAILGRSING,121,304,218,35.321,77,117,119,7,24,54.59,74,/stor/work/Wilke/crisprtn7/reblast2/GCF_000577895.1_M2_40_genomic.fna
NZ_HG917868.1,1376729..1462914,cas10,1443421..1442927,lcl|1443421|1442927|1|-1,-1,"gi|268317192|ref|YP_003290911.1|CAS-III|cas10|LS,CASCADE",0.003,"gi|268317192|ref|YP_003290911.1|CAS-III|cas10|LS,CASCADE cas10",MERVNKIISNELYKESQLAIDNCEKERIFCNHDFNHYLDTARIAYILSLEEGYKVDKEIIYATALLHDIGRVDEYTLGVSHDIASAEKAKIILKQCYFEDKEIEIIYEAIKNHREYKNKSSLDKEMTLSELLYRADKLSRCCYNCNAYLECKWNNEIKNNNIKY,36.2,82,87,32.184,28,49,47,4,10,54.02,51,/stor/work/Wilke/crisprtn7/reblast2/GCF_000577895.1_M2_40_genomic.fna
NZ_HG917868.1,1708369..1749451,tnsA,1729451..1728369,lcl|1729451|1728369|3|-1,-1,UniRef50_A0A3N1KIY1,8.12e-06,UniRef50_A0A3N1KIY1 tnsA TnsA endonuclease-like protein n=17 Tax=Streptomyces TaxID=1883 RepID=A0A3N1KIY1_9ACTN,MEKVNPKDKAGMLKIVKKLIDTGKSKGSLTYSEIVDELEDVELSPEQIEQVYEALESMGIEVIGENKDAVEEATEEIDISIPEGISIDDPVRMYLKEIGKVPLLSSEDEISLAMRIEEGDQFAKKKLAEANLRLVVSIAKRYVGRGMLFLDLIQEGNLGLIKAVEKFDYRKGYKFSTYATWWIRQAITRAIADQARTIRIPVHMVETINKLIRVERQLVQELGRAPQPEEISEKMDMPVEKVREIMKIAQEPVSLETPIGEEEDSHLGDFIPDDEAPAPAEAAAFTMLKEQLINVLDTLTPREEKVLRLRFGLDDGRTRTLEEVGKEFNVTRERIRQIEAKALRKLRHPSRSKKLKDYLD,45.4,106,61,39.344,24,33,42,2,4,68.85,16,/stor/work/Wilke/crisprtn7/reblast2/GCF_000577895.1_M2_40_genomic.fna
NZ_HG917868.1,1708369..1749451,cas3,1742341..1741319,lcl|1742341|1741319|1|-1,-1,gi|258516156|ref|YP_003192378.1|CAS-I|cas3HD|cas3,0.004,gi|258516156|ref|YP_003192378.1|CAS-I|cas3HD|cas3 cas3,MKELEVYIEDENITDLHIEQKKDKGILRIRANGELEEMKEFSKEEVLSLVAKIKVRSKLELDKKRICQDGSFNVTLKDKEYSIRVSSLPTIFGEKINLRVLRNKTAYSLESLKFIPKDTLDLLLCANSGLFLIGGPTGSGKTTTLCNIINSIDTVGKNIITIEDPVEYIIPNANQVEVNEKANFNFSNILRSVLRQDPDIIVIGELRDEETARLALRAALTGHLVISTIHCNDSYGAINRLLDMGIDKTLIKDTLIAVIYQRLLKKKCNCENKSKCLICGGKGYKGKVVAGEYIVNDRYDIENDLSKDYLCKNKIPLRKYCKGLWEKKIIPKEEYLSLLI,38.1,87,145,24.828,36,93,60,4,16,41.38,42,/stor/work/Wilke/crisprtn7/reblast2/GCF_000577895.1_M2_40_genomic.fna
NZ_HG917868.1,1708369..1749451,parE,1723812..1721872,lcl|1723812|1721872|2|-1,-1,WP_003182282.1,0.0,WP_003182282.1 parE DNA topoisomerase IV subunit B [Bacillus],MSNNTYEVTDLTSLEKLEPVRVRPGMYIGSTGIKGLHHCLWEILDNAIDEISNGYGDKATIVLNKDKSITVRDNGRGIPTGIHPIKKKSGVEMVFTELHTGGKFNNSNYKTSGGLHGVGAAVVNALSKWVEVEVFQGGKIYKQRFEYGFDKDLKKDMPGTPVSNLKIVGDTEEQGTKVTFMPDKDIFSTIDIKFDIVDQRLMELSFQNKGITLELIDLRGEEEVKKLYYSENGLLDFIRYLNESKTVLHKDPITFSGDREIGDIKMSGEICMEFTDSTSENIMSYVNNIPTTEAGTHESGFKTGMTRAFKEWAKKLNLIKEKDKEFEGDDLREGLTAIIKISLTNPIFEGQTKTKLGNSEAYTMMNDLSYTKISQWIEDNKEVATMIINNAIAAAARKDKIKKINELERKKVGKGTSPLAGKIAICTSKDRKYNEFIVVEGDSAGGSAKQARDRRFQSVMPSKGKIMNTEKQKLENVLASEELKIFNTAIGTGILTNYNEEDLKYDKIIIMSDADVDGYHIRTLWMTYIYRYMRPLIANGHLYMAQPPLYKVYKVVKGKEVAKYAYNEEELDKVKKEIGKGALIQRYKGLGEMNPEQLWETTLNPETRNLMQITIEDAAKAEKMVSLLMGDVVEPRKNYMYKYAEF,617,1590,645,47.597,307,316,445,7,22,68.99,99,/stor/work/Wilke/crisprtn7/reblast2/GCF_000577895.1_M2_40_genomic.fna
NZ_HG917868.1,1897206..1939026,tniQ,1919026..1917206,lcl|1919026|1917206|1|-1,-1,tr|A0A081NVM8|A0A081NVM8_9BACL,1.24e-04,tr|A0A081NVM8|A0A081NVM8_9BACL tniQ ABC transporter domain-containing protein OS=Paenibacillus tyrfis OX=1501230 GN=ET33_22665 PE=4 SV=1,MRKNNDNNHKGFAQGPEAMAAVGERPKEFRKTWGKLIGYSKQYWGVIILAFILAILGAVITVVSPDKLSEITDIITEGLITGIDMESITNIGGILAALYLLSFVFSYLQGFIMATVTQKITKSLRSDISNKINKLPLRYFDRTTIGDVLSRVSNDVDTISQSLNQSVGTLVSGIAVFLGSLIMMFITDVTLSITAIVSTIIGFVLMMIIIGKSQKYFIELQENLGAVNGHIEEVYSGQTIIKVYNAEEKVSREFSNINGKLRTSVWKSQFLSGIMMPLMMFIGNFSYVAVCIVGGVLAFDGKISFGVIVAFMVYVRLFTQPLSQFAQAATSLQSTAAASERVFDFLSEVEMDDESHKVKKLTTVKGNVEFNHVKFGYNKDRVIIKDFSVKVKAGQKVAIVGPTGAGKTTIVNLLMRFYDVNSGEIKIEGVPIQELTRENVHDLFCMVLQDTWLFEGTIKENIVYSKNNVSDATVVAACKAVGIDHFIRTLPQGYDTVLNDNTNLSAGQKQLITIARAMVEDAPLLILDEATSSVDTRTETLIQSAMDKLMVGRTSFVIAHRLSTIKNADIILVMKDGDIIESGNHDKLLKDGGFYADLYNSQFEKA,42.7,99,127,27.559,35,79,57,3,13,44.88,20,/stor/work/Wilke/crisprtn7/reblast2/GCF_000577895.1_M2_40_genomic.fna
NZ_HG917868.1,1897206..1939026,cas6,1903742..1902846,lcl|1903742|1902846|3|-1,-1,gi|383787928|ref|YP_005472496.1|CAS-I-A|cas6|cas6,0.007,gi|383787928|ref|YP_005472496.1|CAS-I-A|cas6|cas6 cas6,MDEKKSLIHGESEWVKISMAVLGSLLYAIGINMFIVPVGLYSGGIMGICQIIRTILIDYMHLPLNQFDIAGIVYYIINIPIFIIAYKKMGKSFFGKTLLCVTTTSLFLSLVSVPKIPILTDDILAASLIGGIISGCGTGFILKMGCSAGGMDIVGLLCMKKNKNFSMGKITLIVNLILYSICLFMFDEKIVIYSIIFAAVTSITIDKVHIQNINVQVTIITRRNIEAMEKDIMTKLVRGVTKWNAKGGYTGQDTSILYIVLSKYEVSYLKKIIKKYDPDAFVVVNEGANIEGNYLKKL,36.2,82,64,34.375,22,41,35,1,1,54.69,21,/stor/work/Wilke/crisprtn7/reblast2/GCF_000577895.1_M2_40_genomic.fna
NZ_HG917868.1,1897206..1939026,glmS,1920960..1921634,lcl|1920960|1921634|3|1,1,WP_035343592.1,3.16e-13,WP_035343592.1 glmS two-component system response regulator GlrR [Dickeya],MVNILVVEDDKKICQLFCTVLSKNGFNPLKAFDGVEAFDVLENKHIDLVISDIMMPNMDGYEFTKSLREINSDIPILMITAKDDFPSKEKSFLIGIDDYMVKPIDVNEMILRVDALLRRSKIVHDRQQTIGETLLDYDSLSVTRNGEVIVLPQKEFYLLYKLISYPNKIFTRNQIMNEIWGIDSPSDSQTIDVHINRLRRHFGNNPDFEIVTVRGLGYKVIKNE,65.9,159,126,27.778,35,91,64,0,0,50.79,56,/stor/work/Wilke/crisprtn7/reblast2/GCF_000577895.1_M2_40_genomic.fna
NZ_HG917868.1,1897206..1939026,CRISPR array,1938332..1938410,,,,,"Copies: 2, Repeat: 18, Spacer: 42",TTTATAGCTACAAATAAA,,,,,,,,,,,,/stor/work/Wilke/crisprtn7/reblast2/GCF_000577895.1_M2_40_genomic.fna
NZ_HG917868.1,2011871..2052386,tniQ,2032386..2031871,lcl|2032386|2031871|2|-1,-1,tr|A0A417XIF4|A0A417XIF4_9CLOT,2.01e-05,tr|A0A417XIF4|A0A417XIF4_9CLOT tniQ GNAT family N-acetyltransferase OS=Clostridium sp. OF09-10 OX=2292309 GN=DXA91_00825 PE=4 SV=1,MRIETERLIIRNYELMDKEDLCEYMLQRVNSEFEGYPDFTAEKAESEIKYRMESDEFYAVELKDSKKVIGNIYLGKRDFNSREIGYVLNENYHRQGYITEGCIAVIEYMFKAGVHRIYAECAPQNTPSWKVMEKVGMEREAHFRKNVSFHNDANGEPIYWDTYVYAILNNM,40.8,94,76,35.526,27,48,36,1,1,47.37,44,/stor/work/Wilke/crisprtn7/reblast2/GCF_000577895.1_M2_40_genomic.fna
NZ_HG917868.1,2011871..2052386,cas3,2038017..2039168,lcl|2038017|2039168|3|1,1,gi|557694418|ref|YP_008797472.1|CAS-I|cas3|cas3,1.07e-05,gi|557694418|ref|YP_008797472.1|CAS-I|cas3|cas3 cas3,MKNNFNELNLDSNIVLGLEKQGITTPTEIQSLTIPNVLENKDIIAEAYTGSGKTLAFVAPLFQKIDTSKRESQVLILAPTHELVIQITEQIKLLAKNSEIPVTSLSIIGEASIEKQIKKIKEIKPHIVVGSAGRILDLIKKKKFKPHTLKTIVIDEADSLLVEEKISPIKEIIKTTMRDRQLMIFSATINDKVLASATELMKDPVILKSKAKVALNPNITHMCILSDRKDKFETLRKLINATKPKKAIVFLNKGHEIEFITQKLNYHKKNAIGIYGNMTKEQRKNALDGFRNGKYNILVSSDLSARGLDISDVTHIFNLDFPVKAKEYLHRAGRTARGTASGTCISIVNERDLAAIRIYEREFNIEIEPKVLFEGKLYNPKDL,46.2,108,68,36.765,25,40,40,1,3,58.82,18,/stor/work/Wilke/crisprtn7/reblast2/GCF_000577895.1_M2_40_genomic.fna
NZ_HG917868.1,2115942..2163936,tnsA,2136661..2135942,lcl|2136661|2135942|1|-1,-1,UniRef50_A0A4V3GZW4,4.32e-05,UniRef50_A0A4V3GZW4 tnsA TnsA endonuclease-like protein n=3 Tax=Streptomyces TaxID=1883 RepID=A0A4V3GZW4_9ACTN,MIRLVRFIKKILKVLKIENILEKKSVHYIGGSDTLPPPLSKDEEEELIERLKAGEEDVRRILIERNLRLVVYIARKFENTGLTIEDLISVGTIGLIKAVKTFDPTKKIKLATYASRCIENEILMYLRRNSKLKSEISFYEPLNIDWDGNELLLSDILGTENDGVYNVLEDEVDKQLLVLALKKLNVREKEIVELRYGLNGKGEKTQKEVADMLGISQSYISRLEKRIIKQLKKEINKMV,42.0,97,66,31.818,21,44,42,1,1,63.64,27,/stor/work/Wilke/crisprtn7/reblast2/GCF_000577895.1_M2_40_genomic.fna
NZ_HG917868.1,2115942..2163936,tnsA,2143936..2143235,lcl|2143936|2143235|1|-1,-1,UniRef50_A0A380Q0N8,4.68e-05,UniRef50_A0A380Q0N8 tnsA RNA polymerase sigma factor n=17 Tax=Enterobacterales TaxID=91347 RepID=A0A380Q0N8_YERFR,MFIDGLLNMLINMNFVTGYLSNSNSFPKPLDEEEERYYIAKLKEGDIHAKSVLVEKNLRLVAHIVKKYTSTGKDNDELISIGTVGLIKAIDSFQPNKGTRLATYAARCIENEILMLIRNNKKTKGEVFLQEPIGVDKEGNEISLMDVLSATEDSVIEIVENRVQVKKLYEEIDKCLKGREKTIIMMRYGLLNGKPKTQREIAMHLGISRSYVSRIEKRALKKLYKGLNAVNKI,42.0,97,52,40.385,21,30,35,1,1,67.31,22,/stor/work/Wilke/crisprtn7/reblast2/GCF_000577895.1_M2_40_genomic.fna
NZ_HG917868.1,2115942..2163936,glmS,2133285..2132587,lcl|2133285|2132587|2|-1,-1,WP_035343592.1,5.86e-11,WP_035343592.1 glmS two-component system response regulator GlrR [Dickeya],MNNEKVLIVDDEEHIVELIKFNLEANGYKAITASNGLEALELAKDEKPDLILLDIMLPGLNGNDVCKEIRKDTEISTIPIIMITAKGEELDRILGLELGADDYVTKPFSVRELMARIKAVLRRTKVEAVNNTYSFGNVFIDFNKHEVVKNGEKVELTLKEFELLQILIKNRGRVLTRDLLLDKIWGYEFIGETRTIDVHIRYLRKKIEDDDKNPRFIETIRGIGYRFNRDGE,59.3,142,105,28.571,30,73,62,1,2,59.05,45,/stor/work/Wilke/crisprtn7/reblast2/GCF_000577895.1_M2_40_genomic.fna
NZ_HG917868.1,2115942..2163936,xre,2143936..2143235,lcl|2143936|2143235|1|-1,-1,tr|A0A657RI08|A0A657RI08_9BACI,1.95e-04,tr|A0A657RI08|A0A657RI08_9BACI xre Transcriptional regulator OS=Bacillus intestinalis OX=1963032 GN=CE489_07930 PE=4 SV=1,MFIDGLLNMLINMNFVTGYLSNSNSFPKPLDEEEERYYIAKLKEGDIHAKSVLVEKNLRLVAHIVKKYTSTGKDNDELISIGTVGLIKAIDSFQPNKGTRLATYAARCIENEILMLIRNNKKTKGEVFLQEPIGVDKEGNEISLMDVLSATEDSVIEIVENRVQVKKLYEEIDKCLKGREKTIIMMRYGLLNGKPKTQREIAMHLGISRSYVSRIEKRALKKLYKGLNAVNKI,29.6,65,34,47.059,16,17,21,1,1,61.76,15,/stor/work/Wilke/crisprtn7/reblast2/GCF_000577895.1_M2_40_genomic.fna
NZ_HG917868.1,2271991..2312866,tnsD,2292866..2291991,lcl|2292866|2291991|3|-1,-1,UniRef90_A0A544SS28,3.51e-04,UniRef90_A0A544SS28 tnsD TnsD domain-containing protein n=2 Tax=Psychrobacillus TaxID=1221880 RepID=A0A544SS28_9BACI,MHRKSIFLTEKSKYYTILKCINDMNRDITINRACPHCCGDNIIKYGKVKSNKAQIFYCKTCERRVVETIGTPFYRSRKNNEIWDKYFENMWNGYNIRECAKKIDISQNTSFSWRHKILSYYLKFFKRKPLNDEVDVMVRTYVQNSKKEKESAIENVEKEALTLKLGEKCYFFFTKNNDGTIEFLPFDKYPLARLSLKRKLDIIFSNVKKVGIYGNNVIKSYAKKCVKEVTKVMVDSELFLYERDMRSWISGFWGVSFRYISNYFNWFRIYYINNKRYKETRQYIYGAEKII,39.7,91,82,31.707,26,45,37,3,11,45.12,24,/stor/work/Wilke/crisprtn7/reblast2/GCF_000577895.1_M2_40_genomic.fna
NZ_HG917868.1,2271991..2312866,CRISPR array,2296270..2296363,,,,,"Copies: 2, Repeat: 21, Spacer: 51",CTGTTCTAATTAAGTAGTGGC,,,,,,,,,,,,/stor/work/Wilke/crisprtn7/reblast2/GCF_000577895.1_M2_40_genomic.fna
NZ_HG917868.1,2418143..2465025,tniQ,2438703..2438143,lcl|2438703|2438143|2|-1,-1,tr|A0A417XIF4|A0A417XIF4_9CLOT,1.00e-06,tr|A0A417XIF4|A0A417XIF4_9CLOT tniQ GNAT family N-acetyltransferase OS=Clostridium sp. OF09-10 OX=2292309 GN=DXA91_00825 PE=4 SV=1,MNHLGTKILETERLILRRFKDEDASDLFNNWASDSNVTKYLTWPTHENLDISKYIIGLWLDEYSNDNVYNWCIELKEDGQAIGAISVVSIDENVEAVEIGYCIGKEYWNKGIVTEAFSSIIKFLFEEVDVKRIAAKHDTNNPASGAVMKKCGLKFEGINRKAGKNNSGICDMAVYSILKEEYLSLI,44.7,104,88,27.273,24,62,42,1,2,47.73,47,/stor/work/Wilke/crisprtn7/reblast2/GCF_000577895.1_M2_40_genomic.fna
NZ_HG917868.1,2418143..2465025,tniQ,2445025..2444738,lcl|2445025|2444738|1|-1,-1,tr|A0A417XIF4|A0A417XIF4_9CLOT,4.62e-05,tr|A0A417XIF4|A0A417XIF4_9CLOT tniQ GNAT family N-acetyltransferase OS=Clostridium sp. OF09-10 OX=2292309 GN=DXA91_00825 PE=4 SV=1,MRLADYEDNSIHIGFVIIDKEKREQGYGREMMSLAVKYAFEILKMKRMTLGVFDNNEVAHCCYKSVGFIDEKYCKDVFKYKDESWGIYEMAIERK,37.7,86,93,31.183,29,57,41,3,7,44.09,98,/stor/work/Wilke/crisprtn7/reblast2/GCF_000577895.1_M2_40_genomic.fna
NZ_HG917868.1,2418143..2465025,cas3,2432750..2430951,lcl|2432750|2430951|3|-1,-1,gi|111219945|ref|YP_710739.1|CAS-I|cas3HD|cas3,0.001,gi|111219945|ref|YP_710739.1|CAS-I|cas3HD|cas3 cas3,MEKSKTLLKREDVSVDDTWDLEKIYKDEEEFQEEFQYLKEIYTGLGDFKGTLKDPHNLLEYFKLDERVSRLAEKLYVYSNMKNHEDMNNGKYINIKKQVEIFLPEISSLTSFFVPELLSMDDNYLEECMKVPELQKYKFELEDILKMKPHTLSESEERILATLSESLNAPEEAFSLLTNADMTFPKVKDENGEEVDFNEARYSNFIKSKDRAVRKEAFETLFNTYKQFKNTLATTLTASINNFNISAKLRHFSSPLEASLKPNNIDVKVYDNTIDTVNKNLHLLHRYVDIKKRLLGLDEIHMYDLYVPLIDTPKEHIEFNDGVELVEKALAPLGEEYLSIFKEGINNRWIDKYDNEGKRQGAYSWGSYDTDPYVLLNYNYDINDVSTLAHEMGHSIHSYYSRKNQDYIYSDYTLFCAEVASTTNEILFIKYMIDNEKDENKRLYLVNTMIEGIRTTVFRQTMFAEFEKITHNILNEGTPLNADGLCEIWLDLNKKYFGETMVVDEEISMEWARIPHFYSDFYVYQYATGYSCANSFANNILQGGEDELEKYKGFLKAGGSDYPLEILRKAGVDISTPKPIEDTMKNFEMLLDILETAIK,40.4,93,75,26.667,20,53,34,1,2,45.33,13,/stor/work/Wilke/crisprtn7/reblast2/GCF_000577895.1_M2_40_genomic.fna
NZ_HG917868.1,2418143..2465025,cmr1,2442382..2442035,lcl|2442382|2442035|1|-1,-1,"gi|289577918|ref|YP_003476545.1|CAS-III-B|cmr1gr7|G7,CASCADE",6.93e-10,"gi|289577918|ref|YP_003476545.1|CAS-III-B|cmr1gr7|G7,CASCADE cmr1",MEKIWVIIINNIYIKENILLDLKEDIISKIIEISKEHQEIEKVILFGSRARGDNSTKSDIDLAVYANKSIYSFIEDVELNIRTLLEFDFSDMNLVKDEFFIEQVKNDGVVLYEKC,53.5,127,91,38.462,35,47,59,3,9,64.84,79,/stor/work/Wilke/crisprtn7/reblast2/GCF_000577895.1_M2_40_genomic.fna
NZ_HG917868.1,2570383..2620241,tnsA,2590383..2590883,lcl|2590383|2590883|3|1,1,UniRef50_W4AAL3,5.88e-11,UniRef50_W4AAL3 tnsA Ribonuclease BN n=55 Tax=Bacteria TaxID=2 RepID=W4AAL3_RHORH,MLGVNKAYNIRDRRSYIKIKFISMIYTVMFAFFIIGSFLLLTFGEHLIAFIYSTLKISLSSFWITNLLRIALLILILFIVFILMYKYTSSLKPPIMSVSYGALFATAGIYGLSRLYGIYINYFANKSLVYGSIGGIYVMIIWLNVISLLILFGAEINSVVYKKYYD,57.8,138,157,22.930,36,120,77,1,1,49.04,94,/stor/work/Wilke/crisprtn7/reblast2/GCF_000577895.1_M2_40_genomic.fna
NZ_HG917868.1,2570383..2620241,tniQ,2600241..2598928,lcl|2600241|2598928|2|-1,-1,tr|A0A444K107|A0A444K107_9RHIZ,8.20e-68,tr|A0A444K107|A0A444K107_9RHIZ tniQ Uncharacterized protein (Fragment) OS=Mesorhizobium sp. M4B.F.Ca.ET.089.01.1.1 OX=2496662 GN=EN780_35465 PE=4 SV=1,MMEYTTQMDAAKKGIITKEMMIVANKESMDVEELRQLVAEGKVAIPANKNHKSLDPEGVGQGLRTKINVNLGISKDCASIEKEMDKVKKAIEMKAEAIMDLSNYGKTAEFRKELVEYSKAMIGTVPVYDAIGFYDKEIDEITAEEFLKVVEKHAEDGVDFVTIHAGLNRETINTFKRNERLTNIVSRGGSLLYAWMEINNAENPFYEHYDKLLDICEKYDLTLSLGDACRPGANTDSTDAVQIKELITLGELTKRAWERNVQVIVEGPGHMTLDEIKANVMLQKKLCHGAPFYVLGPLVTDVAPGYDHITSAIGGAIAAAAGVDFLCYVTPAEHLRLPNLEDMKEGIVAAKIAAHAGDLAKGIKGAREWDNAMSKARADLDWEEMFNLAIDSEKPRRYREESMPEHKDTCTMCGKMCAVRNMNKVMKGEAVDIFNNK,216,550,284,41.901,119,145,165,4,20,58.10,61,/stor/work/Wilke/crisprtn7/reblast2/GCF_000577895.1_M2_40_genomic.fna
NZ_HG917868.1,2570383..2620241,CRISPR array,2613039..2613104,,,,,"Copies: 2, Repeat: 17, Spacer: 31",TTTAGAAAATATCTCTT,,,,,,,,,,,,/stor/work/Wilke/crisprtn7/reblast2/GCF_000577895.1_M2_40_genomic.fna
NZ_HG917868.1,2704717..2746693,tnsA,2726693..2724717,lcl|2726693|2724717|3|-1,-1,UniRef50_A0A0P9PXI9,2.17e-08,UniRef50_A0A0P9PXI9 tnsA TnsA endonuclease n=3 Tax=Pseudomonas syringae group TaxID=136849 RepID=A0A0P9PXI9_PSESX,MLKFNITIMRGGPYVKKSTYGLTAWLFLIIAVVITSMMLFQNSKALTSITADKFETMWKNNQIKSIEVNSDGRISTVEIVANDNNRYSTSIASTRLDDFLKDNANDTVTQKYKEPTTIPVWVQFLPTGILIIFTVMMMVMFMNQSQGGGGRGVMSFGKSKAQKATNDKKVTFKDVAGEDEEKAELEEVVDFLKYPKKYRDMGARIPKGVLLVGPPGTGKTLLAKAVAGEAGVAFFSISGSDFVEMFVGVGASRVRDLFETAKKNSPCIIFIDEIDAVARQRGAGLGGGHDEREQTLNQLLVEMDGFGIHEDIIVIAATNRPDILDKAILRPGRFDRQILVGAPDAKGREEILKVHSKNKPLAEDVNLKTLAKRTPGFTGADLENLMNEASILSVRARKSTITMEELEEAITRVIAGPEKKSRVISEKDRKLTAYHEAGHAIVMRNLPNADPVHQISIIPRGSAGGYTMHLPEEDRSYMSKEGLKDEMVSLLGGRVAEKLILGDISTGASNDIERATNIARSMVMKYGMSDKLGTIAFGDEQGEVFLGRDFGRSKNYSEEVAAEIDEEIKMFITEAYNRSETILIENMDKLHLVAKALLEKEKLEADEFESLISTGKYPDGSSVEEISEKKKESEDISTEVKEENDKEMTLEDFEKKDL,50.8,120,117,31.624,37,76,62,2,4,52.99,18,/stor/work/Wilke/crisprtn7/reblast2/GCF_000577895.1_M2_40_genomic.fna
NZ_HG917868.1,2704717..2746693,cas10,2707021..2706524,lcl|2707021|2706524|1|-1,-1,"gi|289192066|ref|YP_003458007.1|CAS-III|cas10|LS,CASCADE",1.71e-07,"gi|289192066|ref|YP_003458007.1|CAS-III|cas10|LS,CASCADE cas10",MIEEIILKMIEYFDGDIKRINHAIKVYQFAKLISSRENMKEDEYKGLEIAAILHDIGIKNAERKYNSSAGNYQEIEGPEVAEELLNEFNIDKDTIERIKFLIGNHHSYNNIDKIDFQILIESDFLVNIDEDNIEIEAIKIIKDKYFKTNIGIKLIESMYINKKIK,48.5,114,98,38.776,38,55,55,5,5,56.12,58,/stor/work/Wilke/crisprtn7/reblast2/GCF_000577895.1_M2_40_genomic.fna
NZ_HG917868.1,2704717..2746693,cas10,2727122..2726727,lcl|2727122|2726727|3|-1,-1,"gi|258516134|ref|YP_003192356.1|CAS-III|cas10|LS,CASCADE",0.001,"gi|258516134|ref|YP_003192356.1|CAS-III|cas10|LS,CASCADE cas10",MADLMREITIPVTMDFMAVSSYGNGTSSTGVVRILKDLDFEIKDKNIIIVEDIIDSGITLSYLVDYLKNRGPKNIEIAALLTKPERNKVKVDAKYIGYEVPDKFVVGYGLDYAEKYRNLPYIGVLKEEIYK,36.2,82,72,31.944,23,44,36,1,5,50.00,55,/stor/work/Wilke/crisprtn7/reblast2/GCF_000577895.1_M2_40_genomic.fna
NZ_HG917868.1,2704717..2746693,cas3,2742660..2739154,lcl|2742660|2739154|2|-1,-1,gi|14590771|ref|NP_142841.1|CAS-I|cas3|cas3,7.97e-08,gi|14590771|ref|NP_142841.1|CAS-I|cas3|cas3 cas3,MRLQGLFTPIVSSGKFENVLRGIKNNQFPININGLSESGKAYAIWSLFESSDDSIVIFTSSDVESKKLHEELSFFTTNAYYFPTKDIVFYNITAISGDLIWERLKVFKELVGNGKRIIVTSIETLRGLYIPIDVMKKYHFKLKEGKEVDELELVEKLVESGYERVEVVEGRGQFSKRGGIIDIFPPVSRYPYRIELFGDEIDSIRTFNVESQRSIEKVKTAEITPAKEVIIPKSICNDSIERIKEDLEKVKISLGNNNEAKDKLSDIVSKNIESLIERGSFETVDSYLTYFYDKPADFLEYFNNPIVIVDEVDRSVGKLESLGYEFLEDYNTYLSRGDILPRQGDIVLSKDVIVEKIEGSKLITLSMLTKGDKYFPSYLTVNFNQTTLNSYQGKMEFFIDDIKERKASGDKIVILSGTRARGERLEKNLREEDIEALYKDSFDEILDGQVIITFGMIDKGFQFPDLGLSVISDKELFGQGKRKSKKKNKAKGIGKIKSFTELNPGDYVVHVSHGIGVYKGITQLEIDNVKKDFLEISYAKDDKVYVPVEQFDLIQKYIGSEGKIPKINKLGGNEWQKAKSKVRSSINVIAEDLVKLYAARSAITGYSYRKDTPWQKQFEDEFPYEETEDQLLAIEDIKKDMESNKPMDRLLCGDVGYGKTEVAMRAAFKSVMDGKQVAILVPTTILAEQHFKNFKERFSGFPVNIDMISRFKTAASIKKTLTALKEGNVDILIGTHKILGASVQFKDLGLLIIDEEQRFGVKHKEKIKEFKKNVDVLTLTATPIPRTLHMSLTGVRGISVIETPPENRYPVQTYVVEYNDQLIRDAILREINRGGQVFFVYNRVESIMEMESYLSNIVPEAKIITAHGRMKENELENVMVSFMKGEYDILLATTIIETGIDIQNANTMIIYDADKMGLSQLYQLRGRVGRTNRMAYAYLMYRKDKVLTEVAEKRLKAIKDFTELGSGFKVAMRDLEIRGAGNLMGSAQHGHMASIGYDLYCKMLEDTIKVIKGEIDKEVVDTVVDIKVNAYIPNNYIEDEVTKIEIYKKIASIESKEEKEEIIEEIIDRFGDIPTSVNNLIDISYIRVLGKNLGIIEIKDKNSLIDIKFDNRDRITGNMITNVVEKYSRRISFKDGENPVMSYSIEKRDKILVEIKTIIEDITKFVEE,55.1,131,328,25.305,83,190,134,12,55,40.85,25,/stor/work/Wilke/crisprtn7/reblast2/GCF_000577895.1_M2_40_genomic.fna
NZ_HG917868.1,2704717..2746693,glmS,2746416..2745736,lcl|2746416|2745736|2|-1,-1,WP_035343592.1,4.89e-10,WP_035343592.1 glmS two-component system response regulator GlrR [Dickeya],MNNKILIVDDDKNICELIKLYVESEGFVTKVISEGDKVFDTFKEWQPDLIVLDVMLPGKSGFEILKDIKEDSNVPVIMLTAKGSTYDKITGLDSGADDYIVKPFDARELIARIKAVLRRSNGSENNDNDVLVFNDLKIDISSYTVYLGEKEIKMPPKELELLHFLAMNKNKVFTREELLCRVWGYDYPGDSRTVDVHIKRIREKVSDGEGWSLQTVWGVGYKFEVK,56.2,134,102,25.490,26,75,52,1,1,50.98,45,/stor/work/Wilke/crisprtn7/reblast2/GCF_000577895.1_M2_40_genomic.fna
NZ_HG917868.1,2746801..2823518,tnsA,2767496..2766801,lcl|2767496|2766801|3|-1,-1,UniRef50_A0A3M5N9X7,8.65e-07,UniRef50_A0A3M5N9X7 tnsA HTH gntR-type domain-containing protein n=380 Tax=Bacteria TaxID=2 RepID=A0A3M5N9X7_PSEAZ,MYNIIVNKIENRDYQTNDKLPSEKELMNQYSVSRDTVRKALNMLEQNGYIQKSKGKGSFVLDINKFNFPSSGVVSFKELAEKYSSNIETFVEVLECIYPNKNIAKGLETSESEKTWKVVRTRSFDGEKVILDKDYILKKFVDELTYDVCKDSLYEYIENVLGLKIAYAKREITVQNATEEDKKYLDMKGFEMIVVVRSYTYLDDTSLFQYTESRHRPDKFIFVDFARRHQC,46.2,108,70,32.857,23,44,38,1,3,54.29,29,/stor/work/Wilke/crisprtn7/reblast2/GCF_000577895.1_M2_40_genomic.fna
NZ_HG917868.1,2746801..2823518,tnsB,2803518..2802118,lcl|2803518|2802118|2|-1,-1,UniRef100_A0A5B2STZ8,6.00e-04,UniRef100_A0A5B2STZ8 tnsB Transposon Tn7 transposition protein TnsB n=2 Tax=Bacillus TaxID=1386 RepID=A0A5B2STZ8_BACCE,MESYHQIILMSYGDDLNIIKTRNATENNVNIIKSRFHSIINNKYEEDDEGYAFFREENSSYISKIVICKEKKIIHTIVKENGYFDNYPIAYINSNILNMDYKNITLYEIEKMIVGEDISPESVSGFIVARPNNNYNESRIRILKRLINILILSKEDHRKIILKDSGKNCLMWIGALCFLFPVRLAQDISFNSLSNGIDNNFDINCVKEKNDITISLYVENESKYYIHDLIEGLESKPALDTRYANLAQIGYTISYDNIKAVTNFMDKFQYFNIRQDIDDCYNLYSFIYTMSSTEAERIIKGIKFLDRYGDKYVKYGIINILELRITSNICTISNEVALAFIDLMHDVSEGYNDDKFYKKSFRFLAMYINELTIMRKYMRTEDVVNFFENVYYKNRDKRDLIIKYLLGKANANYIKKYIKDDRVLDVYSTIINVIGNDGEDAEWYVKALIENRLSGHKYEDTRHRYG,40.0,92,154,24.026,37,101,69,4,16,44.81,30,/stor/work/Wilke/crisprtn7/reblast2/GCF_000577895.1_M2_40_genomic.fna
NZ_HG917868.1,2746801..2823518,csm5,2804490..2803549,lcl|2804490|2803549|2|-1,-1,"gi|317051211|ref|YP_004112327.1|CAS-III-A|csm5gr7|G7,CASCADE",0.002,"gi|317051211|ref|YP_004112327.1|CAS-III-A|csm5gr7|G7,CASCADE csm5",MKIRFGYVAIALGLDKNVTSSSTVTFSNYSKMHNDEERLNKLKKVTLSNLEALKKILEYNVEKNIHFYRMTSALIPLATHPEVKNWDYKKYFKKEFKEIGDIIKKSNMRVDAHPDQFNVINSNRSEVVEATKRNLMHFCEIFQLMNYDDYKLVLHIGGATGGKEKALDRFKDNITGFDEKIRKKIIIENDDKTYTMKETLELCESLKIPMVLDVHHHNCNNNGERIEEYLERIFNTWTSEKLPPKVHFSSPKDGIRDRKHHEYINIEEMRKFINITKLLGESFDIMIEAKMKDLAMFKVVSELKKSEFDIELE,38.1,87,78,30.769,24,48,43,2,6,55.13,23,/stor/work/Wilke/crisprtn7/reblast2/GCF_000577895.1_M2_40_genomic.fna
NZ_HG917868.1,2746801..2823518,xre,2790920..2791606,lcl|2790920|2791606|2|1,1,tr|A0A657RI08|A0A657RI08_9BACI,5.79e-05,tr|A0A657RI08|A0A657RI08_9BACI xre Transcriptional regulator OS=Bacillus intestinalis OX=1963032 GN=CE489_07930 PE=4 SV=1,MSRIGEKIKNLRNKKGLTQKQLSKKLGVSESFINDIELGRKIINESLMSKLTKVLGEDLNDLTLSNDTPSEPINKVNTSEFMSQKNKQSKETPINSIWTDALSSVVKSVPVYNYELKTLSTIPRVVNNNKIENFNSDKVFYLIIEDTDLSEYRIEKGDKGFLVKIGELENNSLCFIEYKNQRSIKYIKNLGNGKYLLLSKGGKFSETVDKKNIKPLGKLINIEFNFKD,31.2,69,68,29.412,20,46,35,1,2,51.47,30,/stor/work/Wilke/crisprtn7/reblast2/GCF_000577895.1_M2_40_genomic.fna
NZ_HG917868.1,2863718..2904476,tnsA,2884476..2883718,lcl|2884476|2883718|2|-1,-1,UniRef50_A0A1C6RKQ5,1.86e-07,"UniRef50_A0A1C6RKQ5 tnsA Murein DD-endopeptidase MepM and murein hydrolase activator NlpD, contain LysM domain n=2 Tax=Micromonospora inyonensis TaxID=47866 RepID=A0A1C6RKQ5_9ACTN",MNKKVKIISLVFSIILVSVVFLREIRVVYGEDDTKHGVLVNIDGIDRIVFENKEDIDIYLNKVKEIYMERHNDLTNIEIRSNIVYKEGDFFISEFSTPSDYARYTMDTEENILQIYSQSKSCGTEGEEVSLPTRGVITSSFGSRSDPFNGSESFHKGIDIGAPMNSSIYSPVEGKVILSGWVSGYGNTLIIAAGDMEVLFGHCNELLLKSGDTVCVGQEIARVGSTGNSTGPHLHLEVKENGNIISPSDLLK,49.7,117,52,46.154,24,27,34,1,1,65.38,20,/stor/work/Wilke/crisprtn7/reblast2/GCF_000577895.1_M2_40_genomic.fna
NZ_HG917868.1,2863718..2904476,cas3,2892982..2894049,lcl|2892982|2894049|1|1,1,gi|288959581|ref|YP_003449922.1|CAS-I-U|cas3|cas3,3.64e-04,gi|288959581|ref|YP_003449922.1|CAS-I-U|cas3|cas3 cas3,MEMIFVKNLKGGEILAKTIFNTSGSLLINAGTTITTKLISLLESNNIFFVFILANDPYAVPKDKIMEDLKNKAIDHLPEIFTSILSCDQTNEDYLINIVDELSEHIFYSPEITTTLFQVQQFDNYTYLHCVDTGIMAMYLGTAMGYSKNQVKDLGLAGFLHDIGKLDIPNNILNKPGRLTSSEYKIMQTHAEKTNKILNSTNIFSKEVIDGASQHHEHYDGSGYPNGLSGNNISEFGRILALCDVFTAISSNRCYREKFNANEAYEFILANRGILFDPKIVDIFKETFSIYPIGCYVRLSNELEGYVIKQNPGFADRPILKILYDKNKKIRLEKPYEFDLLKNINVTIQEVVMNK,41.2,95,63,33.333,21,29,31,1,13,49.21,14,/stor/work/Wilke/crisprtn7/reblast2/GCF_000577895.1_M2_40_genomic.fna
NZ_HG917868.1,2863718..2904476,DEDDh,2894698..2894075,lcl|2894698|2894075|1|-1,-1,gi|189425539|ref|YP_001952716.1|CAS-I|DEDDh|DEDDh,9.82e-09,gi|189425539|ref|YP_001952716.1|CAS-I|DEDDh|DEDDh DEDDh,MENIIMKILMFDTETTGLRPGQICQLSYIVIDNSIKPYKVYGKNFFFSVDFMEESAEQIHGFSKELLEELSGGITFGECYHEFIEDFMNSDIISGHNVMFDIKFIKEEFKRVGIEFTPNIEFCTMKYYKNICNIISRQGDIKNPKLSELMDFLDISEEDIENTSMKLFGDTRSFHDARFDTTAVYMALIDGIRKGYIPPKYFSSMCK,51.6,122,193,25.389,49,106,87,10,38,45.08,88,/stor/work/Wilke/crisprtn7/reblast2/GCF_000577895.1_M2_40_genomic.fna
NZ_HG917868.1,2863718..2904476,glmS,2902268..2900568,lcl|2902268|2900568|3|-1,-1,WP_035343592.1,5.08e-06,WP_035343592.1 glmS two-component system response regulator GlrR [Dickeya],MIISDGRYSNGIPSGETVYEALDQVNVYMAEEVARKYVQNQVEVEVENFLMTKQDKYMDDIRLSIIKKKKGPENTGTLRKYENLEKLSSRELTENLMVHLRPHKFSEIIGQERAIKSLISKIASPYPQHIILYGPPGVGKTSAARLALEEAKQLEYTPYDDDSKFVEVDGTTLRWDPREITNPLLGSVHDPIYQGSKRDLAETGIPEPKPGLVTEAHGGILFIDEIGELDSTLQNKLLKVLEDKKVEFSSAYYDPDDETVPKYIKYLFDNGAPADFVLIGATTREPKDINPALRSRCTEVYFEPLTSMDIVKIIEESSKKLDVRLEDGVAEEISKYTIEGRKAINILSDVYSSVVYKNKGIRDGLVITLKDIEEVISINRLTPYDHIEELNQGEVGKVYGLGVSGYMGSTIEIEAVTFKSNEKGKGKIRFNETAGSMAKDSVFNATSVIRKVCGVDLSDYDVHVNIVGGGNIDGPSAGAAITLAIISSITNKEIRGDVAITGEISLRGKVKPVGGVFEKIYGARRRGIKKVLIPKENIKDVPYELSGIEVISVDTIEDVIKEALRH,46.6,109,46,50.000,23,23,31,0,0,67.39,8,/stor/work/Wilke/crisprtn7/reblast2/GCF_000577895.1_M2_40_genomic.fna
NZ_HG917868.1,2863718..2904476,CRISPR array,2899090..2899162,,,,,"Copies: 2, Repeat: 22, Spacer: 28",TAAAAGTTATCCACAACTTAAC,,,,,,,,,,,,/stor/work/Wilke/crisprtn7/reblast2/GCF_000577895.1_M2_40_genomic.fna
NZ_HG917869.1,6738..112861,tniQ,26738..27211,lcl|26738|27211|2|1,1,tr|A0A417XIF4|A0A417XIF4_9CLOT,4.35e-07,tr|A0A417XIF4|A0A417XIF4_9CLOT tniQ GNAT family N-acetyltransferase OS=Clostridium sp. OF09-10 OX=2292309 GN=DXA91_00825 PE=4 SV=1,MEQADFKDLAEMLQNPKVMYAYEHDFSDEDVQVWLDRQRNRYKKYGFGLWAMILKSTGCMIGQAGLTMQKYRGSEVLEIGYLLKQDYWHCGYAREAARGCKKYTFEQLNKEKVHSIIKSDNWASMKVAESIGMKKEDEFITQFYNGDMLHYLYSIYK,45.1,105,91,35.165,32,55,43,3,4,47.25,57,/stor/work/Wilke/crisprtn7/reblast2/GCF_000577895.1_M2_40_genomic.fna
NZ_HG917869.1,6738..112861,tniQ,29963..31213,lcl|29963|31213|2|1,1,tr|A0A5M8RMM3|A0A5M8RMM3_BACCE,4.24e-05,tr|A0A5M8RMM3|A0A5M8RMM3_BACCE tniQ Uncharacterized protein OS=Bacillus cereus OX=1396 GN=DX932_32040 PE=4 SV=1,MLNSIKVGNFIMNKRKELGMTQQQLADKLKVSFQAVSKWENGITYPNIEILYELAITLNVTVDEILVGSEKETEGLSYSKAGIDITYTDTIKREMAKHLETSDVRVLNGLGPFASLYDINFPRINEPVLVLKSEEPGSKQKLAMEFGYTESICHDMINHLVNDIVVMGAKPLAVLDTIVCGKAERDTIKTLVKGVADACRENECFLVGGETSIQPLVVDSGVYVLTSSIVGIVEKSKVIDGSKIEDGDVVLAIASNGLHTNGYSLVRLLMDKMPQIKLDKIDGLTFIEQIMKPHTPYYKAIKELFSEDVIHGMAHITGGGIEGNLCRIMPDGLSAKIDLSKLQVLNIFKYIRNNGNISDEEMLHTFNCGVGFNVVVSQKHKDTVINHIKKYYNCYEIGKIEKGDAKIVFENRLNWV,43.5,101,160,23.750,38,96,64,2,26,40.00,38,/stor/work/Wilke/crisprtn7/reblast2/GCF_000577895.1_M2_40_genomic.fna
NZ_HG917869.1,6738..112861,tniQ,53248..54981,lcl|53248|54981|1|1,1,tr|A0A081NVM8|A0A081NVM8_9BACL,1.40e-07,tr|A0A081NVM8|A0A081NVM8_9BACL tniQ ABC transporter domain-containing protein OS=Paenibacillus tyrfis OX=1501230 GN=ET33_22665 PE=4 SV=1,MLKKLQHRYALSEKGAKDMVKAFCCCVISNLALMFPVGLLYNLVSDIMNEGTLSGRFTFYIIGSILCLLLIAVTTYLQYNATFLATYVESGVRRISLAEKLRKLPLSFFGKKDLSDLTSTIMADCSTMETASSHWIPELIGSLISTVIIAISLFFFDWRMALASLWVLPISVAIVLLSSKVQYNLGKRHMKLKMDCADGIQECLETIRDLKSNNAEKEYLDGLDRKIKAVEKHSIVNELGTAVFVASAQMILKLGIVTTTLVGGILLQNGTLNILTFFMFLLVVSRIYDPMQMSLQNLAAIISTKVQCERMNEILEHPVQSGAMSLCNNGCDITFKNVGFSYDDRETVLSDVSFTAKQGEVTALIGPSGGGKTTVSRLATRFWDITKGKITVGGMDISKIDPETLLSLYSIVFQDVTLFNNTVMENIRIGRKDATDKEVLEAARYAHCDEFVEKLPQRYNTMIGENGSELSGGERQRISIARAFLKNAPIILLDEATASLDVDNETLIQESISKLIKDKTVMIIAHRMRTVAAADKIVVLKDGVVAQQGTPDKLINEDGIYRNMVMLQAESGNWKMN,52.0,123,136,30.882,42,78,63,4,16,46.32,23,/stor/work/Wilke/crisprtn7/reblast2/GCF_000577895.1_M2_40_genomic.fna
NZ_HG917869.1,6738..112861,tniQ,92211..92861,lcl|92211|92861|3|1,1,tr|A0A1Y6FWR0|A0A1Y6FWR0_9BACI,6.71e-05,tr|A0A1Y6FWR0|A0A1Y6FWR0_9BACI tniQ TniQ protein OS=Bacillus sp. OV166 OX=1882763 GN=SAMN05444673_3903 PE=4 SV=1,MSIGEKINDLRKKNNLSQDQFAELFNVTRQTVSNWENGKSYPDLEMTLKISNKFRISVDELLQNNETIVRKINSEKKEKSNLLILLGILFFAVIVFVFCFYIKYEEKNEISFEMNKSKTYHTQETNRSFLDAGVGYFTLIKDGKVDIKAIGDTDDGELHIVITDDKNKKIYYQIDGEEIEDSQSVYFNSGSYMIQVTADDYTEDIVSLTYHVKVNN,40.8,94,44,38.636,17,27,28,0,0,63.64,20,/stor/work/Wilke/crisprtn7/reblast2/GCF_000577895.1_M2_40_genomic.fna
NZ_HG917869.1,6738..112861,guaC,101581..102978,lcl|101581|102978|1|1,1,ALD18734.1,1.00e-16,"ALD18734.1 guaC translation elongation factor 1-alpha, partial [Amanita aff. basii SS-CUAJ-OAX-MX-2013-1]",MKGLLKFITCGSVDDGKSTLIGHILYDSKLLYADQARALELDSKVGSREGDIDYSLLLDGLMAEREQGITIDVAYRYFTTDARSFIVADTPGHEEYTRNMAVGASFADLSIILVDAKKGVQVQTRRHSRICSLMGIRYFVFAINKMDLVNYDEETFNNIREEIYKLAGELSLENVKIIPLSATEGDNLTTKSSNMTWYKEEPLLTYLENVDIEDDNKEEGFYLPVQRVCRPNHTFRGFQGEIESGAIAVGDEVVTLPSKEKAVVKTILNGSENVKEAYKGQAVTIQLDKEVDISRGCVISKGANINISNLITTKILWMDDNNLVPGREYFIKIGTKLVVAEVKDIIYKIDINTGEHLDAEELVKNEIALCDIKISEKIIVDEFKNHKTLGEFILIDRITNMTSACGVIEKITVGDNDEDKIQTNLDNKLKIVKNQIEDINSGTITLIVENGELVAIEKNEKIILD,75.1,183,111,34.234,38,64,61,2,9,54.95,22,/stor/work/Wilke/crisprtn7/reblast2/GCF_000577895.1_M2_40_genomic.fna
NZ_HG917869.1,6738..112861,xre,29963..31213,lcl|29963|31213|2|1,1,tr|A0A5M8S2Q9|A0A5M8S2Q9_BACAT,1.67e-10,tr|A0A5M8S2Q9|A0A5M8S2Q9_BACAT xre XRE family transcriptional regulator OS=Bacillus atrophaeus OX=1452 GN=DX926_05700 PE=4 SV=1,MLNSIKVGNFIMNKRKELGMTQQQLADKLKVSFQAVSKWENGITYPNIEILYELAITLNVTVDEILVGSEKETEGLSYSKAGIDITYTDTIKREMAKHLETSDVRVLNGLGPFASLYDINFPRINEPVLVLKSEEPGSKQKLAMEFGYTESICHDMINHLVNDIVVMGAKPLAVLDTIVCGKAERDTIKTLVKGVADACRENECFLVGGETSIQPLVVDSGVYVLTSSIVGIVEKSKVIDGSKIEDGDVVLAIASNGLHTNGYSLVRLLMDKMPQIKLDKIDGLTFIEQIMKPHTPYYKAIKELFSEDVIHGMAHITGGGIEGNLCRIMPDGLSAKIDLSKLQVLNIFKYIRNNGNISDEEMLHTFNCGVGFNVVVSQKHKDTVINHIKKYYNCYEIGKIEKGDAKIVFENRLNWV,48.1,113,69,36.232,25,44,40,0,0,57.97,17,/stor/work/Wilke/crisprtn7/reblast2/GCF_000577895.1_M2_40_genomic.fna
NZ_HG917869.1,6738..112861,xre,92211..92861,lcl|92211|92861|3|1,1,tr|A0A150F2Z7|A0A150F2Z7_9BACI,7.70e-10,tr|A0A150F2Z7|A0A150F2Z7_9BACI xre XRE family transcriptional regulator OS=Bacillus nakamurai OX=1793963 GN=AXI58_04480 PE=4 SV=1,MSIGEKINDLRKKNNLSQDQFAELFNVTRQTVSNWENGKSYPDLEMTLKISNKFRISVDELLQNNETIVRKINSEKKEKSNLLILLGILFFAVIVFVFCFYIKYEEKNEISFEMNKSKTYHTQETNRSFLDAGVGYFTLIKDGKVDIKAIGDTDDGELHIVITDDKNKKIYYQIDGEEIEDSQSVYFNSGSYMIQVTADDYTEDIVSLTYHVKVNN,45.1,105,64,35.938,23,39,38,1,2,59.38,30,/stor/work/Wilke/crisprtn7/reblast2/GCF_000577895.1_M2_40_genomic.fna
NZ_HG917869.1,6738..112861,CRISPR array,90443..91454,,,,,"Copies: 16, Repeat: 30, Spacer: 35",GTTGAACAATAACATGTGATGTTTTTAAAT,,,,,,,,,,,,/stor/work/Wilke/crisprtn7/reblast2/GCF_000577895.1_M2_40_genomic.fna
NZ_HG917869.1,128676..282132,tniQ,149563..148676,lcl|149563|148676|2|-1,-1,tr|A0A1I4XMQ4|A0A1I4XMQ4_9PSEU,2.57e-05,"tr|A0A1I4XMQ4|A0A1I4XMQ4_9PSEU tniQ Regulatory helix-turn-helix protein, lysR family OS=Saccharopolyspora antimicrobica OX=455193 GN=SAMN05421805_103510 PE=4 SV=1",MDLRQLNTFLTISKLQNFTAAANELGYAQSTITTQIKLLEEELGVRLFERMGKSISLTYEGTKLIPYAKQMLKLDNEIRTAVFNEEKPSGTLVIGAAESLCVLRLPKILKEYKNLYPEVDISLTFGNCSTFRDMLKNNLIDIAFSLGRKIDSEDFIADTEIEEEMLLLSNTSNPLVHKDTIYPIDLKDQFFILTDKGCSYRAALENILKENNIKPKIALETSSVQAIKQFTISGLGITMLPKVAVKEELESGKLVKLNYCGPNLNIVSQVLYHKDKWISPAMKEFMILSKKYLGQ,43.5,101,63,39.683,25,36,33,1,2,52.38,21,/stor/work/Wilke/crisprtn7/reblast2/GCF_000577895.1_M2_40_genomic.fna
NZ_HG917869.1,128676..282132,tniQ,188620..189027,lcl|188620|189027|1|1,1,tr|A0A5E7MRU1|A0A5E7MRU1_PSEFL,6.65e-04,tr|A0A5E7MRU1|A0A5E7MRU1_PSEFL tniQ Uncharacterized protein OS=Pseudomonas fluorescens OX=294 GN=PS854_04116 PE=4 SV=1,MEYNIGHIVKELKINKETIRYYEKIGLLEEIKKDSNGYRIYTDDDIERIKFILMAKEYYFTLKEIAILLKKVFPKSSGLKQDEIIEIVDDKVDEIDKKIDELKIIKKVLIKVKNNVLINKNACYFGKSKEEIVNL,36.6,83,85,35.294,30,47,40,3,8,47.06,61,/stor/work/Wilke/crisprtn7/reblast2/GCF_000577895.1_M2_40_genomic.fna
NZ_HG917869.1,128676..282132,tniQ,222722..223225,lcl|222722|223225|2|1,1,tr|A0A417XIF4|A0A417XIF4_9CLOT,7.26e-05,tr|A0A417XIF4|A0A417XIF4_9CLOT tniQ GNAT family N-acetyltransferase OS=Clostridium sp. OF09-10 OX=2292309 GN=DXA91_00825 PE=4 SV=1,MITTRRLVLKPYSERDQEDMIELLTNEKIKETFIIPDFNTRDEAVSMFKKLQEYSLSENHYELGIYKDQHLIGFINDVDMDDVKIEIGYVIHPDFHNKGYATEALAAVIEDLFKKGFCEVITGAFISNKASCRVMEKCGMERIDKEEDMFYHDKLHHCIYYSIKKTK,39.3,90,77,37.662,29,43,37,3,5,48.05,45,/stor/work/Wilke/crisprtn7/reblast2/GCF_000577895.1_M2_40_genomic.fna
NZ_HG917869.1,128676..282132,tniQ,260131..260625,lcl|260131|260625|1|1,1,tr|A0A1Z4HVC2|A0A1Z4HVC2_9NOSO,4.94e-04,tr|A0A1Z4HVC2|A0A1Z4HVC2_9NOSO tniQ TetR family transcriptional regulator OS=Nostoc carneum NIES-2107 OX=1973483 GN=NIES2107_54210 PE=4 SV=1,MDTQKIGRFIAEARKKKNYTQAEFGEYLNVTDKAVSKWECGKCLPDSSLFEEISKVLEVSMNELLKGEYIEQENVEIESNKTINSLLYEIQKLKRNESLIGALCAISISFITAIYSAIWQPGRKAYEQFFSGFIEAISGCCLVLGIILIFYTWVKYSKKNSNKN,37.4,85,63,31.746,20,43,33,0,0,52.38,38,/stor/work/Wilke/crisprtn7/reblast2/GCF_000577895.1_M2_40_genomic.fna
NZ_HG917869.1,128676..282132,tniQ,261569..262132,lcl|261569|262132|2|1,1,tr|A0A417XIF4|A0A417XIF4_9CLOT,4.17e-04,tr|A0A417XIF4|A0A417XIF4_9CLOT tniQ GNAT family N-acetyltransferase OS=Clostridium sp. OF09-10 OX=2292309 GN=DXA91_00825 PE=4 SV=1,MLTHMGTQVIETERLIMRRFKYSDDDAMLKYWVADEKIQSLYSEPTYNTKDEVRGLLDKYISSYENSDYYRWAIIDKVTKECIGQIAYFLVDSKNHFAEIEYCIGSAFQCKGLATEATKAVIKYGFERMNLHKVQICTKTINKPSQRVIEKCGFLYEGTLRDYFFMDNQYVGRMYYSLLRSEFKNNR,37.4,85,87,31.034,27,58,36,1,2,41.38,47,/stor/work/Wilke/crisprtn7/reblast2/GCF_000577895.1_M2_40_genomic.fna
NZ_HG917869.1,128676..282132,cas3,168442..169209,lcl|168442|169209|1|1,1,gi|386332751|ref|YP_006028920.1|CAS-I|cas3|cas3,0.007,gi|386332751|ref|YP_006028920.1|CAS-I|cas3|cas3 cas3,MAFLEIKNLKKIYTTRFGGNKVEALKDISFSVEEGEYIAVMGESGSGKTTLLNILAALDKPSSGEVLLEGNSILNIKEKEISAFRRNHLGFVFQDFNLLDTFSLKDNIFLPLVLSGKDFQYMDNRLQPIATKLCIKDILEKYPYEVSGGQKQRAAVARALITNPKLILADEPTGALDSKSATELLELFADINEAGQTIVMVTHSTKAASHASRVLFIKDGNVFHQLYRGTMSNNEMYEKISDTLTVLSTGGEENE,36.2,82,108,28.704,31,56,47,3,21,43.52,42,/stor/work/Wilke/crisprtn7/reblast2/GCF_000577895.1_M2_40_genomic.fna
NZ_HG917869.1,128676..282132,csn2,222722..223225,lcl|222722|223225|2|1,1,gi|169823758|ref|YP_001691369.1|CAS-II-A|csn2|csn2,0.002,gi|169823758|ref|YP_001691369.1|CAS-II-A|csn2|csn2 csn2,MITTRRLVLKPYSERDQEDMIELLTNEKIKETFIIPDFNTRDEAVSMFKKLQEYSLSENHYELGIYKDQHLIGFINDVDMDDVKIEIGYVIHPDFHNKGYATEALAAVIEDLFKKGFCEVITGAFISNKASCRVMEKCGMERIDKEEDMFYHDKLHHCIYYSIKKTK,36.2,82,68,35.294,24,43,35,1,1,51.47,40,/stor/work/Wilke/crisprtn7/reblast2/GCF_000577895.1_M2_40_genomic.fna
NZ_HG917869.1,128676..282132,DEDDh,240636..241553,lcl|240636|241553|3|1,1,gi|189425539|ref|YP_001952716.1|CAS-I|DEDDh|DEDDh,3.34e-12,gi|189425539|ref|YP_001952716.1|CAS-I|DEDDh|DEDDh DEDDh,MNFIAIDFETANEKRNSPCSIGIIVVKNGNVVEKIHHLIRPKEMRFMPINIGIHGIRPAMVENELEFDKVWDKVKHHFNNNLVVAHNASFDISVLRNTLDLYGIEAPEFNYICTMKLARNFYRDLDNAKLNTVNNFLGYEFKHHDALDDALACSNILLNISNELEIKDINEISRLLGVTIGTVNNSGYTPSSTKGRVYRTSCREEVRSCRNILDNFKPGAFENEVVVFTGKLSSMDRSDAMILVRRLGGTVGTSVTKKTTILVTNIKDIENLRRNEMSNKLRKAVDLKEKGQSIKIIDELEFLNY,62.4,150,167,29.341,49,103,76,5,15,45.51,51,/stor/work/Wilke/crisprtn7/reblast2/GCF_000577895.1_M2_40_genomic.fna
NZ_HG917869.1,128676..282132,cas3,250167..255452,lcl|250167|255452|3|1,1,gi|386346436|ref|YP_006044685.1|CAS-I|cas3|cas3,3.02e-05,gi|386346436|ref|YP_006044685.1|CAS-I|cas3|cas3 cas3,MDKYTIESTHEALKNKMINYIKTIYLGKNEDLLEACNEELSKPGILFQEPYIEGNPAYLKIEGGIKNSPYITPEIKDVLLEMIKIDIGVFSSPYKHQIAALEGFCDNKDLFIATGTGSGKTECFMWPMVSSIVSEAINNKSTWQQEGVRALMLYPMNALVSDQLGRLRKMIGDDNKKFHNMFKKLTECERVPKFGMYTGRTPYAGEQNEKRDIELADTLTKELKLNNPDLKDNIKKELIKLGKYPSKINLESFVDNLRCGNHITDKYDTELITRQEMQKCCPDILITNYSMLEFMLIRSTEADIWNKTKKWLNLSPDNKLLFIIDEAHMYRGCSGGEVALLIRRLMHKLDIDRSKIRFIMTSASIPENSEKEILEFANNLSANEYTNNNFILLTGEKEKLQYENANDISASNFKDFDISSLQTKTGKGLSHEQIEAIKEFSCCAGYNLNTCDFSDNNAVQSWLYDQLKSSLPMIRIMEKCRGNATQFDNLAYIAFPNDDKRSAKKATSAFLAIAPLAKDKEEVLFPSRLHLMFRGLSGIYACSNPNCSEKHPTNNLNIGKVYINSSKSTCKCGGKIYELLNDRTCGALFFRGYLDTSEVGDKFVWNQKSELTDEFYKEVHFYIVQNNDIKDINRKKKIKICWINSITGKIFYDDSHANELNYLQVAYNEEENKENPTLYTFNSCPKCKKHKLKVTDFSTKGNEPFFNLVSEQLYIQPPTMFDESQIKQTPNAGRKVLLFSDSRQRAATLAKDLTRAADEDAMKKALSVAASELQSWAKKNNKQASMDLLYIVFLKIAYENNLRFFYGKDEDDLRKALEKMEKLYKRTNGNIDYDNKKSKFTHVPGLYKEQLLKQLCSNFRSLTDIGLCWLEPSDDDDLDDVEDSFNENNVNMSISDFKVFFAAWCNEILTDSYALGNDIEDDIRKNITGFDRFGVQLPLKLPDKYIKLLKNNGFTDDNIKVISENLEIFLANGNKNNSSYLNLSQIQLKYEEKHEWYKCNKCGRIFPFKLYDKCAICCNSTPKLMNSDDFEGVNFWRVPVIKALHGDKSVLMTRINTEEHTAQLSHKDQKEKMWSTTEDYEMKFQDIYIGNVKPVDVLSCTTTMEVGIDIGSLTAVGLRNVPPMRENYQQRAGRAGRRSAAISTIVTYTDNGPHDNYYFNNPEKIISGSPSLPWIDIKNEKLINRHLHVVDFAEFIMNNSEDINNLSINTFFDSYYEQFVDFLNNRKLTDKDITQLVPSKMDYVFNNYISVFVKDLETIRLKVSDFPENYKNSTGKDKSVLDVMLEEGVFPTYSFPRDVVGFYIEDYTGSKIEQKPEQSLDRAITEYAPGRIIVVDKKTYKSGGIYNFHSKFSTKNSYTPARHYFNSKDYCRSLFYCNNASCNWFGLKEPSENKCPFCGKSDVKSHVLVKPWGFSPQDGASIKESQAENEVSYAEEPCYSATPNDDDMKTCDGLFNIRFANRSDQPLIILNKGPQSKGFTVCKDCGAAIPGDDINKLKGIGKPFKHPNNKQRCYHSDNVIENVFLGHQFLTDMVVYEIALDPDKINISFDGLWIKSAAQTLSEALILSAGRLLDIDFKDIKSGYRMRYDENKTFIDIFIFDSLSSGAGYSSSLANRSIELFELTKETLISCKNNCDTACHDCLKHYWNQRIQDNLDRFAALDLLNWAMNNELSLPLTFTKQKELIKPLKELVELDTNIKLISKNNKFYIEHGNLLEEVYVYPAMWNEFDNRLSKNSINISDKIIKKALPKAYKKVISSLTR,47.8,112,88,28.409,25,50,46,2,13,52.27,5,/stor/work/Wilke/crisprtn7/reblast2/GCF_000577895.1_M2_40_genomic.fna
NZ_HG917869.1,128676..282132,csx1,263306..263926,lcl|263306|263926|2|1,1,gi|338730931|ref|YP_004660323.1|CAS-III|csx1|CARF,0.001,gi|338730931|ref|YP_004660323.1|CAS-III|csx1|CARF csx1,MSIKVLICDDDSLIRESLKVLLPLKGDIEIVAVAEDGEEAVSICATEEIDVALLDIRMPKMSGVEAVKEIASKTDTKCLILTTFDEEDYINEAMEYGAKGYILKNSTPDQIVQSITSVYNNTIVMNENVLNKFQGNKGGPQFTKYDFTEREKDIIIAISEGLSNKEISKKLFISEGTIRNYITMILDKTDLEHRTAIAVNYLKGNL,37.4,85,48,31.250,15,33,33,0,0,68.75,23,/stor/work/Wilke/crisprtn7/reblast2/GCF_000577895.1_M2_40_genomic.fna
NZ_HG917869.1,128676..282132,glmS,136919..136182,lcl|136919|136182|1|-1,-1,WP_003037350.1,6.26e-29,WP_003037350.1 glmS DNA-binding transcriptional repressor [Enterobacteriaceae],MEMSILFLEERYEQIVECIESEGRVTVKALADKFKVTEDCIRKDLRVLESRDKLKRVYGGAIIQRGHNDIKPLDERKNINLDKKRKVAISAAKLIAPGEVIFLDVSTNNLEIAKILREKDIKLTVITNMLEIVLELKKSNNIRVISIGGEFNKNIGAVIGAAANKHIEKFTFDKSFIGVCGINMETESISTIDIEDGNTKKTIIECSHKSYLVSEDEKFNYDEFYKFASISDIAGIITEKGILRK,107,268,234,30.769,72,157,124,5,5,52.99,95,/stor/work/Wilke/crisprtn7/reblast2/GCF_000577895.1_M2_40_genomic.fna
NZ_HG917869.1,128676..282132,glmS,258121..258666,lcl|258121|258666|1|1,1,WP_035343592.1,8.56e-07,WP_035343592.1 glmS two-component system response regulator GlrR [Dickeya],MIDLVICDIMMPNMDGFELIKELREIYTNLPILIVTAKESKEDKILGFKLGSDDYMVKPIDLEELLMRVKALLRRANINNEHKLTIGDVVLDYDKLTVTKGNEKIELPQKEFYLLYKLLSYPNKIFTRMQLMDDIWGMDVKSDEQTVNVHIRRLREKFSNYNEFEIVTVRGLGYKAVRKDD,45.8,107,64,32.812,21,43,36,0,0,56.25,35,/stor/work/Wilke/crisprtn7/reblast2/GCF_000577895.1_M2_40_genomic.fna
NZ_HG917869.1,128676..282132,glmS,263306..263926,lcl|263306|263926|2|1,1,WP_035343592.1,7.62e-05,WP_035343592.1 glmS two-component system response regulator GlrR [Dickeya],MSIKVLICDDDSLIRESLKVLLPLKGDIEIVAVAEDGEEAVSICATEEIDVALLDIRMPKMSGVEAVKEIASKTDTKCLILTTFDEEDYINEAMEYGAKGYILKNSTPDQIVQSITSVYNNTIVMNENVLNKFQGNKGGPQFTKYDFTEREKDIIIAISEGLSNKEISKKLFISEGTIRNYITMILDKTDLEHRTAIAVNYLKGNL,40.4,93,115,27.826,32,80,57,2,3,49.57,55,/stor/work/Wilke/crisprtn7/reblast2/GCF_000577895.1_M2_40_genomic.fna
NZ_HG917869.1,128676..282132,xre,194144..195202,lcl|194144|195202|2|1,1,tr|A0A150F2Z7|A0A150F2Z7_9BACI,4.59e-07,tr|A0A150F2Z7|A0A150F2Z7_9BACI xre XRE family transcriptional regulator OS=Bacillus nakamurai OX=1793963 GN=AXI58_04480 PE=4 SV=1,MPMNTTIREKRKELGLTQKQIADYLGVSTPAVNKWEAGLTYPDITLLPALARLLKTDLNTLLCYEEELSEKEIGLFINRVTEIFRKKGFKLAFDIAMEKIREYPSSIELINSLTLVLQGCLIMTEISSEEKEFYDEQINSLYERIAESGDSKYSDNAKYMIASRLINNDEYTKAQELLDQLPKYNALDKRNLQGSLYLKEGKIEEAAKIYEYKLLANIQDIQIILTNLVNIAIQEGDKENGNYLAKCGKKVAEMFGLWEYSSFLVPLENAVLNEDIDETLEVLQAMISALLIPWDMKKSPICRHIQQKPTETNLGEQMIPVLLQELENSASYDFLRHVPEFKQLLEKYRSMC,38.1,87,57,33.333,19,38,34,0,0,59.65,16,/stor/work/Wilke/crisprtn7/reblast2/GCF_000577895.1_M2_40_genomic.fna
NZ_HG917869.1,128676..282132,CRISPR array,204332..204407,,,,,"Copies: 2, Repeat: 21, Spacer: 33",TAACTATAGGAAATAATGTTG,,,,,,,,,,,,/stor/work/Wilke/crisprtn7/reblast2/GCF_000577895.1_M2_40_genomic.fna
NZ_HG917869.1,128676..282132,CRISPR array,210204..210284,,,,,"Copies: 2, Repeat: 18, Spacer: 44",ATATATTTTTATCAAGAA,,,,,,,,,,,,/stor/work/Wilke/crisprtn7/reblast2/GCF_000577895.1_M2_40_genomic.fna
NZ_HG917869.1,283942..349450,tnsA,303942..304934,lcl|303942|304934|3|1,1,UniRef50_A0A2D2C3Y7,2.21e-12,UniRef50_A0A2D2C3Y7 tnsA Tn7_Tnp_TnsA_N domain-containing protein n=4 Tax=Paracoccus TaxID=265 RepID=A0A2D2C3Y7_9RHOB,MKQSNKLTIIFVICSFVLLVGGLVLAVRLGSVHITFKDIWNSIFNYNETLELMLVRDVRIPRALSVLITGGILGVTGAMLQGITRNPIAEPSILGISQGATLVIAIFYAAGIGITTRNVMIASFIGAFITGIIVLSFISKKANNNSITKILLAGTAISTFFISLTTVIGLLSNQSQMIGFWVSGGFRNATWSDFKLVFIIGILGLIIAILLSPKINILNLGDDVAIGLGENPERIRFITLMTMIPMCAAAVAVGKNIAFVGLIIPQIVRKTLGEDYRRNIPCSFLLGSVLLTYADIAARMLFDPYETPIGIFTVLIGIPFFISVARKERG,63.9,154,107,38.318,41,62,61,3,4,57.01,32,/stor/work/Wilke/crisprtn7/reblast2/GCF_000577895.1_M2_40_genomic.fna
NZ_HG917869.1,283942..349450,tnsA,304934..305941,lcl|304934|305941|2|1,1,UniRef50_A0A2D2C3Y7,4.35e-14,UniRef50_A0A2D2C3Y7 tnsA Tn7_Tnp_TnsA_N domain-containing protein n=4 Tax=Paracoccus TaxID=265 RepID=A0A2D2C3Y7_9RHOB,MNKNKFKIVTGILIILLLISFVVTLCWGTYKVTPVEVIRTLLGNGTRIQNTAILDIRLPRLLVGIFVAIALSTAGAILQTITKNDLADTGIIGINAGASVAAVLFITYSTGAYYSELGKLSIFVLPLMAIVGAAVTALIIYFMSSRGGIRPKRLLLIGIGLNAGLNAFITFFTFRGGVGDYNRVLVWTSGSLWGSGWSYAKVIIPIVVIMFILVLLNHKKLDVLSLSDELSISLGLNIEKERKKFLTYAVILAGSATAFAGNIGFLGLISPHIAKKLVGPYHRNFIVISAMISVIIMVVADAVSKNLFSPIEIPVGITVSIFGVPYFIYLMMKEK,68.9,167,121,29.752,36,80,72,2,5,59.50,36,/stor/work/Wilke/crisprtn7/reblast2/GCF_000577895.1_M2_40_genomic.fna
NZ_HG917869.1,283942..349450,tnsA,328764..329450,lcl|328764|329450|3|1,1,UniRef50_A0A3M5N9X7,1.49e-15,UniRef50_A0A3M5N9X7 tnsA HTH gntR-type domain-containing protein n=380 Tax=Bacteria TaxID=2 RepID=A0A3M5N9X7_PSEAZ,MIMMAYEKRLSDRVADDILNMITIEKRFLPGDKLPNENDLSKELDISRTTLREAIRILVTNGILEIKRGLGTFVREDISVEKLNELNPLSSAKVNAKDLYEMRLIFEPEAAYLATLRATDDELKKILKLGEKIEEKIRKGEDRTEVEQEFHKSIAKATHNEFMNKLMPVIYEAIDKGVVLSEEKEIAIQDTVIDHRMIVEFMEARNAEGAKNAMKIHILHAIKELDIE,71.2,173,134,28.358,38,95,75,1,1,55.97,59,/stor/work/Wilke/crisprtn7/reblast2/GCF_000577895.1_M2_40_genomic.fna
NZ_HG917869.1,283942..349450,cas3,285433..286536,lcl|285433|286536|1|1,1,gi|219848098|ref|YP_002462531.1|CAS-I|cas3|cas3,9.63e-08,gi|219848098|ref|YP_002462531.1|CAS-I|cas3|cas3 cas3,MTFKQLGISDNLIKILKNNGITVPTEIQDKSIIEILNGRDVIGEAQTGTGKTLAFLLPIFEKISPCSKDIQCLIVTPTRELAIQITEEAMKLKEGKDIGVLAMYGGKDIGSQVKKLQGNIQMVIATPGRLLDHIKRKTVDFKKLKTIVIDEADQMLLMGFRNEIDTIMKERPKKVQVLCYSATMDAAVKKLAYRYMNDPVIVSIKKKEVTLENIKQEVVETTDRWKKDALCTVLDEDNPFMAIIFCRTKRRANELEIVMHQRGYNCKVIHSDIPQNKRERIMKSFRNADIQYLIATDVASRGLDISGVSHIYNYDIPEKVETYIHRIGRTGRAGEEGYTCLFVDPKDLRLLEEIEKEIKFAIPRRLI,52.8,125,341,24.927,85,209,138,16,47,40.47,83,/stor/work/Wilke/crisprtn7/reblast2/GCF_000577895.1_M2_40_genomic.fna
NZ_HG917869.1,283942..349450,DEDDh,319628..323974,lcl|319628|323974|2|1,1,gi|452943617|ref|YP_007499782.1|CAS-I|DEDDh|DEDDh,1.76e-25,gi|452943617|ref|YP_007499782.1|CAS-I|DEDDh|DEDDh DEDDh,MKRICEVFSDYKVGKNIGDAIVEKTILKRKSKVLVMDISSDKYIDVEEIRELNKFIIKRFILNDSIINISYTEEVKQKPIEEAIKNIVLTITEKHPVLKAAASDCDYEISENVIKLKFNAVVSHLFRDLHYDKEIREAIKSLYEKTYDISFIDKVTKEEQIKINYDNEKNKIIDIKKKIKAKPLDSHKNTSNVNTKNEIKEEAKKDKKKNDGSLILGRNANIKESVIKITDITPYEETISIAGEISNIDTKELRSGKILVSFDLYDGSSSITCKSFLKEDQFEEVLARLKKAKGIRILGNSGFSKFSNEVEVIANTIVETEGMKKIVREDKADIKRVELHMHTKMSQMDAMTSATDLIKRAMSWGMKSIAITDHGVVQAFPEAHKLLGRDNPDMKIIYGVEAYLAPDKKPSIFNIKNQSIDTTYCVLDLETTGFSPKIEKITEIGVMKVQDGKVIDTFSCFVNPEKPIPTRVVEVTNITDDMVKNADTIDIVFPKLLSFIKDTVLVAHNAEFDIGFLKHNAKELGYDFDFTYLDTLSLAQELFPDYKSYKLGRIAKKLGIKVDVAHRALDDVDTTVKVFNIMIEMLKERGCKSLEDVLINGADEVAKKEEYKKLKTYHAIILAKNYTGLKNLYKLVSYSHLDYFYKKPRILKSMFKKYSEGLILGSACSEGELFQSILLGKSDEEIEAIARDYDYLEIQPLGNDEYLIRNGLVPDEEYIKDINRKIISLGEKLNKLVVATGDVHFMDPEDEIYRRILEAGQGYKDADNQAPLYLRTTEEMLEEFSYLGDEKAYEVVVTNTNKISDLCQQISPISPEKCPPHIDGCEQTIKDIAYGKAHELYGDPLPEIVQARLDKELDSIIKNGFSVMYIIAQKLVWKSNEDGYLVGSRGSVGSSVVAYMTGITEVNALPPHYRCHKCKYSDFNDYGYKNGFDLPNKKCPVCGETLDKDGMDIPFETFLGFNGDKEPDIDLNFSGEYQSKAHKYTEVIFGKGTTFKAGTIGTIAEKTAFGYVKKYYEEKEISVNSAEIARISKGCTGIKRTTGQHPGGIIVVPKGREIFEFCPVQHPADDPDSDIITTHFDYHSIDQNLLKLDILGHDDPTVIRMLQDITGVDPKTIPLDDKETMSLFSSTEALGLKPEQINSEVGTFGIPEFGTKFVRGMLLDTLPTTFADLLCISGLSHGTDVWLGNAKDLIDAGTVTLSEAVCTRDDIMIYLIKKGLPPNTAFKIMELVRKGKALKDPEKWMEYETLMREHDVPEWYIDSCRKIKYMFPKAHAAAYVMMAFRIAWFKVHIPKAYYAAYFSIRAKAFDAEFMIFGKEKVKAKMKEINMQGNSAAPKDKDMYDDLEIVLEMYERGFKFLPIDLYKSDATKFKVEDDGLRPPINSISGMGNVAAEAIINAIHMEPPISSIDNLKKRGKIGNAAIELLRKFGCLNDLPESDQVSFFDIV,104,259,173,34.682,60,112,95,1,1,54.91,12,/stor/work/Wilke/crisprtn7/reblast2/GCF_000577895.1_M2_40_genomic.fna
NZ_HG917869.1,283942..349450,rsmJ,299896..300711,lcl|299896|300711|1|1,1,WP_071558582.1,3.28e-43,WP_071558582.1 rsmJ class I SAM-dependent methyltransferase [Paenibacillus polymyxa],MVKQMKKDTEEKMKIAVTTTRESDEILNNKAKVISKDLNIPYIKRENYSIRKTIIEDDFDYLLVVEKDRIVIKNEDSTLFWHPSMAEFKIKSIKQGDNVAIMEATQLEEGDSILDCTLGLAGDALIFSAIVGKSGSVVGTEVNKYIAYLCKCGLENYTDINGESITNIKVINESYEKYLSKQSDNSFDVVYFDPMFKEPNKKSTSINSFRDFARHRGLTREIILEALRVCKKRVVIKERRGFNDLDNLGIGKYYGGKKNGSIIYGVIEKKI,146,368,263,31.939,84,173,137,3,6,52.09,96,/stor/work/Wilke/crisprtn7/reblast2/GCF_000577895.1_M2_40_genomic.fna
NZ_HG917869.1,283942..349450,CRISPR array,309360..309427,,,,,"Copies: 2, Repeat: 22, Spacer: 23",TGAATTTAAAGAATTCCCTACG,,,,,,,,,,,,/stor/work/Wilke/crisprtn7/reblast2/GCF_000577895.1_M2_40_genomic.fna
NZ_HG917869.1,359320..450703,tniQ,381104..379320,lcl|381104|379320|1|-1,-1,tr|A0A081NVM8|A0A081NVM8_9BACL,3.80e-07,tr|A0A081NVM8|A0A081NVM8_9BACL tniQ ABC transporter domain-containing protein OS=Paenibacillus tyrfis OX=1501230 GN=ET33_22665 PE=4 SV=1,MSNAIERDEKISSRKRIDIIKRLLKYLSPYSGRSIIVILLMVFVMLCGIINPYLLKVAIDEKVPNNDINGIILIGLSLLSLNILAWILSRIRWTMIYSITNNILINIRHELYSHIQELSFDFFDKRPVGKILARVVGDVNALKNLFNQSIQSLIPELLNLILVAVAMLTLNIKLALICILLLPPLALAMFYIEINSRKRWEIYRNKRSNLNAFTHEEFSGIKIVQAFAKEDYTNNKFENLVSELKHSFNKAVQLNDFFWPLVEIFSGIATVILFAVGYRLFTKGEIEVGTIIAFSMYIGMFWRPIMNLSNFYNTLITNFAAAERIFDILDIDPAIKDTKYAKKMKKIKGSVEFKNVNFAYENNIRILKDISFTVKPGEKVALVGSTGAGKSTIVSLLSRFYDVSNGEILVDGENINKVELESYRSQMGVMLQDTFLFSTTIMENIRYGRLDATDDEVIEAAKSVNAHEFIMKLEKGYNTEVNERGSRLSLGQRQLISFARALLANPRILILDEATANIDTETEKLVQYGIEKLLEGRTSFVIAHRLSTIRDCHKIMVIEGGQIVEMGTHEELLDNKGIYYNLYMAQYSFIKEGA,50.4,119,90,31.111,28,60,48,1,2,53.33,15,/stor/work/Wilke/crisprtn7/reblast2/GCF_000577895.1_M2_40_genomic.fna
NZ_HG917869.1,359320..450703,tniQ,382777..381104,lcl|382777|381104|2|-1,-1,tr|A0A081NVM8|A0A081NVM8_9BACL,4.96e-04,tr|A0A081NVM8|A0A081NVM8_9BACL tniQ ABC transporter domain-containing protein OS=Paenibacillus tyrfis OX=1501230 GN=ET33_22665 PE=4 SV=1,MFIVIAADLCIPYMQKEFLDGGIIKGNHTVIIYTIAGILLMSLIKATFGYCKEYYYDLISSDVHEDIKNDLFNHLQKLEFKYFDGMNTGELMSRIGEDAENIWQTIGYGLRLFVENIIYFVFSTIILFSLNWELTLACIVVMIPIGIIEVKLEKVFGNCYGKISDKTAEINTTAQENIAGVRLVKAFAREKYEISKLLKMNREYYDLNMEQGKAIGRFFPPIEFLTNMSLIIMITLGGYLVMKKTITLGVLVAFSGYIWNLIWPMRMLGELTDMISRTIASAKKIFNIIDRLPVIKSNENCYNPEKVDGTIEFKNVCFKYDNENVLEDISIKIAKGSTVAIMGTTGSGKSTLVNLIGRYYDVHSGEIFIDGVNIKDYDLQVLRSNMSIVPQESFLFSDTIFNNITFSNNIATFDDVKDACTVSCCINFIENLPDGFNTEIGERGIGLSGGQKQRISIARALVRKAPIMILDDATSALDMETEHTLLQNLKSNKRTCTTFLIAHRISAVKDADMILYLEDGKIKENGTHKELLDLKGAYYNVYCEQFKDFKDTEIEVV,40.4,93,99,26.263,26,66,47,2,7,47.47,17,/stor/work/Wilke/crisprtn7/reblast2/GCF_000577895.1_M2_40_genomic.fna
NZ_HG917869.1,359320..450703,tniQ,418919..417183,lcl|418919|417183|1|-1,-1,tr|A0A081NVM8|A0A081NVM8_9BACL,5.58e-06,tr|A0A081NVM8|A0A081NVM8_9BACL tniQ ABC transporter domain-containing protein OS=Paenibacillus tyrfis OX=1501230 GN=ET33_22665 PE=4 SV=1,MIKKLASYIGEFKKATILTPIFMILEVVMEMIIPLLMAKIIDNGVGNGDMKYVTIVGAVMIVTAFCSLTFGVLGGKYGANASTGFARNLRKEMYYNIQNFSFSNIDRYSTAGLVTRLTTDVTNVQNAFQMIIRMFVRAPFTLISAMVMSFWINAKLSLIFVGAIIVLGVSLYFIMTKAHPLFKRVFRKYDDLNASVQENLSAIRVVKAYVREEHEIGKFHKESSILRDLFISAEKLIVLNSPIMQFTMYTCILLMSWLGAKMIVSSTMTTGELMSLFTYATNILMSLMMISMVFVMVTMAKSSAERIVEVIDEKSNLTNPENPIYEVKDGTIEFSDVSFSYGSDKDSEALENINITINSGETIGIIGGTGSSKSTLVQLIPRLYDVTKGSVKVGGVDVREYDIETLREAVSMVLQKNVLFSGTIKENLRWGNKDASDEEIIKACRQASAEEFIEKFPDKYDTFIEQGGSNVSGGQKQRLCIARALLKKPKILILDDSTSAVDTKTDALIRQAFRETIPDTTKIIIAQRISSVQESDKIIVLDDGKINGFGTHEELLENNEIYKEVYKSQVKGDDSDEK,46.6,109,192,22.917,44,114,81,6,34,42.19,29,/stor/work/Wilke/crisprtn7/reblast2/GCF_000577895.1_M2_40_genomic.fna
NZ_HG917869.1,359320..450703,tniQ,419709..420251,lcl|419709|420251|3|1,1,tr|A0A417XIF4|A0A417XIF4_9CLOT,9.27e-09,tr|A0A417XIF4|A0A417XIF4_9CLOT tniQ GNAT family N-acetyltransferase OS=Clostridium sp. OF09-10 OX=2292309 GN=DXA91_00825 PE=4 SV=1,MSIYIETERLLLREFTLHDVEELHYICSQPHILKWMPDWKRTVAERKEWISWVQNNYLKATKNVARIMLAVTLKSNKQLIGMVGIGNKEEVNNEIEIAYFISQEFSNKGYISEASKAMIEWAFTNLRLNYLIAIVEHDNIPSQRVVEKCGFTKLNTKMILNSGDTKEKPFYYYRLYNKMH,50.4,119,89,32.584,29,58,47,1,2,52.81,49,/stor/work/Wilke/crisprtn7/reblast2/GCF_000577895.1_M2_40_genomic.fna
NZ_HG917869.1,359320..450703,tnsA,430703..430329,lcl|430703|430329|1|-1,-1,UniRef50_A0A3M5N9X7,5.27e-06,UniRef50_A0A3M5N9X7 tnsA HTH gntR-type domain-containing protein n=380 Tax=Bacteria TaxID=2 RepID=A0A3M5N9X7_PSEAZ,MDIIISNSSGKPIYDQIYTEIKSKIISGELKEGDALPSMRLLAKELRISVITTKRAYEELERDGFITSITGKGSFVSGKNTEFIREENLRKIEEHMQSIIELSKGCNLSLQDLIEMISIIYEED,42.0,97,62,33.871,21,41,39,0,0,62.90,50,/stor/work/Wilke/crisprtn7/reblast2/GCF_000577895.1_M2_40_genomic.fna
NZ_HG917869.1,359320..450703,cas7,413155..412589,lcl|413155|412589|2|-1,-1,"gi|330508928|ref|YP_004385356.1|CAS-I-B|cas7|G7,CASCADE",0.001,"gi|330508928|ref|YP_004385356.1|CAS-I-B|cas7|G7,CASCADE cas7",MRRKHIGLLIVIIFLGITYFLYDSSKIGKKIDQYKNVPVYYNGIVYAKSYGENYSTDGYYYGFKWQCVEYVKRFYYDAKNHSMPDGYGNAKDFFDENVAEGELNERRNLIQYRNGGNMKPEEDDLIVFNDTKYGHVAIVTKVTNQYIEVIQQNVWGKSREKYKLVEKDNKYFVGDKHKPVGWLRKDEE,37.7,86,71,39.437,28,37,37,3,6,52.11,38,/stor/work/Wilke/crisprtn7/reblast2/GCF_000577895.1_M2_40_genomic.fna
NZ_HG917869.1,359320..450703,glmS,408007..407291,lcl|408007|407291|2|-1,-1,WP_035343592.1,1.04e-08,WP_035343592.1 glmS two-component system response regulator GlrR [Dickeya],MFIVKFIWGGKMRILLIEDDETLSMGIEYSLKNEGYEVSIANNIEEGRKATSNEIFDLILLDVTLPDGNGYDFCREIRNNSDIPIIFLTACDEEVNIVLGLDLGADDYLTKPIRVRELIARINAVFRRKNVKRDISDKIIYKDLTILPLKYEVYKDRNKVQLTSVEYKLMLMMIENKGNVLTRKQLLEKLWDVEGNFVEEKTLNVYIKRLREKLGEDDSIAYIETVRGIGYRWIGDDN,52.8,125,101,29.703,30,70,53,1,1,52.48,42,/stor/work/Wilke/crisprtn7/reblast2/GCF_000577895.1_M2_40_genomic.fna
NZ_HG917869.1,359320..450703,CRISPR array,375426..375498,,,,,"Copies: 2, Repeat: 18, Spacer: 36",------GAAGCTGTAAAAAAT-------------------AAA,,,,,,,,,,,,/stor/work/Wilke/crisprtn7/reblast2/GCF_000577895.1_M2_40_genomic.fna
NZ_HG917869.1,461455..546833,tniQ,481796..481455,lcl|481796|481455|1|-1,-1,tr|A0A5M3WW53|A0A5M3WW53_9ACTN,6.34e-04,tr|A0A5M3WW53|A0A5M3WW53_9ACTN tniQ Uncharacterized protein OS=Acrocarpospora macrocephala OX=150177 GN=Amac_039850 PE=4 SV=1,MIPSQMLKGMLEGCILEIINKQETYAYEISEKLSKYGFGEISEGTIYPIILRLQKNEMISSTLRDSNSGPKRKYYNLTSNGIEALIQFKSNWRELNNAVNQLLKGDNNNEKAM,35.8,81,55,32.727,18,26,29,1,11,52.73,39,/stor/work/Wilke/crisprtn7/reblast2/GCF_000577895.1_M2_40_genomic.fna
NZ_HG917869.1,461455..546833,tnsA,508862..506259,lcl|508862|506259|1|-1,-1,UniRef50_A0A2U3AGR1,6.38e-18,UniRef50_A0A2U3AGR1 tnsA Tn7_Tnp_TnsA_N domain-containing protein n=1 Tax=Kurthia sibirica TaxID=202750 RepID=A0A2U3AGR1_9BACL,MLTQTDGKGNVTTYQYNVGNKVSKKISSGENEETYTYYGDGSLKTKVDRNSVVAEYIYDILGRKIEEKVGDSVVKYTYDNNNNILTITNSEGTTTRTYDELNSVTSKTVPYIGKTTYDYDVTEGIENLQDGYYGEITIDPKGNKVIKIYDKVGRLVEVRAGEDITKYSYYDNGSLQKVTLSNGYSEEYTYNEDNTLKLLENKNAEGTVIESFSYTYDGAKNILTKVDCKGITTYAYDSLNRLWKVTEPTGKVTSYTYDEAGNRASETVTESSKTTLNTYSYDGRNRLVSIRTSINNIISEMVEYTYDNNGNQLSKVETTYVDGTITYEGITTYSYDVYNQLIEINTASGVHETYTYNSEGYRDSKTSNGKVIRYLYEGDKVILEVDGDNNEKARSVYGSKLISRTINGENLYYLYNGHGDVTKLVNSKGKEVASYYYDAFGEIVESSGEADNPIRYAGYQYDEATGLYYLNARMYDPTVARFLQEDTYTGDVKDPLSLNLYTYCHNNPLIYDDPTGHILDTILDVVSIGYDIVELCKNPKSISNWVSLGADIGCALLPVATGGGAAVRAGSKAAKTASKGKKASKAAKAASKGKKASKAAKTVSKASKVKKTYSAAKKAKDTYKAVKNGVKSVSTVKDLATKGSKAIDAVKTVNKLEDLSKLDNIKNIDKISEITNKIDNVKDISNNLKNVDNLNNLPVKYENRLPVEYNEDFAKFQNDPLGYMKSNGIGGTKGGSNPKTMSWNEFQSANAGKYDNAGMSDAWKQYKDANGIGGKTTTIGSHGNSLSNLNTNYGYALVDKDTGEILKFGETIHPNTRYTQEFLDNNNATMKILESGSKADIHNWQHDMIVYYYNKYKMLPPLNKSRW,85.1,209,205,32.683,67,122,92,4,16,44.88,23,/stor/work/Wilke/crisprtn7/reblast2/GCF_000577895.1_M2_40_genomic.fna
NZ_HG917869.1,461455..546833,tniQ,523316..525052,lcl|523316|525052|2|1,1,tr|A0A081NVM8|A0A081NVM8_9BACL,3.27e-05,tr|A0A081NVM8|A0A081NVM8_9BACL tniQ ABC transporter domain-containing protein OS=Paenibacillus tyrfis OX=1501230 GN=ET33_22665 PE=4 SV=1,MKNSKFILNYLKPFKKKYIFLLFVVIITSLTNMINPFLSGRFVDELAGNKNLSLLLTLPVIMFLVVIIKGALNYFYQMQFEKISQKVSLNLKSDLYKKLLDLDFYYYNTTNTGETMTLMTNDVGTIKECISSMIYTILSNLSLFAFAIISMGIVNLPLTLLMFMICPFILFLTFKMNTKLAKPFFEIRDCYAKLNSVIEENLSGNKTVRAFHRGDYEIKKFDVENKNYKNKNLKIAFIIAKYISLIEMFSNFLSLILLLFGGIFVIKGHMTIGDLTIFSSLIWALNTPINVIPSSLNNIQRFITSYSKISEILNYKCKINNIENPIPFSGMHESIVFDNVSFKFGDTYLLKNISFKAKAGEQIGIIGSTGCGKTTLANLICRFYDPSEGNIFIDGKNIKDFDLKLFHKSIGISMQNPFLFSETIKTNICYGNPSASDNEIESVAKIAQIHDFIDSLPDKYETIIGEKGVGLSGGQKQRISLARTLLTKPSVLILDDTTSAIDVMTESKIQNALKKNENRTTFVISNRISSVQNSDIILVLSQGKIIEQGTHDELINNGGYYYDTYEQQMNNILEKVGV,44.3,103,92,25.000,23,67,46,1,2,50.00,16,/stor/work/Wilke/crisprtn7/reblast2/GCF_000577895.1_M2_40_genomic.fna
NZ_HG917869.1,461455..546833,tniQ,525052..526833,lcl|525052|526833|1|1,1,tr|A0A081NVM8|A0A081NVM8_9BACL,7.10e-05,tr|A0A081NVM8|A0A081NVM8_9BACL tniQ ABC transporter domain-containing protein OS=Paenibacillus tyrfis OX=1501230 GN=ET33_22665 PE=4 SV=1,MAKNKYDVDEVLTKEFHKGHLKQLLKYILPYKKSLFISLFLMLLCSFMGLICPYLSKLAIDTAIPNKDIKFLFILSAIFLFAMIILRFCIKHRVLYMENFGQTILTDLRKDLFTHLQSLSPNYYDSRPDGKILIRVVNYINSLSNLLTNGLIDLICDIVTLLISVGFMFYLDIRLTIIALISVPLVITILTIIKKFQRPLTQTLNIKDSNFVAFITEQINGLKVIKAFVTQNRNINIFNKLSTDVVDISLKSSKLNFLVWPSVENISVFVVSLIYIIDVIYFDCSIKLGVLSAFITYFWCFWSPIMNIGNFYNSLVIAMSQIERIFEVFDEKPLIYDTDDSKDIDINEGSVEFRNVNFSYDEDTSLIKDMNFFVNPNETIALVGPTGAGKTTIANLISRFYDVHLGEVLLDGVNIKEFKIESLRKQLGVMLQDTTIFSGTVMDNIRYGKLEASDEDIIKICKLMNIHDFILSLKDGYNTVINEGASELSLGQKQLISLARTLIADPKILILDEATSNIDTKTETLLQKGLQPLLKNRTTFIIAHRLSTIKEASKIMYISNGSILEFGTHEELMNKHGAYYNLYTSQNMNLQYS,43.1,100,91,25.275,23,66,46,1,2,50.55,15,/stor/work/Wilke/crisprtn7/reblast2/GCF_000577895.1_M2_40_genomic.fna
NZ_HG917869.1,461455..546833,cmr1,470769..471077,lcl|470769|471077|3|1,1,"gi|338730944|ref|YP_004660336.1|CAS-III-B|cmr1gr7|G7,CASCADE",0.001,"gi|338730944|ref|YP_004660336.1|CAS-III-B|cmr1gr7|G7,CASCADE cmr1",MIPFIEEIEDIKNQLIKLYNPSKIILFGSCAKGIAKKDSDIDLCVIGDYDNKKNRLMDMLINIESYRDIDFILYRETEWIKYIQDTATFASLINREGVVLYG,35.0,79,41,41.463,17,24,26,0,0,63.41,40,/stor/work/Wilke/crisprtn7/reblast2/GCF_000577895.1_M2_40_genomic.fna
NZ_HG917869.1,461455..546833,cas7,534277..533447,lcl|534277|533447|2|-1,-1,"gi|125975680|ref|YP_001039590.1|CAS-I-B|cas7|G7,CASCADE",0.004,"gi|125975680|ref|YP_001039590.1|CAS-I-B|cas7|G7,CASCADE cas7",MKETIIVLENVTKKYDKDIIFSKVNLNINKGESIAIVGKNGKGKSTFLRVISGLTKIEEGNITYSRKLKFNFVPENFTKLNITAREYISLIADIEGINKKDLKEKLGYLIEEFFLEDIMDTPIKFLSKGTIQKVSALQALLTKPDVLLLDEPLSGQDIASQRNFIKMVKLLIRNGVTVLMACHEILLIKELSNRILEIDNKSINEVSKDDLEDINVSTMVFVNDIGLKSFLDENSEKVISFNEEEGKMTIRVRSDISNEFLKEIINHGYVLKYYEE,37.0,84,155,23.226,36,98,75,6,21,48.39,55,/stor/work/Wilke/crisprtn7/reblast2/GCF_000577895.1_M2_40_genomic.fna
NZ_HG917869.1,461455..546833,glmS,469400..468720,lcl|469400|468720|1|-1,-1,WP_035343592.1,2.04e-12,WP_035343592.1 glmS two-component system response regulator GlrR [Dickeya],MTKILIIEDEEKIARFTELELVHEGYEVVKSNNGRDGLEIVENDNIDLVLLDIMIPEINGLEVLRRIRKFSELPVIMLTARDAVMDKVSGLDAGADDYITKPFAIEELLARIRTALKRKVVVKEEKKDVIACGDLLLDKSRHKVTFRDNEIELTKREFDLLQTLIENKNIVLTRDVLMEKVCGYDYFGETNVIDVYIRYLRAKIDDVFNKKMIHTVRGVGYVIKDE,63.5,153,126,26.984,34,91,67,1,1,53.17,55,/stor/work/Wilke/crisprtn7/reblast2/GCF_000577895.1_M2_40_genomic.fna
NZ_HG917869.1,592338..632703,tnsA,612703..612338,lcl|612703|612338|2|-1,-1,UniRef50_A0A3M5N9X7,3.79e-05,UniRef50_A0A3M5N9X7 tnsA HTH gntR-type domain-containing protein n=380 Tax=Bacteria TaxID=2 RepID=A0A3M5N9X7_PSEAZ,MELKLDSNEPIYIQIKHLLEMRILCGELKGGEKVPSVRELASDAKVNPNTIVKAYNELEKDELITTKRGIGKFVTEDIEKVNGLKVKVSKDKFYEFIKTVKKFGFSKEEILGIINEMYEEV,39.3,90,74,22.973,17,57,43,0,0,58.11,61,/stor/work/Wilke/crisprtn7/reblast2/GCF_000577895.1_M2_40_genomic.fna
NZ_HG917869.1,592338..632703,csx1,603331..602756,lcl|603331|602756|2|-1,-1,gi|338730931|ref|YP_004660323.1|CAS-III|csx1|CARF,0.001,gi|338730931|ref|YP_004660323.1|CAS-III|csx1|CARF csx1,MLSIYDDIEVVDMAKNGYEALEVCKTNDLDVVLMDIRMKDCDGVMGTRIIKEQFSRIKVIILTTFKDKEYIEEALKYGAFGYMLKDSSHDVIYEGIKTAYKGNMVVHPDVASKMMENRWNIKSNIDKYNLIEKEIKIIEAIGKGLTNKEIAEQLFLSEGTIKNNITNILSKLQLRDRTQIAIFAFKNGIVT,37.7,86,45,35.556,16,29,35,0,0,77.78,24,/stor/work/Wilke/crisprtn7/reblast2/GCF_000577895.1_M2_40_genomic.fna
NZ_HG917869.1,592338..632703,glmS,603331..602756,lcl|603331|602756|2|-1,-1,WP_035343592.1,1.04e-07,WP_035343592.1 glmS two-component system response regulator GlrR [Dickeya],MLSIYDDIEVVDMAKNGYEALEVCKTNDLDVVLMDIRMKDCDGVMGTRIIKEQFSRIKVIILTTFKDKEYIEEALKYGAFGYMLKDSSHDVIYEGIKTAYKGNMVVHPDVASKMMENRWNIKSNIDKYNLIEKEIKIIEAIGKGLTNKEIAEQLFLSEGTIKNNITNILSKLQLRDRTQIAIFAFKNGIVT,48.5,114,109,28.440,31,70,48,2,8,44.04,57,/stor/work/Wilke/crisprtn7/reblast2/GCF_000577895.1_M2_40_genomic.fna
NZ_HG917869.1,633079..673636,tniQ,653079..653636,lcl|653079|653636|3|1,1,tr|A0A417XIF4|A0A417XIF4_9CLOT,6.27e-10,tr|A0A417XIF4|A0A417XIF4_9CLOT tniQ GNAT family N-acetyltransferase OS=Clostridium sp. OF09-10 OX=2292309 GN=DXA91_00825 PE=4 SV=1,MLNYGGIMKNLYTERLLLRQWKEDDSNDLYEYAKSDLVGHNAGWPIHENEEKSKEIIQTFIKNNDTYAIELKSKKKVIGSIGLHNRKPDKTLEHLNQKEIGYALNPKFWGHGFIPEAVNQLLNYGFNELNLDLIWCGHYDFNNRSKRVIEKCGFKFRFARKEKLVLLDNKEVTELYYNIFKEDFI,53.5,127,84,34.524,29,48,46,2,7,54.76,45,/stor/work/Wilke/crisprtn7/reblast2/GCF_000577895.1_M2_40_genomic.fna
