NZ_AHCF02000042.1,4752..45648,tniQ,25648..24752,lcl|25648|24752|1|-1,-1,tr|A0A498PN23|A0A498PN23_9MYCO,3.68e-06,tr|A0A498PN23|A0A498PN23_9MYCO tniQ HTH lysR-type domain-containing protein OS=Mycobacterium attenuatum OX=2341086 GN=LAUMK136_00063 PE=4 SV=1,MSRRVPPLNALKAFEAAARHLSFTKAAEELYVTQAAVSHQIKTLEEHLGLKLFLRKNRSLLLTEEGQGYFLDIKEIFTQLIDATEKLLARGAKGSLTVSLTPSFAIQWLIPRLSLFNELHPEIDVRIKAQDQDENSLTDDVDISIYYGRGHWSGVQAYKLHTEYLVPLCSPLLLSGPRALNQPSDLANHTLLHDTTRKNWKTWMKTAGVRNVQVNQGPIFSHSSMVLQAAVHGQGVAIGNSVLAKPDIDAGRLVIPFNHSLESKNAYYLVIRESQNELGKIVSFKDWMLSLVEQEQEY,46.2,108,58,43.103,25,31,36,1,2,62.07,19,/stor/work/Wilke/crisprtn7/reblast2/GCF_000238275.2_Pund_2.0_genomic.fna
NZ_AHCF02000042.1,68654..172966,tnsA,90405..88654,lcl|90405|88654|2|-1,-1,UniRef50_A0A345DB38,8.37e-07,UniRef50_A0A345DB38 tnsA ResIII domain-containing protein n=396 RepID=A0A345DB38_9BURK,MTYTLRPYQKEAVERTVLHFRKTNAPAVIVLPTGAGKSLVIAELARIAKQKILVLAHVKELVEQNAQKYKSFGLQASIFSAGLKEKSLTHQVTFASVQSLSRNLDKLNEHYSLLIIDECHRVNGEKKSQYGKVINALKFHNPELKVLGLTATPYRLGLGWIYQHHYHGFVRGNKESLFKRCIFELPLRYMIKNNYLTPPKEVDAAISHYDFSSLTSNAFGQYSNEDMNALLKKSTRATQTILQQVIQYSENRHGVMIFSATVMHAQEVMTYLPEDQSALITGDTPNSERDKIIKQFKAKKLKYLVNISVLTTGFDAPHVDFIAILRPTESVSLYQQIVGRGLRLAEGKDDCLVIDYAGNGFDLFYPEVGDKKGDSDNEPVQVLCPGCGFANIFWGKTDADGKVVEHFGRRCQGLLEDDNGVSEQCDYRFRFKECEQCGAQNDIAARKCHDCGAVMADPDDKLRNALNLKDALVLRCSGLSVTKLKEQLLKVTYFDEDGASCDEVFDLANKGSQYYFNKQFGKRVGQGQSPIEFISADQVIKAQFDLIPPDFVIARKSKKYGWKVADKLFDYKGSFRKANQLSR,50.1,118,267,23.596,63,146,119,13,58,44.57,42,/stor/work/Wilke/crisprtn7/reblast2/GCF_000238275.2_Pund_2.0_genomic.fna
NZ_AHCF02000042.1,68654..172966,tniQ,121817..120642,lcl|121817|120642|3|-1,-1,tr|A0A2N1BBG8|A0A2N1BBG8_9GAMM,0.0,tr|A0A2N1BBG8|A0A2N1BBG8_9GAMM tniQ Uncharacterized protein OS=Pseudoalteromonas sp. GutCa3 OX=888433 GN=CXF64_12925 PE=4 SV=1,MHFLVQTKPYPDEALESYLLRLARDNSYDGYRELADILWQWLAEQDHELEGALPLELNKVDVYHARQASSFRIRALKLVAQLADVNAGDILELACRRSNFKFGNLAAVSRNELTIPLELLRTDYIPVCIECLSESSYIPFYWHLKPYKACHKHKTQLTTHCGECHNLIDYRASEAFLECSCGCKLTSSEQLNDADFKIAFALASSNSQKIVGLISWFAKVKQLDVRDADFNRAFVDYFSTWPDSFTAELDLLTNNARLKQLNPFNKTKFNSVYGNVIRDAQIAATSNRKNKVLDEIINYFVELVDSNPKAKHPNIADLLLCTFDAAVLLNTTTEQVYRLHQEGFLNCAYPQKKHEQLRADSHVFYLRQVIELQQAFAAEKPQTKKQFIAPW,734,1896,391,92.839,363,28,370,0,0,94.63,100,/stor/work/Wilke/crisprtn7/reblast2/GCF_000238275.2_Pund_2.0_genomic.fna
NZ_AHCF02000042.1,68654..172966,tnsA,128123..129709,lcl|128123|129709|2|1,1,UniRef50_UPI000996D35A,8.74e-05,UniRef50_UPI000996D35A tnsA TnsA-like heteromeric transposase endonuclease subunit n=1 Tax=Streptomyces sp. CNQ329 TaxID=1298879 RepID=UPI000996D35A,MNRNRDAMKIIEKIKLFNFKRFSNFEVQFTEEINLLIGDNEAGKSSLLTAIELVLSGSKSKIDSIGIDNLFNKQIINEFLVSDKSIANLPTLRIELYLNEQNNPHLNGKVNSEGVACDGLVLTCEPNEELTHEISEVLAQEESNFPYEYYVVNFATFSGQAYSGYRKFLKFLALDSSQINNDYATKEYIKAVYDNFVEQTARIKLKNEYRQQKVAFKETNLKSINDKLDEYQFSIRSSTKSNLETDLNIVEDDVPIENKGKGRQCFIKTEFALREHDADKPLDVLLLEEPENHLSHTNMKRLVHRISESHAKQIFVATHNSLISTRLNLRNSILLNSSSPEPLTMRDLPEDTAKFFMKAPDNNVLEFILSAKVILVEGDAEYILLDSFYSLVTGSSLEADDIHVISVGGTSFKRYLDIAKVLGIRTAVIRDNDGDYQTNCIDNYLGYVADNIGIFYDAVNTSTTFEICLYDLNREVCDELWLADRKTLSVQEYMLKNKADCAFELLDKKADQIIIPDYIERAFQWINE,43.1,100,171,23.977,41,108,76,5,22,44.44,29,/stor/work/Wilke/crisprtn7/reblast2/GCF_000238275.2_Pund_2.0_genomic.fna
NZ_AHCF02000042.1,68654..172966,tniQ,131762..130761,lcl|131762|130761|3|-1,-1,tr|K0Q410|K0Q410_9RHIZ,1.61e-16,tr|K0Q410|K0Q410_9RHIZ tniQ Putative TniB-like ATP-binding protein (Modular protein) OS=Rhizobium mesoamericanum STM3625 OX=1211777 GN=BN77_p40112 PE=4 SV=1,MLTDKQKEKLNEFRDVFIEYPIITTVFNDFDRLRLGKGLAGEKPCMLLNGDTGTGKTALIKQYKERHLPQFINGVMNHPVLVSRIPSNPTLESTLAELLKDLGQVGSTERKLRVNGTRLTTSLIKCLKTCGTELIIIDEFQELIEHNQGKKRREIANRLKYINDEAGVSIVLVGMPWAEKIADEPQWSSRLLVRRQLPYFKLSENPKHFVQLIIGLANRMPFTEKPSLSEQATVFALFSLSKGCFRTLKYFLDDAVLYALMDNAKTLTTKHLVKAFDVLFPDLANLFTLPVAKITASEVERYSLYKPESAQDEDPFITTKFTDRMPISQLLRK,78.2,191,267,22.846,61,179,128,9,27,47.94,78,/stor/work/Wilke/crisprtn7/reblast2/GCF_000238275.2_Pund_2.0_genomic.fna
NZ_AHCF02000042.1,68654..172966,tnsB,133585..131765,lcl|133585|131765|1|-1,-1,UniRef100_A0A0N8TSW6,0.0,UniRef100_A0A0N8TSW6 tnsB Transposon Tn7 transposition protein TnsB n=1 Tax=Pseudoalteromonas sp. P1-25 TaxID=1723758 RepID=A0A0N8TSW6_9GAMM,MFNDGLFEDEFNQPLPKVETKLPQNYAKDLQALPEKIKTTTFAKLKYIQWLEANIQGGWTQKNLEPLLKVMPEVEGEKKPSWRTAARWYSAYTNADKNIMALIPSHQKKGNRERDTATDKFFEKALERYLVKEKPSVASAYKYYADLVIIENDSVVGSVLKPLTYKAFKNRIDNLPQYEVMIARYGKRLADIAFNKVEGHTRPTRVLEKVEIDHTPLDLILLDDELHIPLGRPTLTMLVDVYSHCIVGYYFSFSEPSYDAVRRAMLNAMKPKNEVAKRYPDTINEWKCAGKIETLVVDNGAEFWSNSLELACEEIGINTQYNPVAKPWLKPFVERMFGTINTELLDPIPGKTFSNILQKHEYNPKKDAIMRFTTFMQLFHKWVVDVYHQDADSRFKYIPSQLWDQGFNTLPPTVLSNDDLQQLDVVLSISYHRVLRKGGIQLENSSYDSTELANYRKQFSHKVSQEVLIKLNPDDISYIYVYLDKLEHYIKVPCKDQEYTQGLSLNQHKINMRIHRDFISGSIDNVGLAKARMFIHNKIQNEFEELKNAPKNSKVKGGKALAKHQNVSSDSQKSIAQSEPVEPKKVTPKEQVTDSWDDFISDLDGF,1208,3125,607,96.046,583,23,596,1,1,98.19,100,/stor/work/Wilke/crisprtn7/reblast2/GCF_000238275.2_Pund_2.0_genomic.fna
NZ_AHCF02000042.1,68654..172966,tnsA,134228..133578,lcl|134228|133578|3|-1,-1,UniRef50_A0A0M9UIE8,5.59e-105,UniRef50_A0A0M9UIE8 tnsA Tn7_Tnp_TnsA_N domain-containing protein n=43 RepID=A0A0M9UIE8_9GAMM,MVRWLTHMYRRKLKHSRVKNLHKFASQKNKSTCLVESSLEFDACFHFEFSPSIAAFEAQPLGYEYQFDNLICRYTPDFLLTHTDGTQKFIEVKPQSKIADEDFRARFIEKQTIAKQDGRDLILVTDKQIRVYPTLNNLKLLHRYSGFQSLTELQASVLELVKQYGSIKVGQLVSFLKVTAGELLATVLRLLSLGQLFADLTTNEISIETAIWSNNV,299,766,208,67.308,140,68,174,0,0,83.65,96,/stor/work/Wilke/crisprtn7/reblast2/GCF_000238275.2_Pund_2.0_genomic.fna
NZ_AHCF02000042.1,68654..172966,tnsC,151191..152966,lcl|151191|152966|3|1,1,UniRef100_A0A0L6ZA33,2.84e-06,UniRef100_A0A0L6ZA33 tnsC Transposon Tn7 transposition protein TnsC n=1 Tax=Clostridium homopropionicum DSM 5847 TaxID=1121318 RepID=A0A0L6ZA33_9CLOT,MTTNPRPNRAQQQPLRAFLKQQSKPAAMWLKLSIALGTVNAILMIAGAYLLAQTIHEVMFEGHSLAQVTHYLWPLAGIILLRAIFLALSERLSAFATLKIKSAIRQTLLDRLTQLGPSYIEQHGQGATLNTLHNGVEALHDYYAKYLPGVAYSALIPIAILVVIFPTDYKAGLIFLLTAPLIPFFMILVGHKAEALNQKRWQQLAVLGNYFFDRVQGLTQLKLFNATRKELKQIARISDDFRHATLSVLKIAFLSSFALEFLATISVALVAVIIGFRLFFGTLDFATGFVVLLLAPEFYLPLRQLGSHYHARLQGISAAADMLIILNAPLPSNDNNNKAKINIDANNTISIHDLNFSYPNSNEGINNINLTLPSTGLVAIVGASGSGKSTLLDCMLGFHPEVIQHISIDQQPLTTADISQLQQNIAWIPQKPTLFYDTLAANIKLGNPDASYEALVHAAEQAGALEFINELPDGFNTLIGEQGEGLSGGQKQRIALARAFLRHAPILMLDEPTAHLDSQTEQLIQNAIAEYAKNHLVITIAHRLNTVKNAKQLIVMENGCIVQQGGFKALSQQSGEFAKLLKTAEQGVTNG,48.1,113,129,31.008,40,69,66,6,20,51.16,19,/stor/work/Wilke/crisprtn7/reblast2/GCF_000238275.2_Pund_2.0_genomic.fna
NZ_AHCF02000042.1,68654..172966,DinG,99420..101495,lcl|99420|101495|3|1,1,gi|120598993|ref|YP_963567.1|CAS-IV|DinG|DinG,5.02e-58,gi|120598993|ref|YP_963567.1|CAS-IV|DinG|DinG DinG,MLSSSLKKTIRQVHQHVANNLTDYRPRSSQNYLVAEIAKTLAGEYHKKQRICVIEAGTGTGKSLAYCLGALPLALAQKKKLVISTATVALQEQLIAKELPFFKKHSGLDFKFDLVKGRQRYICAHKLHNALNSDSQTQMEFMPTLTSPLSDMETKCLKQLYDAYINKKWQGDRDSWADTIPDRVWGLIACDKHACQRQMKAHQTCPFQLARQQLMQMDVLVINHSLLLADLDLGGGKILPEPDNTIYVIDEAHHLAHITRDFSSAAATIKGTIDWLDKLTKFSGKMAKVLVGQKGIGQNFKLCDSVNDANKDLKVVRDILDNADFEYSKDDTYRFEHGEIPKSLHAKAKDISEATLDALRCLNKMHDTLTQDVSDGDIKPYVADPILAESGQYINRLEQLNKLWFSYATKGEGTPHARWIKRLEYKSHHDHLLSDCPIEVGYYLKDKLWSECAGAVLCSATLSALGSFDHFAYESGLAKEEGVKFIKVPSPFDYPKQATLRIPTSSIEPTDKEFSDHIAKTLPEYLNTKKANLVLFASYWQMDHVSKFLRTKGFNLLVQGEMSREALLKLHTKNIDEGKGSILFGTQSLSEGLDLPGKYLENLIITKIPFAVPTSPIEEAQAEFVQSKGGNPFLSITVPDAAKKLVQSCGRLLRKESDIGTITILDRRLITKRYGKAMLDTLPPFKRQIDY,206,525,690,27.391,189,406,310,24,95,44.93,98,/stor/work/Wilke/crisprtn7/reblast2/GCF_000238275.2_Pund_2.0_genomic.fna
NZ_AHCF02000042.1,68654..172966,DEDDh,107199..105004,lcl|107199|105004|2|-1,-1,gi|409911910|ref|YP_006890375.1|CAS-I|DEDDh|DEDDh,2.88e-23,gi|409911910|ref|YP_006890375.1|CAS-I|DEDDh|DEDDh DEDDh,MLDTVFIYSVGGFMKKELPAKYYLAHFRELLTFVSEKCMHLLEQKHISFISKINTLDEQSQCMLARIYSRKPYLVQTQSLNYKEISSPYQALFKLKAAKLIVEPSDKDHKQLLSHLTKPALIELLEKQEQTPLFKKSAAKSNLVEIAISFFESKPECLAHLYNQYVINNREEYYEYFEFLYIGRLSAGDINHQNRFVLRDLGVTPVRQEHNESLSRFDSIKEAQSNYALNRLRLTLKNTKDDNEREELAKQLINKVAVGVIAQELKNKLLVILFKQLKTTNPTLAFDLLNACEDDAQALEIQIREQYRQGNKQWVKAQLEQIIENPLSDELLYFADDFLMRKFNKQTRSRLSEMLASTRCIIEVDELYRGDVELGVSDHYTRQGKQVFYTENTLWQSLFTLVFWQELFIETPTPPCNEFDIFPQALKTDSFYLNQSSQIEARLAACNSTPKLLRLVCNHAAKYYEQPNGLFRWHPDVLKPVEMLILNSPITALLQHLKNMAKNYRQLKDGYPDLMVVDNSAVHFEEVKAPGDKLKRNQLVSIDNLKSCGFIVNIAAVNWYVDPKRIYSVVDIETTGGLKGGNRITEIGIVKIQQGNIIDTWTTLINPERPIPRFITKLTGINDAMVSDAPIFSDIVSTLLDKLSGSIFVAHNVNFDYGFIKKELEELGINFKMPKLCTVVESRKAFKGLKSYSLGNLSTHFNLDLTNHHRALDDAKAAAQLLLLVQQTDSQ,96.3,238,160,30.625,49,107,88,2,4,55.00,21,/stor/work/Wilke/crisprtn7/reblast2/GCF_000238275.2_Pund_2.0_genomic.fna
NZ_AHCF02000042.1,68654..172966,cas6,117469..116957,lcl|117469|116957|1|-1,-1,"gi|315127125|ref|YP_004069128.1|CAS-I-F,CAS-IV|cas6f|cas6",1.75e-111,"gi|315127125|ref|YP_004069128.1|CAS-I-F,CAS-IV|cas6f|cas6 cas6",MSSRKVSNIGVCFPKWNKKTIGNELAFVSTDKKQLTNLSQQSYFEMMAHDKLLGLSKILEVPPNQSEVMFVRNQSVAKAFVGEKQRRLKRAKKRAEARGEIYNPEYKFEGKDIGHFHSIPLTSKGNGENFILHIQKIEKAESIRNQFNNYGFATNQTFQGTVPSLNSLFE,314,804,166,89.157,148,18,158,0,0,95.18,98,/stor/work/Wilke/crisprtn7/reblast2/GCF_000238275.2_Pund_2.0_genomic.fna
NZ_AHCF02000042.1,68654..172966,cas7,118587..117559,lcl|118587|117559|2|-1,-1,"gi|315127126|ref|YP_004069129.1|CAS-I-F|cas7f|G7,CASCADE",0.0,"gi|315127126|ref|YP_004069129.1|CAS-I-F|cas7f|G7,CASCADE cas7",MQLPRHLSYTRSLSPSKAVFFYKTPESDFEPLQIEQNKLVGQKSGFGDAYQKQNVAKNLAPQDLAFGNPQTIDVCYVPPTVNELFCRFSLRVEANCIEPHVCDDPKVIYWLKRFFETYKKHNGLNEVATRYAKNILMGNWLWRNRQSPNVDIEILTEHAAPIVVEGAQKLKWQGNWQNNQTALLTLSESIQEGLSNPQNYCYLDITAKIKNAFSQEVHPSQKFVDNVEQGMSSKQLAYTQVGDKKAASLNSQKVGASIQTIDDWYEGGYKPLRTHEYGADKQILVAHRTPKSHSDFYSLLPRIALHIKHMEKHGLEQGEESDAVHFIAAVLIKGGLFQRSKG,694,1791,342,95.614,327,15,336,0,0,98.25,100,/stor/work/Wilke/crisprtn7/reblast2/GCF_000238275.2_Pund_2.0_genomic.fna
NZ_AHCF02000042.1,68654..172966,cas8f,120638..118587,lcl|120638|118587|3|-1,-1,"gi|315127127|ref|YP_004069130.1|CAS-I-F|cas8f|LS,CASCADE",0.0,"gi|315127127|ref|YP_004069130.1|CAS-I-F|cas8f|LS,CASCADE cas8f",MNLQDALAIESLKEKTTALRKLFAPYTPHVAVDGFEEQVLVVLINLVYKRSEIDDLTSVRTAKSVLLDEVLLSKCINEVKWFHTHNLKYPDIRVSHQRLISKVVSEDIAGICSRSLPLSFGWSHNSAEINHAKLFLTSFNWQGEVTCLAKLLIAEEPVWINLIRGYGFTKKAVLDISGKIKQLLPVAELPLEVSSFSPQLQMPFQQSYLAVTPVVSHAMLAKIQQLTTDRKLNFGFVEHSRPANVGDLASSVGGNIRVLRYFPKTYSKAVNRSKVANNYIEKAFKVRALLSSQFQQALLVLVGIKQFNTLRQKRLARVAAIRQVRVSLQLWLDNILEAKNNAQGQAYPEWAKHYLDQSITNCISQFSNVLNESLGTLSKLKRFAYHPNLMGLFKMQLNYVFTHCVAEEETLNDEQVVYVHCQDMRVFDAEAMANPYIQGMPSLTALNGLAHNFERKLKNFIDPSIKCIGSAIYIENYQLHTGKPLPEPSKLKQVAGRSHVIRTGIIDKPKCDITLDLVFRLFVPNTELLDKLNSQLIKPALPSSFAGGTMHPPSLYQNINWCHVYSKPSELFKSLKVKSSNGSWLYPSKKVVKSFEQLIDALNSNFNLRPAAIGFAALEEPVKRDAALHEYHCYAEPVIGLLECVSNTSVKYAGAKQFFHDAFWVMDVQKESMLMKKSKFEYE,1322,3422,683,93.265,637,45,654,1,1,95.75,100,/stor/work/Wilke/crisprtn7/reblast2/GCF_000238275.2_Pund_2.0_genomic.fna
NZ_AHCF02000042.1,68654..172966,cas3,169819..172101,lcl|169819|172101|1|1,1,gi|257125581|ref|YP_003163695.1|CAS-I|cas3HD|cas3,0.001,gi|257125581|ref|YP_003163695.1|CAS-I|cas3HD|cas3 cas3,MLWDLNLEIGHSVRTIEQAIDQKREDVTFATSLLESRLIFGNHIEFEKLKNHIIETPVWGSGEFFVAKVQEQNLRHRKCHGTAYNLEPNIKENPGGLRDLQTIIWVAKKHFRAETLQELISHGYLTHEEYQELLECLENLWNIRFALHLAAERSENRLLFDHQPQAAEILGFGSDGKASVERMMKRLFRIMSRVRELNQMLLSYFEQSISPDSSQATVEELDRNFERVGHQIRVKSPSVFFRRDQLFVLFEHIADHPEITHIYPSTIRTIRQVRRRLLGDLQDYAACREAFLRIIKHPNGMGRAFTLMHKHGMIAAYLPQWRNIFGQMQFDLFHAYTVDEHTHKLINNIYQYFDKTGISEFPICSEIVTRMDKPELLYLAGIFHDIAKGRGGDHSELGAVDAIAFSKLHGFASSDGKLISWLVSNHLLMSVTAQRKDINDPDVIKDFASRVKTERQLDYLYCLTVADIRATNDNLWNDWKNTLLRELYLHTQRALRLGLENPMDQRDQIRDKKHQAKQRLINLHYHEDQIDLIWSRFKANYFTAFSEQQISWHTEHLLKCTDLSLPSVIVSNKAMHGGTQVFAYSPYSGALFARLVSVIGSKKAQIQHAQVLTTKDGYVLFNFVILEVSGDPIASSRAQSIKRGLEQALSDPRKKIRFKKSRSQRFKDFNIKPKIVLRPHPRKDRSLIEIQAVDIPGLLTKIAEVFQAYLLHIHAARITTVGERAEDFFVVSNNEYQSLTDEEQAKIHQALRKKLNAEIE,41.2,95,106,33.962,36,42,51,5,28,48.11,12,/stor/work/Wilke/crisprtn7/reblast2/GCF_000238275.2_Pund_2.0_genomic.fna
NZ_AHCF02000042.1,68654..172966,glmS,111696..108940,lcl|111696|108940|2|-1,-1,WP_035343592.1,7.14e-05,WP_035343592.1 glmS two-component system response regulator GlrR [Dickeya],MASQRNKWALAILLGLIGGCANLLPLYFFDSSEFLFGQTFVILSLVFAGLRYSLLSLAIVTGFLFYRWGHSWTSVVYVLELFWLYVFCLKRSKPILPLGAVFWFLVGLPLVWVLGHFVIGLPWLTLVVAASKYLINAMIALALVDLVSIFVPHASRAYQGQPLARILSYVVSIIIVLVVLITSVFLVNQHYSRLEYEVNTQLKEKSRSISAQLSDYLLFHKSAMVITSDAISAGASIQQQLERLMELYPGFVTSLYASSEGYVEKSIPSELLSGLSQSQRYVDDRPYFAQAQQFPLGYISGVFQGRGLGDQPIVALSAPIYKNDEFYGVVEGSLKLDQLERFIPNLFEYNGDLLVLDADKKVVFSSLSQFAALSDFKQQELSLQSLSGNQLFRSNDNEMYHTNQYVDDNTGWQVISLYNRKHLTMVVVAAWLPTMLLGLCSIALVVLFIHKFTHLLVKPIIELTHLINSFSKTKKHVFNTDSSWYEVLQLQQQFEMLGNALQHSIKSLQASNVKNEDLNKQLSHFNQQLEEKVAEQTTELTQAVKLANEANIAKSQFLANMSHELRTPMNGILGMGEVLLRDQSLSTEQKELLITQQKSAKNLLNILNDILDFSKIEANAMELNIKPTQLTPFIENIRSLFSSIVAAKEVEFTVIQSKNLPQCISVDELRLNQVIINLLSNAYKFTQQGFVNLSFDYHDNKLQVSVEDSGIGIAKAQQSLLFSEFTQADVGVARKYGGTGLGLAISQKLIKMMGGEIQLNSEEGKGSTFAFSISAPESADAPSTLPKKAALQPNLLGKHILLVEDNAINRQVISKMLEPTKAVVVMAEDGIKALDVLKEQSFDLILMDCQMPNMDGYECTRTIRVMELKTGWRVPIVAITANAYEEDKQRCLIAGMDDFIAKPINSDDLYTVIGNILS,43.9,102,119,24.370,29,86,57,1,4,47.90,13,/stor/work/Wilke/crisprtn7/reblast2/GCF_000238275.2_Pund_2.0_genomic.fna
NZ_AHCF02000042.1,68654..172966,xre,126289..125963,lcl|126289|125963|1|-1,-1,tr|A0A4R6HQ65|A0A4R6HQ65_BACIU,3.03e-07,tr|A0A4R6HQ65|A0A4R6HQ65_BACIU xre Transcriptional regulator OS=Bacillus subtilis OX=1423 GN=DFO69_2782 PE=4 SV=1,METPTPSRLKFARKAAGLTQQQLGMALGMEPNTASARMNQYEKGKHAPDFLTMKRIAKELDVPVAYFYCEEDDLAELICAWGKADQHDKAKLLNSMKTSKISLGLIKE,35.8,81,70,30.000,21,43,36,2,6,51.43,65,/stor/work/Wilke/crisprtn7/reblast2/GCF_000238275.2_Pund_2.0_genomic.fna
NZ_AHCF02000042.1,68654..172966,CRISPR array,116754..116846,,,,,"Copies: 2, Repeat: 32, Spacer: 28",GCCTAATTCCAGCTGCCTACTCGGCAGTTCAC,,,,,,,,,,,,/stor/work/Wilke/crisprtn7/reblast2/GCF_000238275.2_Pund_2.0_genomic.fna
NZ_AHCF02000041.1,0..15193,tnsB,7157..9166,lcl|7157|9166|2|1,1,UniRef100_A0A038GSS8,4.47e-50,UniRef100_A0A038GSS8 tnsB Transposon TnsB n=1 Tax=Caballeronia jiangsuensis TaxID=1458357 RepID=A0A038GSS8_9BURK,MIKNAHIHFNDLGTPVANDFDDVYFSNDDGLAESHYVFYQQNSIDTRLQNHDREHFVIAETGFGTGLNFLNTWLQFSDHLQCLQVQNEQPNKVQRLHFISFEKYPLSVNDLKQALQAWPSLSHLSDQLVTHYPINLNGCHRLEFANGRVILDLYFGDVLECINSMSYPQSGLVDAWFLDGFAPSKNPDMWQQSVFNAMVDISRSNATLATFTAAGFVRRGLNEAGFSMQKAKGFGRKREMLIGTLAQANPKQSAPAYFEHHPSPLSSVAIIGGGIASSCILYSLAKRGIKSHLFCQDKKPAMGASHNVQGAVYPHLQAKNSPHSELFAHSFLYAKRLYNQLINNGFLFDHQWCGVLQHAVKQPLADRHQNLADKQLWPEQLMRNVTANEGDAIAGVKTGYSGVFFEQGGWVNPPQLVCAMLDAAQQLNSFESLFNCHIEQFNKQPDGWYLTTQKKTFGPFSDVIICTGEHSDAFTQTKTLPIVGVRGQVSHVQASEQSRKLNTVLCHKGYFTPAYLDHHCMGATFEKNSKSREVTEQDNHTNREQLLSFYNNTEFATSLGDISSAKAAVRCSFIDHLPMAGEWVEQTDYTHAFANLRLGKRYQYQPLEKTQQGLHIFTGFGARALCSAPLSAEHLISSLNNEPRPLSERVSQAIHPGRFIVRDLIRNKI,172,437,252,38.889,98,136,139,5,18,55.16,37,/stor/work/Wilke/crisprtn7/reblast2/GCF_000238275.2_Pund_2.0_genomic.fna
NZ_AHCF02000041.1,0..15193,cas1,12488..14113,lcl|12488|14113|2|1,1,gi|251792131|ref|YP_003006851.1|CAS-I-C|cas1|cas1,0.009,gi|251792131|ref|YP_003006851.1|CAS-I-C|cas1|cas1 cas1,MSVFSFDEQTGYISLVSHPHVSGLASTATQLIELIGQSEYCECEVIASNIGKLFAQNNAEEAPSLVIAQAIDAQLTINIDEKNMLVEATLITAKGGKLLSMEQAIEELSQAGVVKGISSHALEQLLAQQFEQPPGSTHCAEVAFGRAPKVGNDAKFVRLCCTAQDRVLSPQAKGGGKVDMRNLGDIITVKPGCELMRRIPATSGVDGFTVFGDVLTATPGKEHKLQPFDGTKIAPDNPNLLIADCTGVPVALPRGMRVDDVLCFHNIDPSTGHVEFDGSIIVSGDIKDGMRVTASGDITVLGFVESAQLKSDSAITIVKGAIGRKREADEPFTCSILAKRTVALGYSQYCDIKTDQNLLIDRQSLHCDLSAGNLIRVGSAKDPKGKIIGGHILDAMRIETGELGAPAGTKTRVCIAQRWYVLKQKQAQITDFEKVLIGKSIELQQARQRINKQVASAQRQQFLNKITTNEEHIANRSASINQQKQLLRKKMAQLLALSRLKVNELMHPGVELKIARESISFSRNYPPHLITHSEGKITQSF,37.4,85,191,26.178,50,116,77,8,25,40.31,33,/stor/work/Wilke/crisprtn7/reblast2/GCF_000238275.2_Pund_2.0_genomic.fna
NZ_AHCF02000041.1,0..15193,cas2,14848..14174,lcl|14848|14174|1|-1,-1,gi|104773929|ref|YP_618909.1|CAS-I-E|cas2|cas2,1.88e-07,gi|104773929|ref|YP_618909.1|CAS-I-E|cas2|cas2 cas2,MANTEQTLFAQRFRGFFPVVIDVETAGFNKETDALLEIAASVLKMDDEGLLSIDHTVHFHVQPFEGANIEQAAIEFNGIEPFSALRGAVPEEEAIKEICKVVRKAQKAAGCQRSVVVAHNAAFDHGFLNAAIERNNIKRTPFHPFVSFDTTSLAGLALGQTVLAKACRAAGIEFDNKQAHSALYDTERTAELYCLIVNRWQQLGGWPLAVDETQQSEDEASNQD,49.3,116,198,29.798,59,100,83,10,39,41.92,85,/stor/work/Wilke/crisprtn7/reblast2/GCF_000238275.2_Pund_2.0_genomic.fna
NZ_AHCF02000038.1,0..68488,tniQ,4907..4362,lcl|4907|4362|2|-1,-1,tr|A0A417XIF4|A0A417XIF4_9CLOT,9.00e-05,tr|A0A417XIF4|A0A417XIF4_9CLOT tniQ GNAT family N-acetyltransferase OS=Clostridium sp. OF09-10 OX=2292309 GN=DXA91_00825 PE=4 SV=1,MKMNIAVTTRLSFKLMDENDWQQLYELDQDPAVMQYLTQGKPTTLEEIKTKAIPRMLAYRNEQQGWGLWQVTLRESNTFIGWVLVRPMGFFSDTPDFSDIEVGWRFKRASWGKGYAIEAAQAICSTIEKQSQVKVISATALTANVGSINIMKKLGMQLQHYYIHTDDGSNLTAALYSKPCS,39.3,90,89,25.843,23,59,38,1,7,42.70,49,/stor/work/Wilke/crisprtn7/reblast2/GCF_000238275.2_Pund_2.0_genomic.fna
NZ_AHCF02000038.1,0..68488,tnsA,15912..15067,lcl|15912|15067|1|-1,-1,UniRef50_P0AC11,2.14e-38,UniRef50_P0AC11 tnsA Dihydropteroate synthase type-2 n=619 Tax=cellular organisms TaxID=131567 RepID=DHP2_ECOLX,MNNKINLARGRVLELSEPVIMGIVNVTPDSFSDGGQFFNTTAALNHAMQLLDEGATILDIGGESTRPGAPDVSLEDELQRVIPLINAIREQSDCVISIDTSKAEVMRQAIEAGADIVNDVRALQEPGAIEVVAQYPDVVVCLMHMQGQPRSMQNAPHYDDLASEINDFFNQRIATCEAAGIKQSQLILDPGFGFGKTLKHNYQILAQFNDYAQLGLPLLAGLSRKSMIGNLLNRDTKDRLAGSLAGALIAAQNGAHIIRVHDVKETADVLGVYQACKQGVL,134,336,263,34.601,91,167,144,4,5,54.75,93,/stor/work/Wilke/crisprtn7/reblast2/GCF_000238275.2_Pund_2.0_genomic.fna
NZ_AHCF02000038.1,0..68488,tnsA,18097..16124,lcl|18097|16124|3|-1,-1,UniRef50_A0A0P9PXI9,5.63e-09,UniRef50_A0A0P9PXI9 tnsA TnsA endonuclease n=3 Tax=Pseudomonas syringae group TaxID=136849 RepID=A0A0P9PXI9_PSESX,MAKNLILWLVIAVVLMSVFQSFNGGDQVDRQTSYSQFVKDARSGSIQEVSIESGSGTITGIKNSGERFQTIMPIYDKDILNDLLKSDVNVKGVKPEEQSFLASIFISWFPMILLIGVWIFFMRQMQGGGGKGAMSFGKSKARLMSEDQVKTTFADVAGCDEAKDDVTELVDFLRDPSKFQKLGGSIPKGVLMVGPPGTGKTLLAKAVAGEAKVPFFTISGSDFVEMFVGVGASRVRDMFEQAKKAAPCIIFIDEIDAVGRKRGAGMGGGHDEREQTLNQMLVEMDGFEGNEGIIVIAATNRPDVLDPALLRPGRFDRQVVVGLPDIRGREQILKVHMRKVPLGDNVEAAVIARGTPGFSGADLANLVNEAALYAARGNKRVVSMAEFDAAKDKIMMGAERKTMVMSEQEKEMTAYHEAGHAIVGRMVPEHDPVYKVSIIPRGRALGVTMYLPEQDRVSHSKELLESMISSLYGGRIAEAIIYGEDKVTTGASNDIERATDIARKMVTQWGLSEKLGPLLYAEDQNEMYMGGGGGRSMSMSDETAKVIDAEVRLFSDRNYQRAESILKENIDILHAMKDALMKYETIDAKQIDDLMARQPVREPRDAHDRHEAKPEKEDVSKDKAVDEIQKPTSESKNDDSKQDDSKKDETNLDDKAE,52.8,125,114,28.947,33,77,59,2,4,51.75,17,/stor/work/Wilke/crisprtn7/reblast2/GCF_000238275.2_Pund_2.0_genomic.fna
NZ_AHCF02000038.1,0..68488,tnsA,48488..47775,lcl|48488|47775|2|-1,-1,UniRef50_A0A3M5N9X7,2.05e-05,UniRef50_A0A3M5N9X7 tnsA HTH gntR-type domain-containing protein n=380 Tax=Bacteria TaxID=2 RepID=A0A3M5N9X7_PSEAZ,MRIFKAKSPAGFAEEYIVESIWNGDFPPGSILPAERELSELIGVTRTTLREVLQRLARDGWLTIQHGKPTRVNNFWETSGLNILETLARLDEDKMPELTDQLLSARTNISAIYTRAAIKLAPERVIEILSQSDELEDSAQAFADYDYKVHHELAVAGNNRIYVLILNGFKGFYSKIGCHYFSDPRTRELARQFYKDLTKLAENKEHDGAIFMMRKYGHQTGEIWQHIRGDMPSDIMD,42.4,98,51,39.216,20,31,31,0,0,60.78,22,/stor/work/Wilke/crisprtn7/reblast2/GCF_000238275.2_Pund_2.0_genomic.fna
NZ_AHCF02000038.1,0..68488,cas10,34935..33889,lcl|34935|33889|1|-1,-1,"gi|375256004|ref|YP_005015171.1|CAS-III|cas10|LS,CASCADE",2.26e-04,"gi|375256004|ref|YP_005015171.1|CAS-III|cas10|LS,CASCADE cas10",MDNTASLAHSAQCLKKAIPLMVKYKMPVTPINYAIWYCYVQGDNPQLNTELDKVIGQHNTCSAQNAQEIFDKYINDEELAFFQQMSEKFHGTVEQVQFDLSDSIQYSKSFTTSLVDSQNELKTLSSINSFNEILSCVERLTDESIAMQDYARGFQTKLAQAYNEIKDLREALTMTQEAVDKDSLTGLFNRGKFDTDIVEFCLHASSQDEQSKLAVLIMFDIDHFKRFNDDFGHQKGDEVLKLVAQKVQNCVQEQYNAYRFGGEEFCITGYFDSINDVMTFCNQLRLSIAKLTIRKKEDSDNKRNISASFGIALMEPFSKSCLLVEKADRALYLAKTHGRNRVEIAANL,41.6,96,84,32.143,27,56,43,1,1,51.19,24,/stor/work/Wilke/crisprtn7/reblast2/GCF_000238275.2_Pund_2.0_genomic.fna
NZ_AHCF02000038.1,0..68488,glmS,15066..13717,lcl|15066|13717|1|-1,-1,WP_000251875.1,7.44e-24,WP_000251875.1 glmS phosphoglucosamine mutase [Bacteria],MKERKYFGTDGVRGLVGQGPINPEFAMKLGWAAGRVLSQHGTKKVIIGKDTRISGYMLETALESGLIAAGIDVILLGPMPTPAVAYLAQTFRAEAGIVISASHNPYYDNGIKFFNGQGLKLDDVVELQIEAMLDEPMTCVASDKLGKATRLSSADGRYIEFCKSQFPQGLSLEGLKIVLDCANGATYHIAPSVMRELGAEVITHACEPNGVNINHECGATHVDTLKQKVLEHKADVGIAYDGDGDRVMMVDHNGRVFDGDDLVYIIACQAAQDDNLGGGVVGTVMSNMGLENALKAKNIAFARSKVGDRYVMELLQQKGWKIGGESSGHVLNLDLISTGDGIISSLQVLAAMVAQNRTLQDLGAGFTKYPMKMINVRYTAGTDPTQAPEVLAIVAEVEQSLADKGRVLLRKSGTEPVVRVMVEAEQEKIVIDSAQKIAAVVESMSKQTD,93.2,230,79,54.430,43,35,58,1,1,73.42,17,/stor/work/Wilke/crisprtn7/reblast2/GCF_000238275.2_Pund_2.0_genomic.fna
NZ_AHCF02000038.1,0..68488,glmS,23172..23876,lcl|23172|23876|3|1,1,WP_035343592.1,4.20e-07,WP_035343592.1 glmS two-component system response regulator GlrR [Dickeya],MDNYGTILLVEDDISLAQWVTEYLTEQGYIVHVCHRGDEVISQVKHLNPQLILLDIMLPGLDGISVCRELRSFYQAPIIMLTARDEEMDEVIGLEVGATDYIIKPVRPRALLARIKSALRYSSDIPKTDAQESMINIGQLSINTESRNVTLNQQDVNISSAEYLLLHYLASNAGQVVSRDAVFKATKGREYDGLDRSVDVLISALRKKFNDDPQKPEKIKTIWGRGYLFVTTAW,47.8,112,119,27.731,33,85,60,1,1,50.42,50,/stor/work/Wilke/crisprtn7/reblast2/GCF_000238275.2_Pund_2.0_genomic.fna
NZ_AHCF02000038.1,0..68488,glmS,32544..31852,lcl|32544|31852|1|-1,-1,WP_035343592.1,6.14e-07,WP_035343592.1 glmS two-component system response regulator GlrR [Dickeya],MPKILLVEDDLGLQQLTKDYLEHNGLEVDVLERGDEVFPYLSENHVDLIILDVMLPGKDGFSVCRQVRDKYTLPILMLTAKGEDFDQVIGLELGADDYVIKPAEPRVLLARISALLRRGQPSVKAIEELKFGDLSIDKTSRIVKLSGVEIVLTSHEFELLWLLASNAGEVLSREHVHQHMIGREYDGLDRTVDVRVSRIRKKLGDNSDKPYRIKTVWGQGYLFVSDAWDM,47.0,110,120,26.667,32,87,57,1,1,47.50,52,/stor/work/Wilke/crisprtn7/reblast2/GCF_000238275.2_Pund_2.0_genomic.fna
NZ_AHCF02000038.1,99164..140063,tniQ,120063..119164,lcl|120063|119164|1|-1,-1,tr|A0A1H1AQR5|A0A1H1AQR5_9ACTN,5.73e-07,"tr|A0A1H1AQR5|A0A1H1AQR5_9ACTN tniQ Regulatory helix-turn-helix protein, lysR family OS=Tsukamurella pulmonis OX=47312 GN=SAMN04489765_0335 PE=4 SV=1",MNLKDLEYVKAVAHFKHFRKAADACFVSQPTLSGQIKKLEQELGVILFDRSTKHVTLTTQGERLLTQITLILEQTQILKELAATSNQPLQGKLSIGIIPTIAPYLLPTLLTSMKAAFTQSQFSFIEMQTSTILAALDSGEVDFAILADVPELKNYHTINVYKEDFLVAVSADNALAVNKKVALQDLQGSNLLMLSDGHCFKDQAQQFCFSAGVDVSSHYQGNSLETLLALVAMDDGVTFVPKLAAIPREGIHYLPIFPNQQRNIVLACRKHYPHLSGVEQLADWLSAHDNLKVKLTQAL,48.5,114,65,41.538,27,36,38,1,2,58.46,21,/stor/work/Wilke/crisprtn7/reblast2/GCF_000238275.2_Pund_2.0_genomic.fna
NZ_AHCF02000035.1,23541..97540,tniQ,45493..43541,lcl|45493|43541|3|-1,-1,tr|A0A444K107|A0A444K107_9RHIZ,3.11e-135,tr|A0A444K107|A0A444K107_9RHIZ tniQ Uncharacterized protein (Fragment) OS=Mesorhizobium sp. M4B.F.Ca.ET.089.01.1.1 OX=2496662 GN=EN780_35465 PE=4 SV=1,MSNTTNKATRRETRAAASDYIYNLTGQPFPSSHKVYVEGTQENVRVGMREITLSDTFIGGDEQNPVYESNAPLRVYDTSGPYTDPEFKLDVRKGLNKYREQWIESRNDTEVLESVTSQFAQQRMADDGLDHIRFEHLPKIRRAKTGKNVTQMHYARQGIVTPEMEYVAIRENMGRAQIREELLAAQHKGESFGASIPEFITPEFVRDEIARGRAILPNNINHPETEPMIVGRNFLVKVNANIGNSSVGSSIEEEVEKMVWSTRWGADTVMDLSTGRYIHETREWLVRNSPVPIGTVPIYQALEKVNGVAEDLTWEIFRDTLIEQAEQGVDYFTIHAGVLLRYVPMTAKRVTGIVSRGGSIMAKWCLAHHKENFLYTHFEDICEILKQYDVCFSLGDGLRPGSIADANDEAQFSELRTLGELTKIAWKHDVQVFIEGPGHVPMHMIKANMDEQLKHCDEAPFYTLGPLTTDIAPGYDHITSGIGAAQIAWYGCAMLCYVTPKEHLGLPNKEDVKEGLITYKIAAHAADLAKGHPGAQERDNALSKARFEFRWHDQFNIGLDPVRAREYHDETLPQESGKVAHFCSMCGPKFCSMKITQEVRDYAKDLQARGIDPNNVGDAIEIKMVDVEAEMKAKSEEFKQTGSEIYHKAI,396,1018,227,80.176,182,45,201,0,0,88.55,35,/stor/work/Wilke/crisprtn7/reblast2/GCF_000238275.2_Pund_2.0_genomic.fna
NZ_AHCF02000035.1,23541..97540,tniQ,76650..77540,lcl|76650|77540|3|1,1,tr|A0A6C1BUQ8|A0A6C1BUQ8_9ACTN,1.20e-05,tr|A0A6C1BUQ8|A0A6C1BUQ8_9ACTN tniQ LysR family transcriptional regulator OS=Streptomyces albus OX=1888 GN=G3260_000050 PE=4 SV=1,MAKIDDMQLFVHVVRSGGLAAAGRKIGLSPASMTARINQLENHYQTRLLIRNTRSIKLTEAGEQFYQGCLRVIAEIDATEQSIQLSKNTLSGSLKITAPSDFGKQFVAPAIAKFVAQNPQVKPHLHLTDGLVNLVEEGIDIAIRFGNLPDSNLISRMIKANQRVLCASAEYLKIHGQPLQPSDLLNHRCLVMERFGQSMNDWHFKNQIIRVPVAMSSSDGAVIRQWAIDGAGIALKSMVDISDDLTKGHLVTLLDDYILGFSNKDKQQIGLQFLYPSRQFQPRQVVAFMDFFQQQI,44.7,104,60,40.000,24,34,36,1,2,60.00,20,/stor/work/Wilke/crisprtn7/reblast2/GCF_000238275.2_Pund_2.0_genomic.fna
NZ_AHCF02000035.1,117222..141147,tnsA,137222..137950,lcl|137222|137950|2|1,1,UniRef50_A0A3M5N9X7,3.78e-07,UniRef50_A0A3M5N9X7 tnsA HTH gntR-type domain-containing protein n=380 Tax=Bacteria TaxID=2 RepID=A0A3M5N9X7_PSEAZ,MPAPKFTQIKQFIVDKIRSGLWLENQRVPSENELAKQFTVSRMTARRALSELTDAGILTRSQGLGTFVASFKSQSSLLEIKNIANEVKERNGNYSCTVQVLESINAVAPIAIALGVEVDSVVYRSVIIHNENDSPLQVEERFVNPPLAKDYLQQDFTALTPHEYLSTVAPLTQARHTVEAITPNSEMCQWLNLYNEEPCLQVIRRTWSVNGIVSFARLISPGSKYRLGGQLTFKNNNKAHNT,47.4,111,57,40.351,23,34,36,0,0,63.16,24,/stor/work/Wilke/crisprtn7/reblast2/GCF_000238275.2_Pund_2.0_genomic.fna
NZ_AHCF02000035.1,117222..141147,cas3,125066..127249,lcl|125066|127249|2|1,1,gi|217078002|ref|YP_002335720.1|CAS-I|cas3|cas3,0.004,gi|217078002|ref|YP_002335720.1|CAS-I|cas3|cas3 cas3,MCFVEVAIKVPLPRTFDYKVDEQLTPLTQLQPGMRVLVPFGNQRKVAVILSLKTDTEVPEGKIKSIIEVIDNSPVLSAQHLELLKFTARYYCYPLGETIHIALPNALRQGECPDKTSINMLTLTDKGALLPSLKAKTQLNLLKQLSASGKSSLTELKALGFNKKTIDSLLAKELIVQTIEHDNQWQHASPTVGTKPRLNKEQAIACTAINQSTGFNSFLLEGVTGSGKTEVYLQCLEEVLKRGEQALVLVPEIGLTPQTVNRFRRRFPDTPIMLWHSALTDNERLQTWRFCEKGSCAIVIGTRSSIFLPFLKLGMIVVDEEHDASFKQQDTLRYHARDLAAYRAYQHNIPLILGSATPALETLHKAINNKYQLLTLSERAQTATDNQFKLLDMKGQPDQAGIAHASLAIMRQHLNKGKQVMVFLNRRGFSPTLICHECGWLSECNRCSTSATFHKAIGQMICHHCGDQYQVPHQCPDCGSTQIFPNGKGTEQIEEFLSTEFKDIPISRIDRDSTRRKGSLEKALDEINQGGARILVGTQMLAKGHHFADVSLVLILDVDSGLYSCDFRATEHLAQLVTQVAGRAGRSGEPGEVLLQTHFPEHPLLQDLVNNGYQDFARFALTERSDAQLPPITSMAIVRAQGHNIKQVVDFLTDLVPVNGVSGIQLLGPIPAPLEKIAGMYRFQLHIQAQDRRILHPYLAQMVNYLSTSKLAQKVRWSLDVDPTDMI,39.3,90,141,20.567,29,96,60,3,16,42.55,17,/stor/work/Wilke/crisprtn7/reblast2/GCF_000238275.2_Pund_2.0_genomic.fna
NZ_AHCF02000031.1,0..27940,tnsA,18412..19554,lcl|18412|19554|1|1,1,UniRef50_A0A1C6RKQ5,9.17e-06,"UniRef50_A0A1C6RKQ5 tnsA Murein DD-endopeptidase MepM and murein hydrolase activator NlpD, contain LysM domain n=2 Tax=Micromonospora inyonensis TaxID=47866 RepID=A0A1C6RKQ5_9ACTN",MNKSACRIIACICVLNSLATGVAVANEDRTKKDLSQVQVALEQSQAEFQQQQKEIAKQQQKLKTHELAIAKNAKALNMAEQSVKKTQQQQAEQQQRAAKLEKQQAQFQRILAAQLKSAYMAGSDDYSKMLLNQEDTAKFERTLSYYNYLNKARIKQLDDLKALQVEIAKNQAELAKTKERLVALFEEQKRRQAALLGAKNERQASLQNLKKQLNKTKNSISYLEENEQTLIATIKELEEEEKVTKIELLGLNRNKGKLNWPSKGKLAHRFGQRKHGGINWKGVLISASEGTSVNSIDNGQVVFADWLKGYGWVIVLDHGQGFMSLYGHAQTLLKDVGDMVREGESVALVGQSGGQADSGLYFEIRHKGRAVNPIKWCRRI,45.4,106,95,27.368,26,60,44,3,9,46.32,23,/stor/work/Wilke/crisprtn7/reblast2/GCF_000238275.2_Pund_2.0_genomic.fna
NZ_AHCF02000031.1,0..27940,cas3,6911..8587,lcl|6911|8587|2|1,1,gi|157162211|ref|YP_001459529.1|CAS-I|cas3|cas3,0.010,gi|157162211|ref|YP_001459529.1|CAS-I|cas3|cas3 cas3,MNINSPLLRKFITLGRVDTDTVKARQQDFASTAELISKCGKIDSNDLAEQCIDLFRVPFFDLKDFNVAQIPAELVKEKLIRKHHILPLVQKGRKVYIAASDPTDYGAFENFEFSTGLSCEVVVVDYLQLDHKIEQLLDAAGSLNLSEDEFKEFAELDSEPQKDHTSKDDDKDDAPIIVYINKILMDAIKKGASDLHFEPYEHKYRIRFRIDGILHEVASPPNTLASKLSARIKVMSRLDIAEKRKPQDGRIKLKVTERKSIDFRVSTMPTLWGEKIVMRILDSSSAMLGIDVLGYEPEQKELYLDALNQPQGMILVTGPTGSGKTVSLYTGLNILNQPERNISTAEDPVEINLEGINQVQINTKADMTFANALRAFLRQDPDVVMVGEIRDLETAEISIKAAQTGHLVLSTLHTNSAPETITRLLNMGVPAYNVASSISLIIAQRLARRLCSKCKTPEQLPREELMRQGFSEQQIQDMVLYAPKGCENCTDGFKGRVGIYEVMKVTPEIAQIIMRGGNSLEIAEVSLKAGFNNIRLSGLRKAAEGVTSLAEINRVTSF,37.7,86,32,46.875,15,17,22,0,0,68.75,6,/stor/work/Wilke/crisprtn7/reblast2/GCF_000238275.2_Pund_2.0_genomic.fna
NZ_AHCF02000031.1,0..27940,glmS,9598..10287,lcl|9598|10287|1|1,1,WP_035343592.1,3.30e-11,WP_035343592.1 glmS two-component system response regulator GlrR [Dickeya],MKLLMIDDDTGLCELLSEYLSAQGFSVQTAHDGQQGLELALQNDYALILLDVMLPSIDGFEVLKQLRQSKLTPVIMLTAKGEDFDRIFGLELGADDYIPKPFNHRELLARVKAITRRIEHINSVSNNTNKKLSLNGITINFAAREASINNSPLTLTGTEYEILALLIKHAPDVISKEQISEDVLGRRLASFDRSIDMHVSNIRKKIAEHIEGDKIKTMRGTGYVFIQGE,59.7,143,106,31.132,33,72,61,1,1,57.55,46,/stor/work/Wilke/crisprtn7/reblast2/GCF_000238275.2_Pund_2.0_genomic.fna
NZ_AHCF02000029.1,1706..42602,tniQ,21706..22602,lcl|21706|22602|1|1,1,tr|A0A498PN23|A0A498PN23_9MYCO,9.63e-07,tr|A0A498PN23|A0A498PN23_9MYCO tniQ HTH lysR-type domain-containing protein OS=Mycobacterium attenuatum OX=2341086 GN=LAUMK136_00063 PE=4 SV=1,MAIQFDDWQDLKVAFEVARLGTLTAAAEALDVHHSTVLRRINNLEKSLNARLFHRHARGYKVTEIGAKLFTTAQAINGELERLHSDIIAADSTLQGSLLLTTVSGFIDVLSEVCEQFQTLHPQVQLQVIMDQKRLRLDHGQAHIAVRAGPRPDEGDYIAQHLAALSSGFYASKHYISRYGLPQTLAQLSVHNFVSGVAGYNGKVPYFSWVDENIPSSQVKLRVSETSEATRAIVKGLGIGGLQHDVAAQYSDLVPVLPNELSWPTDLWLVTHHLVHRTAKVQAFSQLLKTYFKQRKLS,48.1,113,74,37.838,28,44,42,1,2,56.76,24,/stor/work/Wilke/crisprtn7/reblast2/GCF_000238275.2_Pund_2.0_genomic.fna
NZ_AHCF02000029.1,1706..42602,cas3,14612..16165,lcl|14612|16165|2|1,1,gi|488777683|ref|YP_007947099.1|CAS-I|cas3HD|cas3,5.04e-04,gi|488777683|ref|YP_007947099.1|CAS-I|cas3HD|cas3 cas3,MQQQDKVWIFDTTLRDGEQALKASLTEDDKVQLAHTISRLNVDVMEVGFPVSSPADFRSVQRIATEVKGPIICGLARSVAKDIEACGDALRAAQQSRIHTFIATSPLHLEHKLRMSLDDATAMAVKSIKLARNYTDDVEFSCEDAGRTPHWDLCKIVEQAINAGASTINLPDTVGFVTPDEYAAMIRHLMNNVPNIDKARLSVHCHNDLGLAVANSVAAVQAGARQIECTINGIGERAGNCSLEEVAMIMKMRKDHLNVYTDIKSEEIYRASRQVAKICNMPVQPNKAIVGENAFAHSSGIHQDGVLKAQNTYEIMSPESVGVPSNQLNMTSRSGRHVIEHRLEELGYQKSDYDMDSLYQSFVALADQKGTVYDYDLEAMIYFNQINDKDEKYQLEFVNSASNSQSVASSTIGLLIDGEAKQEAATGNGPVEASFAAIERLTGMSVEMIEYNLEATGQGASSLGQVNIIAKYDGRPYHGAGIAADVVEASVRAMVRVYNLIYRAQKVSDLKQQRKAG,41.6,96,189,21.693,41,133,80,4,15,42.33,36,/stor/work/Wilke/crisprtn7/reblast2/GCF_000238275.2_Pund_2.0_genomic.fna
NZ_AHCF02000029.1,1706..42602,glmS,24221..22608,lcl|24221|22608|1|-1,-1,WP_035343592.1,2.54e-65,WP_035343592.1 glmS two-component system response regulator GlrR [Dickeya],MTYYKNQLNTLTGHFDMNQQFNLTQVALELAQSTLHAHSFEQLLATVERVIPSDASALLIRQGEQLKPLAIKGLMPDSLGRRFNIAEHPRLDAICNHRLALQFAHDCPLPDPYDGLLLAKTGDIPVHACLGLPLYDKDSLLGILTFDSLNADAFDGITADTLNTLQTLCSAHFKTALELAHYKQHAQHSSELVQALNREALKRDGGEIIGQSPVIQTLKNEIKLVAASNFSVLILGDTGVGKELVARNIHLHSARKDQPLIHLNCASLPENLAESEFFGHAKGAFTGAQNARQGKFQLADGGTLFLDEIGELPLAMQSKLLRVLQSGEVQTVGEDELKYVDVRVIAATNRDLKHEVEQGRFRADLYHRLSVYPLSVAPLKARDEDVILLAGYFLEKTARKLAIKQLKLSIETQLLLKKYDWPGNVRELEHVINRAALKAKQHQWQQPIITIEPEHCELNLSAVNTLALEHSNQLATTPLTNNISLKQATDTYTQQLIIQQLKQHNYNWASTARSLQVDRANLTRLAKRLGISIKKSL,216,551,225,49.333,111,114,153,0,0,68.00,42,/stor/work/Wilke/crisprtn7/reblast2/GCF_000238275.2_Pund_2.0_genomic.fna
NZ_AHCF02000029.1,1706..42602,parE,33701..35293,lcl|33701|35293|2|1,1,ADU33911.1,1.93e-68,"ADU33911.1 parE cytochrome c oxidase subunit I, partial [Edentulina cf. ovoidea 'Pare']",MSSIAEQPNSNEAHHGHQPATGFKRWLFTTNHKDIGSLYLIFSLTMFLIGGAMAMVIRAELFQPGLQLVDPHFFNQMTTVHGLIMVFGAVMPAFTGLANWMIPLMIGAPDMALPRMNNWSFWILPFAFLILLASLFMPGGGPAFGWTFYAPLSTTYSNDNTAMFVFAVHIMGISSIMGAINVVVTIVNMRAPGMTWMKLPLFVWTWLITAFLLIAVMPVLAGAVTMVLTDKYFATSFFDAAGGGDPVMFQHIFWFFGHPEVYIMILPAFGIISTIVPTFSRKKLFGYASMVYATSSIALLSFIVWAHHMFTTGMPVAGELFFMYATMLISVPTGVKVFNWVATMWRGSISFEVPMLFSIAFIVLFTLGGFSGLMLAITPADFQYHDTYFVVAHFHYVLVTGAVFSIMAGAYYWLPKWTGNMFNITLAKWHFWLSLVSVNVLFFPMHFVGLAGMPRRIPDYALQFADFNAIISIGGFAFGLSQLLFVVVVYKCAKGGDKVPAKVWDGAEGLEWEVDSPAPYHTFSTPPDIK,217,553,220,50.909,112,103,158,4,5,71.82,41,/stor/work/Wilke/crisprtn7/reblast2/GCF_000238275.2_Pund_2.0_genomic.fna
NZ_AHCF02000029.1,1706..42602,glmS,41184..41546,lcl|41184|41546|3|1,1,WP_035343592.1,1.63e-12,WP_035343592.1 glmS two-component system response regulator GlrR [Dickeya],MKRILAVDDSASMRQMVSFTLKTAGFDVTEAKDGSEALAIAKQQGFDAVISDVNMPIMDGITLIRELRGLPDYKFTPLLMLTTESGMDKKVEGKAAGATGWIVKPFNPDQLLAVLKKVIR,60.5,145,109,33.028,36,69,58,2,4,53.21,90,/stor/work/Wilke/crisprtn7/reblast2/GCF_000238275.2_Pund_2.0_genomic.fna
NZ_AHCF02000022.1,22240..126883,tniQ,43118..42240,lcl|43118|42240|1|-1,-1,tr|A0A0W7WYX0|A0A0W7WYX0_9ACTN,7.93e-07,tr|A0A0W7WYX0|A0A0W7WYX0_9ACTN tniQ HTH lysR-type domain-containing protein OS=Streptomyces silvensis OX=1765722 GN=AT728_13705 PE=4 SV=1,MQTPIRGLRSFCFAAKSLSFKHAAKELYLTPSAVSHQIKQLEEQLGIDLFQRQTRSISLTPAGKNFFEAIYPIINMLESTINEFSQLQQNVNLTITLPEFFASELLMPKLSEWTSEHPNINLHMDTLKTRKELTRQSDLSIILSSSKPLDGLATELFNLEYIPACNKKLLEQWQNDHCQALNQVPLIVHKARPWAWHQWAEKVGIDDFSPTQIIQIDSMFGVARAAQQGMGIALIPLPISQSWLDEQWLYKLFEQPLTTKDKYYLVQHGSSTANHPLDLFAKWVINTFRQTK,48.1,113,65,44.615,29,34,37,1,2,56.92,22,/stor/work/Wilke/crisprtn7/reblast2/GCF_000238275.2_Pund_2.0_genomic.fna
NZ_AHCF02000022.1,22240..126883,tniQ,72755..71763,lcl|72755|71763|1|-1,-1,tr|A0A2W1D0I8|A0A2W1D0I8_9PLEO,6.49e-11,tr|A0A2W1D0I8|A0A2W1D0I8_9PLEO tniQ Pectate lyase OS=Pyrenophora tritici-repentis OX=45151 GN=A1F97_07859 PE=3 SV=1,MSNPIKAIVIDKQDDDYSANLSSINSDDLPNENVLIDVLYSTLNYKDGLAITGKGPVVRSFPMVPGIDLVGTVTNSDSEEFKAGDKVILNGFGVGEKHWGGLAQKAALSSDWLIPLPANLSAKQAMQIGTAGYTAMLSVIALEKQGITPDSGEVLVTGANGGVGSFAIYLLSQLGYQVTAATGRMEQADYLKSLGATNVIDRNEFSNPGKPLQKERFAAAIDSVGSHTLANICASLKYGGVVTACGLAQGMDLPASVAPFILRGISLMGIDSVMRPKADRVEAWDRLASLVSSDYLDKISTEITLDQVIENAEQLMQGQIRGRVVVNCQS,60.5,145,251,24.303,61,158,115,10,32,45.82,71,/stor/work/Wilke/crisprtn7/reblast2/GCF_000238275.2_Pund_2.0_genomic.fna
NZ_AHCF02000022.1,22240..126883,tnsA,75581..76429,lcl|75581|76429|2|1,1,UniRef50_A0A1C6RKQ5,1.60e-06,"UniRef50_A0A1C6RKQ5 tnsA Murein DD-endopeptidase MepM and murein hydrolase activator NlpD, contain LysM domain n=2 Tax=Micromonospora inyonensis TaxID=47866 RepID=A0A1C6RKQ5_9ACTN",MKVLERGRLVMLKSLFVSALIVSTSFSAIALELKGHLTQGGLVTGQLDNAKSVTLNGKSLKLADNGLFVFGFGRDAKPVHTLSWVDKTGKSHSQDLVITLRDYDIDKITGVAKKYVSPPKAVSERISREAIAVRKARAVNSDLEYFLQPVLRPAKGRISGVYGSQRYFNGEPRRPHFGLDIANKTGSPVYAPISGTVVFAEPDLYYSGGTLILDHGHGVTSTYIHLSKLDVKVGQKIEQGTKVAEIGATGRVTGPHLDWRFNWQGERLDPALLMQDTLANKK,47.0,110,155,27.097,42,77,65,5,36,41.94,46,/stor/work/Wilke/crisprtn7/reblast2/GCF_000238275.2_Pund_2.0_genomic.fna
NZ_AHCF02000022.1,22240..126883,tniQ,106883..106374,lcl|106883|106374|1|-1,-1,tr|A0A417XIF4|A0A417XIF4_9CLOT,0.001,tr|A0A417XIF4|A0A417XIF4_9CLOT tniQ GNAT family N-acetyltransferase OS=Clostridium sp. OF09-10 OX=2292309 GN=DXA91_00825 PE=4 SV=1,MFKTIKLPRVTLRLITHKHGAALLTILNNPLVYEFNDYKTPLNKEHVKQLIQDDISSYYQGEGVRLAIEHNMSGVLIGTCGLYNINNQTKTAYLGFELDPFYWQQGLMHEVLKGFVSEIHRSLNIEHLYAEIHGKNVRCYNLLTKLGFVFNQQISNGVWHKQLTKMDGA,36.2,82,77,32.468,25,48,35,2,4,45.45,45,/stor/work/Wilke/crisprtn7/reblast2/GCF_000238275.2_Pund_2.0_genomic.fna
NZ_AHCF02000022.1,22240..126883,cas3,24801..23668,lcl|24801|23668|3|-1,-1,gi|325968907|ref|YP_004245099.1|CAS-I|cas3|cas3,1.09e-04,gi|325968907|ref|YP_004245099.1|CAS-I|cas3|cas3 cas3,MKQKALSKRDPRVLIVAPTRELATQVFTQLRLLIAGTNIKAVKILGGENFNDQIKALRNDPHFVVATPGRLADHLKQRSLQLSGLELLIFDEADRILDLGFTDQLKLINELADHRLRQTLLFSATLDHAQVDALSRNLLKKPKQIMLSAANEQHSDIKQTLYLADHLDHKEALLEHFLNQDNVGQCIIFTATRADTSRLSEALNSKGFKSVALAGDLTQSKRLDIMDAFSRENFKILITTDVASRGLDLLSVTHVINFDLPKHAEEYVHRIGRTGRAGFKGNALSFVGPKDWASYLAIKSFLNDELSFAVVDGLKAKFKGIKEKKVTPVKPIKKVVADKKPQQKRKAKPKKPAAPIKAPLNIDGDTPMRRKKKPEQE,42.7,99,227,22.907,52,143,92,7,32,40.53,54,/stor/work/Wilke/crisprtn7/reblast2/GCF_000238275.2_Pund_2.0_genomic.fna
NZ_AHCF02000022.1,22240..126883,cas2,33075..33776,lcl|33075|33776|3|1,1,gi|116493923|ref|YP_805657.1|CAS-I-E|cas2|cas2,1.20e-08,gi|116493923|ref|YP_805657.1|CAS-I-E|cas2|cas2 cas2,MAKSPLDWPRRYEQLLHSAQNSLLKEFYKQAFTNQTAPLKDVPFVALDFETTGLDANTDDIVSVGLVPFNVNRIYCKESRHWVVQPRRDLSEESIVIHGITHSEVDEAPDLNRILAPLLDALKGKVVVVHYAAIERHFFYNALLTRIKEGIEFALVDTMEIERRALRARQGLLGRLFNKKLGSLRLSDTRERYSLPLYQNHNALTDALATAELLQAQLSYHYRLDTPLSEIWL,53.1,126,87,42.529,37,36,47,3,14,54.02,33,/stor/work/Wilke/crisprtn7/reblast2/GCF_000238275.2_Pund_2.0_genomic.fna
NZ_AHCF02000022.1,22240..126883,cas6,60016..61677,lcl|60016|61677|1|1,1,"gi|436839745|ref|YP_007324123.1|CAS-I,CAS-III|cas6|cas6",0.001,"gi|436839745|ref|YP_007324123.1|CAS-I,CAS-III|cas6|cas6 cas6",MSLQRDRMIDSKFVKEGLLKSNYFPLQKNRNEELPSIFNSGAFSADIADELVAIKLRSGGYDDLSFNVTRFNNVHRKISIPHPLPYAHLVNTITENWDSLSHIENNENSIIRPLKHKDGRIIVMTYEQSKRKTKRYNDSCKGKKFIVHSDISNFYPSIYTHSIPWALLGVQAAKINQNGGFENELDQHQRMMKRNETTGVAIGPGTSNIISEIILYEVDKLLKGKGYEFYRFIDDYTAFCSTYEESESFIRDLSEFLSVYGLLLNIKKTEIKKLPKPTAADWVSDLGSRISQRKKVNEFYCIKMLDYALDLQEKNSGGSILKFTLKSLINKATPKAKIALLDYSINLTMHYPILLPLIGDLLSVATRKPNDSYYKSLIFTLTECIINKNSDGMVWCLFYIAKYYSATLSDEMADKIIKTGDVIAITTLYLFTPHQQKVVVFCKSILQLSLFDIDQYWLLLYQVFFDKKLENPYTNLDKYLPLVKGNTEQQRQDKARNLCNHDQKSFDVLKSKGVSFISLVELVPETHKKPNFIKKIMAKLSTKVIEKVEQTAT,40.4,93,143,25.874,37,89,63,3,17,44.06,24,/stor/work/Wilke/crisprtn7/reblast2/GCF_000238275.2_Pund_2.0_genomic.fna
NZ_AHCF02000022.1,22240..126883,parE,27999..31082,lcl|27999|31082|3|1,1,VFJ57583.1,5.39e-08,"VFJ57583.1 parE ParE toxin of type II toxin-antitoxin system, parDE [Candidatus Kentron sp. DK]",MKQQPMMQDLPSMAIRRPVLIVVLNLLIIIAGIAAIAGVEVRELPDVDRPRITVSASFPGGSPETVDTEVTSKLEGAVARVSGVKSIRAQSEEGSSRIVVEFRPGVNLDDAANETRESVSRVQRELPEEVERVSIIKADNDAEAVVSLTVSSESLSLEALTERVDVDLAPQFLTIPGVADVRLNGDRERVLRVRIDPLKLSSFNLTIPDVADVLRQAPFDVPAGSLKSNDQQIIVRADATSVTPDQVGDIIIRGDTRISDIAAVYFGPADPRSMVRLNGKPVIGMEIIRQAQSNTIEISDEVLKLIEGMRERFPQMEFTLTSDDAQFIRSSVDEVINSLVLTVLLVIITLWVFIGSWRATLVPAFAIPVALIGSLALIWALGFSINILTLLALVLATGLIVDDAIVVSENIQRQRGLGLGRRAAAVVGTREVFFAVIATTAVLAAVFVPIAFLPSTAGRLFREFGGVLAGAVIISSFVALSLVPALTSKLKLKQGGFHPFAKLGNVLANLYTKTIHKVLDHAWLTFIACLLVAGGSGALYMSLDNELLPTEDRGKIRIFARGPDGVGLNFMDRQAIKMEDTLLPFVESGEIESIYTVVGQWDPNIVFITVPLKHWDERNFSQQEIINKIRQPLMNIPGAPAYAGGANSLNLRGQGGGIEIALLGQDYLEIFKAAQQFSADLEKAVPEVAPVRVSYQPSQPQLRVNIDRRRAEELGVSLSDIAITLRAAINGDDIADLNIGDQSIPIMLQAQNQTINDPSDLANLYVSARDNQLVPLSSVANITEEGVAAELERHAQRRAIELSMELPEGLTIATLVEQIKQVSEQSLPAGITLAFKGEALTFEETSNEVLMTYVLAFLIVFLVLAAQFENVNSAIVVMITVPFGITSAILALYLTGTSLNIYSQIGLVMLIGLIAKNAILLVEFADQLRDNGLSVRKAVEQAALVRLRPITMTLISTLLGALPLIMSTGAGAEARNAIGWVVFGGLALAVLFTLYLTPVIYLGLARFTSPRGDESKQLAQELEQVDN,51.2,121,76,36.842,28,46,42,1,2,55.26,7,/stor/work/Wilke/crisprtn7/reblast2/GCF_000238275.2_Pund_2.0_genomic.fna
NZ_AHCF02000022.1,22240..126883,glmS,37879..36212,lcl|37879|36212|2|-1,-1,WP_005919208.1,1.31e-05,WP_005919208.1 glmS glutamine--fructose-6-phosphate transaminase (isomerizing) [Pediococcus acidilactici],MCSIFGVLDIKSDPSQLRAQAIEMSKLLRHRGPDWSGVYSSDKAILVHERLAIVGVSSGAQPLYNPEKTHILAVNGEIYNHKELAANLEVEFDFQTQSDCEVILALYKQKGPAFLDDLNGIFAFCLYDEEQDAYLIGRDHIGIIPLYTGHDEHGNFYVASELKALSPICKHIEEFPPGHYLYSKDGKLTPYYQRDWQSYDAVKNNDAKAEDVKDALEAAVKRQLMCDVPYGVLLSGGLDSSVISAITQHFAAKRIEDNDESDAWWPKLHSFSVGLEGSPDLAAAQKVADMIGTIHHPIIFTIQQGIDALKEVIYHIETYDVTTIRASTPMYLMARQIKAMGIKMVLSGEGADELFGGYLYFHKAPNAQEFHEELNRKVSKLHMFDCLRANKSMAAWGVEARVPFLDKEFVDVAMRINPEAKMCKDGKIEKHILRAGFDGYLPDEVLWRQKEQFSDGVGYSWIDTLKEFVNEQVTDQELANAKFKYPINTPDSKEAYFYRRIFESHFPGDASANCVPHGKSVACSTPEALAWDASFQNNADPSGRASGVHNEAYKK,45.4,106,231,25.541,59,118,94,11,54,40.69,34,/stor/work/Wilke/crisprtn7/reblast2/GCF_000238275.2_Pund_2.0_genomic.fna
NZ_AHCF02000022.1,22240..126883,yciA,76435..76869,lcl|76435|76869|1|1,1,WP_029772286.1,3.28e-94,WP_029772286.1 yciA acyl-CoA thioesterase [unclassified Pseudoalteromonas],MTQVEREAIIAQRIKDSTTSVTKAVFPGRTNHHNTLFGGDALAWMDEVAFIAATRFCRKPLVTISSDRVDFKEAIPAGSFAELISKVSHVGNTSLKVDVEIFLETMHKDNKHSAITGSFTFVAVDDNHRPTPVVCDKMLHGFEL,266,680,143,88.112,126,17,138,0,0,96.50,99,/stor/work/Wilke/crisprtn7/reblast2/GCF_000238275.2_Pund_2.0_genomic.fna
NZ_AHCF02000018.1,1760..42785,tnsA,22785..21760,lcl|22785|21760|2|-1,-1,UniRef50_A0A2D2C3Y7,1.27e-13,UniRef50_A0A2D2C3Y7 tnsA Tn7_Tnp_TnsA_N domain-containing protein n=4 Tax=Paracoccus TaxID=265 RepID=A0A2D2C3Y7_9RHOB,MDTNNMTVFSNHTVALIAALLCALLSLFIALSFGAAPTSLADVYQSLTFSNEASFTSRIIIELRMPRTLLAFLAGSGLAIAGLILQTVTRNPLADPYLFGISSGASLGVVILMSFVGAGAGIALSGAALTGSLVAMGLLILIAGSQRNAQVESMLLAGVALSFLFSAFTSLLLYWSDPQAVAAILFWTLGSFAKAQWQSLLLPVLVIIVCTIIMLGFRRQLNAMLLGDESATTLGVRVHRFRILMLILSSLITAVLVANCGGIGFVGLMVPHIVRFFISQGSRVGLLMTGLVGGIFMVWVDVLARSLLSNQELPIGVITAAIGSLFFLSILYFRKRQLVVQ,67.8,164,105,41.905,44,56,64,3,5,60.95,30,/stor/work/Wilke/crisprtn7/reblast2/GCF_000238275.2_Pund_2.0_genomic.fna
NZ_AHCF02000018.1,1760..42785,cas3,12448..13674,lcl|12448|13674|1|1,1,gi|341581811|ref|YP_004762303.1|CAS-I|cas3|cas3,6.80e-08,gi|341581811|ref|YP_004762303.1|CAS-I|cas3|cas3 cas3,MQFSEFDLDNKLLNAINKMGFETPTSIQQQAIPEALQGRDILASAPTGTGKTAAFLIPAIQYLMDFPRRDPGFARVLIMTPTRELAYQIHEQCELLAKQTHLKIGVVTGGINYGTHKEIFENNNDILIATPGRLMEYLETENFHAENVEMLILDEADRMLDMGFRKEMLRICDEAKNRRQCFLFSATLEGDSVELFAERILNDPALLEAESSRKEKAKIHQWVHLADDYHHKLELLVNTLNGPDVSKAIVFVKTRERLETLIGELTNNGVKAAWLRGEMPQDKRMKAMENFHSGKTRILVATDVAARGIDVADISHVINFDMPRTADVYVHRIGRTGRAGKKGIAISLIEAHDIGILYKVERYIEQKLKRRVFKGLEPKHKEAKPPVKKRKDPVKMKAKKKAKAKKKK,53.5,127,359,23.398,84,217,136,13,58,37.88,79,/stor/work/Wilke/crisprtn7/reblast2/GCF_000238275.2_Pund_2.0_genomic.fna
NZ_AHCF02000018.1,1760..42785,cas3,20286..19687,lcl|20286|19687|2|-1,-1,gi|525701715|ref|YP_008233404.1|CAS-I|cas3HD|cas3,0.003,gi|525701715|ref|YP_008233404.1|CAS-I|cas3HD|cas3 cas3,MTESTNDKHQQRQQKVKEQVDARVAAAQQEKGIFQVITGNGKGKSTSGFGVVARCVGHGKKAAVCQFIKGTWECGERNLLQGAGVEFAVMNTGFTWDTQNKEADTAAAQATWQESKRMLSDSSIDVVLLDELTYMVTYGYIDLEEVVAAINNRPAMQSVIITGRAAHRTLIELADTVSEVRNVKHAFESGVKALKGFDY,36.6,83,71,30.986,22,42,38,2,7,53.52,34,/stor/work/Wilke/crisprtn7/reblast2/GCF_000238275.2_Pund_2.0_genomic.fna
NZ_AHCF02000018.1,1760..42785,cas3,29165..30988,lcl|29165|30988|2|1,1,gi|307595798|ref|YP_003902115.1|CAS-I|cas3|cas3,2.72e-05,gi|307595798|ref|YP_003902115.1|CAS-I|cas3|cas3 cas3,MNTLTPSPNTLVRKPETVLKQVFGYSEFRDGQSAVIDAAINGQDSLVLLPTGGGKSVCYQIPALVLEGVTIVISPLISLMQDQVTQLQALGVKAAYINNSLAREEQQLVYQQLHQGLIKLLYVAPEKVLQREFLERLSHLNVSLFAIDEAHCVSHWGHDFRPHYFRLNELKQRFTHVPMMALTATADKATRFDIVEQLKLQQPYIHTGSFDRPNIRYTIEEKFKPMVQLLRYLKEQKSQSGIIYCTSRKRVDDIAEKLADAGLNAAAYHAGMSNEQRQFVQTGFARDDIQIVVATVAFGMGINKPNVRFVLHYDIPKSIEAYYQETGRAGRDGLAAEAIMYFDPADIGRVRRFFEDIDDEQRRRVEEQRFNAMASFAEAQTCRRQILLNYFSEYQREPCGNCDICLNPPKSFDGTLVAQQALSCVYRAQQRFGLGYIVELLRGANTSRIRDNNHHELSTYGIGKDKSSEFWLSILRQLIHQGLLSQDITQGASLRLTEAARAILKSEYALQLAEPRLQAKHVYQDKLAQFNYDKKLFARLRALRKELADADDVPPYVVFNDKTLAEMAQLMPTNDSEFLKVSGVGFTKLNKYGGEFLTAIRHYLATQ,45.8,107,46,50.000,23,22,30,1,1,65.22,8,/stor/work/Wilke/crisprtn7/reblast2/GCF_000238275.2_Pund_2.0_genomic.fna
NZ_AHCF02000018.1,113689..134740,tnsA,134438..133689,lcl|134438|133689|3|-1,-1,UniRef50_A0A3M5N9X7,6.29e-16,UniRef50_A0A3M5N9X7 tnsA HTH gntR-type domain-containing protein n=380 Tax=Bacteria TaxID=2 RepID=A0A3M5N9X7_PSEAZ,MSLKIKAAKLSDVILQQLENMILEGSLAPGEKLPPERELAKQFEVSRPSLREAIQKLEAKGLVTRRQGGGTYVKNQLEEGLTDPLFDLISKHPESQFDLLEFRHALEGIAAYYAALRGTSNDFAKVKQSFDQIALAKDELKQKAKAINDFHFCIAEASHNVVLLHLVRGMQSLLEQNVLQNLTVLLKKSDISSQLAEHRRLLMDAVIDGNPEQARLASNAHLAYIEEALLEAGKEHSRIERSLRRTKQN,72.8,177,204,29.902,61,136,101,4,7,49.51,81,/stor/work/Wilke/crisprtn7/reblast2/GCF_000238275.2_Pund_2.0_genomic.fna
NZ_AHCF02000017.1,4762..45778,tniQ,24762..25778,lcl|24762|25778|3|1,1,tr|A0A2W1D0I8|A0A2W1D0I8_9PLEO,2.87e-15,tr|A0A2W1D0I8|A0A2W1D0I8_9PLEO tniQ Pectate lyase OS=Pyrenophora tritici-repentis OX=45151 GN=A1F97_07859 PE=3 SV=1,MTMKAAINTEYKGKLAITDLPIPEVGPDDVLVKIAACGVCHTDLHACHGDWPVKPKMPLVPGHEGVGVIEKLGSNIKHLEVGDRVGVPWLYSACGHCEFCLDGRETLCLSQHNTGYSIDGGYAEYCLAHGDYIIKIPEGLGFAEAAPLFCAGVTTYKALKVSGAKPGQWVAIVGVGGLGHLAVQYAKAMGFNVIAVDTGKEKMALAKELGADITLDFKEVVPSEAIFEQVGGAHAVVCTAVSKPGFEQAYKSVRRGGKCVLVGLPPEDMPLPIFDTVLNGVSVVGSIVGTRKDLQECLEFAAQGKVKAIIEEKKLEDINEIFDDMLKGEINGRIVVTI,73.6,179,332,25.904,86,196,142,10,50,42.77,92,/stor/work/Wilke/crisprtn7/reblast2/GCF_000238275.2_Pund_2.0_genomic.fna
NZ_AHCF02000017.1,4762..45778,DinG,12376..14202,lcl|12376|14202|1|1,1,gi|386313924|ref|YP_006010089.1|CAS-IV|DinG|DinG,0.0,gi|386313924|ref|YP_006010089.1|CAS-IV|DinG|DinG DinG,MAVAVEDALKTRSQLVVEAGTGTGKTFAYLAPALKSKGKTIISTGSKALQEQLYHRDLPVLVKALGAAKKTALLKGRANYLCTYRLTQHVAHVPTDDPDVMHQLAMVAKFASETHTGDLADCIGIEEDAKVLPYVSSTADNCLGKECPDFQECYIRKARLKAGDADVVVINHHLFFADMAVKESGFAELMPNADAYIFDEAHQLSEIASDYFGETMSTKKLVDLINDLRAIYRAEIPDMLQLGKSLNKLETSVADLRLQFGVDGSRGDWREKLSNKLICSALHRVISDLEFVYQVLKLCLERSDKIEHPFERVLAFKGQLERVFDTAQTGFSYWYETTRRYLTINITPLNVSAKFALMMKESGSGFVFTSATLSVDNELSHFNASLGLKPKQSMMVDSPFDYENQALLCLPRYLPQSHEDNMPHAIVKLTLELIKSAKGRCFVLFTSYRMMHLVAEGLTTQMDYPVYMQGQMSKRIILEKFTRHGNAVLLGTASFWEGVDVRGSTLSCVIIDKLPFAAPDDPLLQAKMQDCQMQGKDPFAHIQLPQAVIALKQGVGRLIRDNKDKGVLVICDNRLVTRQYGQVFLKSLPPMRRTRSLEDANTFLKHIN,536,1381,608,44.243,269,336,383,3,3,62.99,99,/stor/work/Wilke/crisprtn7/reblast2/GCF_000238275.2_Pund_2.0_genomic.fna
NZ_AHCF02000017.1,4762..45778,cas10,37009..38115,lcl|37009|38115|1|1,1,"gi|169831969|ref|YP_001717951.1|CAS-III|cas10|LS,CASCADE",0.008,"gi|169831969|ref|YP_001717951.1|CAS-III|cas10|LS,CASCADE cas10",MSSKTKINKPNWLSLINIDSVYSFDRQRQAFSLFTMIAIALVLITYLVIANHRVYAPILTAALISVNLTIVGCIVYFIKTKQLNAIALITLMIVFVMCLALVSTGGKENTALYWLMFYPVAVFAILGVKLGAWLSSAMLLSCIVMLYGPDMGQVMYGEVEKTRFVAAFSLVLVFSFIGEYFRHRSHLAIADITLEQKQHAYTDQLTGAPNRRFITSHFLKLAASRPAHYLPLSILLIDLDNFKQLNDTYGHDFGDTVLIEFTKLLESQFSATALKARYGGEEFVVILPQMTTIEASILANRFRECVQHHVILTDKQQRVSLTCSIGIAQANHIDDYDSALKLADEYLYQAKSQGRNKVIFAHGEYVSQ,37.0,84,77,35.065,27,48,40,2,2,51.95,21,/stor/work/Wilke/crisprtn7/reblast2/GCF_000238275.2_Pund_2.0_genomic.fna
NZ_AHCF02000017.1,4762..45778,rsmJ,14211..14912,lcl|14211|14912|3|1,1,PRD22402.1,9.18e-27,PRD22402.1 rsmJ rsmJ [Trichonephila clavipes],MIKSNILALDASTEALSIVLHYQGKTFHHFEECPQQHSQKVLPLIDELLGKAGCKLKDLDVIGFGQGPGSFTGVRISVAIAQGLAYSTNLPLVGVSTLAVMAQQALEQFGANDVYSSIDARMGEIYFAQYHAKDGLMTLKGEERVFKPELLDATLIDTNIDAAAVGTGFKSYPEALTPFNSVTIQPEITLPDAQYMLALVEAQYLAGKGVKASDAQPKYVRDTVTWKKLPGRE,105,262,231,32.468,75,145,119,7,11,51.52,97,/stor/work/Wilke/crisprtn7/reblast2/GCF_000238275.2_Pund_2.0_genomic.fna
NZ_AHCF02000017.1,75900..144634,tniQ,95900..96793,lcl|95900|96793|2|1,1,tr|A0A6C1BUQ8|A0A6C1BUQ8_9ACTN,5.78e-06,tr|A0A6C1BUQ8|A0A6C1BUQ8_9ACTN tniQ LysR family transcriptional regulator OS=Streptomyces albus OX=1888 GN=G3260_000050 PE=4 SV=1,MITNINYNHLYYFWQVSKHGSIAAASKILNLTPQTVSSQITNLEQRLGKPLFVRRGRGLQLTEFGHVTQQYTNDMFAIAHEWLETTQGDTTQYSRTLKVGISDVLPKSLVSKWLAPLINNDRITNLHCIDGQQDELLAQMAIHKLDLVLADKPLDTTLPFKAFCHEIGKSQIALFGNETWHSQLHKQFPQSLNNKPLVLPAKESPVARAIYYWLQEQDIEMTIAGHVDDSALMKSLGEQGFGIFPAPILVRAEVERHYGVNYIGTIDNVYQHYYAFTPDRLIKDSIYDEFIKHAQMT,45.4,106,92,32.609,30,59,48,2,3,52.17,30,/stor/work/Wilke/crisprtn7/reblast2/GCF_000238275.2_Pund_2.0_genomic.fna
NZ_AHCF02000017.1,75900..144634,tniQ,103285..102434,lcl|103285|102434|3|-1,-1,tr|A0A0W7WYX0|A0A0W7WYX0_9ACTN,4.40e-06,tr|A0A0W7WYX0|A0A0W7WYX0_9ACTN tniQ HTH lysR-type domain-containing protein OS=Streptomyces silvensis OX=1765722 GN=AT728_13705 PE=4 SV=1,MQVSLQALKAFEAAARLGSFKAAADELSLTPTAISHHINNLENRLNVDLFYRQVRKITLTPTGEYLSEATSNGFNLINQALATVQAKGTAVKITTTSSLAALRLIPALQELSKSQPNLEVDISTSEAVDKQLHTLPIRFGQQRNINADDIIKTEQFNVFGSYKAADIPWQNGPVTLYTTKWKNNSLSEPPIKQWLTQNNLDPALFSIKTFDQELFGIQEAMADSGLVFCSTTLVQRLLDTELLKNFNTHVVESDFCYYIPNKQRFQTRNTRLVLEWVEGLLSL,45.8,107,66,45.455,30,34,37,1,2,56.06,23,/stor/work/Wilke/crisprtn7/reblast2/GCF_000238275.2_Pund_2.0_genomic.fna
NZ_AHCF02000017.1,75900..144634,tnsA,124634..123582,lcl|124634|123582|2|-1,-1,UniRef50_A0A2D2C3Y7,5.05e-22,UniRef50_A0A2D2C3Y7 tnsA Tn7_Tnp_TnsA_N domain-containing protein n=4 Tax=Paracoccus TaxID=265 RepID=A0A2D2C3Y7_9RHOB,MSTLTLNRFNAITLSNPHKWMLLSYGCIFALTLLSIGYGAAGWDWRLAIAWLAPEHFSQFDALQINVVTQIRLPRFVLAVMVGLVLAQTGAATQALCRNPLADPSIIGISAGAAMVAVAFIALSAQFNFNAQHYLPYASFLGALSVTSLVYLVSKQQKQININTLILVGVAINALAFAVIGLLSFYADDSALRLINYWTMGSLGGASWDNIKQASPLLLLSLIGLWRLKEPMNLLLIGESQAQYLGVDTSKLKLYVIILVALGVGAVVALTGLIGFVGLVVPHIARLMVGPHLRNMLPLCMLLGVIVLLLSDWLARLVVMPAELPIGIITALLGAPLFIYLIIKNKRDWS,91.7,226,106,44.340,47,58,70,1,1,66.04,30,/stor/work/Wilke/crisprtn7/reblast2/GCF_000238275.2_Pund_2.0_genomic.fna
NZ_AHCF02000017.1,248741..301766,tniQ,269781..268741,lcl|269781|268741|1|-1,-1,tr|A0A2W1D0I8|A0A2W1D0I8_9PLEO,8.22e-17,tr|A0A2W1D0I8|A0A2W1D0I8_9PLEO tniQ Pectate lyase OS=Pyrenophora tritici-repentis OX=45151 GN=A1F97_07859 PE=3 SV=1,MEIFMSTTSRQFTLASRPHGAPTNENFELKNVELPSLKDGEVLLRTIYLSLDPYMRGRMSDAKSYADPVEIGDVMVGATVCQVESSKNDKFSEGEWVLAYTGWQTYAISNGEGLMSLGKEPTNPSYALGIMGMPGFTAYMGLLDIGAPKAGETVVVAAATGPVGATVGQIAKIKGCKVVGVAGGSEKCAHAVENLGFDACIDHKADDFAEQLEKACEQGIDVYYENVGGKVFDAVLPLLNTSARVPICGLVSQYNATSLPEGPDRLGMLMGQLLTKRIKMQGFIIFDDYGDRYDEFAQDMQTWLQDGKVQYREHLVDGFEKTISAFNDMISGKNFGKTVVKINSPL,78.2,191,221,28.054,62,137,111,8,22,50.23,61,/stor/work/Wilke/crisprtn7/reblast2/GCF_000238275.2_Pund_2.0_genomic.fna
NZ_AHCF02000017.1,248741..301766,tniQ,280888..281766,lcl|280888|281766|1|1,1,tr|A0A653EZ82|A0A653EZ82_9MYCO,2.48e-06,tr|A0A653EZ82|A0A653EZ82_9MYCO tniQ DNA-binding transcriptional activator GcvA OS=Mycobacterium riyadhense OX=486698 GN=BIN_B_04331 PE=4 SV=1,MSRLNYHHLYYFWSVARIGNLTQAAKELHLSQSALSTQIKQLEHTINIELFERKGRTLALTDMGKRVQMYANDIFTKGEELSSFIHKGVISQTQHLSIGVLNTLSRNFIEEFINPLMSNDEVRFSLTAGRMDGLLNGLAEHELDLVLTNKPIGLEHYDQLWQSQLVSRQPLAIVGPADKKIRGQFPAGYTDAQWVLPAKTSAIRDSFNALCARWQYQPKIKAEADDMAMLRLLARDSGALSVLPSVVVKDEIEQGLLVEYQRLPDAFEHFYAITAQRKFVPDILKSLLAKTC,46.6,109,75,36.000,27,46,39,1,2,52.00,25,/stor/work/Wilke/crisprtn7/reblast2/GCF_000238275.2_Pund_2.0_genomic.fna
NZ_AHCF02000017.1,248741..301766,cas3,255756..257777,lcl|255756|257777|3|1,1,gi|332797418|ref|YP_004458918.1|CAS-I|cas3|cas3,1.96e-04,gi|332797418|ref|YP_004458918.1|CAS-I|cas3|cas3 cas3,MLYTDMQIFHLLRIYSIYGHRHKKDAFMSTSLVQSLEQHFGFNQFRAGQQQTIEQLLNGQSSLAIFPTGSGKSLCYQLTALHLPHLTLVVSPLLALMKDQISFLNSKGIYAASLDSSQDQMQSSTVMNDVRSGKIKVLMVSVERFKNERFREFISQVALSMLVVDEAHCISEWGHNFRPDYLKLPRYREELNIPLVLLLTATATKKVKRDMAERFAIDPKCIVQTGFYRANLDLNVLSVKTADKNTELTGIVRTQTGPGIVYVTLQQSAEQVANMLSAQGLQAVAYHAGLEDTLRGQIQDDFMAGKINVVVATIAFGMGVDKSDIRFVIHYDLPKSIENYSQEIGRAGRDGNPSNCYTLANLDGLNTVENFVYGDTPELSGIEYVINDIRQAQQQWEMQEYSLSSESNIRQLALKTLLVQLEMQGAITPQYAYYADFKYKFLVDKNELLNQFDQQRQAFLTQIFSHTDFKKIWGTLNFDSLTQAAQVDRKRVVAALDYLAEKNLITLETKRITQVYKVHSEVINNPALAQQLHDYFTDKEQAEIKRIAALVRFFELQSCLSYNLARYFDDANAPQQCGHCSVCRGHAVKLEYSITPAKIDTVLIYQKVDELLAHMATKGVHNVGIETQCRFLAGMSVPLFARNKVRQLSGFALCEQQRYSEIKAILLSRSAPN,43.1,100,338,21.006,71,212,132,12,55,39.05,45,/stor/work/Wilke/crisprtn7/reblast2/GCF_000238275.2_Pund_2.0_genomic.fna
NZ_AHCF02000017.1,248741..301766,csa5g,293230..291980,lcl|293230|291980|3|-1,-1,"gi|379004110|ref|YP_005259782.1|CAS-I-A|csa5gr11|SS,CASCADE",8.93e-05,"gi|379004110|ref|YP_005259782.1|CAS-I-A|csa5gr11|SS,CASCADE csa5g",MNDCLPGDTQVWQKVEHILRETVSSFGYQEIRFPIVESTDLFKRSIGEVTDIVEKEMYTFADRNGDNLTLRPEGTAVCVRAGNENGLLYNQEQRLWYMGPMFRHERPQKGRYRQFHQFGLETFGIASADIDAEVILLTAQLWEAFGITDHVRLELNSLGSNEARAQYRDALIAFLEQHTDVLDEDSKRRMYSNPLRVLDTKNPDIQAILVDAPKLSEHLDAESKEHFENLCERLDAAGVKYTVNEKLVRGLDYYNRTVFEWVTDSLGAQGTVCAGGRYDGLVEQLGGKSTPAVGFAMGLERLVLLLQALECVGDIRRSADVYLAAMGDKASIQAPIIASTLRRDVPGLRVMVHAGGGNFKKQLKRADKSDALVAIIIGEDELEQGVVTIKYLRERKEQVTLELEQAKTLLAELINS,41.2,95,94,38.298,36,43,48,5,15,51.06,22,/stor/work/Wilke/crisprtn7/reblast2/GCF_000238275.2_Pund_2.0_genomic.fna
NZ_AHCF02000017.1,248741..301766,glmS,249077..250078,lcl|249077|250078|2|1,1,SSV28320.1,3.36e-69,SSV28320.1 glmS glmS [Acinetobacter baumannii],MMFNTLMEKEAAQTPNVIEKQIIANQPLVEKIGHKLRDMAPKVVMMIGRGSSDHAGVFGKYLIEIEAGVPVSSAAPSVASVYGKTLKLEGAVVIVISQSGRSPDILAQAKMAKEAGAYCIALVNDEASPLQDIVDDFVPLKAGDEISVAATKSYLATLSALVHIVANWTQNESLLQGLDELPSALNAIIDSPTQLQPTEFANIKNMVVLARGLGFSISKEMALKLKEVCAIHAESFSSAEFLHGPVTLVEQGLVILDCSVDDETKESHQQQIAEVKKRGAQVISLNQQGIKVHPRLAPFLVLQRFYLDVAKVALSRGFNPDEPKGLKKVTRTL,217,553,341,37.830,129,199,194,3,13,56.89,99,/stor/work/Wilke/crisprtn7/reblast2/GCF_000238275.2_Pund_2.0_genomic.fna
NZ_AHCF02000017.1,248741..301766,glmS,263484..264152,lcl|263484|264152|3|1,1,WP_035343592.1,1.53e-09,WP_035343592.1 glmS two-component system response regulator GlrR [Dickeya],MTKILILEDSPPLQSFLKTLLQASGYELSICDKGLDGFARLSEQSYDLVLLDLGLLDMDGQDWLIEFRQWSALPVLVLSARDGEVEKVTALDNGANDYITKPFSANELLARIRVLLRTQSQPSVAFTCGNIKIDPQKHRVTSSGNEIKLTKKEYAILLLLFQNKNTVLTHNAILSHIWGAQYIDRPEYVRVHVAQLRQKLEANPASPKYILTEPAVGYRLAD,54.7,130,106,29.245,31,74,52,1,1,49.06,47,/stor/work/Wilke/crisprtn7/reblast2/GCF_000238275.2_Pund_2.0_genomic.fna
NZ_AHCF02000017.1,386219..451735,tniQ,406219..406677,lcl|406219|406677|1|1,1,tr|A0A417XIF4|A0A417XIF4_9CLOT,1.92e-12,tr|A0A417XIF4|A0A417XIF4_9CLOT tniQ GNAT family N-acetyltransferase OS=Clostridium sp. OF09-10 OX=2292309 GN=DXA91_00825 PE=4 SV=1,MKYSIRGVCDEAATGEFIKWCLQCYDSYDLGPWALIDKNSDLLIGFCGISPQSVAGNEEPNLGYRLAVDFWNKGLACEAAKSVLKYVFTQTTHQSVVVIIEPEHIASLRVAKKIGFTDYSNHEFHGRAVQLYRLTKAQWNEWTSLDVAYVAT,59.7,143,93,35.484,33,56,48,2,4,51.61,61,/stor/work/Wilke/crisprtn7/reblast2/GCF_000238275.2_Pund_2.0_genomic.fna
NZ_AHCF02000017.1,386219..451735,tniQ,430677..431735,lcl|430677|431735|3|1,1,tr|A0A2W1D0I8|A0A2W1D0I8_9PLEO,3.00e-13,tr|A0A2W1D0I8|A0A2W1D0I8_9PLEO tniQ Pectate lyase OS=Pyrenophora tritici-repentis OX=45151 GN=A1F97_07859 PE=3 SV=1,MANLPTTMHGVQLTAHGDFDTLKYATDIAVPSLASTDVLIKVMAAGVNNTDLNTRLAWYSKKGDESDDASWSGNALVFPRIQGADVCGVIIAVGESVDKNRIGERILVEPCLLKANGESLKTPWYFGSECDGGFAQYTVVDSLHAYKINSSYSDVELASFPCSYSTAENMLYRSNPQQGQTVLITGASGGVGSAAVQLAKARGANVIAITSESKAQQLKDLGADKVLSREDDLIKTLGKSSVDVVIDLVAGEQWPKLLEVLKPKGRYAVSGAIGGALVELDIRTLYLKDLTFFGCTVIEPGVFKSLVNFIEQEKIKPIVAQTLPLSEIVTAQQVFSQKLHVGKIVLTIPHSE,67.8,164,206,27.670,57,128,99,7,21,48.06,53,/stor/work/Wilke/crisprtn7/reblast2/GCF_000238275.2_Pund_2.0_genomic.fna
NZ_AHCF02000017.1,487340..528071,tnsA,507340..508071,lcl|507340|508071|1|1,1,UniRef50_A0A3M5N9X7,8.91e-21,UniRef50_A0A3M5N9X7 tnsA HTH gntR-type domain-containing protein n=380 Tax=Bacteria TaxID=2 RepID=A0A3M5N9X7_PSEAZ,MARIENLNLSQQVTNELGKAIINGHYTAETGLPTEAKLCEEYGISRTAVREAVKMLAAKGLISSRPRQGIRVEPANTWNLYDTSVLKWLLESSPTLYVLKEFLQVRLAIEPQAAALAAKRADKDAIAEIAVALEKMQAAADAPDGEIHEADLAFHTAILFASGNRFFFQLRDFIRTALNVSIQHTTPAKGSKKAIADEHFKVYQAILNGEAERAKNMMTYMIDEAMSFIEKEIAEKESQNASK,85.9,211,207,33.333,69,120,106,6,18,51.21,82,/stor/work/Wilke/crisprtn7/reblast2/GCF_000238275.2_Pund_2.0_genomic.fna
NZ_AHCF02000017.1,599748..692122,tniQ,619748..620290,lcl|619748|620290|2|1,1,tr|A0A417XIF4|A0A417XIF4_9CLOT,2.44e-05,tr|A0A417XIF4|A0A417XIF4_9CLOT tniQ GNAT family N-acetyltransferase OS=Clostridium sp. OF09-10 OX=2292309 GN=DXA91_00825 PE=4 SV=1,MSLNYSIGHQGVILNIAFKTERLLIRFAQIADAAELVKLVNQANFIKYIGDKGIYTLDDAKKYIKDSFISAHKEHGFGPYIITLHDETVIGIVGFYQRATMQHPDLGFALKDGFEKKGYIFEAATILLNNRHKLGIKDVCAITSTANLGSQNVLYKLGFTEVGKAFINADKATIKVFIYD,40.8,94,87,33.333,29,56,42,2,2,48.28,48,/stor/work/Wilke/crisprtn7/reblast2/GCF_000238275.2_Pund_2.0_genomic.fna
NZ_AHCF02000017.1,599748..692122,tniQ,642437..641499,lcl|642437|641499|2|-1,-1,tr|A0A1N1MBJ4|A0A1N1MBJ4_9MYCO,9.09e-05,"tr|A0A1N1MBJ4|A0A1N1MBJ4_9MYCO tniQ Regulatory helix-turn-helix protein, lysR family OS=Mycobacteroides abscessus subsp. abscessus OX=1185650 GN=SAMEA2149858_03031 PE=4 SV=1",MDTTSRLLMLLEVVEQGSFAKAAEIRNIDRSVISKQISRLEDELGVRLLNRTTRSFSLTAAGAEMIKKADELRSLLGDTLRMAENYHLEPRGVLKITSSTLIGRRYLQPVINDFQKRFPQVEVELRLDDRLVDIVSEGFDLAFRVGEPKDSSLIARKIARNRLLLLASPAFIETYGMPKNITDLAQLPAASYASSSLRVDGVSYYNHLGEQCEQKIKSVFRANDAEALLMKTLSGTTYVLAPAFILDKEVIDGQLVPLLTDLKLMEHSAMYAVYPHRDLPVRTRLFFDAVREYIGKEKPIWENSIPDFEQMY,42.0,97,64,37.500,24,38,36,1,2,56.25,20,/stor/work/Wilke/crisprtn7/reblast2/GCF_000238275.2_Pund_2.0_genomic.fna
NZ_AHCF02000017.1,599748..692122,tniQ,648297..649322,lcl|648297|649322|3|1,1,tr|A0A2W1D0I8|A0A2W1D0I8_9PLEO,1.80e-14,tr|A0A2W1D0I8|A0A2W1D0I8_9PLEO tniQ Pectate lyase OS=Pyrenophora tritici-repentis OX=45151 GN=A1F97_07859 PE=3 SV=1,MPNTVVTNPDTIPSSMQAIALIEPNEDINLTDIQLPVPQCTGNELLVKVEYVGLNPVDAQFAKSGFCLWQYPHVLGLDAVGVVVKAGKGVFPGVGERVMWHASIGEQGILSEYAKVPNYAVSIIPQQLASDKAATLPCAGMAALISLDKLAVTEGDTLFVEGGAGAVGQFAIQFAKQRGADVFTTASKRNHKLVKQLGADVVFDYNDKALCDKIRRELGPQGFDAVIDIMGGESTIQNIELMRFCGRIACLNPLPNFEQQLMYRRAPNISIVSLGGAWLANSLCAQQRMSFMGNLLLETVSNGEIIPPEVLAVDFNAKAVSSALNNQLAGGFTGKQVVKIS,71.2,173,330,25.455,84,217,148,11,29,44.85,91,/stor/work/Wilke/crisprtn7/reblast2/GCF_000238275.2_Pund_2.0_genomic.fna
NZ_AHCF02000017.1,599748..692122,tniQ,656166..656666,lcl|656166|656666|3|1,1,tr|A0A417XIF4|A0A417XIF4_9CLOT,6.36e-05,tr|A0A417XIF4|A0A417XIF4_9CLOT tniQ GNAT family N-acetyltransferase OS=Clostridium sp. OF09-10 OX=2292309 GN=DXA91_00825 PE=4 SV=1,MVFDKLAKHHASQLLDFELENKQWFETLIEPRAKSFYSIKGVTEHIDLLINQMNEGTCYSGVLLQNNIIVARANIKDVSNNEAFVGYRVAEAFTSKGAASFCLSQLINIAQSKFNITQLKALVLENNPASMRVLKKFGFQAINTNVNAITINGRRLSCIEFCAKYA,39.3,90,83,31.325,26,51,40,2,6,48.19,48,/stor/work/Wilke/crisprtn7/reblast2/GCF_000238275.2_Pund_2.0_genomic.fna
NZ_AHCF02000017.1,599748..692122,tniQ,672122..671223,lcl|672122|671223|2|-1,-1,tr|A0A285DW26|A0A285DW26_9NOCA,7.16e-04,"tr|A0A285DW26|A0A285DW26_9NOCA tniQ Regulatory helix-turn-helix protein, lysR family OS=Rhodococcus sp. OK270 OX=1882814 GN=SAMN05447004_104212 PE=4 SV=1",MSEFMPVQAKTEDLEMFITIVDCGSFSGAASLLDLNVAKVSRALSRLENRLNCTLLNRTTRRLELTEEGHIYIEYARKALNTLLLGEETIKLLKQAPSGHLRIDAASPFVLHQLAPLVNEFKKQYQQITLDITSHDNIIDLLERKTDLAIRIGDLKDSNLHARKLGQSKLKLVASADYLKNAPPLQQVLDLKNHNLIGFSEPNTLNQWPLKHEQSLHFDLRASSGETIRHLCIADQGIALLSQFMIAEDLAKKRLIEVLPHSVSSPNNRESIYGVYYKNGAVSSRIVAFLDFIQPRLSL,38.9,89,48,41.667,20,28,28,0,0,58.33,16,/stor/work/Wilke/crisprtn7/reblast2/GCF_000238275.2_Pund_2.0_genomic.fna
NZ_AHCF02000017.1,599748..692122,cas3,680888..682189,lcl|680888|682189|2|1,1,gi|315230236|ref|YP_004070672.1|CAS-I|cas3|cas3,4.94e-14,gi|315230236|ref|YP_004070672.1|CAS-I|cas3|cas3 cas3,MNFKSFSFAPELIQALDELNYHTLTPIQRSAIPAVRKGKDVLASAQTGTGKTAAFALPIIQKLFESDCSTTNAPSALVLAPTRELAEQIANNFKDFAKYTQLKVVSLFGGVNTAGQEIALKEGVDVVVATPGRLLDHIRLGNLSLAQVKHLVLDEADRMLDMGFINDMQSVIKSCADERQILLFSATFPAAIKQFASKVLKQPEIVRVDQTNSTASTVQHVVYPVEERRKQELLSELIGKKNWQQVLVFVNMKETADELVTELNLDGIPAAVCHGDKSQGNRRRALREFKEGKVRVLVATEVAARGIDIDCLPRVINIDLPWLAEDYVHRIGRTGRAGNQGQAISFVSREEENMLFEIETLIGQKIKRVYLEGYEVSNREVLIDKIGKKPAHLRRTRANKPSGQATGEARAKNRSRISNVRKSLKGEKLSLKK,73.2,178,404,25.743,104,244,173,20,56,42.82,85,/stor/work/Wilke/crisprtn7/reblast2/GCF_000238275.2_Pund_2.0_genomic.fna
NZ_AHCF02000017.1,599748..692122,glmS,627814..629013,lcl|627814|629013|1|1,1,KKW72534.1,2.02e-11,"KKW72534.1 glmS glutamine-fructose-6-phosphate transaminase (isomerizing), glmS, partial [Lactococcus lactis subsp. cremoris DPC6860]",MIYRFVQQLALHIEKSSVIDMSKRDYYEVLGVSKDASERDIKKAYKRLAMKYHPDRTAGDKDLETKFKEVKDAYEVLTDSQKRQMYDQYGHAAFEQGGGGGHGGFGGGQGDFGDIFGDVFGDIFGGGGGRRQSRQQRGSDLRYNMDLSLEEAVRGKDVEIKVPTWVSCDPCDGSGAKAGSKPKTCTTCHGAGQVQMRQGFFAVQQTCPTCHGQGQIISDPCNKCHGQGRVEKTKTLSVKIPAGVDTGDRIRLSGEGEAGMHGAPAGDLYVQVSVREHKIFVREANNLYCEVPISFTTAGLGGEIEVPTLDGRAKLKIPSETQTGKMFRMRGKGVKSVRSGAQGDLICKVVIETPVNLNERQRDLLTELEESMGKDSSKNRPKEQGFFDGVKKFFDDLTK,63.2,152,73,42.466,31,41,42,1,1,57.53,18,/stor/work/Wilke/crisprtn7/reblast2/GCF_000238275.2_Pund_2.0_genomic.fna
NZ_AHCF02000017.1,599748..692122,glmS,629691..630098,lcl|629691|630098|3|1,1,WP_035343592.1,3.92e-09,WP_035343592.1 glmS two-component system response regulator GlrR [Dickeya],MKICLYLLWLIIRMRILVVDDMPLMRHVLINMLRQLDYKDIVEATDGLQALTILKNQLIDLVITDLHMPKMDGLTLLDAIRKDTEHAQLPVLMVTCEDSSETVKKIINAKVSGFIIKPFSMNVLSAQLTRLANKV,51.2,121,109,31.193,34,72,56,2,3,51.38,81,/stor/work/Wilke/crisprtn7/reblast2/GCF_000238275.2_Pund_2.0_genomic.fna
NZ_AHCF02000017.1,599748..692122,glmS,632802..634169,lcl|632802|634169|3|1,1,WP_035343592.1,1.72e-94,WP_035343592.1 glmS two-component system response regulator GlrR [Dickeya],MIEAVVCKQVVVIDDEAMIRDSLNQLLTLEGYEVQCFSDASIALSRLSRNFYGVVLSDINMPTMDGLTFIEQVKAFDSELPVIFLTGYADVSVAVRAMQLGAYDLFEKPLNENLLDCIARASDKRALVMENRALKRAVEKTSAPGVRILGETLKMQHMMNLLNTVIDTPADVLIEGETGTGKELVARYLHDHSNRSSCQFVAINCGAVPEQLIESELFGAVSGAYTGATQDRKGKFEFAQGGTVFLDEIESTPLSLQVKLLRVLEERKVTPVGANKAIDLDIRIVAATKVDLLSLVEKGEFRADLYYRLSLVKVSIPALRDRKADIPLLFKYFSSIAATRFHKPLGALNIELQQRLLAHDWPGNVRELRNQAERAVLLGPDLAFAQSDSSSSGSSLSLDLSLAEKVSFYEQSLIEEALELNHGSIKDTMATLQIARKTLYDKMSKYNLNRDMFTD,290,742,452,38.717,175,256,263,8,21,58.19,98,/stor/work/Wilke/crisprtn7/reblast2/GCF_000238275.2_Pund_2.0_genomic.fna
NZ_AHCF02000017.1,599748..692122,parE,643734..646883,lcl|643734|646883|3|1,1,VFJ66771.1,1.72e-05,"VFJ66771.1 parE ParE toxin of type II toxin-antitoxin system, parDE [Candidatus Kentron sp. DK]",MKFSHFFIQRPIFAAMLSLIILIAGGISLFQLPVSEYPEVVPPTVVVTASYPGANPTVIAQTVATPLEQEINGTENMLYMFSQATSDGRMTLTVTFALGTDLDRAQVQVQNRVNSALPRLPQEVQRLGVVAEKSSPDLTMVVHLYSPQNSHDTAYLSNYADLNIKDEIARLPGVGDIQLFGGGKYAMRVWLNPDALAARELTAIDVVAALRSQNQQVAAGSLGAQPISNDSQFQILLNVKGRLNSIEEFKQVIIKVGEQGQLTRLSDVARVDLGQDSYSLRAELDNQPALAMPIFQRPGSNAIELSDQVRETMARLSKDFPEGVEYDIVYDPTVFVRGSIDAVIATLLEAIALVVIVVIVFLQTWRASIIPLIAVPVSLIGTFAVMQWLGVSINTLSLFGLVLAIGIVVDDAIVVVENVERNIENGLSPLEATRVAMTEVTGPIIAIALVLCAVFIPTAFITGLSGQFYKQFALTITISTVISAFNSLTLSPALAALLLKSHDAKPDAFTRLLDKLFGRWLFKPFNRLFNRGATGYEKLVQKLIRMSVVVIVAYVALVGGTIKLFDAVPGGFIPQQDKQYLVAIAQLPDAASLDRTEAVVKQMQQIALEVPGVANTVAFPGLSVNGFTNSPNSGIVFTPLAPFAERTDPSMSASAIAAQLNQRFAAIDEAFVAVFPPPPIQGLGTTGGFKLQIEDRANKGFEALFNSLQSVIAAAQKDPALMGLYSSFRIQVPQMDIDIDREQALIQGIALDEVFNSLQIYLGSVYVNDFNMFGRTYQVNAQADAEFRVDPEQILNLKVRNRAGNMVPLGSVLTVTPTIGPDRVMHYNGYPSAELNGSPAPGYSSDQAQTAIENVLAKTLPTGIEYEWTEVTYQQVLAGNTMVYVFPLVVLLVFMVLAAQYESLRLPLAIILIVPMTIFSALLGVWFVGSDNNIFTQIALIVLVALASKNAILMVEFAKDKHDTGLSHLEAMLAACRMRLRPILMTSIAFTAGVIPLVLATGAGAEMRHAMGNAVFSGMIGVTVFGLLFTPVFYMLVVKKQRAEESSND,43.9,102,67,35.821,24,43,36,0,0,53.73,6,/stor/work/Wilke/crisprtn7/reblast2/GCF_000238275.2_Pund_2.0_genomic.fna
NZ_AHCF02000017.1,704808..745710,tniQ,724808..725710,lcl|724808|725710|2|1,1,tr|B5GZK9|B5GZK9_STRCL,8.23e-04,tr|B5GZK9|B5GZK9_STRCL tniQ Uncharacterized protein OS=Streptomyces clavuligerus OX=1901 GN=SCLAV_p0400 PE=4 SV=1,MKLNQLQILDAIVQSASLSGAALKLHKTQPALTLAIKNLEAKLGFDLLDRSHYRLQLTEKGRIFHREAKQLLAANEQLTQLATELALGNEAQYRVCYEQICHMQSYNEIISNTFKHFSSTEFRLTSGKRFVSLEQVNTGQAELGIGPWFDLFHATGDLESLPIGKLDIGIVGAKGVLPKQLSYDELQLYPCLAMFESGLSIDSDRLSYSKGAVVMKIDDISTLKSFLLSGAGWAMMSLGHCKKEIAAGSLQQIIVTDREHQFSAQIRAFRQHAMHHGPVARKIWQQFKLLSEEYLSKNGR,38.9,89,71,33.803,24,47,36,0,0,50.70,24,/stor/work/Wilke/crisprtn7/reblast2/GCF_000238275.2_Pund_2.0_genomic.fna
NZ_AHCF02000017.1,704808..745710,cas10,732334..733287,lcl|732334|733287|1|1,1,"gi|217076942|ref|YP_002334658.1|CAS-III-C|cas10|LS,CASCADE",0.006,"gi|217076942|ref|YP_002334658.1|CAS-III-C|cas10|LS,CASCADE cas10",MQTDTIKIGISACLAGEKVRFDSGHKKSNFCMEELAKHVEYKMYCPEVAVGLPIPRPTIRQVKTGDTIKVCRPDGTGDVGPQLTEYGKKIATEQAGHLSGFVFCAKSPSCGMERVKIYNEAGTGNTSEGVGFFAEQIMKHNPLLPCEENGRLNDVHLRENFVMRVYTLHNWQQLVKEPVTVHRLTQFHAQYKYLLMAHNYQAYRDLGNLLGTFVGDDVNALADEYILGLMNALKRPASRKNNSNTLMHLQGYFKKDLSKIEKEEMRDAIDEYRQGLVPLYVPLTLLKHHLKVHPNEYLSKQIYFNPYPNELKLRYGL,37.4,85,79,32.911,26,46,44,3,7,55.70,23,/stor/work/Wilke/crisprtn7/reblast2/GCF_000238275.2_Pund_2.0_genomic.fna
NZ_AHCF02000013.1,0..38556,tnsA,17243..18556,lcl|17243|18556|2|1,1,UniRef50_A0A1C6RKQ5,1.76e-10,"UniRef50_A0A1C6RKQ5 tnsA Murein DD-endopeptidase MepM and murein hydrolase activator NlpD, contain LysM domain n=2 Tax=Micromonospora inyonensis TaxID=47866 RepID=A0A1C6RKQ5_9ACTN",MVHVVNTLPKKHKMLILGLVSAIVALAFLPSEKATASKDNSENTLEIGKRYELQIKVGENEKLTDLNSEHAAQKLPEYDFVDHLVKNGDNLANIFKRAGFSAQTLYKLVNTNAETRKLTKIHPGETLSFATAKDGSLAQLRYVISKTDTLYVTLNDEGQYDTSIDSKEIETLSKTAGGEISSSFWTSAIAAGLSERQIMNFADIFGWDVDFANDIRKGDEFGLIYESHFVDGEFIGTGKIIAAEFINQGERYTAIRHTDGNFYTPEGRSMKKAFLRAPVNFKYISSSFNPRRLHPVTGQVKAHRGIDYAARTGTPVVSSGNGKVIKAGYSKYNGNYVFISHGTQYVTKYLHLNKRLVRTGQKIKQGEKIGTVGSTGRVTGAHLHYEFLVNGVHRNPKTVKLPKSEPLPRSELAKFKPIADNFIAQLERNRELQLALK,60.8,146,96,36.458,35,57,50,2,4,52.08,22,/stor/work/Wilke/crisprtn7/reblast2/GCF_000238275.2_Pund_2.0_genomic.fna
NZ_AHCF02000013.1,0..38556,glmS,441..3224,lcl|441|3224|3|1,1,WP_035343592.1,1.39e-05,WP_035343592.1 glmS two-component system response regulator GlrR [Dickeya],MQGKFSPAIKGLLPLFLVSNLITATLFIVAYSLYSQSNTEHKEVNPVSTIKVTKLAERLEQPIVEALTIHEQDKVKSLLDTASLLNNNFKYTLHRFNPNNKTELVYSNNSNLIEPLAINEYVKEQGILHHVISVNGEVIAELIIEQKQPLIASSTQNLFMNAYLAAIVALIVLFALAITFNKHINKRLHKNTDSLTQELKAITQNDNYQSTLNEQLEGGLETVAQQINLLLKKVSTVQADDQAAQKELKKLQTSLETEVQSRTFELEKQTQKALKASETKTTFLATMSHEIRTPMNGVIGTIDLLRQTELDGAQQRLSTIIRESAFSLLSILDDILDFSKIEAGKLNIDPVPFSVADTLEEVAKVLSSVAKNRHLELDLSIAPDIPNNLKGDSVRVRQVLYNLCSNAIKFTSTNGTTQGKVRISVEVAHNTADHFTLRFCVSDNGKGMSQSQLRKIFNPFTQAESSITREFGGTGLGLSICKSLTELMLGTIHVTSHEGIGSEFTVELPFSTAGKIEFANKNTLNGKHVIVVSNNAERGKVIYRYLSFMGAKITYAHEQQDIEAHQETKDIIWVVDGIDDMSSISTLLRSLLYSLEDNNQQMVVLSKLDEAVINHKNIFYINASPLCKSNFMLSILVAAGLHKPKQIKKARTMNHYLSSEEALAANRLVLLVEDNRLNQEVLTEQLHILGYSVEVANNGEEGLDMWRKNSYSLILTDLHMPKMSGYDMVEKIREEASLLESIDAQPYIIAVTANALKGERERCLAVGINDFITKPIELNALEDTLKQWSDLYSEQPQQVNSAEKSVMPIDMESANKYINGDDAKIIRFFKMYLEQSQEQIKAINFAVLQSNKAEILSACHQLKSISKTVGANIVADLAQSFEDKCKSDEVSADELIKMRDGLEIEYSRAAQFLKEQIKNNEEQNELI,46.2,108,115,27.826,32,72,59,2,11,51.30,12,/stor/work/Wilke/crisprtn7/reblast2/GCF_000238275.2_Pund_2.0_genomic.fna
NZ_AHCF02000013.1,0..38556,glmS,8869..9585,lcl|8869|9585|1|1,1,WP_035343592.1,3.50e-04,WP_035343592.1 glmS two-component system response regulator GlrR [Dickeya],MQTPVILIVEDEDVTRLNLVSLFEAEGYKVIEAIDGDDMHDKLTNNDDVNLVVMDINLPGKNGLILARELRQKRKVGLIFLTGRDNDVDRILGLEIGADDYITKPFNPRELTIRARNLITRTALGGEESAIETNGVITFNGWELDENSRCLTSPNGDAKRLPKGEYRALRLMLDSPGRIFSREQLIKHMTGRELRANDRTVDVTIRRIRKHFESDNSTSELISTIHGEGYRFIGKIDS,38.9,89,124,24.194,30,91,63,3,3,50.81,51,/stor/work/Wilke/crisprtn7/reblast2/GCF_000238275.2_Pund_2.0_genomic.fna
NZ_AHCF02000013.1,0..38556,yciA,12109..13029,lcl|12109|13029|1|1,1,WP_010787592.1,2.62e-05,WP_010787592.1 yciA GTP cyclohydrolase I FolE2 [Bacillus atrophaeus],MQTTMPDIANTAAALQTGKLDWVGMGDIELPFIFESLDLAPVTVNAKARAFVNLHQEDAKGIHMSRLFLALDHLSTEQQVNPHTLAQALDTFITSHEGLSDKAQIEFKFELPLRRKSLLSGKAGWKSYPVVLTSTINQGVISFELSVDVTYSSTCPCSAALARQLIQNAFSEKFAQETLTQSEVLEWLGTTQGIVATPHSQRSIANVKVKLDQNIQEFDVVNLINLLEDELKTPVQAAVKREDEQEFARLNGQNLMFCEDAARKIKTTLESKEFSDYFLQINHYESLHAHDAVAIAVKGIEGGYKA,42.7,99,305,23.279,71,174,121,14,60,39.67,95,/stor/work/Wilke/crisprtn7/reblast2/GCF_000238275.2_Pund_2.0_genomic.fna
NZ_AHCF02000013.1,57634..98491,tniQ,77634..78491,lcl|77634|78491|3|1,1,tr|A0A2Z5JF85|A0A2Z5JF85_STRAR,5.32e-04,tr|A0A2Z5JF85|A0A2Z5JF85_STRAR tniQ LysR family transcriptional regulator OS=Streptomyces atratus OX=1893 GN=C5746_20965 PE=4 SV=1,MKNISTDSLRTFVMVVEVGGFAKAGDLLGLSQPAVSLQVKRLEDLLGYKLFKKQGQRQVLNQYGELLLPMAKQMVQHNDAILQLFTSESVTGKVRLGIPSEFAARILPSIIGDFVALYPEVSLEVKSRLSKHLLSDERQDQFDLVLALNEQLDSEKFPIFIQDQLVWVGDLSLAQNETVTLVTAPEGCIYRRRATQALEKAGIKYRIVYSNADLTGLIAALKEGLGITVLAKSTVPNDLAYHLHTKHLPALGSIGISLVKTASEPENAVFKLAEFIKLRLGYPTA,39.3,90,74,32.432,24,48,36,1,2,48.65,25,/stor/work/Wilke/crisprtn7/reblast2/GCF_000238275.2_Pund_2.0_genomic.fna
NZ_AHCF02000013.1,57634..98491,glmS,93110..91116,lcl|93110|91116|1|-1,-1,WP_035343592.1,1.74e-10,WP_035343592.1 glmS two-component system response regulator GlrR [Dickeya],MAQKILIIDSSSMIAMRLKVLLELIGCEVELVHYSMFDQSSNIDAYDMLAFSQGTPTNLVASLVKQATRQSFLLLAPKAESGELLDAFGKLNELVPDATIIYPFFSNKEITSFIEELLEIGPDHIFKLPTILLVDHVSERLEMLKSSLVGAHIEVYTATNHDEALNIAKLRMIDILISDFSLKEGLGLDIFTSLKQIQPHSRCLLLTSRPAQVSMIEAIRQGVEDVLIKPLDDNVLLQAVHKLWQTELLKRHNAELVERLQDTVDVLIEKDSLLQVIFKNTPDPILLFERKGKIVEANDACLKLFNLPFKKLIAHSLFHFLDDDSVKAIKDKISTLNSNRQFSCDLHLVNKDGSKIPLVGSFNEIDHHGEIALAVIFKNVTHLKQKEDLLLEAKDLLEEQVRARTSQLEHAKNIAEAANLSKSEFLANMSHELRTPMHSILSFSRFGIGKLQDDDFSKDKLLKYLTRIESSGQRLLSLLNNLLDLSKLDVGKFPFNPRACDLTTIVKTSIDDVSGIAIEKDIKIAFKSDNPPVIAQCDEEQINQVLRNVLSNALKFSEEHSTIEVALETDSGCANIEVIDSGIGIPEDELETVFQKFVQSSKTNSGAGGTGLGLTLCREFVSLHQGTIKACNNELGGATISIQVPLEINLDEYLADEQLVKNGS,61.2,147,114,33.333,38,76,61,0,0,53.51,17,/stor/work/Wilke/crisprtn7/reblast2/GCF_000238275.2_Pund_2.0_genomic.fna
NZ_AHCF02000013.1,106748..147695,tnsA,127695..126748,lcl|127695|126748|3|-1,-1,UniRef50_C1B711,2.54e-34,UniRef50_C1B711 tnsA Putative ribonuclease n=294 RepID=C1B711_RHOOB,MSDFKRGQRAKQPNHIPLRGWWDIAKRIIKQMSRDNLSLVAAGVAFYALLAIFPAIAALVSVYAYFASPNDISAYLSQFMALLPQSTQEIILSQVSSLAQKSQTSLSLSALGTLLLTIWSSSKGSQALITACNISYHEYEKRSFFKAQLVRLLFSVGAIVVAVIALVIIGILPLALNLLGIKESIDFLIMLISWPLLALTFNFALLILYRYAPHRKAAKWRWVTVGSFTATVLWIVASFGFSFYVSHFASYNETYGSLGGVVIMLMWLFISTYIIILGASINAALEQQTAQDSTIGPDKKRGQRGAYVADHLDIK,126,317,290,30.000,87,196,156,5,7,53.79,90,/stor/work/Wilke/crisprtn7/reblast2/GCF_000238275.2_Pund_2.0_genomic.fna
NZ_AHCF02000013.1,106748..147695,yciA,137579..136314,lcl|137579|136314|1|-1,-1,AHK23278.1,1.02e-22,"AHK23278.1 yciA cytochrome b, partial [Toia ycia]",MFGKIVEWIDDRIPMTRVWNMHIAQYPAPKNFNFWYFFGSLAMLVLVNQILTGIWLTMNYVPSAEGAFASVEYIMRDVEYGWLLRYLHSTGASAFFIVVYMHMFRGMIYGSYQKPRELLWLFGMFIFLALMAEAFMGYLLPWGQMSFWGAQVIISLFGAIPVIGDDLTLWIRGDYVISGATLNRFFALHVIALPLVIVILVFLHIVALHEVGSNNPDGIDNKRKKGTVAEEDKPKFKFHEYYTDKKDIIDAIPFHPYYTVKDIVGVVGFLILFCWVVFFMPAMGGFFLEAPNFEAANPLKTPEHIFPVWYFTPFYAILRAIPDKLMGVAAMGASIVVLALLPWIDRGSVRSVRYRCGFHKWNIAGFVVTFVLLGWVGATPQTDFKTIVSQVCTVTYFMFFVLLFVYSKNEKTKPLPERLTK,90.9,224,160,36.250,58,72,81,4,30,50.62,38,/stor/work/Wilke/crisprtn7/reblast2/GCF_000238275.2_Pund_2.0_genomic.fna
NZ_AHCF02000009.1,0..35966,tniQ,14941..15966,lcl|14941|15966|1|1,1,tr|A0A2W1D0I8|A0A2W1D0I8_9PLEO,3.63e-10,tr|A0A2W1D0I8|A0A2W1D0I8_9PLEO tniQ Pectate lyase OS=Pyrenophora tritici-repentis OX=45151 GN=A1F97_07859 PE=3 SV=1,MKALSKLKAEPGIWMTDAPKPEVGHNDLLIKIRKTAICGTDVHIYKWDEWAQNTIPTPMVVGHEYVGEVIDMGQEVRGFEVGDRVSGEGHITCGHCRNCRAGRVHLCRNTTGVGVNREGAFAEYLVIPAFNAFKIPDNISDELASIFDPFGNAVHTALSFDLVGEDVLITGAGPIGIMAAAVAKHVGARHVVITDVNEYRLDLARKMGATRAVNVANEKLEDVAKELGMTEGFDIGLEMSGVPSAFNAMLNNMNHGGKIAMLGIPPSDMAVDWNQVIFKGLVIKGIYGREMFETWYKMASLIQSGLDLKPIITHQYSIDDFQAGFDMMISGQSGKVILNWD,58.5,140,304,24.671,75,176,131,14,53,43.09,84,/stor/work/Wilke/crisprtn7/reblast2/GCF_000238275.2_Pund_2.0_genomic.fna
NZ_AHCF02000009.1,0..35966,csx1,21578..21952,lcl|21578|21952|2|1,1,gi|108803117|ref|YP_643054.1|CAS-III|csx1|CARF,0.007,gi|108803117|ref|YP_643054.1|CAS-III|csx1|CARF csx1,MRWILQNINNSDSNITSFDWVTLYNAENSLEANIIKGLILNAGIECQIKGEMLQGAMGEIPFEQTQVSVQVYAIKERHAREILVNYQQVKQSAPDWVCPNCNEHNGSTFDFCWSCGTLKNDKSE,33.9,76,73,26.027,19,46,38,1,8,52.05,52,/stor/work/Wilke/crisprtn7/reblast2/GCF_000238275.2_Pund_2.0_genomic.fna
NZ_AHCF02000009.1,0..35966,rsmJ,22571..23584,lcl|22571|23584|2|1,1,PRD22402.1,1.56e-07,PRD22402.1 rsmJ rsmJ [Trichonephila clavipes],MRILGIESSCDETGIAIYDDEKGLLAHQLYSQVKVHADYGGVVPELASRDHVRKTLPLIDAAFAQAGCGPEDLDGIAYTAGPGLVGALLVGTSIGRSLAYGWDIPAVAVHHMEGHLLAPMLEENVPEFPFIALLVSGGHTMMVKVAGIGQYEVLGESVDDAAGEAFDKTAKLLGLDYPGGPRLAKMAEQGVAKRFVFPRPMTDKPGLDFSFSGLKTAASIAIRENDSDEQTKADIAHAFQTAVIDTLVIKCKRALKQTGIKRLVIAGGVSANTQLRLQLERVMQGMKGEVYYPRTEFCTDNGAMIAYAGMQRLKAGQFATLDMKTKPRWPIDSLEAI,50.4,119,114,23.684,27,71,54,2,16,47.37,34,/stor/work/Wilke/crisprtn7/reblast2/GCF_000238275.2_Pund_2.0_genomic.fna
NZ_AHCF02000009.1,0..35966,rsmJ,25266..26066,lcl|25266|26066|3|1,1,PRD22402.1,5.69e-28,PRD22402.1 rsmJ rsmJ [Trichonephila clavipes],MSIIEIIVLALIQGFTEFLPISSSAHLILPSQILGWEDQGLAFDVAVHVGTLIAVVIYFRKEVADILGAWFKSFGVQGTTDDSKLGWWIILGTVPAAILGLLLKDFVELYLRSAWVIATTTIVFGLLLWYADAKGKQIKTIYQLNWKTALIIGFAQAVAMIPGTSRSGITMTAGLMLGMNKQSAARFSFLLAIPIISMMGLYYTAELALGDHIVDWTALLLGVVLSFLSAYACIFMFLKVIERMGMLPFVIYRLLLGVGLIFFLML,110,274,243,34.156,83,131,135,7,29,55.56,87,/stor/work/Wilke/crisprtn7/reblast2/GCF_000238275.2_Pund_2.0_genomic.fna
NZ_AHCF02000009.1,147714..231448,tniQ,167714..168760,lcl|167714|168760|2|1,1,tr|A0A2W1D0I8|A0A2W1D0I8_9PLEO,2.41e-06,tr|A0A2W1D0I8|A0A2W1D0I8_9PLEO tniQ Pectate lyase OS=Pyrenophora tritici-repentis OX=45151 GN=A1F97_07859 PE=3 SV=1,MKTVGYAAKSQGSELTEFSFERRDLRNNDVAIEILYCGVCHSDLHAVRNDWGGSKYPLVPGHEIVGKVISVGSDVTKYQQGDTVAVGCMVDSCQSCDQCHNHEEQFCREGMVGTYSGKDRINGEMTQGGYSKHVVVREEFVLSVPKNLELSRVAPLLCAGITTYSPLHKWGVKKGSRVAVVGLGGLGHMAVKNAVAMGATVTVIGRTESKKEDAIELGAQHYLVSNNEDEMKNAQSAFDVIIDTIPVKHDLSQYTPLLDIDGTLVIVGQVGPVDELNTVPLLMGRRRVAGSLIGGIAETQQMLDFCGEHNVLPECEMINIDEINTAYERMERSDVRYRFVIDMASIDV,46.6,109,253,25.692,65,134,98,7,54,38.74,69,/stor/work/Wilke/crisprtn7/reblast2/GCF_000238275.2_Pund_2.0_genomic.fna
NZ_AHCF02000009.1,147714..231448,tniQ,174151..173270,lcl|174151|173270|1|-1,-1,tr|A0A2Z5JF85|A0A2Z5JF85_STRAR,5.38e-05,tr|A0A2Z5JF85|A0A2Z5JF85_STRAR tniQ LysR family transcriptional regulator OS=Streptomyces atratus OX=1893 GN=C5746_20965 PE=4 SV=1,MNISLKQLKVFVGITQHNTLTAASESLFLSKAAVSMALSELEKQLGHPLFDRVNNRLLLNQEGQKLLPLADELLNRANTIDTLFLDNAPASGTLKIGASDTIGNHVLPALLSKFRAQRQHYSQQILISNSTLICQKLIDYELDIALIEGQAHQSDLVSNVFSHDAMCIIAPINHPLAAKKQLSFNDLNSSQWVLRETGSGSRSFFLHSLAPHIKNWAQSVELNTTEALINCVANGLGLGCLSSLAAQYALKDGRVTQLNLNHPMQRQFWLVMHKDKYKNPLLTQFIDFCHKQT,42.4,98,78,30.769,24,45,43,2,9,55.13,26,/stor/work/Wilke/crisprtn7/reblast2/GCF_000238275.2_Pund_2.0_genomic.fna
NZ_AHCF02000009.1,147714..231448,tniQ,191110..192030,lcl|191110|192030|1|1,1,tr|A0A1X0DTB1|A0A1X0DTB1_9MYCO,7.50e-04,tr|A0A1X0DTB1|A0A1X0DTB1_9MYCO tniQ HTH lysR-type domain-containing protein OS=Mycobacterium heidelbergense OX=53376 GN=BST25_05950 PE=4 SV=1,MKVSFEQLKSMVVFAQIVEQGSLTAAAKQLGLTRAVASYHLKKLETQLEVTLLNRSTRTMALTEAGMAYYERCRVITEQANAANQQIENIKSEPQGLLKISCPVNVGMQLIVPAINTFKRQYPKIDIDLQLTDDVVDIIKHGFDFAIRGVALRDSNLQATKLTTMSTCICGAPNYFAHYGKPTTPDELAQHQWVVYQLGSKILTLQKDGKKVDITMQGSLSTNNAAARTAFVEAGHGIGRIPLYDAWPKVQAGLLQIIMDDYKSKDIELYGVFPPGATGSKKLRLFVDYLKAYFVKQHTALGMRKG,38.9,89,57,35.088,20,35,36,1,2,63.16,18,/stor/work/Wilke/crisprtn7/reblast2/GCF_000238275.2_Pund_2.0_genomic.fna
NZ_AHCF02000009.1,147714..231448,tnsA,211448..210285,lcl|211448|210285|3|-1,-1,UniRef50_A0A1C6RKQ5,2.32e-10,"UniRef50_A0A1C6RKQ5 tnsA Murein DD-endopeptidase MepM and murein hydrolase activator NlpD, contain LysM domain n=2 Tax=Micromonospora inyonensis TaxID=47866 RepID=A0A1C6RKQ5_9ACTN",MPVFIKSFFNKHFPARQLLIRQNGEVKHVVLAPWLQVSALAIIFIAIAWISVSSIRVYMQTHQISHIEQTQLDKQVQWQQKVKQQQQRYALQQEQLAELEQKQALLQGMIESLPASISKDVIKLEGELESSPINENESEFHEPLEEDKTQNKHAQNSLTSFEQRYIMLNQQYDTNFTLLAAQINQRHDAIIEILKGTGLENALAQHLALSTQTTAQGGPLDILDESKIPSNFLVIADKLLLLNQLESFLTELPSTLPLPAAKYYISSNFGLRKDPMNKRRAFHKGIDLAGWHKTEIFAPADGTVRRAGRNGGYGNFIELEHKNGVVTRFGHLNKINVKKGQLVTKHDVIGLMGSTGRSTSTHLHYEVLIDDKHVNPLKITKALSRVW,60.1,144,110,36.364,40,48,58,4,22,52.73,23,/stor/work/Wilke/crisprtn7/reblast2/GCF_000238275.2_Pund_2.0_genomic.fna
NZ_AHCF02000009.1,147714..231448,glmS,155427..156740,lcl|155427|156740|3|1,1,WP_035343592.1,1.43e-74,WP_035343592.1 glmS two-component system response regulator GlrR [Dickeya],MSQRYLLWISEQQPTPEIQQVVFAENFKFLHTNSISDAVSHCLISKPELVFVDADTQQLELVELVKLLRKTCPTSQIVTLVDSSQSEIASKTINNGGAVDYLLKPFFAEQLKKTIRNTDSMKHGFEDLIAVSTKSQQVLRLANRAAQTAAGVLITGESGTGKEKLAHFIHKSSDRKDKPFIAVNCAAIPENMLEAMLFGFNKGAFTGAVNAQPGKFELANGGTILLDEITELPLDLQAKLLRVLQEREVERLGSHQKIKLDIRIIAASNRILREQVEQGAFREDLFYRLDVLPLSWPALRDRVDDIIPLAYHFIKKYGNSEFHISKQAEDVMLCYNWPGNVREIENVIQRALVMARGVEIQVEDLNLPQCSPAAAAFCATQLKENKKQAEFDYIYSLLSRFKGHRTQTAQALGVTTRALRYKIAAMRECGIDIDAIA,238,607,418,38.278,160,237,234,9,21,55.98,93,/stor/work/Wilke/crisprtn7/reblast2/GCF_000238275.2_Pund_2.0_genomic.fna
NZ_AHCF02000009.1,147714..231448,glmS,187275..183970,lcl|187275|183970|2|-1,-1,WP_035343592.1,1.35e-05,WP_035343592.1 glmS two-component system response regulator GlrR [Dickeya],MRALINKKFKLSTNNAFYTFLALSLILSVTISLLFVGHRANTAIYDLQSKSLEIESKLTTSYLTLFLETRTQILNDLARQPILSNAIMGSDTSKALLQDYLFQYKIMGSTEKITIINVLKEVVFSNDPLLNELSIIEQPWINSLLEEQTEKAVILNKPTNTDLFTIAVPIKYNNFTEGVLMVQFNTPMTQLLPTDFDRESHGLTLAGSWVYYSNLNQGDEYVSINQNLIGNTDIRLNYYITANLIAAKTTRFIIDIAISIIVSMALSSLFLFVFGRHLLLNPFKLLESSREAIKQSEARYELAVKGSNDGIWDWDIVTNEVYFSPRISVLLGYDENDKNALPHCTDALYKLLHPDDITKHKKQIANHLISNIPFNYDYRLKTKSGAYRYFTVKGMALRNEHNKAIRMAGSVTDITEQKRSQKALKQAKEQNDLLAQAIESCNVGISIADASVQGFPLVFLNSEFEKITGYSKGEMLGINCSLLQGPNTDKNAIDIITHAIKTLKTQRIEILNYKKDGTEFWNSLQISPVFNEQQQLTAYVGIQQDITEQKAANQLLIEAKAAAEQANIAKSEFLAAMSHEIRTPMNGVLGMLNLILDSSLNEKQHHQVSIALNSANSLLNIINDILDFSKVDAGKLELEELEFNLCNMLDDFIETIAIHAHSKNIPLMLDIEHIEYAFVIGDAGRLKQILTNLVNNALKFTHEGEVQVIAKLTPINNNQMRFSCQVIDSGIGISAAQQAKLFKSFSQVDSSTTRKYGGTGLGLAIVKKLCHLMEGDIQVQSKENKGSNFSFNVVLKRSKNPQKVFPPVDMSSLNILIVCSNQTQSSILHKQFTKWGATAVISPSAKQAVKTCQQYIEKQNLCFDLIMIDMQLSDGDALTLSKTLDKEVDLMAAHVVLMTTGELNKQRDLYQASRFSAIVTKPIITQNLFKMLSTCFSGKQQSNNSLITKGLSDTHPLSSDDIVWDKNIRILLVEDNNINQIVASTTLKKIGINSIDIADNGQHALEYLKQTTSHNPYSLILMDCQMPVMDGYQATTHIRVNEVGSKNPQITIIAMTANAMVGDEAKCLQVGMSDYISKPIAQDILFKKLLKWLPYELKNNE,46.6,109,130,25.385,33,75,63,4,22,48.46,11,/stor/work/Wilke/crisprtn7/reblast2/GCF_000238275.2_Pund_2.0_genomic.fna
NZ_AHCF02000009.1,147714..231448,glmS,216967..218523,lcl|216967|218523|1|1,1,WP_035343592.1,5.19e-63,WP_035343592.1 glmS two-component system response regulator GlrR [Dickeya],MRLDIHCADRVGIAQEILNILVSYNVDLKGIEVDSVNCRMYVSFPEIEFEQFQKIMPSIRLIDGVHDVRTTAFLPSEREHNELNTLLRALPDGVISIDAKGWVRLCNDAACKDLQLTEKEVIGANINNLLKGFNFTRWLEGKEVLGQTTRVEVAGEDFIADILPIAVPQGSEGDVLAGAVINIKSQSRLGQQVSAFRRYGQESFATIHNFSTAMRRVVREARKMAQLEAPILITGETGTGKELLARACHYASNRSVKPFIALSCASLPDDVAESELFGYAGYEENAAPKRGVLEQADGGTVFLDEVGEMSTQLQTKLLRFLQDGTFRKVGDENEVKVNVRIVAATQKDLPAMVQEGVFREDLYYRINVLTLEIAPLRDRKADVGPLAEHFIQKYAQQNGHTVPELSEECLTFLQDYPWPGNVRQLENAIYRAVSLLEDSELRVEHLQLPTFTHDLGYLESDFEGSLDQAVKRFEATLLRKLYPAYPSSRQLAKRLGLSHTAVANKLRDYGINRKTVKV,210,534,278,40.288,112,155,171,2,11,61.51,52,/stor/work/Wilke/crisprtn7/reblast2/GCF_000238275.2_Pund_2.0_genomic.fna
NZ_AHCF02000009.1,147714..231448,glmS,227561..227944,lcl|227561|227944|2|1,1,WP_035343592.1,1.08e-05,WP_035343592.1 glmS two-component system response regulator GlrR [Dickeya],MNTQLSILIVDDVSTVRSFLSQTLMHLGIENVKEASTAAQCISECRAANFNIIFLDIELPDGDGKELIAQINELSPETNVVMVSAHSGVENVKDAIDRGAKGFVVKPFSPKKIAAMLKKFYPELDNV,41.2,95,102,23.529,24,77,46,1,1,45.10,80,/stor/work/Wilke/crisprtn7/reblast2/GCF_000238275.2_Pund_2.0_genomic.fna
NZ_AHCF02000008.1,65324..106037,tnsA,85324..86037,lcl|85324|86037|1|1,1,UniRef50_A0A3M5N9X7,1.57e-06,UniRef50_A0A3M5N9X7 tnsA HTH gntR-type domain-containing protein n=380 Tax=Bacteria TaxID=2 RepID=A0A3M5N9X7_PSEAZ,MTQHFLNDTAVTTASDKVFVDMRREIVEGSIAQGSKISEPELAKRYGVSRATLREALNRLESCYLVERKANIGCRVVALTAERLIEVYQVRSALEGLACRLAADNMAADEVQSLKQLLNQHLQTQRVKEGESYYQEAGDLDFHYRIIKGSKNAHLIHLLCHDLYQLIRMYRVQMGMVGPRVSKAFDEHLAIINAIENHDGELAEMLMKRHISASQANIQTKFDGYQSVQATQNEMAN,45.8,107,225,23.556,53,142,101,7,30,44.89,86,/stor/work/Wilke/crisprtn7/reblast2/GCF_000238275.2_Pund_2.0_genomic.fna
NZ_AHCF02000008.1,198701..251625,tniQ,219036..218701,lcl|219036|218701|3|-1,-1,tr|A0A346RX42|A0A346RX42_9ALTE,3.62e-04,tr|A0A346RX42|A0A346RX42_9ALTE tniQ Uncharacterized protein OS=Marinobacter sp. Arc7-DN-1 OX=2304594 GN=D0851_01980 PE=4 SV=1,MSLPACPKCQCEYIYEDQQLLICPECAYEWNPNNTSDEDAILVKDANGTLLADGDKVTVAKDLKIKGSSQVIKIGTKALVRRVLDKKDHQLDCKVDGIGEMMVTAKFVKKA,36.2,82,36,33.333,12,24,20,0,0,55.56,32,/stor/work/Wilke/crisprtn7/reblast2/GCF_000238275.2_Pund_2.0_genomic.fna
NZ_AHCF02000008.1,198701..251625,tniQ,230622..229501,lcl|230622|229501|3|-1,-1,tr|A0A2W1D0I8|A0A2W1D0I8_9PLEO,9.21e-10,tr|A0A2W1D0I8|A0A2W1D0I8_9PLEO tniQ Pectate lyase OS=Pyrenophora tritici-repentis OX=45151 GN=A1F97_07859 PE=3 SV=1,MSEFIKSKAAIAWGPNQPLSVEEVDVMMPKKGEVMVKITATGVCHTDAFTLSGEDPEGIFPAILGHEGAGVVYAVGEGVTSVEVGDHVIPLYTAECGECKMCTSGKTNLCSAVRETQGKGLMPDGTTRFFKDGQPIYHYMGTSTFSEYTVLPEISLAKVNKEASLEEICLLGCGVTTGMGAVTNTAKVTAGDTVAIFGLGGIGLSAIIGAKMAGASRIIGIDINTSKFDLATKLGATDLINPKDFDKPIQEVIVEMTDGGVDYSFECIGNVDVMRSALECCHKGWGESVIIGVAGAGQEISTRPFQLVTGRVWRGSAFGGVKGRSQLPEIVERYMAGEFALNDFITHTLSLEEINDAFDLMHEGKSIRTVIHY,57.4,137,157,29.936,47,100,84,6,10,53.50,41,/stor/work/Wilke/crisprtn7/reblast2/GCF_000238275.2_Pund_2.0_genomic.fna
NZ_AHCF02000008.1,198701..251625,tniQ,230708..231625,lcl|230708|231625|2|1,1,tr|A0A1B1MDJ1|A0A1B1MDJ1_STRLN,1.94e-04,tr|A0A1B1MDJ1|A0A1B1MDJ1_STRLN tniQ HTH lysR-type domain-containing protein OS=Streptomyces lincolnensis OX=1915 GN=SLCG_4177 PE=4 SV=1,MIISKLIKHFYSMVIMMRWEGIDEFIAVGEEGSFTQAAQALGLSVAHISRHVTKLEQRLNTQLLTRTTRKVVLTKEGEQFLHQVKHLQHAMDEATQGLASVQTSPKGKIKLTAPVMYGESFIMPIVHSFMHDHPEVEVIATLSNEQENLLEGGFDLAIRLGHLKDSTLKARRLSSRRFIMCAAPSYLARFGEPHTLGELNQHQCLIGNSSYWRVNENGRDKHIKVAGRLHCNSGWALVDGAKKGLGIVQLPDYYIENEIKTGQLVPILTAYQPQQEGVWGLYPPRQFVATNVRVLLDYLVTGLKV,40.8,94,86,29.070,25,58,47,1,3,54.65,27,/stor/work/Wilke/crisprtn7/reblast2/GCF_000238275.2_Pund_2.0_genomic.fna
NZ_AHCF02000007.1,25370..65359,tniQ,46326..45370,lcl|46326|45370|2|-1,-1,tr|A0A5R8S8Q3|A0A5R8S8Q3_9MYCO,2.52e-04,tr|A0A5R8S8Q3|A0A5R8S8Q3_9MYCO tniQ HTH lysR-type domain-containing protein OS=Mycolicibacterium phocaicum OX=319706 GN=C1S79_27560 PE=4 SV=1,MINTKSCRELMMLKSQFIEVRHFVTVAQLGSFTLAAQALGMTGSALSKSVARLEKQLGTKLLHRTTRRIALTNDGDSYLADCLKAMTILEEAEKRLSNQQLLPSGRVRIDLPAVLGRRAILPKLLELTSKFEQLDLSITFNDRPTDLVSDGIDLAIRVGHLENSGDIVARKIGEQKRVICASPSYLATRGPITKKEDLAQHDCIVGWPIGQRHSWLLKNAKGATESVDISARHEIADCEGILQSTLSDAGLAQLPVWLVKQYLDDGQLCPVLEKFNGEGAPISIVWLKTPYILPKIRVTIDEIITLASRHPDVFEASL,40.4,93,69,36.232,25,42,39,1,2,56.52,21,/stor/work/Wilke/crisprtn7/reblast2/GCF_000238275.2_Pund_2.0_genomic.fna
NZ_AHCF02000007.1,25370..65359,yciA,47930..47532,lcl|47930|47532|3|-1,-1,WP_184052402.1,4.02e-04,WP_184052402.1 yciA acyl-CoA thioesterase [Sphingobium sp. B12D2A],MFTEKVMPRFSETDALGHINNTVLPVWFEAARVPIFKFFTPDLNPHNWKLIIAKVEVSFVGELFYAHEVTINSSIEQIGNSSFVIRQEAWQQDKCCAIGKTVMVRYDFASKTKQMLSADEKAALTQHLVATS,35.8,81,66,28.788,19,46,37,1,1,56.06,49,/stor/work/Wilke/crisprtn7/reblast2/GCF_000238275.2_Pund_2.0_genomic.fna
NZ_AHCF02000006.1,0..39224,tniQ,19224..18262,lcl|19224|18262|3|-1,-1,tr|A0A2W1D0I8|A0A2W1D0I8_9PLEO,1.16e-15,tr|A0A2W1D0I8|A0A2W1D0I8_9PLEO tniQ Pectate lyase OS=Pyrenophora tritici-repentis OX=45151 GN=A1F97_07859 PE=3 SV=1,MRYISHHEQQLAFSKTDKPKVNNNEVLVKVAAIGVNRADCMQRQGKYPAPEGDSPILGLECAGTVCELGSEVDPKWLGKRIFTLCAGGAYSEYVAVDSQQLMILPDHISMAQGAAISEVYLTAFGALFELGKLQSGQTALIHAGASGVGGAAIQMAKSAGAQVVITAGSDEKCEHAKRLGADHVINYKTTDFVEYMKSNELTANAIVDPVSGSYLNKNAIVAAVDCQIIMLAFLDGRFAEVDFARLLQKRISFHASTLRNRSIEFKRALRDAFVARFYDDIANQNYDFNIYKTMSWQQASEAHAILEGNENSGKVVLLVE,74.7,182,120,30.833,37,82,69,1,1,57.50,38,/stor/work/Wilke/crisprtn7/reblast2/GCF_000238275.2_Pund_2.0_genomic.fna
NZ_AHCF02000006.1,0..39224,glmS,27148..24452,lcl|27148|24452|2|-1,-1,WP_035343592.1,3.66e-06,WP_035343592.1 glmS two-component system response regulator GlrR [Dickeya],MPMKAVLKLFLYCVFLCFSNLAPADTLAPIVYTLKQQDTDLLGQGHVFQVTSGTFPRNHSEIEMWLEDKQPQSRTSFFGGSFWFVIALENKTDLDELVLYPYNTLLSKIETRIYDISNFDEPIKQYVTGGLYPNEFAFHYGNKVKLAPNRSYVLIAKFQSEYFYTPPKLVLSSYDDFFVRKTSDNMIMLLCFGVGIALGLYNFLIYLGDRDKTHLYYAMFTACWVLAWSQFFHIPDQIFGFYNAHFHWLGFTLIPITNILFFNSLLKLKDTSPKLSRLSIYLGIVATAGAPFAMVWPGFGFIWATLVTGATLSLGMVVGIRSWISGFKPARYFVLAYLAMAIPNMVGNLTNLGIIEPIKMDLYLLGLIGTALDAVLLAFAVANKFSILHHQNVELTKNLEHKVKLRTQELQQLAEELRDASEAKSRFLANMSHEIRTPMTSIIGYADGIILGDIQPHERNHGIRVILQNSRHVLGLINDILDMSKIEANRLEIELVETDLFATIAEIESLLGKQIRDKGLKFKVDYQFPLPDWIVSDPTRLRQILLNLATNALKFTTQGYIMLTVSCNQKQLIIKVKDTGIGMTESEQKDLFTPFHQADSSISRKYGGTGLGLNISKSLANKLNGDITVFSVVGKGSEFCFTMELNTTEHTQWVNAFDDIRKPQTKELLLNNSQRNLVGRVLVAEDHPENRQLIKRILERMGLTVVAVENGRDAAQAAMDESFDLILLDIQMPIMDGEQAIKIIQATGVTTPIVALTANTMKHEIDRYLKQGFTDHIAKPIDRSCFSSKIASYLDIDICENIKLPDEEFALLKQEYIKGLNKQKDTLVSQFKQGDITSFARSVHMIKGTAGMFECKALYKQAVDFETNLKSSPDAFDIQQVEALLNAIDVILTVKKAP,48.1,113,116,26.724,31,85,53,0,0,45.69,13,/stor/work/Wilke/crisprtn7/reblast2/GCF_000238275.2_Pund_2.0_genomic.fna
NZ_AHCF02000006.1,67876..109502,tniQ,87876..88805,lcl|87876|88805|3|1,1,tr|A0A1X1NDK8|A0A1X1NDK8_9ACTN,6.29e-04,tr|A0A1X1NDK8|A0A1X1NDK8_9ACTN tniQ HTH lysR-type domain-containing protein OS=Streptomyces sp. CB03238 OX=1907777 GN=BKD26_21400 PE=4 SV=1,MFKYFEQLILGIIMNTPPISIEALLVLDAIEHRGSYAAAAEQLNKVPSALSYIVNKLEEQLNVTLFQRQGRRAVLTPAGKHLLTEGRKVLNAINNLSEQTQTIANGWEPRIRIAYDSIFDISDVFKNLQLFLNEHKNIEIDIKEEVLNGTWEALIEDDVDLVIGAPAPVPNQKGIRAVKIADIQNVLVVHPSHPLALLKTPIEPSELGQYTTVIVHDSAKQGIPWSANLIEGNQRFYVSSVSQKITAILSAIGIGYLPVNLIAEHIKANKLHVVELTEPRPTQDLYLAWKITNKGKGLKQLTQIILNSV,39.3,90,91,31.868,29,56,44,3,6,48.35,28,/stor/work/Wilke/crisprtn7/reblast2/GCF_000238275.2_Pund_2.0_genomic.fna
NZ_AHCF02000006.1,67876..109502,tniQ,99299..98373,lcl|99299|98373|1|-1,-1,tr|A0A653EZ82|A0A653EZ82_9MYCO,1.02e-05,tr|A0A653EZ82|A0A653EZ82_9MYCO tniQ DNA-binding transcriptional activator GcvA OS=Mycobacterium riyadhense OX=486698 GN=BIN_B_04331 PE=4 SV=1,MKISPLPPLNSLVAFEASARHLSFTLAANELNVTQGAISRQIRQLEEYLGKALFTRASRSIHLTSAGLQYYQSISRSLLDIADITGEVKKWQGDKKVTVATTNAMASLWLLPKVAEFQNQYDDIDLRILASDNVVDLNRLECDLALFFCRTPPANMKVTTLFCEEVFPVCSPGYLEKIGNPNDPKDIFNKTILFLDETQMGWVNWDEWFAGVGLEQIAPKSRININNYPMLLQASINGQGIALAWGSLADEYLQSGALVRPTEHVLATESKFSLLEPDNGGRIPASVKYFREWLLTQLPEEVGDTGLV,45.1,105,67,37.313,25,40,41,1,2,61.19,21,/stor/work/Wilke/crisprtn7/reblast2/GCF_000238275.2_Pund_2.0_genomic.fna
NZ_AHCF02000003.1,0..25821,tnsA,3980..5821,lcl|3980|5821|2|1,1,UniRef50_A0A380Q0N8,7.59e-05,UniRef50_A0A380Q0N8 tnsA RNA polymerase sigma factor n=17 Tax=Enterobacterales TaxID=91347 RepID=A0A380Q0N8_YERFR,MDPTPQSQLKLLIQKGKEQGYLTFAEVNDHLPQDIIDSDQVEDIISMINDMGIKVSENAPDADELMMQETTTDEDAAEAAAAALATVEKEIGRTTDPVRMYMREMGTVELLTREGEIVIAKRIEEGINQVQISVAEYPEAITYLLEQWDKFEAEEMRLSDIISGFFDPDADEAPPIAATNIGSELSEKQLDDSDDDDDSDDEDEEEVDTGPDPEEARIHFENLRDLYTKARETFDKKGRSHPESQAAILEIGELFRTFKLVPKQFDRMVNNMREMMDRVRVQERLIMKHAVQVSKLPKKTFVKHFANNETDTAWLDIEIAANEKHSAKLEEVKPEILRCISKLSSMEESTGLSIERIKDINRRMSIGEAKARRAKKEMVEANLRLVISIAKKYTNRGLQFLDLIQEGNIGLMKAVDKFEYRRGYKFSTYATWWIRQAITRSIADQARTIRIPVHMIETINKLNRISRQMLQEMGREPNPEELAERMMMPEDKIRKVLKIAKEPISMETPIGDDEDSHLGDFIEDTTIDSPIDSATMESLRGATNDVLAGLTAREAKVLRMRFGIDMNTDHTLEEVGKQFDVTRERIRQIEAKALRKLRHPSRSDLLKSFLDAK,43.5,101,50,42.000,21,28,33,1,1,66.00,8,/stor/work/Wilke/crisprtn7/reblast2/GCF_000238275.2_Pund_2.0_genomic.fna
NZ_AHCF02000003.1,26639..67556,tniQ,47556..46639,lcl|47556|46639|3|-1,-1,tr|A0A3D8NHY0|A0A3D8NHY0_9ACTN,4.01e-05,tr|A0A3D8NHY0|A0A3D8NHY0_9ACTN tniQ LysR family transcriptional regulator OS=Streptomyces sp. IB2014 011-12 OX=2174847 GN=DDV98_25620 PE=4 SV=1,MTNLPSIKQLQYLLAVHQHQHFGRAASACFIGQSTLSTAIQNLEETLGCQLIERENRSLMFTTIGEEVVERSRKIINDTISLKELTKSFLTPLSGTLTVGVIPTIASFIAAPLYHFCQQTFVDLELVLIEDTSDKLLDKLEHGQIDLALLALPYETDKFHTQVLAQDHFSLVHHKDYTPAKGIEDFNLLPEASVFLLEREHCMTGHALSACHLNRSSCINPFEAASLHTLLSMVEYKLGVTFLPQMAINAGILENKNMLATPSQGDAYRDIGVLWRKTTGRIRDFKLFSQQLEVFLKKQCSVDFK,43.1,100,77,36.364,28,47,41,1,2,53.25,25,/stor/work/Wilke/crisprtn7/reblast2/GCF_000238275.2_Pund_2.0_genomic.fna
NZ_AHCF02000003.1,26639..67556,csm5,56717..56262,lcl|56717|56262|1|-1,-1,"gi|52425702|ref|YP_088839.1|CAS-III-A|csm5gr7|G7,CASCADE",0.001,"gi|52425702|ref|YP_088839.1|CAS-III-A|csm5gr7|G7,CASCADE csm5",MQVKTIQEVFDWTVQFHTQMAANFFSVRDLLGEHNKQLIDYCVEYEKKLAEDLIGFKAITEINTLDTYCYEYFSEHSEIISFTDLDRSNELDELAIQEYLSQQHQKVLNAYSYLADKAQSPEAQEKLGEILQLEEQGLKQMMQSINRHADM,37.0,84,68,36.765,25,40,40,2,3,58.82,43,/stor/work/Wilke/crisprtn7/reblast2/GCF_000238275.2_Pund_2.0_genomic.fna
NZ_AHCF02000003.1,26639..67556,glmS,40841..40506,lcl|40841|40506|1|-1,-1,PRD36068.1,8.35e-17,PRD36068.1 glmS glmS [Trichonephila clavipes],MSLFISNAHASAGAPAAGGGMEMLIMLAIFGLVFYFLIYRPQAKRVKEHKSLMSAMAKGDEVLTQGGLVGKIVKIAEDKDFIVISLNEQAEVTVQKSAVSAVLPKGTMKSL,72.4,176,102,38.235,39,63,58,0,0,56.86,92,/stor/work/Wilke/crisprtn7/reblast2/GCF_000238275.2_Pund_2.0_genomic.fna
NZ_AHCF02000003.1,26639..67556,parE,59979..56863,lcl|59979|56863|3|-1,-1,VFJ66771.1,7.00e-20,"VFJ66771.1 parE ParE toxin of type II toxin-antitoxin system, parDE [Candidatus Kentron sp. DK]",MITAIIRWSVVNRFFVLLLTAILIGGGLYAVKNTPVDALPDLSDVQVIVKTSYPGQAPQVVQDQVTFPITTAMLSVPGAQTVRGFSFFGDSYVYVIFDEDTDLYWARSRVQEYLSQVSARLPSTAIAELGPDATGVGWVYLYALTDTTGKHDISQLRSLQDWFLKFELQTVPGVSEVASVGGMVKQYQVNVQPDKLRAYGIPLSLIQTAIKQGNQEMGASVVEMAEAEYMVTSTGYVKSVADLEAIPLGINANGTALQLRDVANVRLGPQMRRGVAELNGEGEVAGGVVVMRFGENAQKTIELVKAKLESLKKGLPEGVKIVPVYDRSHLIKDAVDNLTSKLMEELIVVALVCVVFLFHVRSSLVAIITLPLGILTAFIIMYWQGINANIMSLGGIAIAIGAMTDGAIVMIENMHKHMEKKPLTDENRWQVVIDSASEVGPALFFSLLIITVSFMPVFILEAQEGRMFAPLAYTKTYAMAASAGLAITLVPVLMGYFIRGKVISENKNPVNRLLVNSYKPLLNRVLKFPKSTLLIALVITLVGFYPVNKIGSEFIPPLDEGDLMYMPTTYPGISIGKARELLQQTDKLIATVPEVKTVFGKIGRAETATDPAPLTMIETFIQFKPKDQWREGMTTEKLKQELDALVKFPGLTNAWVMPIKTRIDMLATGIKTPVGIKVAGPNLNEIQKIGQQIEVLLKDLPGTSSVYSERVAGGRYIKVDINREKAARYSLNIADVQQVVATAIGGMNVTETVEGQERYPVNLRYPQAYRDSPEELMLLPIVTPTGQRIALADVANVFISDGPPGIKSENARLNGWSFIDIKDTDIGSYVANAQQLLNEQLILPAGYSITWAGQYEYMERAKAKLSYVLPLTLAIIVVLLYLNFRSFTEVFIIMATLPLAMIGGIWLMYLEGFNFSVAVGVGFIALAGVAVEIGVIMLVYLNQAYKAQVEAASKIGKSLSIEQLKQAILEGAGLRVRPVMMTVATIVIGLLPVLYGRGTGSEVMSRIAAPMVGGMFSAIILTLLVLPAVYLLWRKRNL,85.5,210,102,42.157,43,51,63,1,8,61.76,10,/stor/work/Wilke/crisprtn7/reblast2/GCF_000238275.2_Pund_2.0_genomic.fna
NZ_AHCF02000002.1,76543..117430,tniQ,96543..97430,lcl|96543|97430|3|1,1,tr|A0A2G7F0Q1|A0A2G7F0Q1_9ACTN,2.47e-04,tr|A0A2G7F0Q1|A0A2G7F0Q1_9ACTN tniQ Regulatory helix-turn-helix LysR family protein OS=Streptomyces sp. 70 OX=1827606 GN=CLW09_04841 PE=4 SV=1,MIDIKHLKTIATLKETGSLVNTARELFLTQSALSHQIKDLENKLDCQLFERKTQPVRFTPQGMLLLELAHEILPKLEATKCRLKESLNQPISQLRLSVECHACFHWLLPTIKEFNNFWPDIKIDYERGFSYDAIPDLLNDELDLVLTSDVREPDKLEYAHLFDFKLKLIVAPDHDLAKKAYVTALDLKNETIISYPIPRERQDIFKHFIQNARFDGTLKTVDQGLLIFQLVSAGMGVAALPDWLVTPYESQGLIKSIPLGALGLTRPMYLAMKKDMKDNPVYRHFLNTCKLNNGR,40.4,93,77,32.468,25,51,38,1,1,49.35,26,/stor/work/Wilke/crisprtn7/reblast2/GCF_000238275.2_Pund_2.0_genomic.fna
