NZ_AMBR01000001.1,0..25379,tnsA,7366..8514,lcl|7366|8514|1|1,1,UniRef50_A0A1C6RKQ5,8.60e-07,"UniRef50_A0A1C6RKQ5 tnsA Murein DD-endopeptidase MepM and murein hydrolase activator NlpD, contain LysM domain n=2 Tax=Micromonospora inyonensis TaxID=47866 RepID=A0A1C6RKQ5_9ACTN",MTATDPHAIFSDFLGKTLTRRLLACLLFMVSPSLFAATQQELTGVKSEISRQQQSLAEQQKSLDQLQQALKQQELGINSIENQITKTKNDLENANRNIAQLNSNIQALETQKQQQADKLERLLQTYYLTKRSLTNGQFFHRSADEDRISQYYQHLAKSRAQAIEALEKTQADLNASQQQRQAEREQIEKLLAEQTQQRDKLAKTQSERKQTVKKIESSISGDKVYLAELQRNETRLKAEIAKAAKRNAVLMNGIASQRGKLPWPLKGRVLHNFGERQTGQIDWKGLVIDANYGQEVKAVYPGTIVFAEYLRGYGLVVLLDHGKGDMTLYGFNQTLLKKEGDKVIAGETIALAGDTGGQSRPALYFEIRRNSRAENPSQWLQR,48.9,115,172,26.744,46,97,73,6,29,42.44,39,/stor/work/Wilke/crisprtn7/reblast2/GCF_000299495.2_VC35.1_genomic.fna
NZ_AMBR01000002.1,106698..147591,tniQ,127591..126698,lcl|127591|126698|3|-1,-1,tr|A0A5R9M7S2|A0A5R9M7S2_9ACTN,1.86e-05,tr|A0A5R9M7S2|A0A5R9M7S2_9ACTN tniQ LysR family transcriptional regulator OS=Streptomyces sp. So13.3 OX=2136173 GN=C8250_08370 PE=4 SV=1,MNIRDFEYLVALADHKHFRKAAEACFVSQPTLSGQIRKLEDEIGTTLLERSSRRVLFTEAGLQLVDQAKKILSEVKTFKDMANQQTGAMTGPLHIGFIPTLGPYLLPKIIPTLKERFPELELYLHEAQTNQLVRQLEEGKLDCLVLASVEETAPFKEIELYNEVLSIAVPCDHAWAARDEVDMLELKGKTVLALGDGHCLRDQALGFCFAAGAKDDERFKATSLETLRNMVAAGAGITLLPELALPEDKTKDGVCYLRAVNPIPSRRLVLAYRPGSPLRQRFEQLAEVIKHRLQQSE,43.9,102,81,28.395,23,53,42,1,5,51.85,27,/stor/work/Wilke/crisprtn7/reblast2/GCF_000299495.2_VC35.1_genomic.fna
NZ_AMBR01000002.1,214812..247401,tnsA,235741..234812,lcl|235741|234812|3|-1,-1,UniRef50_A0A1W6LD49,8.43e-50,UniRef50_A0A1W6LD49 tnsA UPF0761 membrane protein A4W93_20890 n=42 Tax=Betaproteobacteria TaxID=28216 RepID=A0A1W6LD49_9BURK,MKLTHSFIKQQARLGLHFFRYLLVRMNHDRVNVNAGYLAYITLLSMVPMLTVLLSILSSFALFANAGEVIQDFVITHFVPAAGEVVKTALIEFVANTGKMTAVGGAFLFVAAIMLISNIDKNLNYIWRVQQKRRAVFSFSMYWMILTLGPILVGASIAATSYITSLKILDNEALSGVYNLFLRWLPFVLSYCAFVGLYLLVPNKKVHWQHAMLGALIAAILFELSKKGFAAYITQFPSYQLIYGALAAIPILFVWVYLCWLIVLVGAEVTAALGEREHWSDSQDMLHFAPLPKNEVEEKQSDSTDPTSK,164,416,263,34.221,90,168,148,2,5,56.27,84,/stor/work/Wilke/crisprtn7/reblast2/GCF_000299495.2_VC35.1_genomic.fna
NZ_AMBR01000002.1,214812..247401,csx1,246187..247191,lcl|246187|247191|1|1,1,gi|218961159|ref|YP_001740934.1|CAS-III|csx1|CARF,2.33e-28,gi|218961159|ref|YP_001740934.1|CAS-III|csx1|CARF csx1,MITSSLPLTDLHRHLDGNIRTQTILELGQKFGVKLPANTLETLTPYVQIVEAEPSLVAFLSKLDWGVAVLGDLDACRRVAYENVEDALNARIDYAELRFSPYYMAMKHNLPVAGVVEAVVDGVRAGVRDFGIQANLIGIMSRTFGTDACQQELDAILSQKNHIVAVDLAGDELGQPGDRFSQHFKQVRDAGLHVTVHAGEAAGPESMWQAIRDLGATRIGHGVKAIHDPKLMDYLAQHRIGIESCLTSNLQTSTVDSLATHPLKRFLEHGILACINTDDPAVEGIELPYEYEIAAPQAGLSQEQIRQAQLNGLELAFLSDSEKKALLAKAALRG,114,285,371,26.954,100,217,164,12,54,44.20,98,/stor/work/Wilke/crisprtn7/reblast2/GCF_000299495.2_VC35.1_genomic.fna
NZ_AMBR01000002.1,214812..247401,glmS,242105..243505,lcl|242105|243505|2|1,1,WP_035343592.1,1.27e-96,WP_035343592.1 glmS two-component system response regulator GlrR [Dickeya],MSRGYVWVVDDDSSIRWVMEKTLSSAHIKCETFADAESVLLALERETPDVLVSDIRMPGMDGIALLNQVHQRTPELPVIIMTAHSDLDAAVNAYQQGAFEYLPKPFDVDETLTLVERAIAHGQEQRKTSHRPSENYSAPEIIGEAPAMQEVFRAIGRLSRSSISVLINGESGTGKELVAHALHRHSPRAQKPFIALNMAAIPKDLIESELFGHEKGAFTGANTVRQGRFEQANGGTLFLDEIGDMPLDIQTRLLRVLADGQFYRVGGHVAIKVDVRIVAATHQNLEKLVHQGKFREDLFHRLNVIRIHIPSLRERRQDIEKLTKHFLALAAKELGVEMKTLNPRTVDILTKLDWPGNVRQLENMCRWLTVMASGSEVLPSDLPSELLSERKASHFDNDISWQKQLETWAKSALASGETELLAYALPEFERILLEAALHHTNGHKQEAAKVLGWGRNTLTRKLKELY,296,757,374,42.513,159,191,234,4,24,62.57,78,/stor/work/Wilke/crisprtn7/reblast2/GCF_000299495.2_VC35.1_genomic.fna
NZ_AMBR01000003.1,67817..108587,tnsA,87817..88587,lcl|87817|88587|1|1,1,UniRef50_A0A3M5N9X7,9.18e-09,UniRef50_A0A3M5N9X7 tnsA HTH gntR-type domain-containing protein n=380 Tax=Bacteria TaxID=2 RepID=A0A3M5N9X7_PSEAZ,MAYQRIRQPKLSDVIEQELERLIVEGTLSPGQQLPPERELAKQFEVSRPSIREAIQRLEAKRLLTRRQGGGTFVSDRIWQSFSDPLLNLLSSHSETQLDLLEARHALEGICAYFAALRGTEEDFARIQHCVTRIAEAQALNNVDEEAERVMAFLIAITEAAHNVVLLHIVRSLSPLLEQNIRQNFKLLHRRPEAVEKVSKHRANIVDAIVSGQPEKAREMSHSHLAYIEETLLDLTREQTRRERSLRRIQQGNEPQ,52.4,124,53,49.057,26,27,38,0,0,71.70,21,/stor/work/Wilke/crisprtn7/reblast2/GCF_000299495.2_VC35.1_genomic.fna
NZ_AMBR01000003.1,67817..108587,parE,67883..68470,lcl|67883|68470|2|1,1,PRD20609.1,1.29e-27,PRD20609.1 parE parE [Trichonephila clavipes],MTARPALLLYIHGFNSSPLSHKAQVMQQYCQQHRPDIKVVVPKLPSFPAQAAQHLLSVVEQYRAQYRIGLVGSSLGGYLSTWLNAQFGFRAVLINPAVKPYELLADFLGEQVNPYTQEHYVLEACHIDELKALDTPVLKQPSDFWLLQQKGDEVLDYRQAVEKYQAAKLTVEEGGDHSFVDFERYPEQIIHFLEL,106,265,133,43.609,58,70,82,1,5,61.65,68,/stor/work/Wilke/crisprtn7/reblast2/GCF_000299495.2_VC35.1_genomic.fna
NZ_AMBR01000003.1,67817..108587,parE,68799..70679,lcl|68799|70679|3|1,1,CAD5996990.1,0.0,CAD5996990.1 parE parE [Escherichia coli],MTEQYNAGAIEVLNGLEPVRRRPGMYTDTTRPNHLGQEVIDNSVDEALAGYASKIQVILHADQSLEVIDDGRGMPVDIHPEEKVSGVELILCKLHAGGKFSNKNYQFSGGLHGVGISVVNALSKRVEVAVRRDGQVYEIAFEHGDKVTELTVTGTCGRRNTGTSVHFWPDTKYFDSPNFSVSRLINNLRAKAVLCPGLEIIFTDKVNNNEHRWLYEDGLKDYLAEGVKGYTLLPEEPFTGEFTAQTEAATWAVIWLPEGGELITESYVNLIPTAQGGTHVNGLRQGLLDAMREFCEFRNLLPRGVKLTGEDVFDRCAYVLSIKMQDPQFAGQTKERLSSRQSAAFVSGVVKDAFSLWLNEKPQLAEQLAEVCIANAHSRMRASKKVVRKKIASGPALPGKLTDCTVQDLNRTELFLVEGDSAGGSAKQARDREFQAVMPLRGKILNTWEVSADQVLASQEVHDISVALGIDPDSDNLEALRYGKVCILADADSDGLHIATLLCALFTRHFRALVKAGHVYVAMPPLYRIDCGKEVFYALDDQEKEGVLERLSQKKAKVNVQRFKGLGEMNPLQLRETTMDPNTRRLVQLTIDDAEATDEMMDMLLGKKRADDRRAWLQRNGDMAEV,1074,2778,628,80.732,507,119,560,1,2,89.17,100,/stor/work/Wilke/crisprtn7/reblast2/GCF_000299495.2_VC35.1_genomic.fna
NZ_AMBR01000003.1,67817..108587,glmS,87817..88587,lcl|87817|88587|1|1,1,WP_007652285.1,8.18e-04,WP_007652285.1 glmS DeoR family transcriptional regulator [unclassified Shewanella],MAYQRIRQPKLSDVIEQELERLIVEGTLSPGQQLPPERELAKQFEVSRPSIREAIQRLEAKRLLTRRQGGGTFVSDRIWQSFSDPLLNLLSSHSETQLDLLEARHALEGICAYFAALRGTEEDFARIQHCVTRIAEAQALNNVDEEAERVMAFLIAITEAAHNVVLLHIVRSLSPLLEQNIRQNFKLLHRRPEAVEKVSKHRANIVDAIVSGQPEKAREMSHSHLAYIEETLLDLTREQTRRERSLRRIQQGNEPQ,37.7,86,45,42.222,19,26,26,0,0,57.78,18,/stor/work/Wilke/crisprtn7/reblast2/GCF_000299495.2_VC35.1_genomic.fna
NZ_AMBR01000003.1,175471..216385,tniQ,196385..195471,lcl|196385|195471|1|-1,-1,tr|A0A0W7WYX0|A0A0W7WYX0_9ACTN,7.68e-05,tr|A0A0W7WYX0|A0A0W7WYX0_9ACTN tniQ HTH lysR-type domain-containing protein OS=Streptomyces silvensis OX=1765722 GN=AT728_13705 PE=4 SV=1,MASHISLKQLRVFTTITQHKSLTVAAEVLCLSKAAVSVALSELEKQLGHALFDRVNNRLVLNQEGQKLLPMADELLQRAKDIDRLFAEQQVLTGKLRIGSSDTIGNQVAPYLISAFRQLHPHPSQSLFISNSAQVCQKLVDYELDIGLIEGKTLHPELISTQFSQDEMCIICAPDHPLAQQERLVMSDFEHSDWVLREAGSGSREFFLRVIAPRIEHWIEAFELNTTEALINSVSSGLGLGCLSRLAAKTPQQDGRVVILNVPLDMKRRFWMLVHKEKYQNPLLRQFIEFCPQWASQSALLQLD,42.0,97,64,34.375,22,40,38,1,2,59.38,20,/stor/work/Wilke/crisprtn7/reblast2/GCF_000299495.2_VC35.1_genomic.fna
NZ_AMBR01000004.1,1472..42479,tnsA,21472..22479,lcl|21472|22479|1|1,1,UniRef50_A0A2D2C3Y7,4.51e-16,UniRef50_A0A2D2C3Y7 tnsA Tn7_Tnp_TnsA_N domain-containing protein n=4 Tax=Paracoccus TaxID=265 RepID=A0A2D2C3Y7_9RHOB,MNDKMDFHRLLQHKQQRWQRSSYLLIGLFLSVCVLYLLVGELWLSPFSAWSSLEQQLVWELRLPRLLAAAVIGASLAVAGATLQVLLGNVLAEPGVVGVSGGASVAMVILLLFFPSLNSPVAFMAAAVLGALLFTLLLVVMARKLRLTTARLLLVGVALGILSGAVVTWAFYFSDDLGLRQLMYWLMGSVAGVSWYQHLLSLVAVPVVIWLVLQGGVLDKLMLGEGHAKQLGVDIHRVRWRLILAIALLVGASVALGGVIGFVGLVVPHLLRLTLGSENRLLLPLSALCGALLLVSADLIARLALGSGELPLGVVTTTLGAPIFIWMLVRNHDSC,74.7,182,103,42.718,44,58,63,1,1,61.17,31,/stor/work/Wilke/crisprtn7/reblast2/GCF_000299495.2_VC35.1_genomic.fna
NZ_AMBR01000004.1,1472..42479,cas2,14297..12873,lcl|14297|12873|1|-1,-1,gi|385817593|ref|YP_005853983.1|CAS-I-E|cas2|cas2,9.97e-05,gi|385817593|ref|YP_005853983.1|CAS-I-E|cas2|cas2 cas2,MQQEHQPTFFFFDYETWGVNPAKDRPSQFAGVRTDMDFNIIGEPLVIYCQLPNDYLPAPEAALITGITPQKANSQGLAEPEFIARIHAELSTPNTTSLGYNSIRFDDEVTRYTCYRNFIDPYAWSWQHGNSRWDLLDVLRACHALRPEGIEWPENDDGFTSFKLEHISVANGIEHSNAHDAMADVIATIELAKKVKAAQPKLFDYFFTMRHKRKLTELIDIVNQTPLMHVSGMLGRERHYTSWIVPIAWHPTNQNAVIVVDLGKDPQPLLELDAETLQARLYTRYEDLAPDELPVPVKLVHLNKCPILAPAKTLTAENAQKIGIDREQCLAHLNVIRQHPEIREKLVTVFSQEREFNQDSDVDSQLYAGFFSPADRAAMEIIRTTAPENLGSLAIQVADKRIEPLLFRYRARHYPHTLTDAEQRRWAAHCRDYFERNLEGYMVNLENLVHEHQADPKKMAILKSVYHYVEKLAC,43.1,100,195,25.641,50,103,86,10,42,44.10,39,/stor/work/Wilke/crisprtn7/reblast2/GCF_000299495.2_VC35.1_genomic.fna
NZ_AMBR01000004.1,104841..145545,tnsA,124841..125545,lcl|124841|125545|2|1,1,UniRef50_A0A3M5N9X7,1.73e-09,UniRef50_A0A3M5N9X7 tnsA HTH gntR-type domain-containing protein n=380 Tax=Bacteria TaxID=2 RepID=A0A3M5N9X7_PSEAZ,MKSSPLVRQASTEKESTKSENLTEYLIEAIVEGQLAPGSKISEPELAKQFQVSRGPLREALMRVEGLGLIERIPHIGARVIQLSPTKLVELYAVREALEGMAARLAARNITEIELAGLESLLSTHSTHIDQVEGASYFHQQGDFDFHYRIIQASRNQQLIGLLCDELYHLLRMYRYQSPRSHSRPVEALEEHKFILRAIRQRDEELAEMLMRRHISRSRQLIEQQIMLDAQQQG,54.3,129,193,26.425,51,118,91,6,24,47.15,74,/stor/work/Wilke/crisprtn7/reblast2/GCF_000299495.2_VC35.1_genomic.fna
NZ_AMBR01000004.1,104841..145545,cas1,131679..133556,lcl|131679|133556|3|1,1,AIM004870_asm7199_04634,0.002,AIM004870_asm7199_04634 cas1 CRISPR-associated endonuclease Cas1,MSAYQEQYQWAKEQPEAFWRKQAQQIDWFQPPQTILANDEHGIERWFPDGVLNTCWLALDYHCEQGRGDHTALIYDSPVTGKKQRYSYSALRDSVAKIAGMLAAQGVSKGDRVIIYMPMIPEAAMAMLACARLGAIHSVVFGGFAPNELAVRIEDAEPKVIMTASCGVEINKVIPYKPMVDKAIMDSRWKPEKVLVYQRSECRAELTHARDLEWNTVVQSATPHGCVPVLATDPLYILYTSGTTGKPKGVVRDNGGHAVALKYSMQIIYNMPQDGVFWAASDVGWVVGHSYIVYAPLIHGCTTLLYEGKPVRTPDPGAFWRVCQEYQVTALFSAPTAFRAIKKEDPNGDYLKQYDLSALTTIFMAGERLDPPTLEWVQSKTDKPVIDHWWQTETGWAIAGNPTGLESMPIKAGSATKPIPGYQVEILNELGENMPANQQGFVALKRPLPPSCLPTVWRNHDRFESGYLAQFPGYYVSGDGGYLDDDGYLFIMGRIDDVINVAGHRLSTGEMEEIVGAHPAVAECAVIGVHDELKGQLPLGLVVLKDGVKIDAQTLEQELVASVRNQIGAVACFKHAIVVERLPKTRSGKILRRIIRQIADGESYTIPSTIDDPMSLNELENLFQH,39.7,91,149,23.490,35,110,58,4,4,38.93,24,/stor/work/Wilke/crisprtn7/reblast2/GCF_000299495.2_VC35.1_genomic.fna
NZ_AMBR01000004.1,104841..145545,csx3,144971..144645,lcl|144971|144645|1|-1,-1,"gi|298491270|ref|YP_003721447.1|CAS-I,CAS-III|csx3|csx3",0.003,"gi|298491270|ref|YP_003721447.1|CAS-I,CAS-III|csx3|csx3 csx3",MHRLGNITHFGILQTTHHRKLKGGTFTFFTMNGNLPPHKLDQLLTDTQPKPSAPILTRNAVICLRESIEQIVQLVLGNANPCIFDGKPQRDLLFIQLAHSCRQYNFAL,34.3,77,92,25.000,23,61,40,2,8,43.48,78,/stor/work/Wilke/crisprtn7/reblast2/GCF_000299495.2_VC35.1_genomic.fna
NZ_AMBR01000004.1,104841..145545,glmS,110202..109498,lcl|110202|109498|3|-1,-1,WP_035343592.1,5.86e-08,WP_035343592.1 glmS two-component system response regulator GlrR [Dickeya],MSNQPSLYIIEDDTKLREMLAEYMTNQGFQVTTFATGETAPEQILLNQPDLVLLDLMLPGENGLTICRQIRAQFLGKILMLTASDDDFDHVAALEMGADDFVNKPIKPRVLLARIRMLMRREERTSASADATHLLQFGGLLLNQSRRHCELDGEVINLSDSEFDLLWLLASAADQVVSREFLTKSLRGIEYDGLDRTVDNKIVTLRKKLCDDSSTPKRIITVRGKGYLFVPDTW,50.4,119,102,30.392,31,70,57,1,1,55.88,43,/stor/work/Wilke/crisprtn7/reblast2/GCF_000299495.2_VC35.1_genomic.fna
NZ_AMBR01000004.1,104841..145545,glmS,142495..141185,lcl|142495|141185|2|-1,-1,WP_035343592.1,1.37e-08,WP_035343592.1 glmS two-component system response regulator GlrR [Dickeya],MATANTDIKQNSSTNIAFIERMSSPSLHRILCNLFSKFSYSLSNSCHFNLKYLNFVMNRIFHMSMEDLSQCTILIVDDSPDNIAFMSQGLAQYYRIKAARSGKVALEILAQYPIDLVLLDIVMPEMSGYEVINQIKHNPHTEHIPVIFLTGKSSPEDEQLGFELGAVDYVFKPVSIPLLKSRVHTHLQNKRSKDILLNQNDYLETEVLRRSGELDRMQDAVVFALASLAETRDPETGNHLLRTQHYVKVLAQRLATTDKYRDVLSPTVIDTYFKAAPLHDIGKVGIPDNILLKPGKLTPDEFTTMRNHALLGKLALEKAEKLSGACTALINAAKEIVIGHHEKWDGSGYPMGLRGEAIPLSARLMALADVYDALICRRVYKEPMSHEEAKAIILQGRGSHFDPMVIDAFLIEEQNFIDIAQKFADEESAMVPIQRG,54.3,129,111,29.730,33,75,57,2,3,51.35,25,/stor/work/Wilke/crisprtn7/reblast2/GCF_000299495.2_VC35.1_genomic.fna
NZ_AMBR01000006.1,0..31991,tnsA,11152..11991,lcl|11152|11991|1|1,1,UniRef50_A0A3M5N9X7,1.93e-05,UniRef50_A0A3M5N9X7 tnsA HTH gntR-type domain-containing protein n=380 Tax=Bacteria TaxID=2 RepID=A0A3M5N9X7_PSEAZ,MVIKAKSPAGFAEKYIIESIWNGRFPPGSILPAERELSELIGVTRTTLREVLQRLARDGWLTIQHGKPTKVNQFMETSGLHILDTLMTLDAENATSIVEDLLAARTNISPIFMRYAFKLNKESAERIMINVIESCEALVNAPSWDAFIAASPYAEKIQQHVKEDSEKDELKRQEILIAKTFNFYDYMLFQRLAFHSGNQIYGLIFNGLKKLYDRVGSYYFSNPQARELAMEFYRQLLAVCQSGEREHLPQVIRQYGIASGHIWNQMKMTLPSNFTEDDC,42.7,99,58,36.207,21,37,36,0,0,62.07,21,/stor/work/Wilke/crisprtn7/reblast2/GCF_000299495.2_VC35.1_genomic.fna
NZ_AMBR01000006.1,0..31991,csx1,13377..12226,lcl|13377|12226|1|-1,-1,gi|292492853|ref|YP_003528292.1|CAS-III|csx1|CARF,3.93e-51,gi|292492853|ref|YP_003528292.1|CAS-III|csx1|CARF csx1,MAIHVGIIDQDPVRLVTPLLDHRTVSRHIIFIGDHTQTVIYQRLSDVLNKRNISTDFFEIPAGSNTSAIKSAIRELAETLKARGEEVKFNASCGLRHRLLSAYEVFRSYHWPIFVVEPNSDCLCWLYPEGNNDTQVQDRITIADYLTIFGARGEFNEHQLSPQLDQQLYQLGERWASNALELGPGLATLNYLATTCRKDQKLDVELSDKQQGYRELNLLLSDLVEAKIASYENGILTFINEEARRFANGEWLETLVHSTVKQIQDDMPTIQDRSLNVQVYRQLGEREVRNELDVATVVNNKLHIIECKTKGMRDDGDDTLYKLESLRDLLGGLQARAMLVSFRPLRHNDITRAEDLGLALIGPDELKDLKTHLTQWFKAAGGN,174,441,394,32.234,127,236,191,9,31,48.48,98,/stor/work/Wilke/crisprtn7/reblast2/GCF_000299495.2_VC35.1_genomic.fna
NZ_AMBR01000006.1,0..31991,cas3,29639..26148,lcl|29639|26148|2|-1,-1,gi|347756299|ref|YP_004863862.1|CAS-I|cas3HD|cas3,3.52e-09,gi|347756299|ref|YP_004863862.1|CAS-I|cas3HD|cas3 cas3,MTTHSLLSLFSAQGAGDKKAIGNLHGASLALAIAELANAHTSHTLLAVPDPQTALKLLHEVEQFSHSEVALFPDWETLPYDNFSPHQDIISDRISRLYQLPSLTRGITIVPVSTLLQRQSPRDFLLQHTLIVKRGDHFSLDKLRLQLENSGYRHVDQVFGPGEYASRGSILDLFPMGSSDPFRIDFFDDEIDTIRTFDPDNQRSIAEMDEIRLLPAHEFPTTAAAIEEFRNRWRQRFEARREPESVYSQVSKGTWPAGIEYWQPLFFEHSETLFDYLPANSQLLVVGELEKAIDQFLTDVDYRYDQRNIDPLRPLLPPNELWLRKDELFAHFKTLPQVQLTSSPIELRAGRMNAQVQPLPVLAVEHQNKEPLAALRQFSEQFTGKIIFSVESEGRREALLELLQRIKLRPQSQNDFSLACQQTEKCSLVLGSAERGFIYGDNQVALICESDLLGDRVIQRRRKKDRKNVTNSDAVIRNLAELKPGQPVVHIDHGIGRYLGLQTLEAGGMVSEYVMLEYQNEAKLYVPVSSLNLISRYSGGAEEAAQLHKLGGEAWVKARRKAAEKVRRKAAEKVRDVAAELLDVYAKREIKPGFKFHLDREQYATFKATFPFEETDDQAMAINAVLSDMCQAKAMDRLVCGDVGFGKTEVAMRAAFVATDNGKQVAVLVPTTLLAQQHFENFRDRFANLPIRVEVLSRFKSAKEQKQILQDVADGKVDILVGTHKLLSSEIRFADLGLLIVDEEHRFGVRQKEKVKAMRADVDILTLTATPIPRTLNMAMSGMRDLSIIATPPARRLAIKTFVRQSEDSVIREAVLREIMRGGQVYFLHNQVETIDKVAADLEKLVPEARITVAHGQMRERELEKVMNDFYHQRFNLLVCTTIIETGIDVPTANTIIMDRADSLGLAQLHQLRGRVGRSHHQAYAYLLTPPPKAITKDAVKRLEAIASLEDLGAGFTLATHDLEIRGAGELLGEEQSGQIQSVGFTLYMEMLEQAVEALKSGKEPALDDLLREQTEVEMRLPALLPEEYIPDINTRLSMYKQIASVASEDELAELKVELIDRFGKLPDAALNLLAIAELKLNAMRLKVRKIEAHERGGYVEFYPNADINPVFLVKLLQSQPKLLAMDGPTKLKFTLPLVERSARIQFVADMLKNFQQNVLPAQ,59.7,143,266,25.188,67,169,122,10,30,45.86,22,/stor/work/Wilke/crisprtn7/reblast2/GCF_000299495.2_VC35.1_genomic.fna
NZ_AMBR01000007.1,76759..118720,tnsA,98720..96759,lcl|98720|96759|3|-1,-1,UniRef50_A0A2D2C3Y7,3.04e-06,UniRef50_A0A2D2C3Y7 tnsA Tn7_Tnp_TnsA_N domain-containing protein n=4 Tax=Paracoccus TaxID=265 RepID=A0A2D2C3Y7_9RHOB,MSVLRLTGLGALTLLLALVSVQWGHNLTLNEQWQLVLGYQAAQSFAQVNFIYAQLPRAVMAIVVGAVLGLVGSLMQQLTQNRLTSPLTLGTSSGAWLGLIIVNIWFSDWVADYSALAAMAGALLAFALIISIAGLRNLTGLPLVVSGMVVNILLGSIATALVLLNEEFAQNVFMWGAGDLAQNGWEWLTWLLPRLTLVFPLLLFAPRVLTLLRLGHEGAAARGLAVLPAFLLLMAGGIWLVSASITAVGVIGFIGLLTPNIARSLGARTPKMELYSSALLGALLLLATDILAMGLSVWAEEVVPSGITAAVIGAPALIWFSRRQLQAQDSLSISLSSHRRSPSRWAVMLIAAALLLALGLHIGWQMESASWALPSEFQWPLRWPRMLTALFAGVGLAIAGTLLQRLIYNPLASPDILGVSSGATFALVFASLFLGQSLQSSHWLTALLGSAAVLVALLLLGRRHHYAPSSLILTGIAITALLEALVQFTLAKGTGDSYQILLWLSGSTYRVTGEQALLLSVGVVGLTLLALGLSRWLTLLSIGRGFASARGLSASRASLVLLILVALLCALVTATTGPVSFVGLIAPHMAMMLGAQRAPSQLLLAALVGGTLMLWADWLGQALLFPAQIAAGTLVAIIGGSYFLLLLLSQRAR,47.0,110,99,38.384,38,56,58,3,5,58.59,15,/stor/work/Wilke/crisprtn7/reblast2/GCF_000299495.2_VC35.1_genomic.fna
NZ_AMBR01000007.1,76759..118720,cas3,107369..105507,lcl|107369|105507|3|-1,-1,gi|307595798|ref|YP_003902115.1|CAS-I|cas3|cas3,1.92e-04,gi|307595798|ref|YP_003902115.1|CAS-I|cas3|cas3 cas3,MTLTLHSIDMTATLMAESSALFATPERVLHEVFGYQQFRVGQQEVIEAALAGRDSLVIMPTGGGKSLCYQIPALVLEGVTLVISPLISLMKDQVDQLKANGVAAECVNSTLAREELIAIYNRMHAGQLKLLYVSPERVLTAEFIERLSHLPLAMIAVDEAHCISQWGHDFRPEYASLGQLKQRFPNVPVMALTATADDATRHDIMQRLQLNEPHQYLGSFDRPNIRYMLVEKHKPVSQVIRYLETQRGQCGIIYCGSRKKVEMLTEKLCGNHIRAASYHAGMDADERAWVQEAFQRDDLQIVVATVAFGMGINKPNVRFVVHFDIPRNIESYYQETGRAGRDGLPAEAMMLYDPADMNWLRRMLDEKPDGAQKQVESHKLTAMGAFAEAQTCRRQVLLNYFGEYRDKPCGNCDICLDPPKRFDATEEARKALSCVYRVNQNFGIGYVVEVLRGMQNIRIREHGHDKITTYGIGRDHSHDYWVSIFRQLIHKGMLYQNITRNSTLQLTEEARPLLRGEMNIELAVPRLDTAARAAKSDKLSGKNYDKKLFAKLRKLRKSIADDEGLPPYVVFSDATLIDMAEIMPTSYGEMLAVNGVGQRKLEKYADPFLDLIQEHLTYHG,43.1,100,46,43.478,20,25,31,1,1,67.39,7,/stor/work/Wilke/crisprtn7/reblast2/GCF_000299495.2_VC35.1_genomic.fna
NZ_AMBR01000007.1,76759..118720,glmS,95653..94751,lcl|95653|94751|1|-1,-1,AAV86896.1,6.14e-06,AAV86896.1 glmS glucosamine--fructose-6-phosphate aminotransferase [Anaplasma marginale str. St. Maries St. Maries],MKIDLTRLVTESRNPASEQIDTLSTLDMLQVINQQDQLVALAVAQTLPQVAQAVEAITAAFAQGGRLIYMGAGTSGRLGILDASECPPTYGSKPEQVIGLIAGGHTAILKAVENAEDNRELGQSDLKALHLSEKDVLVGIAASGRTPYVIAGMEYARSVGATVVSLACNPGCPMEACADIVITPVVGAEVVTGSSRMKAGTAQKLVLNMLTTGAMIKSGKVFGNLMVDVEATNAKLIQRQTNIVVEATGVSAEQAEAALAACGRHCKTAILMILGGFSAEQAAQKLAQHQGFIRAALNQE,45.1,105,79,36.709,29,48,44,1,2,55.70,26,/stor/work/Wilke/crisprtn7/reblast2/GCF_000299495.2_VC35.1_genomic.fna
NZ_AMBR01000007.1,76759..118720,glmS,95884..96732,lcl|95884|96732|1|1,1,WP_005919782.1,7.92e-11,WP_005919782.1 glmS MurR/RpiR family transcriptional regulator [Pediococcus acidilactici],MSVLQRIVSRRTQLSESGRQIGDWVLANAAQAAAMTSQDLAAWANVSQSSIVKFTQRLGFKGYSEFKLALTEELGRKQVMVNQPLHSNILADDPVAVIAQKLVQTKTEAMFHTTNALRLDEFSEAISWIQQAVRVQIIGIGGSALVAKDLAFKLLKLGITALTEQDSHVQIATARTLHSQDVLIAISFSGEKREILIAAEAAKQQGAKVIALTTPNKNRLRELADLALDTIADETQHRSSAIASRTAQNVLTDLIFLTLTQQRETSARQLIDDISSDIRQMR,58.9,141,209,24.402,51,133,100,4,25,47.85,73,/stor/work/Wilke/crisprtn7/reblast2/GCF_000299495.2_VC35.1_genomic.fna
NZ_AMBR01000007.1,76759..118720,rsmJ,117759..118259,lcl|117759|118259|3|1,1,WP_000954217.1,1.93e-122,WP_000954217.1 rsmJ 23S rRNA (adenine(2030)-N(6))-methyltransferase RlmJ [Vibrio],MVLTELHPSDYPLLEQEFHRDRQVSIYKEDGFARLKASLPPQERRGLVLIDPPYELAKEYRDVVRAIAQSYKRWATGIYAIWYPVVNRCDIDDMLEGLQGLEIRKILQIELGVAPDTNERGMTASGMIVINPPWTLESQMQTILPFLKQAIAPATGHYKVEWVVPE,343,881,166,100.000,166,0,166,0,0,100.00,100,/stor/work/Wilke/crisprtn7/reblast2/GCF_000299495.2_VC35.1_genomic.fna
NZ_AMBR01000008.1,32569..98445,tniQ,54683..52569,lcl|54683|52569|2|-1,-1,tr|A0A081NVM8|A0A081NVM8_9BACL,2.12e-05,tr|A0A081NVM8|A0A081NVM8_9BACL tniQ ABC transporter domain-containing protein OS=Paenibacillus tyrfis OX=1501230 GN=ET33_22665 PE=4 SV=1,MQDTLLNSLVYVSRYYGLANSPEALINGLPLADGKLTPFLFPRSAERAGLIAKENRAPLDQIPHLVFPVVLLLKGGEACVLNSINQETQEAEIVTAESGLVPVAYSLSDLEAMYIGRYFMVKKQFRFDERSPEVLKPRDGHWFWSTIYKSKHIYRDVLIASLLINLFAVAAPMFSRIVYDKVVPNLAFETLWVLSSGILVIFLFDFVFKMLRSYFIDVAGKKSDILISSKLFSKVMGIRMEARPPSVGAFARHLQEFESIREFFTSATISSLIDLPFALLFLVLIWLMAGHLVWVPVIGVLILVIYSFLIQSRLKRAIEEGSRLASQKYANLIESLAGLETVKLFGAQGQFQYRWEEAVAHMANWNIKSRRITDSIQNTAGFVQQAANIGMIIVGVYLISNGDLTMGGLIAATMLSGRAIGPLVQLSLLSTRYNQAKSSMTIIEQVMSMPDEQEEGKRYIHRPIIQGKIELDRVTFHYPNSPIASVRDLSLTIHPGEKVAIIGRIGSGKTTLERLIMGLYKPTEGHVRIDDTDISQLHHIDIRRNIGCVPQDSVLFYGSIRDNITLGRPLSDDREVMDAANRAGVTVFTQQDPAGLERQVGEGGMLLSGGQRQSVSIARAFLGRPPVLLMDEPTSAMDNRSEMHIKQQLSQLKPSETLILITHKTSMLDVVDRVIVMEKGCIIADGPKHEVLNDLRQGNVRAVQ,45.4,106,98,29.592,29,62,52,2,7,53.06,14,/stor/work/Wilke/crisprtn7/reblast2/GCF_000299495.2_VC35.1_genomic.fna
NZ_AMBR01000008.1,32569..98445,tniQ,82995..82090,lcl|82995|82090|1|-1,-1,tr|A0A1X1NDK8|A0A1X1NDK8_9ACTN,1.16e-04,tr|A0A1X1NDK8|A0A1X1NDK8_9ACTN tniQ HTH lysR-type domain-containing protein OS=Streptomyces sp. CB03238 OX=1907777 GN=BKD26_21400 PE=4 SV=1,MQLNQLNLADIRAFVLIAKLGNFTKAAEELEVSRSHVSRQLSQLENSMGVTLVIRTTRSLSLTDAGELFYRQCEQALSSIEQAVLAAVDDVQEARGELRINSVGGHIGEELIADICSAFMQENPDVRIHLDFSSHRVDLIEEGFDVAFRMGKLEDASFVARKLTEIRMSTLASPTYFTLCGQPQHPKQLTDHRCLTGSVKRWSYQHKETKQTLEVPVDGDLQCKNGRVLVRSALAHNGIIRVPTFYCHQEIARGELVEVFQDWHIPSVDFSLIYHKDKYQPVRLKRFIEFSKRYFEQSVIE,41.6,96,89,31.461,28,55,46,3,6,51.69,28,/stor/work/Wilke/crisprtn7/reblast2/GCF_000299495.2_VC35.1_genomic.fna
NZ_AMBR01000008.1,32569..98445,cmr6,93902..92748,lcl|93902|92748|2|-1,-1,"gi|427715526|ref|YP_007063520.1|CAS-III-B|cmr6gr7|G7,CASCADE",0.001,"gi|427715526|ref|YP_007063520.1|CAS-III-B|cmr6gr7|G7,CASCADE cmr6",MKKNAVHFGAGNIGRGFIGKLLADADIAVTFADVNEPLVDQLSHQQEYKVKVVGSECKMETVSHVTAVNSASEALIERIIKTDLVTTAVGPTVLDIIAKTIAKGLSARFAAGNTQPLNIIACENMVRGTTHLKQQVYQFLTTEEQQQADALVGFVDSAVDRIVPPLQAANDDPLEVTVESFSEWIVDEQQFKGEIPQIEGMEKTDNLMAFVERKLFTLNTGHCVTAYLGYLKGHRTIREAIEDPIIHAQVKQAMQESGEVLIRRYGFDRALHSAYIEKILSRFANPYLVDEVDRVGRQPLRKLSANDRLIKPLLGTIEYGLPNGMLLKGIAAALKYRNSSDPQAVELQQSIEKEGVRSTLARYTGLAAESVEAQQIEALYQQMD,39.3,90,85,29.412,25,54,42,1,6,49.41,22,/stor/work/Wilke/crisprtn7/reblast2/GCF_000299495.2_VC35.1_genomic.fna
NZ_AMBR01000008.1,32569..98445,glmS,39124..39483,lcl|39124|39483|1|1,1,WP_035343592.1,3.94e-10,WP_035343592.1 glmS two-component system response regulator GlrR [Dickeya],MAKVLAVDDSISIRQMVSHTLQDAGYEVETAADGREALAKAQKARFDVIISDVNMPVMTGFEFVKAVRMQSQYKFTPILMLTTETSPEKKQEGKAVGATGWLVKPFNPETLLKTLQRVL,53.5,127,118,28.814,34,82,56,1,2,47.46,99,/stor/work/Wilke/crisprtn7/reblast2/GCF_000299495.2_VC35.1_genomic.fna
NZ_AMBR01000008.1,32569..98445,glmS,46220..47260,lcl|46220|47260|2|1,1,WP_035343592.1,1.50e-05,WP_035343592.1 glmS two-component system response regulator GlrR [Dickeya],MKKIKVLIVDDSPVFRALLTQLIDSDPALQVVASAEDPYQARELIKHYQPDVVTLDVEMPKMNGVQFLKNLMRLHPLPVVMISTLTQHGAEATLAALELGAVDYFPKPSSDNPAEMLNYKNLVNDKIKMAAQANVGFVQSATVSAPITERVSTDYQLIAIGSSTGGTEAVKQVLAALPSGLPPIVMTQHIGAQFTASLAKRLNDSSALHVQEVTQPTTALESSCAYLAPGDKHIVVVKRAGKLYVELDDRPAVNRHKPSVDVMFNSIAQHVGSKAMGILLTGMGQDGAKGMLAMHQQGAATAAQDEQSSVVWGMPRVAIELGAADVVKPLGAMATWIVEQLQKKHA,44.3,103,196,26.020,51,123,89,9,22,45.41,53,/stor/work/Wilke/crisprtn7/reblast2/GCF_000299495.2_VC35.1_genomic.fna
NZ_AMBR01000010.1,0..40031,tnsA,20112..19459,lcl|20112|19459|3|-1,-1,UniRef50_A0A3M5N9X7,3.30e-05,UniRef50_A0A3M5N9X7 tnsA HTH gntR-type domain-containing protein n=380 Tax=Bacteria TaxID=2 RepID=A0A3M5N9X7_PSEAZ,MLMPRQKLPAERKLAESFDTTRVTLREALSLLEAEGKIYREDRRGWFISPAPLRYDPTQTLNFTNMALAQNRQPKTELVSAKAVIANKQATRLLKLKPFSDVYRVDRVRYLDNRPVVYVTNYIRPELFPNLLDFDLSQSLTDLYREHYATQYQTIHYRISTSSLLGEMAQALRATSGTPAMVVERVNYNQKGELIDCDIEYWRHDAITIESIAELKR,41.6,96,51,39.216,20,31,31,0,0,60.78,24,/stor/work/Wilke/crisprtn7/reblast2/GCF_000299495.2_VC35.1_genomic.fna
NZ_AMBR01000010.1,0..40031,csm3,15380..15661,lcl|15380|15661|2|1,1,"gi|479148381|ref|YP_007778810.1|CAS-III-A,CAS-III-D|csm3gr7|G7,CASCADE",0.008,"gi|479148381|ref|YP_007778810.1|CAS-III-A,CAS-III-D|csm3gr7|G7,CASCADE csm3",MQPVTKNGESMNKTALLLTVVGAVLLTGCARQENEYTVKEYTSMANPASVYCVEQGGQLEMVTENEQRVTYCVTKDGEKIEQWEYFRQNHDQQ,32.3,72,67,26.866,18,43,35,1,6,52.24,66,/stor/work/Wilke/crisprtn7/reblast2/GCF_000299495.2_VC35.1_genomic.fna
NZ_AMBR01000010.1,0..40031,yciA,2948..2361,lcl|2948|2361|1|-1,-1,WP_054595093.1,8.86e-04,WP_054595093.1 yciA PaaI family thioesterase [Pseudomonas],MAFILAPYIHNVIPSSLLSQSWCTTLCSLDGVVTMSHFYSFRTQAMSIWNKPISLETLYATSKNTLIEHLNIIYTEVTENSISATMPVCHFTHQPLGMLHGGASVVLAETLGSVAANFSVGEDAYCVGLDINANHVRAMREGLVTGTAVPLHIGVSTQVWQIEIKDEQGRLVCISRLTVAVKRSRPKQAKPVAEV,35.8,81,86,34.884,30,53,45,2,3,52.33,44,/stor/work/Wilke/crisprtn7/reblast2/GCF_000299495.2_VC35.1_genomic.fna
NZ_AMBR01000011.1,47951..89201,tnsA,67951..69201,lcl|67951|69201|1|1,1,UniRef50_A0A1C6RKQ5,8.83e-12,"UniRef50_A0A1C6RKQ5 tnsA Murein DD-endopeptidase MepM and murein hydrolase activator NlpD, contain LysM domain n=2 Tax=Micromonospora inyonensis TaxID=47866 RepID=A0A1C6RKQ5_9ACTN",MRKKATLVGLPLLAVAAISSSLNSPTRQQRIELSLPESPLVQFSSAEHTVEVVKVGHPDYEYEIKPGDNLSTIFNQLGFAYTELMKVMETDLNYLALDTLRPGNVLRFWKGSDNTLAKMELEFSLVDRAVYTRLNDGSYEFEERKIPGTWKVEPLIGEVDGSFSLSANRAGLGAADVDQIVTLLKDKINFGRDLRRGDRFEVVLSRQLVGEKLTGNSEIQAIKIFNRGKEITAYLHQDGQYYDKNGDSLQRAFQRYPVDSKWRISSNFDPRRLHPVTKRVAPHNGTDFAMPIGTPVYTSGDGVVVMTRNHPYAGNYVVIQHGNTYMTRYLHLSKILVKKGQKVSRGQRIGLSGNTGRVTGPHLHYELIVRGRPVNAMKANIPMASSVPKKEMAQFIAKRKELDQMLARQESMLAAQ,64.7,156,107,35.514,38,47,52,3,22,48.60,20,/stor/work/Wilke/crisprtn7/reblast2/GCF_000299495.2_VC35.1_genomic.fna
NZ_AMBR01000011.1,209345..250094,tnsA,229345..230094,lcl|229345|230094|1|1,1,UniRef50_A0A2D2C3Y7,6.46e-12,UniRef50_A0A2D2C3Y7 tnsA Tn7_Tnp_TnsA_N domain-containing protein n=4 Tax=Paracoccus TaxID=265 RepID=A0A2D2C3Y7_9RHOB,MQQVSQNRFASPSTSGTIECAMLGYVLSLVLFGHGQNLWLIFGVSMLGTLVFVFFIQRIQFKNVIFVPLIGIIFGNVIDSLATFIAYKYDAIQNLSGWAVANFANLLKGDFELLYIAIPVAIFSYLYAARISAVGMGKDFATNLGLNYQQVMIIGVALVSIMSATVVMIVGQLPFLGLIVPNLVSLYYGDNLRKNIPRTAIFGAMFVLLCDLVGRVIIFPYEVPISMIISILGGSVFIALILRGQRHAG,61.6,148,103,29.126,30,72,61,1,1,59.22,41,/stor/work/Wilke/crisprtn7/reblast2/GCF_000299495.2_VC35.1_genomic.fna
NZ_AMBR01000011.1,209345..250094,glmS,227102..227860,lcl|227102|227860|2|1,1,KPP97120.1,1.01e-05,KPP97120.1 glmS glutamine-fructose-6-phosphate transaminase (isomerizing) GlmS [Bacteroidetes bacterium HLUCCA01],MCRWLAYQGSPIYLEQLVYQPEHSLVHQSLEARKAVTRVNADGFGLGWYTERSTPGRFHEVLPAWGDENLRSLAHHIRSHRFMAHVRSSTGTQVSRSNCHPFMYNHWMFLHNGQIGDYCAVKYELERSLPEHLYIRRIGTTDSELIFLLMLKNGLERDPVASIRQTIAEIEALMVVKSVVLPFKASICLSDGQQFWLVRYSTDGQPPTVYRKPWQDGIILASEPLDACPNWLLVEPQTITHVLGAECQSYLI,43.9,102,124,26.613,33,72,61,5,19,49.19,44,/stor/work/Wilke/crisprtn7/reblast2/GCF_000299495.2_VC35.1_genomic.fna
NZ_AMBR01000011.1,209345..250094,glmS,242407..243081,lcl|242407|243081|1|1,1,WP_035343592.1,9.82e-08,WP_035343592.1 glmS two-component system response regulator GlrR [Dickeya],MRILLIEDDERIARFIERGLKAEGHQIHRLKDGQYGLETVKSSEPDLLILDRMLPHVDGLTLCQQIRATGNQVLILMLSALGEVEERIQGLRTGADDYLAKPFHFEELLARIEALQRRNIQTHTSNKLRFADLELCLSTMRVYRAEQPIELTAKEISILELFLRKPGHIFSRERILANVWGIHQDPLTNVVDVYMRRLRKKIDMPFAQPLIQTKRGMGYYLGDA,49.3,116,111,24.324,27,84,56,0,0,50.45,50,/stor/work/Wilke/crisprtn7/reblast2/GCF_000299495.2_VC35.1_genomic.fna
NZ_AMBR01000012.1,0..32141,tnsA,11464..12141,lcl|11464|12141|1|1,1,UniRef50_A0A3M5N9X7,4.82e-06,UniRef50_A0A3M5N9X7 tnsA HTH gntR-type domain-containing protein n=380 Tax=Bacteria TaxID=2 RepID=A0A3M5N9X7_PSEAZ,MLDNIESGRWPVGYRTPTELELTEQFGVSRMTVNKALRDLVSEGKLQRRPRLGTFVCEAEEKAESPLLDIRNIADEILSRGKQYHNKVVEQRALNADETIAIKLGVMVGSPVFYSEIIHYANDIPMQLEVRWVNSRSVPHYLDQDFTQITPNQYLSQNCPLSAIEHTVEAIVADAHVKQALALAANEPCLLLNRRTWSGDKLVSSALLYHPGSRYKLSSKILFNQ,43.9,102,54,42.593,23,31,32,0,0,59.26,24,/stor/work/Wilke/crisprtn7/reblast2/GCF_000299495.2_VC35.1_genomic.fna
NZ_AMBR01000012.1,0..32141,glmS,3356..2790,lcl|3356|2790|2|-1,-1,WP_035343592.1,1.09e-06,WP_035343592.1 glmS two-component system response regulator GlrR [Dickeya],MKVAGEADSGEEAVKWCRTNHADVILMDMNMPGIGGLEATKKLLRVNPDIKIIVLTVHTENPFPTKVMQAGAAGYLTKGAAPDEMVNAIRIVHSGQRYISPEIAQQMALSQFSPASENPFADLSERELQIMLMITKGQKVTDISEQLSLSPKTVNSYRYRLFAKLNINGDVELTHLAIRHGILDTEKL,45.4,106,83,30.120,25,58,40,0,0,48.19,44,/stor/work/Wilke/crisprtn7/reblast2/GCF_000299495.2_VC35.1_genomic.fna
NZ_AMBR01000012.1,141552..207424,tniQ,162592..161552,lcl|162592|161552|3|-1,-1,tr|A0A3A3DGX9|A0A3A3DGX9_9RHOB,5.32e-06,tr|A0A3A3DGX9|A0A3A3DGX9_9RHOB tniQ Uncharacterized protein OS=Paracoccus sp. JM45 OX=2283626 GN=DWB67_05530 PE=4 SV=1,MLHTSNPIIKHKAGLLNLAEELGNVSRACKVMGVSRDTFYRYQELVETGGIDALINRSRRAPNLKNRVDSETEQAVIKYAIDFPAHGQVRTSNELRKLGVFISPSGVRSIWLRNDLENFKKRLIALEKQAAENGIILTDEQVAALERKKHDDEACGEIETAHPGYLGSQDTFYVGNLKGVGRIYQQTFVDTYSKVAFAKLYTTKTPITAADILNDKVLPFFEAHELPMLPILTDRGTEYCGRVEQHDYQLYLAINDIDHTKTKAMSPQTNGICERFHKTILNEFYQVTFRKKLYGSIEELQKDLDEWMDYYNNHRIHQGKMCCGRTPIETLEDGKPIWAEKNLAQI,46.2,108,51,47.059,24,27,30,0,0,58.82,15,/stor/work/Wilke/crisprtn7/reblast2/GCF_000299495.2_VC35.1_genomic.fna
NZ_AMBR01000012.1,141552..207424,tniQ,171278..170187,lcl|171278|170187|2|-1,-1,tr|A0A099LTP3|A0A099LTP3_9VIBR,0.0,tr|A0A099LTP3|A0A099LTP3_9VIBR tniQ Uncharacterized protein OS=Vibrio navarrensis OX=29495 GN=EA26_05655 PE=4 SV=1,MEQHEAIAGAFPLELNRINIYHAQTTSQMRVRVLIHLENQLKLNNFGVLRLALSHSKAQFSPEYKAVHRLGSDYPFVFLGKRFTPICPLCISEAPYIRQQWQFLSQQACERHGCKLVHHCPECQSRLEYQTTESISQCECGFELRNSPVEDAPVAALLVARWLSGNDSKPLGLLKAEMTLSERYGFLLWYVNRYGDIENISFESFVEYCSCWPRVLKEELDELVNKADLIRIKDWKKTFFNEVFGALLKDCRQLPSRQLECNSVLTQVLAYFTKLMAAIPSSSKGNVGDVLLSPLEASTLLSCTTDEVYRLYEFGEIKAAIRPRMHTKIASHESAFTLRSVIETKLTRMCSENDGLSVYLPEW,597,1540,295,96.610,285,10,289,0,0,97.97,81,/stor/work/Wilke/crisprtn7/reblast2/GCF_000299495.2_VC35.1_genomic.fna
NZ_AMBR01000012.1,141552..207424,tnsB,184967..183870,lcl|184967|183870|2|-1,-1,UniRef100_A0A1T0A091,1.24e-09,UniRef100_A0A1T0A091 tnsB Transposon Tn7 transposition protein tnsB n=1 Tax=Moraxella caviae TaxID=34060 RepID=A0A1T0A091_9GAMM,MTMILKILKGISLNLTPKQLEQLKSFETCFIEYPAITEIYSIFDQLRFNHSLGGEPESFLLTGEAGSGKTALINNYLSRFQSGSTWGKQPVLSTRVPSRINEQNTLTQFLVDLDCKSGGRGIRRRNEIALGEAVVKQLKRKSVELIIVNEIQELVEFSTAEQRQVIANTFKYMSEEARVSFVLVGMPYADVIATEPQWNSRLSWRRKIDYFKLLKANSHSSKTASYGFDLEQKKHFARFVVGLSSRMGFDEPPVLTKNELLYPLFAMCRGECRALKHFLKDALLTSFNDNADTIDKAILSRTFAFKFPYLDNPFDRPLEQLSLHQIDSGSAYHLNAITTEDKIVAPRFTDAIPLSMLLSKNGLKA,57.8,138,248,22.177,55,151,106,8,42,42.74,65,/stor/work/Wilke/crisprtn7/reblast2/GCF_000299495.2_VC35.1_genomic.fna
NZ_AMBR01000012.1,141552..207424,tnsB,186798..184933,lcl|186798|184933|1|-1,-1,UniRef100_A0A378ML46,0.0,UniRef100_A0A378ML46 tnsB Transposon Tn7 transposition protein tnsB n=1 Tax=Vibrio anguillarum TaxID=55601 RepID=A0A378ML46_VIBAN,MPPDSNSIFGFFDEFEASEEESQLLPKELILEPVEISSTIDSLPAKIQEEVLRRIKVITFVEKRLKGGWTEKNLNPILSLVESELQLTPPSWRTVATWKKSYAEAGREASALIPKHTFKGNRQKEMDSQSLIDEAIQNVYLTRERLSVAEAYRYYKSRVIQMNRGIVEGKIKPIAERSFYNRINELPPYEVAIARFGKRYADREYRSVGQQVVATKPMEFVEIDHTPVPVILIDDELDIPLGRPYLTMLYDRFSKCIVGCSINFREPSFDSVRKALLNSLLDKSWLKAKYPSIENEWPCHGKIDCLVVDNGAEFWSQSLEDSLRPLVSDIQYSQAAKPWRKSGIEKLFDQMNKGLVNALPGKTFTNPTQLQDYNPKKDAVVRVSVFLELLHKWIVDYYHMAPDSREREIPYHKWHQSKWTPSYYDGAEKEQLRVELGLLRHRTIGVAGIRLHNLRYQSAELIEYRKYCTPNNGKQLFVKTKTDPSDISYIHVYLESEKKYIKVPAVDNSGYTNGLSLFEHQRIQKVRRLNTKDLADDEALADTFLYMKKRIHEETDRFRRVKSSKPNLPKTGNTSRLAKFNDVGSEGPNSINVTPVRLKSEVVSDASEYLDDDDFEDIEGY,1229,3180,621,95.491,593,28,607,0,0,97.75,100,/stor/work/Wilke/crisprtn7/reblast2/GCF_000299495.2_VC35.1_genomic.fna
NZ_AMBR01000012.1,141552..207424,tnsA,187424..186801,lcl|187424|186801|2|-1,-1,UniRef50_A0A090P7F5,1.10e-110,UniRef50_A0A090P7F5 tnsA Tn7_Tnp_TnsA_N domain-containing protein n=102 Tax=Gammaproteobacteria TaxID=1236 RepID=A0A090P7F5_9VIBR,MFDQTKKSSHVHNICKFMSLKNDAVVRTLSILEFDFCFHLEYNPNIKSFTSQPFGFHYLFNNRKCRYTPDFLAIGHNEQSTFFEVKHSSQIPKPDFRERFEEKQRVALSEFNRRLVLVTEKQIRMGPTLDNFKLLHRYSGLRTVTEFQKRVLAFIQRKQMVKLQEVSLYFGLSEQDTLISTLPWISSGHVKTDLNTIGFGLETCVWC,313,803,207,70.048,145,62,169,0,0,81.64,100,/stor/work/Wilke/crisprtn7/reblast2/GCF_000299495.2_VC35.1_genomic.fna
NZ_AMBR01000012.1,141552..207424,casR,158300..157929,lcl|158300|157929|2|-1,-1,gi|385805106|ref|YP_005841504.1|CAS-I|casR|CARF,8.35e-04,gi|385805106|ref|YP_005841504.1|CAS-I|casR|CARF casR,MHIHICWSLIMLPHQFFKLLADETRVRCLLIIAREEKVCVAELTEALNESQPKISRHLALLRASGVVVDIRQGQWVFYRISDQLPGWMRKQIQGLVESNCLKEEYQQDIQRLAEMTSRPQCCV,36.2,82,56,26.786,15,41,36,0,0,64.29,46,/stor/work/Wilke/crisprtn7/reblast2/GCF_000299495.2_VC35.1_genomic.fna
NZ_AMBR01000012.1,141552..207424,cas6,167047..166418,lcl|167047|166418|3|-1,-1,gi|375263740|ref|YP_005025970.1|CAS-I-F|cas6f|cas6,2.67e-91,gi|375263740|ref|YP_005025970.1|CAS-I-F|cas6f|cas6 cas6,MSQRYYFLIRYTNANADYGLLAGRCISQMHLFMVNHHQAMNRVGVSFPDWNESSVGQTIAFVSEDKEMMIGLSFQPYFSLMVNEGLFEISSVYEVPDTSAEVRFVRNQTIGKNFLGSKKRRIKRSMARAELFGVEQSLPVTNEDRVIDSFHRIPISSGSSRQDFILFIQKELADERAKSGFNSYGFATNQEKRATVPDLRFNLFEEDSF,265,676,199,63.819,127,71,151,1,1,75.88,95,/stor/work/Wilke/crisprtn7/reblast2/GCF_000299495.2_VC35.1_genomic.fna
NZ_AMBR01000012.1,141552..207424,cas7,168090..167059,lcl|168090|167059|1|-1,-1,"gi|375263741|ref|YP_005025971.1|CAS-I-F|cas7f|G7,CASCADE",0.0,"gi|375263741|ref|YP_005025971.1|CAS-I-F|cas7f|G7,CASCADE cas7",MELCTQLNYVRSLSAGKAYFYYLSESGEMCPLDVDRTRLRAPKGSYSEAYKGNKFVDKNVAPQDLAYSNPQFIEECYVKPGVDEIYCAFSLRIRANSLTPDMCSDDEVRSKLSMLAKIYKDLNGYKELAHRYAKNILLGTWLWRNRECRNITIEVTTSELDTFVVEHAQKLSWYGHWDGDSTECLERLTAYLERALSDPTEYFYMDVKAKMRVGWGDEVYPSQEFLDSREDGIPTKQLATVELLSGKETVAFHGQKVGAALQSIDDWWNENADKPLRVNEYGADREYVIARRHVTHGNDFYQLVRNTENWIETMTASRTIPNDVHFIMSVLIKGGLFNCAKAN,526,1355,339,71.386,242,97,288,0,0,84.96,99,/stor/work/Wilke/crisprtn7/reblast2/GCF_000299495.2_VC35.1_genomic.fna
NZ_AMBR01000012.1,141552..207424,cas8f,170184..168097,lcl|170184|168097|1|-1,-1,"gi|375263742|ref|YP_005025972.1|CAS-I-F|cas8f|LS,CASCADE",0.0,"gi|375263742|ref|YP_005025972.1|CAS-I-F|cas8f|LS,CASCADE cas8f",MTKLSDLLAIEDEAIKQTALKKMFMPYTEDVCVDGYEQETLTILLNLSSSHQADRCSDWLDVARAQRYLKDRENLDASLAEIQWFHTHNLKFPDCRVKDQRIIARPLSTAEEFISSAVLDQRLGWAHNSAVYRHTLWLLNPFKWQSQPVCILLLIQQKNPVWLDLLTEFGLDVKSLARLQRAIEEQLPENSFPDSVSTYSKQLRFPWGDDYVSITPVVSHALQCELEIRARSPENKFSFVSSSLPNSASIGNLCGSLGGYMRVLNYPLGVKQAKGGTLTENRQKSGHYFDDYQVTNAKICQVLNRLIGSEPSKTQRQRERARKVRSKILRKQIALWMLPLIELRDIAESEPNQQQLEHDDTLAQAFLSLPEWELGSLAGEFNRRLHLAFQNNIYSAKFAYHPKLMQVAKAQVTWVLEQLSKPINNQDTVTGEQYIYLSSMRVQDAVAMSNPCLCGVPSLTAIWGFMHDYQRQFNQLVNNDSPVEFSSFAFYVRNENIQSTAKLTEPNSIAKARTVSNAKRPTIRSKRLADLEIDLVIRVHSESRISDFRSALKTALPVAFAGGALYQPQLSTQIEWLRTFTGRSELFHVLKGLPAYGRWLYPSEKQPTNFDELERLLTQDDDNLLVSLGYHLLEHPTKRDNAITGCHAYAENAIGLAKRINPIEVRFSGRDHFLNHAFWSIECSSETILIKNYRD,864,2232,698,59.456,415,278,525,1,5,75.21,99,/stor/work/Wilke/crisprtn7/reblast2/GCF_000299495.2_VC35.1_genomic.fna
NZ_AMBR01000012.1,141552..207424,glmS,145102..144737,lcl|145102|144737|3|-1,-1,WP_035343592.1,1.45e-06,WP_035343592.1 glmS two-component system response regulator GlrR [Dickeya],MAIRLTVADDSKMSRKSVIRAIPAGWDVEITEAQNGKEAVENYNNGLADVMFLDLTMPEMDGIQVLEHFHRIDAKCLVIVISADIQPLVQQRVRELGALNFLQKPLDPAQLEQTLHEAGLL,43.5,101,114,29.825,34,78,52,1,2,45.61,94,/stor/work/Wilke/crisprtn7/reblast2/GCF_000299495.2_VC35.1_genomic.fna
NZ_AMBR01000012.1,141552..207424,glmS,202888..201791,lcl|202888|201791|3|-1,-1,WP_035343592.1,1.74e-13,WP_035343592.1 glmS two-component system response regulator GlrR [Dickeya],MFMYKSHIPEDCEEEAQITAAKLILLVDDDPVFRRMTKGYLQKYGYQVIEAENGLDGLRKLRDHEPDLILCDLSMPVLNGIEFVEEVSSSYPSLPLVVVSATEEMADVAKALRFGIKDFLPKPITNHSHLASAIEKVLANDDHQRDFASCWYGADRQGSIPEEQELHWHLQYLKDNPNAAKELLEALLPEKDSQLGSWKCSYRLLQSAELMPLVFDYAWLMNGQFVFYVVDAASHRECGAASTLLVRALFHDYLRNLRNFSVELKDLAEIIERGIHCSECIGKVSALFGVADLADGTLSLLPAGLDCQWSNGYVHNRITSGVQLGDNSLRNFITKDLPIRAACQISLSKPSAYSFTLDLYQGCEG,68.9,167,115,32.174,37,77,62,1,1,53.91,32,/stor/work/Wilke/crisprtn7/reblast2/GCF_000299495.2_VC35.1_genomic.fna
NZ_AMBR01000012.1,141552..207424,CRISPR array,166227..166315,,,,,"Copies: 2, Repeat: 28, Spacer: 32",TTCTTGGCTGCCTATTCGGCAGAACACA,,,,,,,,,,,,/stor/work/Wilke/crisprtn7/reblast2/GCF_000299495.2_VC35.1_genomic.fna
NZ_AMBR01000013.1,4927..45244,tnsD,24927..25244,lcl|24927|25244|3|1,1,UniRef90_V4H8I6,1.27e-05,UniRef90_V4H8I6 tnsD Transposase n=2 Tax=Pseudomonas TaxID=286 RepID=V4H8I6_PSEPU,MLAISPRRTTALLLPTATCKLVRSAKELMLDLGITGMRICWASTLPATVTRLCFCSTCNTRSTERPNSAMRSLDISIKIASCCSASVAALATPGTRTSSRRSVST,40.4,93,61,39.344,24,30,28,1,7,45.90,58,/stor/work/Wilke/crisprtn7/reblast2/GCF_000299495.2_VC35.1_genomic.fna
NZ_AMBR01000013.1,54653..95570,tniQ,75570..74653,lcl|75570|74653|2|-1,-1,tr|A0A2M9IWC8|A0A2M9IWC8_9ACTN,6.46e-06,tr|A0A2M9IWC8|A0A2M9IWC8_9ACTN tniQ HTH arsR-type domain-containing protein OS=Streptomyces sp. CB01201 OX=2020324 GN=CG740_33200 PE=4 SV=1,MIELKHLKTLISLRDTGSLTATATSLHLTQSALSHQIKDLEARIGGQLFLRKTRPVRFTTEGEILLRLADDILPKMSRAENELASLKEDVNGRLHMAIECHSCFQWLMPALREYQVSWPNVALDFSSGFGFEPLPALLAGELDLVITSDILPRSEVHYEPLFDFEMRLITATNHPLADKAGIEPQDLIDQTMLTYPVQKQRLDVVKHFLQPAGVEPARWKQADNTLMLVQMVSAGLGVAALPNWAISEFSRQGLITSKPLGKGLWRRLFAATRHSEKDKRYLQAFFATARQQCKSHLDGIKMASL,45.4,106,56,50.000,28,26,34,1,2,60.71,18,/stor/work/Wilke/crisprtn7/reblast2/GCF_000299495.2_VC35.1_genomic.fna
NZ_AMBR01000013.1,54653..95570,cas3,94924..94136,lcl|94924|94136|1|-1,-1,gi|227829664|ref|YP_002831443.1|CAS-I|cas3|cas3,0.006,gi|227829664|ref|YP_002831443.1|CAS-I|cas3|cas3 cas3,MSALLEVTNLHKDFVTRSGFLRKQIQHAVKPVSFTLEAGQTIGFIGQNGSGKSTLARMLAGMVAPTGGEIRVNGELLEHKDYSTRCKLIRMIFQDPNTSLNPRLQIGTILEGPLKRNTSMTPEARMRRVKDTLQRVGLLPEHAYFYPQMLATGQKQRVCLARALILQPSIIIADEALNGLDMAMRSQILNLFLELQEEMGVSFVYVSQHIGVIKHITDKIIVMHEGDVVEAGETHEVLADPQHPITQRMIESHFTKAPTFKY,36.6,83,62,33.871,21,36,33,2,5,53.23,23,/stor/work/Wilke/crisprtn7/reblast2/GCF_000299495.2_VC35.1_genomic.fna
NZ_AMBR01000013.1,54653..95570,glmS,55054..55758,lcl|55054|55758|1|1,1,WP_035343592.1,5.05e-08,WP_035343592.1 glmS two-component system response regulator GlrR [Dickeya],MSYHVLVVEDDLVTRSKLSGYFQNEGYQVTEAESGAQMREALELNDIDLVLLDINLPGEDGLLLTRELRSQSEIGIILVTGRTDSIDKIVGLEMGADDYVTKPVDLRELQVRVKNLLWRISLAQRERITDKHDDKLVHFGEWTFDVQRRALSRNGEPVKLTKAEYELLVALSSYPNQVLSRERILNMISHRVDAPNDRTIDVLIRRMRAKMEMDPKNPQIFVTVHGEGYMFAGD,50.4,119,138,28.261,39,88,63,2,11,45.65,54,/stor/work/Wilke/crisprtn7/reblast2/GCF_000299495.2_VC35.1_genomic.fna
NZ_AMBR01000013.1,54653..95570,yciA,79097..78801,lcl|79097|78801|3|-1,-1,WP_082392395.1,2.76e-48,WP_082392395.1 yciA acyl-CoA thioester hydrolase YciA [Photobacterium sp. JCM 19050],MWYVIFAQDVENSLEKRLSVRPKHLERLQQLQDEGRLLTAGPMPAIDSENPGQAGFTGSTVIAEFASLVEAQAWADADPYVAAGVYANVIVKPFKKVF,152,383,98,72.449,71,27,83,0,0,84.69,100,/stor/work/Wilke/crisprtn7/reblast2/GCF_000299495.2_VC35.1_genomic.fna
NZ_AMBR01000013.1,54653..95570,yciA,79591..79172,lcl|79591|79172|1|-1,-1,NAR22168.1,4.83e-102,NAR22168.1 yciA acyl-CoA thioester hydrolase YciA [Vibrio cholerae],MNQTVNSPKGQLLLRTLAMPADTNANGDIFGGWIMSQLDLAGGILAKEISCGRIVTVSVSSITFKKPVKVGDVVCCYGECTKIGRTSMSINLEVWVKPVKEEGVGERFQVCEATFNYVAIDANGRPRAISLSNGSQKSS,286,731,139,100.000,139,0,139,0,0,100.00,100,/stor/work/Wilke/crisprtn7/reblast2/GCF_000299495.2_VC35.1_genomic.fna
NZ_AMBR01000013.1,129409..171301,tnsA,151301..149409,lcl|151301|149409|3|-1,-1,UniRef50_A0A345DB38,8.37e-06,UniRef50_A0A345DB38 tnsA ResIII domain-containing protein n=396 RepID=A0A345DB38_9BURK,MLTSSAGSRLLYRPHTIITQRNCLRPTSNDAKAVNCPDNLGNSQRMYTLRPYQADSVKAVVHYFRQHSTPAVIVLPTGAGKSLVIAELARLARGRVLVLAHVKELVEQNHAKYEGYGLTGAIFSAGLGRKETDQQVVFASVQSVVRNLSEFQNQFSLLVIDECHRVPDDKNSSYQKVITHLLELNPGMKVLGLTATPYRLGMGWIYQYHTRGLVRSEEPRFFRDCIFELPIHYLLDEGFLTPAQLIDTPVMSYDFSQLKPANTGRYRESELDLVIEQSQRATPQIVAQIIELAKARQGVMIFAATVRHAEEIYRLLPTEHAALVIGDTPTPERDRIIQAFKQQQIKFLVNVSVLTTGFDAPHVDLIAILRPTESVSLYQQIVGRGLRLAAGKSDCLVLDYAGNQYDLYQPEVGDQKPDSDSEIITIPCPACGFNNNFWGKLDANGFLIEHYGRRCQGYFTDDETGEREHCGYRFRAKYCNECGADNDIAARICHECDATLVDPDKKLKEALNLKDALVFECTDMSLKVHKDAKGKSQLQVTYHGQDAVQVHQFWSLNTPRQKQQFHDRFVRPHLADKHRPFEAATPAKVVDHQHRFRPPLFVIARKSGRFWTIRDKVFADEFASPIDVHL,47.0,110,250,22.800,57,154,113,9,39,45.20,37,/stor/work/Wilke/crisprtn7/reblast2/GCF_000299495.2_VC35.1_genomic.fna
NZ_AMBR01000013.1,129409..171301,cas4,132053..133714,lcl|132053|133714|2|1,1,"gi|442324860|ref|YP_007364881.1|CAS-I,CAS-II,CAS-V|cas4|cas4",0.001,"gi|442324860|ref|YP_007364881.1|CAS-I,CAS-II,CAS-V|cas4|cas4 cas4",MAVPTFAELKVLIIDDAPIVIASLRSMLLKLGFAEPNIVWSKSPRAAVFMAGRQRFDIFICDYNFGKGLNGKQVFEELKHYKLIKQDAVFVLVTGENSAYVVHSILELKPDEYILKPFNIMTLQERLTNAISRKHALKALYQAERDGDAELGLSLCDELEPFYSDYYFVIQKFRGEFLTQLRRFDHAREVYLETLEHKDFDWAKIGLANALKQTGRQVEATQVIQELLASAPNNVRARVEAASISLCNNSIPEAIHHLQVANQIVPGHSEREWVLANLCLSVGDGASALERYRLYVEINKETYRNNHQMHLNFIRTLLYAARQAESEQRDLWVQEAKSILKGLYDKGQHEDLLAQLELVAAHLAMEEGEFGVSVEILNKIYRAKPFELFEDRYHFTWLLNVMGFDSEFAKCISWCNETLLNQETDIVLESKVALAKALKEANEEKLQWLEQRYHALCNKRQTIDSLLAIYIEILEKCPTLRTVCMKVVTIFSRYWPTALTESEAERLLKSCHRTIRQLMNEEELQQAQYAELYRKALTFRSRYRLQRTESVEA,40.0,92,46,39.130,18,28,29,0,0,63.04,8,/stor/work/Wilke/crisprtn7/reblast2/GCF_000299495.2_VC35.1_genomic.fna
NZ_AMBR01000013.1,129409..171301,glmS,130221..132041,lcl|130221|132041|3|1,1,WP_035343592.1,2.24e-06,WP_035343592.1 glmS two-component system response regulator GlrR [Dickeya],MPCMKWSSRHNSGFKSIRANNVMKIMIVEDDRIQATSLKLKLRQLGLDDVILAENGFAALELCNKVGIDLMFCDIRMPQMDGISLLSQLSLQAPKLGVVILSAVEDTILELTHNMCSLAGFAYVDRLPKPYEVEDLQRVVEGFQKQTEPETSHKPAITLTCDEIEQAFLHDHIFNYYQPQFDFRSGAMVGVEALVRYEHPTHGMLSPAVFLPLIEQCGLHEKLFLTVLEKSVSALASIGADLQLSVNISQRNLQHSICDPILAICERYGFPASKLTLEMTEHEVYNGTPTSLANLARLRMYGVGLSIDDFGTGYASLGQLAQLPFTELKIDRSFVHDLATNYKHQQLTNMCLLLAQSLGLHCVVEGVENEETWQYLRQLGVDTCQGYYAAKPMPIAQLSELYTKNRRQCLGCQSMDDGWQILLVDNHMLSATALQKVLNKEENVSKVFVAQDIEQTLHKLRDLPINLLVVESRFLSTISPAAFHELLEPYYRGAILVLHDGLTAEIQQDDSKAIVVKANTLMETSSRILQQAQQSTVRPPAQQEELAQLSERELTVAKMLVEGLTNKEIALQLDINQKTVSTYKTRIMTKLGIKSAMELVRFVTLK,48.1,113,79,34.177,27,51,46,1,1,58.23,13,/stor/work/Wilke/crisprtn7/reblast2/GCF_000299495.2_VC35.1_genomic.fna
NZ_AMBR01000013.1,129409..171301,glmS,148698..148039,lcl|148698|148039|2|-1,-1,WP_035343592.1,4.79e-09,WP_035343592.1 glmS two-component system response regulator GlrR [Dickeya],MKILVVEDDVQLGQQILSALEQTGWVPELAQDGIDALYRATAEEWDVIVLDLGLPKLDGLTVLKGIRDENINTPVVILSARDTLTQRVEGLNAGADDYLTKPFEMVELIARIRAQLRRASGNASPVMQVGDLSLDTRTSKVMWQGQAVSLTALEYKVIAYFMHNPEKVISRTELVEHIYKQDFDRDSNTIEVFIGRIRKKIAPDVIKTVRGLGYQLHAN,53.1,126,102,30.392,31,71,54,0,0,52.94,47,/stor/work/Wilke/crisprtn7/reblast2/GCF_000299495.2_VC35.1_genomic.fna
NZ_AMBR01000015.1,0..23034,tniQ,1097..3034,lcl|1097|3034|2|1,1,tr|A0A444K107|A0A444K107_9RHIZ,4.79e-135,tr|A0A444K107|A0A444K107_9RHIZ tniQ Uncharacterized protein (Fragment) OS=Mesorhizobium sp. M4B.F.Ca.ET.089.01.1.1 OX=2496662 GN=EN780_35465 PE=4 SV=1,MSNRKQARLEAKRFIDTLSVEPYPNSQKSYLLGSRPDIRVPVREITLSDTLVGGSKDAPIFEPNEPICVYDTSGVYTDPSHDIDLYKGLPKLREEWIEERRDTHILPSMSSHFARERLADETLDELRYGHLPRIRRAIGKHRVTQLHYARQGIITPEMEFVAIRENSRRLAHQDPSLLQQHAGQNFGAHLPDLITPEFVRREIAEGRAIIPCNINHPESEPMIIGRNFLVKVNANIGNSSVSSSIEEEVEKLVWATRWGADTVMDLSTGRNIHETREWILRNSPVPIGTVPMYQALEKVNGVAENLTWEVMRDTLLEQAEQGVDYFTIHAGLLLRYVPMTAKRVTGIVSRGGSIIAKWCLSHHQENFLYTHFREICEICAQYDVALSLGDGLRPGSIADANDEAQFAELRTLGELTKIAWEYDVQVMIEGPGHVPMHLIKANMDEQLKHCHEAPFYTLGPLTTDIAPGYDHITSGIGAAMIGWFGCAMLCYVTPKEHLGLPNKEDVKTGLITYKLAAHAADLAKGHPGAQIRDNALSKARFEFRWEDQFNLALDPVTARAFHDETLPQESGKVAHFCSMCGPKFCSMKISQEVRDYANNQTLDTTVIDLVMPAESIQLAMQDKSREFLASGAELYHPLVKEPIEE,395,1016,227,81.057,184,43,202,0,0,88.99,35,/stor/work/Wilke/crisprtn7/reblast2/GCF_000299495.2_VC35.1_genomic.fna
NZ_AMBR01000015.1,0..23034,rsmJ,15329..15772,lcl|15329|15772|2|1,1,WP_029772102.1,2.39e-61,WP_029772102.1 rsmJ class I SAM-dependent methyltransferase [unclassified Pseudoalteromonas],MVERHPVVAALLEDGLQRAKQDDEIGAWVSERISLLHASSHDALQQLASDPNFTSPDVVYLDPMYPHPENKKKTALVKKEMRVFQSLVGADNDADALLEPALQLAQKRVVVKRPDYAPWLGNRKPSMAMETKKNRFDVYVIAAMSGE,187,474,142,68.310,97,37,111,2,8,78.17,97,/stor/work/Wilke/crisprtn7/reblast2/GCF_000299495.2_VC35.1_genomic.fna
NZ_AMBR01000017.1,20056..80038,tniQ,40346..40056,lcl|40346|40056|1|-1,-1,tr|A0A497WKY5|A0A497WKY5_9ACTN,1.75e-05,tr|A0A497WKY5|A0A497WKY5_9ACTN tniQ Putative transposase of IS4/5 family DUF4096 OS=Streptomyces sp. 74 OX=1827608 GN=CLW10_8994 PE=4 SV=1,MSSTQYLISDAIWEKIEPLLPVHKTNHPLGTHRKRVDNRDAMNGILFVLRTGCQWNALNATGICTSSSAHRRFQEWRDAGVFERFWQNGLIYEGVD,39.7,91,81,25.926,21,59,39,1,1,48.15,84,/stor/work/Wilke/crisprtn7/reblast2/GCF_000299495.2_VC35.1_genomic.fna
NZ_AMBR01000017.1,20056..80038,tniQ,60038..59082,lcl|60038|59082|1|-1,-1,tr|A0A0W7WYX0|A0A0W7WYX0_9ACTN,6.25e-08,tr|A0A0W7WYX0|A0A0W7WYX0_9ACTN tniQ HTH lysR-type domain-containing protein OS=Streptomyces silvensis OX=1765722 GN=AT728_13705 PE=4 SV=1,MYTKDNIFAKHSRINSFQLSKLHTFEVAARHNSFSLAADELSLTPSAISHRINKLEEEIGIKLFERTHRKVVLTEEGQRIYHSLQKTLNNLNQEITDIKNGETSGLLTIYSRPSFAQCWLVPRIHAFKELYPSIDLKLLTGNENISFQGSGIDVAIYFDDHMPDKLSCKEIFSETIIPVCTPEYAQKYSLTSSMDNLYNTTLLHDNQAWDYNSDADEWKTWANANQLENLENISRIGFDRSDLAVIAAINNAGIAMGRFSLVKSQLSSGELMTPYPNTEVICKQRYYVATLSNKHNQKVKLFIDWLESQVKKQCKFIL,52.0,123,68,41.176,28,38,41,1,2,60.29,21,/stor/work/Wilke/crisprtn7/reblast2/GCF_000299495.2_VC35.1_genomic.fna
NZ_AMBR01000018.1,45366..105641,tnsA,65366..66418,lcl|65366|66418|2|1,1,UniRef50_A0A2D2C3Y7,1.45e-11,UniRef50_A0A2D2C3Y7 tnsA Tn7_Tnp_TnsA_N domain-containing protein n=4 Tax=Paracoccus TaxID=265 RepID=A0A2D2C3Y7_9RHOB,MNEMMGIRVASSKRENPTLAGRDYWLMGLMLVALMGLTISSVFVGSRDIPYAVTFDALFHFDEQNTQHLLVHYLRVPRTGLAILVGAALGAAGVIMQAMTRNPLADPGILGVNAGAILMVVIGIAGFGLTDMLHYLWFGLFGAAATSMGVYLLAGINQSPNPVRVVLAGAAMTVVLLSMTHLIMLNSAQEVFNQFRHWSIGSLQGRGYEVLLPTSVFVLLGLIAAILLARGLDTVVLGHDAGKALGVNPLWIWIASAAVVTLLAGTATAAAGPISFLGLTAPHLARLWVGAEHRRLLPYSMLLGALLLLGADLAGRLIGSNDEISAGIMVALIGGPVFVLLVRRWKLSHL,61.6,148,115,39.130,45,65,65,3,5,56.52,33,/stor/work/Wilke/crisprtn7/reblast2/GCF_000299495.2_VC35.1_genomic.fna
NZ_AMBR01000018.1,45366..105641,tniQ,69161..70081,lcl|69161|70081|2|1,1,tr|A0A5C7P1D4|A0A5C7P1D4_9ACTN,4.73e-04,tr|A0A5C7P1D4|A0A5C7P1D4_9ACTN tniQ LysR family transcriptional regulator OS=Actinobacteria bacterium OX=1883427 GN=E6Q90_12735 PE=4 SV=1,MLRDYDLNLLTVFDSVMKLGSVSKAADKLGMTSAAVSQNLSRLREQVGDPLFIRQGRGLQPTQYALNMHKHVAEGLSAIRFGLETDAGFDPATSKREFIIGGQGYFDLVVLPPLLQKISDIAPHITVNLKSYEDDHFTPSQVLSEREADLFLAALPISHPSIVTTQVAEEALVVVYAKNHPRLGSTLSFEQFFAEKHTALTSRRFGNYLFSSLVDQVLPARRVHYQSESMLNLMATASVTDLLCFTPKRLADMWAEKLGLQIQPLPFEIRSVPTFMCWHKAKQQDKGLIWLREQIEAILCANPQSI,39.7,91,49,34.694,17,32,28,0,0,57.14,16,/stor/work/Wilke/crisprtn7/reblast2/GCF_000299495.2_VC35.1_genomic.fna
NZ_AMBR01000018.1,45366..105641,tniQ,75645..76553,lcl|75645|76553|3|1,1,tr|A0A1U1BRW6|A0A1U1BRW6_9MYCO,1.78e-05,"tr|A0A1U1BRW6|A0A1U1BRW6_9MYCO tniQ Regulatory helix-turn-helix protein, lysR family OS=Mycobacteroides abscessus subsp. massiliense OX=1962118 GN=SAMEA2275744_05269 PE=4 SV=1",MLKSQQVASLHTFMQVAQYSSFSLAAAALHLTTGAISQQMLQLEAQLGFSLFERHSRGVRLTEAGRILLTTVQRSYQDIEQTIHSLVPPTERKEIRLKLTPSFAFKWLVPRLEDFYRRHPEIQIQTFAEGALVDSERRDYDLAIDYGALPYPRRDAQLLMEEWLLPVMSTNYLAAHSWLQEDWANAENWQQVVLLHDAMPWANAARDQEWHYWAHQMGITLPERRDHYFNRTDMAMSAAEAGVGIAMARTALLSNELDTGRLVTPFAPIQAKAGYFLITHQATDATQVFCQWLQKQIPAQVS,43.9,102,62,41.935,26,34,36,1,2,58.06,20,/stor/work/Wilke/crisprtn7/reblast2/GCF_000299495.2_VC35.1_genomic.fna
NZ_AMBR01000018.1,45366..105641,tniQ,95461..98601,lcl|95461|98601|1|1,1,tr|A0A5S4FIA1|A0A5S4FIA1_9ACTN,2.67e-46,tr|A0A5S4FIA1|A0A5S4FIA1_9ACTN tniQ PLDc_2 domain-containing protein OS=Nonomuraea turkmeniaca OX=103838 GN=ETD86_18860 PE=4 SV=1,MQQVGIYEQLITQLIESRIDRERFYVGERELNSSEASTWLSRFLSHILEYAIESVPCNDDRLQQQIALSNQLLLWLKAQIQDNDFIEDNLLASQGKILTALYELENPVSADLKNYINDIFPLTGLSQSELFCGSNAGLSLESELKREILSADKIYWLVSFIKWAGIRIFRKELEEFTSSGRELKIITTSYMGATDAKAVEYLASLPNTEVKLSYNTERERLHAKSYLFLRNTGYHTGYIGSSNLSHSALTNGLEWNLKITSQEIPHIINKSLSTFETYWASHDFEHFNGDVTSSEKLKKALNQQRGDFEDSPTHFFDISPFPHQSDILEQLAVERSVHQRFRNLVVAATGTGKTLISAFDFARFIKAKPQANFLFVAHREEILKQARAAYRGVLRNSAFGELWVGGHTPEHYRQLFVSIQTLNNQLEQLNLTVDYYDYIVIDEVHHIAATSYRAVLEHFSPAILLGLTATPERHDGGDILADFGGVIAAEIRLPEAINRRHLCPFQYFGIDDDTDLRTIPWSRGRYDIAQLTNLYTHNQVRFDKILLSMQEIITDISKMKALAFCVSKEHAQYMTQQLLLKGIKADVLTSDNSHDRQQKQQAIRSGSINVLCVVDIFNEGVDIPEVDTLLFLRPTESLTIFLQQLGRGLRLAEGKECCTVLDFVGNSRPEYDFANKFRALVGKSHRAISDEIKQGFPHAPLGCRIELSKRTQEMVLSNIRQASLTLKRLVAMIRQYPQHSTLPLTLSNFLSLNPYIDLNELYKRGSWSQLVQQAKDEINEYSAVEDLLKMLRKAIHNRILTCDDHAYLSFLKQLCQSNFVIEDADHRYALMCHYDFWQKTGPECGFDSIEQSLAKLNACELKAELLDVVNWQLAQTKHEQPTMQALPEVALRLHARYAREQILVAFGATTFERQPPAREGVFVLKDQNIELMFVTLDKNEKQFSPTTMYHDYAINEHLFHWQSQNSARPDKGRGLEYIQHQETGKRLFLFVREQSKDEYGRTMGFVNYGEVDYVSHTGSQPMSITWKLREPMPHFMWQQAAKLAIG,176,447,224,39.286,88,129,140,4,7,62.50,21,/stor/work/Wilke/crisprtn7/reblast2/GCF_000299495.2_VC35.1_genomic.fna
NZ_AMBR01000018.1,45366..105641,guaC,51971..53434,lcl|51971|53434|2|1,1,WP_003150717.1,0.0,WP_003150717.1 guaC IMP dehydrogenase [Bacillus],MLRIAKEALTFDDVLLVPAHSTVLPNTADLRTRLTKNIALNIPMISASMDTVTEARLAIALAQEGGIGFIHKNMSIEQQAAQVHQVKIFEAGVVTHPVTVRPEQTIADVMELTHYHGFAGFPVVTENNELVGIITGRDVRFVTDLTKSVAAVMTPKERLATVKEGATGAEVQEKMHKARVEKILVVNDEFQLKGMITAKDFHKAESKPNACKDEQGRLRVGAAVGAAPGNEARVKALVEAGVDVLLIDSSHGHSEGVLQRIRETRAVYPHLEIIGGNVATAEGARALIEAGVSAVKVGIGPGSICTTRIVTGVGVPQITAIADAAGVANEYGIPVIADGGIRFSGDISKAIAAGASCVMVGSMFAGTEEAPGEVILYQGRSYKAYRGMGSLGAMSKGSSDRYFQTDNAADKLVPEGIEGRIAYKGHLKEIIHQQMGGLRSCMGLTGSATVEDLRTKAQFVRISGAGMKESHVHDVQITKEAPNYRLG,548,1413,486,56.379,274,207,352,3,5,72.43,99,/stor/work/Wilke/crisprtn7/reblast2/GCF_000299495.2_VC35.1_genomic.fna
NZ_AMBR01000018.1,45366..105641,parE,103393..103683,lcl|103393|103683|1|1,1,WP_000323025.1,7.49e-35,WP_000323025.1 parE type II toxin-antitoxin system mRNA interferase RelE [Proteobacteria],MIYKLSFKKSALKEWQKLGATLQQQFKKKLAERLENPHVPASKLSGADNVYKIKLRQSGYRLVYNVEDDVVIVTVLAVGKRERSDVYRKAMTRLDD,112,281,94,58.511,55,39,73,0,0,77.66,98,/stor/work/Wilke/crisprtn7/reblast2/GCF_000299495.2_VC35.1_genomic.fna
NZ_AMBR01000021.1,42203..84218,tnsB,64218..62203,lcl|64218|62203|2|-1,-1,UniRef100_A0A038GSS8,1.44e-52,UniRef100_A0A038GSS8 tnsB Transposon TnsB n=1 Tax=Caballeronia jiangsuensis TaxID=1458357 RepID=A0A038GSS8_9BURK,MSSISHAQLGWNDAGTPVSDQFDDVYFSNVNGLAETRYVFLEQNHLPQRWHNDDQRRFVIAETGFGTGLNFLAVWQAFVAFREANPDAKLKELHFISFEKYPLSKSDLIQAHQAWPELAQFAQKLHKHYPLAIPECQRIVLDDGLVTLDLWFGDIKDCLPKVATQEQGLVDAWFLDGFAPSKNPEMWNQDLFAGMAKLAKHGCTCATFTSAGFVRRGLIDAGFAMKKVKGFGTKREMIAGSLSEKVPYTNIAPEFRFEATHGLQEVAIIGGGIASATLATTLARRGVAVTLYCADEKPAQGASGNRQGAVYPLLSGDHNAVSRVFAPAFLFARQWIEQAAEQITFDHDWCGVTQLMWDEKATHKLKSMLEGDFPTQLVHGLSAEQTNQQVGVPVDKASVHYPLGGWLCPAELTQGLIHLLAQQGKLTAHYQTPIDALTWQPETQLWQLRSGDTLMSHQCVVIASGHQFDSLSQTAELPLGKVKGQVSHIPTTETLSKINSVLCYDGYMTPVSQQNGYHCIGASYDRQHLDATFDPQAQRENAQKLIHCLPEQTWPLEVDVSGNQSRQGVRCVSRDHLPFVGNVGEFSKITKQYRDLAQQHQAEPIALYPQLYALVGLGSRGLSSAPLMAELLASQMCGDPMPLGVDLLEQLHSSRMWVRKLRKGKALTQKV,179,455,241,43.983,106,122,138,5,13,57.26,35,/stor/work/Wilke/crisprtn7/reblast2/GCF_000299495.2_VC35.1_genomic.fna
NZ_AMBR01000021.1,200294..241217,tniQ,220294..221217,lcl|220294|221217|1|1,1,tr|A0A2G7F0Q1|A0A2G7F0Q1_9ACTN,3.78e-04,tr|A0A2G7F0Q1|A0A2G7F0Q1_9ACTN tniQ Regulatory helix-turn-helix LysR family protein OS=Streptomyces sp. 70 OX=1827606 GN=CLW09_04841 PE=4 SV=1,MALFAVLIQHQSFTAAAHALGVSVSHVSKQLAALEASLGVKLVQRTTRSFTLTDAGNLFYAQCRELLTIVTNAQSEMEDQRDEVAGLIRLGLSQSFGTLHVLPALEQLRQQYPELNVEVHLFDHKVDMLKEGLDLWITSNEQLPEGYVAQRIADCRFVVAASPDYLLRYGSPTEPMALMEHNCLIYRSWERDYTRWSFSRDGHNQTIKVAGNYSVDLAEAVRDAAVAGWGIAYLATYLLRDEFRTGQLIQLLPEWSANQQMPFYAVYPSRQHMPKKTSAVIEFIKQRLGTPCYWDTRLQPYVRFAAE,40.0,92,71,33.803,24,46,40,1,1,56.34,23,/stor/work/Wilke/crisprtn7/reblast2/GCF_000299495.2_VC35.1_genomic.fna
NZ_AMBR01000021.1,200294..241217,glmS,203683..204474,lcl|203683|204474|1|1,1,PWO25131.1,3.56e-04,"PWO25131.1 glmS CysQ, 3'-Phosphoadenosine 5'-phosphosulfate (PAPS) 3'-phosphatase, partial [Pyrenophora tritici-repentis]",MLSNQLNFAKPTARTPLVVLVHGLLGSGADWQRVLSHLARTQCAALTLDLPGHGANPERHCDNFAEAVEMIEQTVQAHVTPDVPVILVGYSLGGRLIMHGLAQGAFSRLNLRGAIIEGGHFGLQENEEKAARWQHDQQWAQRFSQQPIEHVLSDWYQQAVFSSLNHEQRQTLIAQRSANLGSSVAHMLLATSLAKQPYLLPALQALKLPIHYVCGEQDSKFQQLAESSGLSYSQVAQAGHNIHHEQPQAFAKIVQAMIHSIID,38.9,89,131,26.718,35,80,60,6,16,45.80,47,/stor/work/Wilke/crisprtn7/reblast2/GCF_000299495.2_VC35.1_genomic.fna
NZ_AMBR01000021.1,200294..241217,xre,209144..209689,lcl|209144|209689|2|1,1,tr|A0A4R6HQ65|A0A4R6HQ65_BACIU,3.58e-06,tr|A0A4R6HQ65|A0A4R6HQ65_BACIU xre Transcriptional regulator OS=Bacillus subtilis OX=1423 GN=DFO69_2782 PE=4 SV=1,MTDAMFKSQIANQLKKLRKSRGLSLDATAQLTGVSKAMLGQIERGESSPTIATLWKIASGFEASFSAFFANDPQLLSSERSFPDDPNMKVHTLFPYAADTGLEIFEITLLDHHQQMSSPHALGVIEYIYVLEGVMKVFFDEQWHELQPREHIRFFSDQPHGYAAVTEKAVFQNIVAYPRRG,34.3,77,81,29.630,24,53,38,2,4,46.91,45,/stor/work/Wilke/crisprtn7/reblast2/GCF_000299495.2_VC35.1_genomic.fna
NZ_AMBR01000022.1,13489..97255,tniQ,35597..33489,lcl|35597|33489|3|-1,-1,tr|A0A081NVM8|A0A081NVM8_9BACL,2.30e-06,tr|A0A081NVM8|A0A081NVM8_9BACL tniQ ABC transporter domain-containing protein OS=Paenibacillus tyrfis OX=1501230 GN=ET33_22665 PE=4 SV=1,MISNNERLTLICIHFYLSVISGNREKIKDESHLTDTKNFKEELNKIQKEHKVKIRTKFSQFKNIESLKTPAILFDQHDLPFILAKTNKDKCLIQRPNKETPEVISYHELNSAWNKKSLVIQQAQSRFDITWFIPEFLQHKRVLSEILLFSFVLQILALISPLFFQVVMDKVLVHQAWSTLDVLVFGLVITGVIEVVLRGLREYQYAHTANRIDIQLGLKLVQHLFGLPLMFFKSRQVGAIVTRVRELDTIREFLTGSMFTLTVELLFMFVFLYVMSLLSAPLTGLFIATVPCYVLLAWWLTPKMQAAIEKQFSHAAANTSFLTETVAGSETLKSLAVEPRFIRRWDEQTEKMVTTGYDVQQLNNRSNHLVQLLQKITSVAILWLGATEVLSLEMTIGQLIAFNMMTNHIAQPLARMVELWGQFIQTRVAIEKLGDMLNLPVEQHTGSDNVTISGAISFKNILFRYQPDIPPTINDLSLDIRAGETLGVVGTSGSGKSTLARLLLRLYSPEQGSITIDGIPLNHINVQQLRQRVGVVLQENFLFHKSVSENIAQSKPEASLEEIIEAAKLSGAHDFILKLPMGYDTVLAEGGQSLSGGQRQRLAIARTLLSDPKVLILDEATSALDDESQAVIQANMARIARGRTVITIAHRLSTVRDCDRIIVLHQGTIVEQGSHQQLLAYGKQYKQLWQLQQELKQEEASA,48.5,114,99,32.323,32,58,54,3,9,54.55,14,/stor/work/Wilke/crisprtn7/reblast2/GCF_000299495.2_VC35.1_genomic.fna
NZ_AMBR01000022.1,13489..97255,tniQ,75423..77255,lcl|75423|77255|3|1,1,tr|A0A081NVM8|A0A081NVM8_9BACL,4.12e-05,tr|A0A081NVM8|A0A081NVM8_9BACL tniQ ABC transporter domain-containing protein OS=Paenibacillus tyrfis OX=1501230 GN=ET33_22665 PE=4 SV=1,MRITKIGCILINMTYFNDTISRSWLITQVKKYRAKLLFANFIAVVATLISVPIPLLMPLMVDEVLLNHPAKGVEVMNQFLPQGWQTATGYIMLTLLMVVVMRIASQLLNILQSRQFTLVSKTITYEMRRKMIEKLGRISIRQYETRGSGGINAHLITDIETIDQFIGSTLSKFLISLLTVIGTAIVLLWLEWRLGLFILLVNPIVIYFSRMLGSQVKHLKKRENQAFERFQNRLVETLDGIYQLRAANKEREFLNRLISDADAVRENADKYAWQSEAAGRLSFLLFLLGFELFRAVAMLMVVFSDLTIGQIFAVFGYLWFMLSPVQELLGIQFSWYAAKAALKRINSLLELEEEYRPISKVNPFTQPGEVDIEINNIHFSYDGESQVLNDLSLHIPAGKKVALVGASGGGKSTLIQLLIGVYRAQSGAIRFNGQHCDDISFDVIRDQIAVVLQQPILFNDTLRHNLTLGGQFSDDALWQALDIAQLQDVITKLDQGLESQIGRNGIRLSGGQRQRLAIARMVLSNPKFVILDEATSALDTATEAALHLALSKFLHGRTTLIVAHRLSAVKQADLIYVLEDGHVSQSGTHHELLEQEGLYQTLYGSVQSQH,44.3,103,136,27.206,37,82,64,5,17,47.06,21,/stor/work/Wilke/crisprtn7/reblast2/GCF_000299495.2_VC35.1_genomic.fna
NZ_AMBR01000022.1,13489..97255,glmS,28184..29902,lcl|28184|29902|2|1,1,WP_035343592.1,8.68e-08,WP_035343592.1 glmS two-component system response regulator GlrR [Dickeya],MKMDSEYTEKVNELTLELQRSIERGKQLAEENRVILAAISAFSVATNKNHIFEELKTLLNRYIQFDDFIVISKDKNGHQFRTAIASNASFNDVVWPNGVKFQRVLNGECILLFEPCKLDEFACLMGSIEKPVYSALITGIQAQISDSVLILLGQNKGQFSLEAKETLSRFRPLLERAISDIEHKEELQKLVEIRTRELRLAQKLAEQANQSKSNFLAMMSHELRTPLNAVLGLIDILRGESTSYQVELLEQMENSAELLLIIINDILDLSRIESGHFSLHCHWLDLEKKLDQSLVYHRQIAQDKGVHFYVQSNKNPTLEYYTDSARLTQILFNIVGNAIKFTKQGQVDVVLDYTKDGVVFRVKDTGIGIEKNRVEQLFTPFIQVDNSITRNYGGTGLGLAITKHLVELMGGTIQVESEFGIGTTFTLYIPLQSRLKNIKQSASSSQQIVNVKNHHILVVEDTKTNQMVIQLLLNKLGYDVTIAENGLQAVELLEKNHVFDLVLMDISMPIMDGIAATKILRDKHIEIPIIALTAHTAGSDKQNCIDAGMNDIVLKPIRSKDIMEVVKRFLNP,52.4,124,106,30.189,32,73,56,1,1,52.83,19,/stor/work/Wilke/crisprtn7/reblast2/GCF_000299495.2_VC35.1_genomic.fna
NZ_AMBR01000022.1,134801..201472,tniQ,155673..154801,lcl|155673|154801|2|-1,-1,tr|A0A653EZ82|A0A653EZ82_9MYCO,7.55e-06,tr|A0A653EZ82|A0A653EZ82_9MYCO tniQ DNA-binding transcriptional activator GcvA OS=Mycobacterium riyadhense OX=486698 GN=BIN_B_04331 PE=4 SV=1,MRHLNFHHLHYFWTVAKEGHLTRAAQQLNVSQSALSSQIRQLEGQLGHDLFVRQGRSLQLTEVGHLVLEYAESIFNLSGELLSIMESGELQRVQQLRIGSVATLSRNFQENFLRPVLGKSDVRLILSSSTLEDLLGQLQMHKLDLILSNRPVPSDSIQPWRCKRIAQQSVCLVGPPSDTLRRYQFPQDLPKVKTLVPGSSSEIRLQFDLYCEQLGLAVTPYAEVDDMAMLRLLARDVEGVTVVPEVVVQDEIETGRLCNYGTLDAVTESFYAITTKRHFDMSIVNRLLDN,45.1,105,72,37.500,27,43,38,1,2,52.78,24,/stor/work/Wilke/crisprtn7/reblast2/GCF_000299495.2_VC35.1_genomic.fna
NZ_AMBR01000022.1,134801..201472,tniQ,164527..163649,lcl|164527|163649|1|-1,-1,tr|A0A1H3GHG0|A0A1H3GHG0_9PSEU,2.91e-06,"tr|A0A1H3GHG0|A0A1H3GHG0_9PSEU tniQ Regulatory helix-turn-helix protein, lysR family OS=Saccharopolyspora shandongensis OX=418495 GN=SAMN05216215_1018148 PE=4 SV=1",MEFRYIKYFAAVAEAKHFTRAAEQLGIAQPPLSQQIKKLEEELGVNLFKRLSRGVELTPAGELFYQDATSILQQVERAKDRVRQRARGEHLELRLGFAASTASSSVVLEKVRQLHETIPDLQLIAVEHPMPELARMIQEKQLDIAFMRLPCYASEALRRKILFDDPFVAVIPAVHTLAEVEKIQLIQLNHENVLMFPREVGPALYDNIEAAFSAAGVNIARSYAAPQLRTAITMAQAGFGIAIVPLSLTDHLDHSVVVKTIQDMPFVSQVAIVSDAGHHHPLLNRCIACMGE,46.6,109,77,36.364,28,47,40,1,2,51.95,26,/stor/work/Wilke/crisprtn7/reblast2/GCF_000299495.2_VC35.1_genomic.fna
NZ_AMBR01000022.1,134801..201472,tniQ,195309..194440,lcl|195309|194440|2|-1,-1,tr|A0A0W7WYX0|A0A0W7WYX0_9ACTN,2.57e-05,tr|A0A0W7WYX0|A0A0W7WYX0_9ACTN tniQ HTH lysR-type domain-containing protein OS=Streptomyces silvensis OX=1765722 GN=AT728_13705 PE=4 SV=1,MEVRQLRHFVTVAEWESFTLAAQQLHIAQPALSISIKKFEQQLGVTLFKRDERKVALTHEGAVLLEHAKRILQQVNDAQLAVDELKGVVKGEVRLGAPSMMGSYFFPQIIMAFKSHFPNLKMTVIEAGTQSIRKMLLSGELDIGVILNHDLPDDLAADPLLSSQMVAVVGKNHELAERRHLTFAEFFEHELVMFKPGYFHRDFIDKVCREHKFTADFSFETNLLPMILSIVKHEYAITALLELVTSNEPEVKAIPFEPPVWLDLALAWRKEGYLSNADRTFIEFVKKYV,43.5,101,68,38.235,26,40,37,1,2,54.41,23,/stor/work/Wilke/crisprtn7/reblast2/GCF_000299495.2_VC35.1_genomic.fna
NZ_AMBR01000022.1,134801..201472,cas8c,181097..180120,lcl|181097|180120|3|-1,-1,"gi|333984701|ref|YP_004513911.1|CAS-I-C|cas8c|LS,CASCADE",2.47e-05,"gi|333984701|ref|YP_004513911.1|CAS-I-C|cas8c|LS,CASCADE cas8c",MSNPSSTILTESGTNELEIIEFHLEKVLPDGRTKTCYYGINVAKVREVIRVPETTDYPNAQPHMIGVFSSREILTPLVDLAGWLGVPTSTDISKKYVIVTDFNRMTNGFLIDSISRIHRISWNDVESPSQFLEAGEQDCVVAVVRQDKKLIMILDFEKIISDINPELSMEKYDVTVDRKVDLNQRMVTKRNAKTIMVVDDSAFIRSLIQDTLSSAGYNIIACKDGGEAHEKLMELKQAAKEENVPVSELIDAVVTDVEMPRMDGMHLIKRLRDDDSYSSMPIVMFSSLMSDDNRAKALALGANDTLTKPEIGKMVAMMDKYILNM,44.7,104,98,27.551,27,62,49,2,9,50.00,27,/stor/work/Wilke/crisprtn7/reblast2/GCF_000299495.2_VC35.1_genomic.fna
NZ_AMBR01000025.1,0..24819,tniQ,3869..4819,lcl|3869|4819|2|1,1,tr|A0A2W1D0I8|A0A2W1D0I8_9PLEO,1.46e-13,tr|A0A2W1D0I8|A0A2W1D0I8_9PLEO tniQ Pectate lyase OS=Pyrenophora tritici-repentis OX=45151 GN=A1F97_07859 PE=3 SV=1,MENKRIVITQFGTPDVLAMQSAPIPTPKAGEVLVKVAFASVNPIDVKTRAGLGWAAAQNKDKLPWTPGYDISGRVVALGEGVSRLKERDNVAGFIGFPLRGGGYSQYLCVPEQELSVVPDAVTLEAAAALPLAGQTAAQALSKAQVQEGERVLILAGAGGVGHIAVQIALAAKAEVFTTCSEANLDYLATLGAHAINYQFAPVSQRLEEVDVLIDLVGGEAALDALKCLKDNARVITVPTLTAELICEKAKLLGFEATGMLVDPNPEQLDTMLYMVSVGLLKIEIQHIYSLLDAAQAHEQIESGHTRGKLLLDMKC,68.2,165,256,29.297,75,146,121,12,35,47.27,75,/stor/work/Wilke/crisprtn7/reblast2/GCF_000299495.2_VC35.1_genomic.fna
NZ_AMBR01000025.1,0..24819,yciA,22979..24244,lcl|22979|24244|2|1,1,AHK23278.1,4.94e-22,"AHK23278.1 yciA cytochrome b, partial [Toia ycia]",MQALLDWVEKRLPAMNAYKKHLSEYPMPKNFNFWYLFGSLAMLVLVNQLLTGIWLTMNYVPSGEGAFASIEYIMRDVEYGWLLRYMHSTGASAFFVVVYLHMFRGLIYGSYQKPRELLWIFGMLIFLVLMAEAFMGYLLPWGQMSYWGAQVIISLFGAIPVIGDDLTLWIRGDYVISGATLNRFFALHVIALPIVLLLLIVLHILALHEVGSNNPDGIETKLPKGSMGEGYESQFKFHEYYTKKYDIIDSIPFHPYGTVKDLIGVAGFLFLFCYVLFFNPEMGGYFLEPPNFEAANPLKTPEHIAPVWYFTPFYAILRAVPDKLLGVIAMGASIVVLFLLPWLDRCKVRSYRYRSKFHLFNIAQFTVSFIALGILGALPATPTYTLLAQIFSLCYFMFFVLLFFYSKNEATKPLPTRVTYK,89.0,219,160,35.000,56,74,79,3,30,49.38,38,/stor/work/Wilke/crisprtn7/reblast2/GCF_000299495.2_VC35.1_genomic.fna
NZ_AMBR01000025.1,68761..119136,tnsA,90062..88761,lcl|90062|88761|2|-1,-1,UniRef50_A0A1C6RKQ5,3.19e-11,"UniRef50_A0A1C6RKQ5 tnsA Murein DD-endopeptidase MepM and murein hydrolase activator NlpD, contain LysM domain n=2 Tax=Micromonospora inyonensis TaxID=47866 RepID=A0A1C6RKQ5_9ACTN",MLSLFNRLPWLHRVLITAFSAIIVFAIFFLPNSEDLRKPDAQREVGRHYPVTLDNQLVSTPEEEVIAPPSVMLRWETYQVANGESAALLFQRAGLSSRVLYELTSSNSDINNQLSKLMPKDELKFGFDKDNQLVQLKRTISPYETFVVTRSDSGFTSEFDKKEVTFQLNYAEAKITSNFWNAGVAAGLSANQIIELANMFGWDIDFALDIREGDQFKLLYQEKIVEGSVIGRGNIIAATFINQGSTFTAILDDNTGNYYDQNGRAMKKAFLRSPLDFRRVSSNFNPRRLHPVTGQIKAHRGTDYVAPVGTPIWAAGDGVVEKSSYNQFNGNYVYIRHSNTYITKYLHLQRRLVKTGERVKQGQTIGTLGGTGRVTGPHLHYEFLVNGIHKNPRTVELPQAQSLTGKAKETFIANAKQRMEKLERYSQLLYANQ,63.2,152,112,33.929,38,52,52,2,22,46.43,21,/stor/work/Wilke/crisprtn7/reblast2/GCF_000299495.2_VC35.1_genomic.fna
NZ_AMBR01000025.1,68761..119136,tnsA,96287..98233,lcl|96287|98233|2|1,1,UniRef50_A0A0P9PXI9,1.86e-09,UniRef50_A0A0P9PXI9 tnsA TnsA endonuclease n=3 Tax=Pseudomonas syringae group TaxID=136849 RepID=A0A0P9PXI9_PSESX,MAKNLILWLVIAVVLMSVFQSFGPGENNGRAVDYTTFVKEVGQGQIQEAQFNNGEITFMRRGGGSRYVTYMPVYDQKLLDDLINQDVKVQGTPPEEQSLLGTIFISWFPMILLIGVWIFFMRQMQGGGGKGAMSFGKSKARMMSEDQIKTTFSDVAGCDEAKEDVKELVDYLRDPSRFQKLGGKIPTGVLMVGPPGTGKTLLAKAIAGEAKVPFFTISGSDFVEMFVGVGASRVRDMFEQAKKASPCIIFIDEIDAVGRQRGAGVGGGHDEREQTLNQMLVEMDGFEGNEGIIVIAATNRPDVLDPALLRPGRFDRQVVVGLPDVRGREQILKVHMRKVPLANDVEPSLIARGTPGFSGADLANLVNEAALFAARGNKRNVSMVEFELAKDKIMMGAERRSMVMSEEIKESTAYHEAGHAVVGRLVPEHDPVYKVSIIPRGRALGVTMYLPEQDRVSMSKQHLESMISSLYGGRLAEELIYGKEKVSTGASNDIERATEIARKMVTQWGFSEKLGPMLYAEDEGEVFLGRSVTQTKHMSDDTAKLIDDEVRQIIDRNYERARQIIMDNMDIMHAMKDALMKYETIDAGQIDDLMARKPVIREPAGWGDQSKTPSEPEVKAEPEAKAEESTAETTSSDVATASEKKDAE,53.9,128,95,32.632,31,60,53,2,4,55.79,15,/stor/work/Wilke/crisprtn7/reblast2/GCF_000299495.2_VC35.1_genomic.fna
NZ_AMBR01000025.1,68761..119136,tnsA,98300..99136,lcl|98300|99136|2|1,1,UniRef50_P0AC11,2.21e-38,UniRef50_P0AC11 tnsA Dihydropteroate synthase type-2 n=619 Tax=cellular organisms TaxID=131567 RepID=DHP2_ECOLX,MLKISHADKQLELHSPVVMGILNTTPDSFSDGGRYVDLDVALARAQQMIDLGVAIVDIGGESTRPGAPDVALEEELQRVIPLIKAIRKQNAEVWISIDTSKAEVMRQALAAGADLINDVRALQEPGALEVAAQAQVPVCIMHMQGQPRTMQANPHYDNIIEEVCQFLAERIAQCEAAGIKRENIILDPGFGFGKSVQHNYHLLAHLEQFHRFGLPVLAGMSRKSMIFKTLNKQPAECVAGSVACATLAAQKGAQIIRVHDVEQTIDALKMVQMMHNNL,134,336,266,31.955,85,172,142,6,9,53.38,94,/stor/work/Wilke/crisprtn7/reblast2/GCF_000299495.2_VC35.1_genomic.fna
NZ_AMBR01000025.1,68761..119136,glmS,79786..76397,lcl|79786|76397|3|-1,-1,WP_035343592.1,1.07e-09,WP_035343592.1 glmS two-component system response regulator GlrR [Dickeya],MFRFYRKQKFKRLQNTLMAAFLALSIIPLTITALFFLHSHSKDLEQQSTSYLVSVRDNKQQQVIDYMMAKESEVMGFVRSELAYASGGRFYGLVNAFQRLDVSIEAAREHAQQRYITGSGDQIKTSVLPQSSSYVGSERYRLLHKRYHWAYLELLKRSDFDDILLVDIDGNVVYSIYKYDNFGTNLLTGKYQDTNLGHTFKRLEQTVNEQRKTNEDFTPVVISDFVQEDGKQYAWLGAPIIQQGYLHSYAMFRLPSNAITKLIAEGSSNPSMQTILVGQDHRSRTLTSAEIAVEKSKAVVDLALSGKRAVGTYTNTDGEQIIAAYAPINLKNIHWALVVELPEKEAFARVRQLEKLFVFAMLTAIVLVVIASHYLSNFITSPLLKLTWAAERVSAGDLDEAMINTERKDEIGRLAVSFERMQRSIREKISLIKSQNKELESNLLIIRKQNDELQLANKLKDEFLATTSHELRTPLHGMIGIAEALISGANGPISAAHKYQLDIIISSGQRLATLVDDLLDYHKMRYGALDIQRCAVDLSSATRLVLELSHHLLGKKTLRIINQVSEQPVWVSADPQRLEQVLYNLIGNAIKYTSEGKIVISATYIDDKVRVQVVDTGQGIPAEQLEHIFEPLIQAGHDASRYRQGAGLGLSISRQLIELMHGTLYVSSQPMVGTTFSFTLPLASEEEIAQARLTELPHFQAPEVLDTELPEQSNLPENEHGPLLLVADDEPVNLRVLDSFLRLEGYRVHTAQDGHQVLEAIKREKPELVLLDIMMPGMSGYQVCEKLRQTYDHAELPIIMLTALNQSDDRVRGFEAGANDYLSKPFNKQELAARIVAHLTASKAELRRIENAQLQKELKHRAMVEASLLETQGRLLEQLESAPEAILCVKEGNKVRFANEAAARLFRRTPEQLKRSNAEELIAPKFLNIEQEHYCGNIDVYVDDVRQHLSADVLRLPQGSGLQAMYIFNVGGSVNAARIHNLETAVEALSSYAFEGDKDKLQKLKELGGEFTRLADKASGEYQSKQDLMRAVLVEAMTSALNYWERVSGQSKFTFAEQSGLWRVYLDRSTLQTRTLDKYLRIETLPKTPRWRTVLNSLDYILEHCKEAGPERTHIEMQRDKLQKLLTSE,59.7,143,119,31.933,38,79,64,1,2,53.78,11,/stor/work/Wilke/crisprtn7/reblast2/GCF_000299495.2_VC35.1_genomic.fna
NZ_AMBR01000025.1,68761..119136,glmS,99162..100502,lcl|99162|100502|3|1,1,WP_000251875.1,5.40e-20,WP_000251875.1 glmS phosphoglucosamine mutase [Bacteria],MSDKRRYFGTDGVRGKVGQYPITPDFVLKLGWAAGRVLAKQGTKKVIIGKDTRISGYMLESALEAGLAAAGLKATFTGPMPTPAVAYLTQTFRAEAGIVISASHNPYYDNGIKFFSYEGTKLPDDIELAIEAELDKDIECVESAELGKASRMVDAAGRYIEFCKSTFPSKLSLSGLKLVVDCANGATYHIAPNVFRELGAEVIAMGVEPNGLNINDQVGATDVRALQKRVVEEHAHLGLAFDGDGDRIIMVDHLGNKVDGDQIAYIIARDALRRGELKGGVVGTLMTNLGMENGLKQLGIPFVRAAVGDRYVMEKLLEKGWKIGAENSGHVILLDKVTTGDAIVAGLQVLASVVGSEMTLHELAKGMTLYPQVLENVRFAGDNNPLEADAVKAAVSEVEAELGSKGRVLLRKSGTEPLIRVMVEGEDETLVKQSALKIAQAVKDNC,82.4,202,79,50.633,40,38,55,1,1,69.62,17,/stor/work/Wilke/crisprtn7/reblast2/GCF_000299495.2_VC35.1_genomic.fna
NZ_AMBR01000026.1,19750..97927,tniQ,41609..39750,lcl|41609|39750|2|-1,-1,tr|A0A081NVM8|A0A081NVM8_9BACL,4.91e-05,tr|A0A081NVM8|A0A081NVM8_9BACL tniQ ABC transporter domain-containing protein OS=Paenibacillus tyrfis OX=1501230 GN=ET33_22665 PE=4 SV=1,MFKLFEGFTDPFPKGEPQRPPNTLWAFCRHYTRGFEKPLIVMALLSTAIAIIEVSLFGFMGQLVDWLSTSSPDTFLVENQSTLIGLGLLVLVGMPLLIAFYSLLIHQSLLGNYPMSIRWLAHRYLLKQSVSFYQDEFAGRISTKVMQTALAVRETVMKSLDVFVYVMVYFTAIVVILAQADWRLMIPMLIWLAIYVTVQMYYVPKLKKVASEQADARSLMSGRIVDSYTNIMTVKLFSHSQRETQYAEEGMQDFLGTVHRQMRLVTGFNIWVEMANYLLVFTIAALSIYLWTTSAISVGAIAVAVSLSLRINGMSKWIMWEVSALFENIGTVVDGMTMLGKPITVTDKPDAKPLVVKHGGITFDDVSFHYGENKGVINHLNLNIKPGEKVGLVGRSGAGKSTLVNLLLRFHDVESGRILIDGQPISEVTQESLRSKIGMVTQDTSLLHRSIRDNILYGNPNATEEQLLKATAQAHAHEFILGLTDPHGNSGYDAQVGERGVKLSGGQRQRIAISRVLLKDAPLLVLDEATSALDSEVEAAIQESLNELMQGKTVIAIAHRLSTIAAMDRLIVLDKGQIVEQGTHQELIAQNGIYAHLWAHQTGGFIGCDEDEVEEAILA,43.9,102,98,33.673,33,56,52,3,9,53.06,16,/stor/work/Wilke/crisprtn7/reblast2/GCF_000299495.2_VC35.1_genomic.fna
NZ_AMBR01000026.1,19750..97927,tniQ,44963..45889,lcl|44963|45889|2|1,1,tr|A0A1X1NDK8|A0A1X1NDK8_9ACTN,1.77e-04,tr|A0A1X1NDK8|A0A1X1NDK8_9ACTN tniQ HTH lysR-type domain-containing protein OS=Streptomyces sp. CB03238 OX=1907777 GN=BKD26_21400 PE=4 SV=1,MDKFADMVLFASIVKNQGLAAAGRELSLSPATVTARLQALEDRYGVKLLNRSTRHLSLTESGVLYYQACLEILNSVRETENLLQTGSKEVRGTLKVSAPRDIGKQHIAPILAAFTEQYPEVVPYLYLNDNISNLAESGLDVVIRYGELADSSLISRKLATSRRVLCASPAYLARKGTPKTPQDLAQHDCLAMVRSNEEMKTWHFQENEQHKVITIVPKSFADDGEVIRQWALAGMGIALKSILDVQDDLNQQRLVTVLDGYMKNFNASTSASGADLNVLYLSRQYQPKRLRLFIDFLIEQCALRLGNQ,40.8,94,93,27.957,26,65,45,1,2,48.39,30,/stor/work/Wilke/crisprtn7/reblast2/GCF_000299495.2_VC35.1_genomic.fna
NZ_AMBR01000026.1,19750..97927,tnsC,67117..69477,lcl|67117|69477|1|1,1,UniRef100_A0A1E7VIN8,3.78e-04,UniRef100_A0A1E7VIN8 tnsC Transposon Tn7 transposition protein TnsC n=2 Tax=Duganella sp. HH105 TaxID=1781067 RepID=A0A1E7VIN8_9BURK,MAIQHLSFEQLYQVAKLEKLECKSTKELAPIDEIVGQERAQKAVEFAMSIKEKGYNIYAIGRNGLGKRTMILRYLSRHQHDVNKLYDWCYVANFEDVRVPKVLKLPCGIGIQFRQDIEKLMTKLVTAIPLAFDNEIYFSRAEKLKNQLAQKQESELESITRTAKERGVSLTLTPQGEYQFVALNGEEMHTEETFDALSKREQEQFSNTIDELEVSLRNMVRQLTEWEESYSEKIKKLNDEVTLDVIAHFIKKLKLDYSKYPEIKAYLTELQKDIVENVEIFLDEGGDQGELANASLDKKMPRRYKVNVLVSRNAEEFPIVVEESPNYHSLFGYIETATYKGTVFTDFSLIRPGSLHKANGGVLLMDAVKVLEQPYVWDGLKRALRSRQLSFTSLEKEVTLTGTVSLDPEPIPLDVKIILFGDYRTYELLAHYDPEFSELFRVTADFADEMPRDADSELHYARFISSIVHDANMLHCDRKAIARIIEHSSRTTGDQTKLSLHSAHIANLLRESNYVAKQANANLIRQSHVEEALRNQELRVNRLQQSMMETFVNGTTLIQTEGVAIGQVNALSVLATSDHAFGMPNRITATTSYGEGEIIDIERNVDLGGSIHSKGVMILSAYLSSVFGRTARIPLTTTITFEQSYGGVDGDSASMAEFCAIVSAFSKQPNRQDIAITGSMNQFGESQPIGGLNEKIEGFFDVCTIKGRKDTQGVIIPRSNMHNLMLRADVVKAVEKGEFHIWAIDHVTEAIEIFTGKPAGVATDDGSYPVDTVFGLAQAKLNALRK,41.6,96,183,26.230,48,101,71,6,34,38.80,19,/stor/work/Wilke/crisprtn7/reblast2/GCF_000299495.2_VC35.1_genomic.fna
NZ_AMBR01000026.1,19750..97927,tniQ,77927..77022,lcl|77927|77022|2|-1,-1,tr|A0A0W7WYX0|A0A0W7WYX0_9ACTN,3.51e-04,tr|A0A0W7WYX0|A0A0W7WYX0_9ACTN tniQ HTH lysR-type domain-containing protein OS=Streptomyces silvensis OX=1765722 GN=AT728_13705 PE=4 SV=1,MRKLAPLKSLYSFVAVAETGSMTLAAEALNVSHSAISQAIKSLESQLGQPLFHRVGRQVVLNSAGKRYYQKVAPALEQIVEATESLLKPTHSNRITLNMINSLALHWWIPRVSSFQAFAPDVDVRISTLTGAFSLEEQGVDVALIHGQWREWQDYYCEQLADDELVMVISQNMISANMPLKQALAQFPAIFVNNPRRQTDWDIWCQANQVTPPPQQRNLSFSASAQALQATLSGLGVFVTHKLFIKQELESGILKEIGQPVTHPDQGYYFACRPEALRSEAVLTLRSWLRNEFQKNQNRQK,40.0,92,67,35.821,24,41,35,1,2,52.24,22,/stor/work/Wilke/crisprtn7/reblast2/GCF_000299495.2_VC35.1_genomic.fna
NZ_AMBR01000026.1,19750..97927,cas3,46046..47266,lcl|46046|47266|2|1,1,gi|260893619|ref|YP_003239716.1|CAS-I|cas3|cas3,2.63e-06,gi|260893619|ref|YP_003239716.1|CAS-I|cas3|cas3 cas3,MSFSSLALSADLIQALPKEITQPTAIQTLVIPAMLTGKDVLALANTGSGKTLAYGLPLLERLKTSPEQQALVLVPTRELAMQVSDVLTHVGTPLGLNTLCLCGGVDKAEQQNALAENPNILVATTGRLFDLTQSGLSLNRVTTLVLDEADRLLDMGFWPQVQALASQTASVRQTVMCSATFSDDLKLKAQQLMRAPTQVSANPENSINQAVQETLYLVNKGSKTQALVALLKQHQWPQVLVFIGAKENADSLTKKLKKAGVVATALHGDKSQAQREAALAEFKNGSTQVLIATDLLARGIHIEQLPVVINFELPMHAETYVHRVGRTARAGQQGIAVSLVCHGEMDALNAIRTLTQRDLPVQNLEGFPVTDQPSTGESKRAPRDKQANRRTQNKKSVKQFQGKTRT,48.5,114,135,28.889,39,86,60,2,10,44.44,31,/stor/work/Wilke/crisprtn7/reblast2/GCF_000299495.2_VC35.1_genomic.fna
NZ_AMBR01000026.1,19750..97927,csx1,89188..89862,lcl|89188|89862|1|1,1,gi|338730931|ref|YP_004660323.1|CAS-III|csx1|CARF,2.53e-04,gi|338730931|ref|YP_004660323.1|CAS-III|csx1|CARF csx1,MKDENKLNVRMLSDVCMQSRLLKEALESKLPLALEITPFSELWLEENKPESRSIQMLVIDYSRISDDVLTDYSSFKHISCPDAKEVIINCPQDIEHKLLFKWNNLAGVFYIDDDMDTLIKGMSKILQDEMWLTRKLAQEYILHYRAGNSVVTSQMYAKLTKREQQIIKLLGSGASNIEIADKLFVSENTVKTHLHNVFKKINAKNRLQALIWAKNNIGIEEVNS,40.0,92,43,41.860,18,25,30,0,0,69.77,19,/stor/work/Wilke/crisprtn7/reblast2/GCF_000299495.2_VC35.1_genomic.fna
NZ_AMBR01000026.1,19750..97927,guaC,58353..57217,lcl|58353|57217|1|-1,-1,WP_058461449.1,4.40e-05,WP_058461449.1 guaC guanosine monophosphate reductase [Legionella adelaidensis],MIISASTDYRAAAKAKLPPFLFHYIDGGSYGEHTLRRNTDDLADIALRQRVLSDMSELSLETELFGEKMALPIALSPVGLTGMYARRGEVQAAQAAEAKGIPFTLSTVSVCPIEEVAPSIHRPIWFQLYVLKDRGFMKNVLERAKAAGVKNLVFTVDMPVPGARYRDMHSGMSGPNAAMRRVLQAMVHPSWAWDVGLLGKPHDLGNISKYRGSPTKLEDYIGWLGANFDPSISWKDLEWIRDFWDGPMIIKGILDTEDAKDAVRFGADGIVVSNHGGRQLDGVLSTVQALPAIADAVKGDLKILVDSGIRTGLDVVRMLALGADCTMLGRSFIYALAAQGRAGVENLLDLYEKEMRVAMTLTGAKSIAELSRDSLVKR,42.7,99,99,34.343,34,61,45,2,4,45.45,25,/stor/work/Wilke/crisprtn7/reblast2/GCF_000299495.2_VC35.1_genomic.fna
NZ_AMBR01000026.1,19750..97927,glmS,88158..87238,lcl|88158|87238|1|-1,-1,WP_035343592.1,6.72e-04,WP_035343592.1 glmS two-component system response regulator GlrR [Dickeya],MAKVVSKANQSQGMLMFTLSAQQQLFAIGTLKVREIVTYQPMTQIPYSHHHVIGTVTIRNLTVPVIDMAAAIGFRPIQPSEYQKCYLIVTDCLRTVVAFMVRTIEKIIECDWRQIESSPETAGHDVFVTGITRFQNKIVQLLDVELLLSKIYPQYESTKVPMLTDIERERLKPLNILLVDDSSIARKQLSDALDSINIPYHICKNGSEALDLMRDMARNHRAIDILVSDIEMPGLDGYELAFEMQNDPQLNHAYCILHTSLSSEICVDRAHQVGAHEALEKFNATELVEAMLRGAKKLETQRLQKS,38.5,88,111,32.432,36,66,49,4,9,44.14,36,/stor/work/Wilke/crisprtn7/reblast2/GCF_000299495.2_VC35.1_genomic.fna
NZ_AMBR01000026.1,100330..142645,tnsA,120330..120791,lcl|120330|120791|3|1,1,UniRef50_A0A290TKK1,6.19e-05,UniRef50_A0A290TKK1 tnsA Tn7_Tnp_TnsA_N domain-containing protein n=3 Tax=Alteromonadales TaxID=135622 RepID=A0A290TKK1_9GAMM,MPKRSKEDTEVTIQTIMDAVVDQLLRLGYDKMSYTTLSQQTGVSRTGISHHFPKKTDFASALDGRIFKMFMEYLDFEHDMEAFRDSWLKAMEKSEFVAILRLLFHHIVTAERAHDFAHKGVNRLYKLTEEKFGQESQKEVEWLLGHSLVSMVN,39.7,91,96,29.167,28,47,47,4,21,48.96,63,/stor/work/Wilke/crisprtn7/reblast2/GCF_000299495.2_VC35.1_genomic.fna
NZ_AMBR01000026.1,100330..142645,tnsA,122645..121704,lcl|122645|121704|2|-1,-1,UniRef50_A0A2D2C3Y7,1.20e-17,UniRef50_A0A2D2C3Y7 tnsA Tn7_Tnp_TnsA_N domain-containing protein n=4 Tax=Paracoccus TaxID=265 RepID=A0A2D2C3Y7_9RHOB,MNITISDSIQSLLFRSEQLTNAIHLVIHDIRLPRTLLCLLVGAILALCGTAMQGLFRNPLAEPGIIGVSSGASLGAALAIVLLSDVVSSLPWVNSLVLPIAAFIGGALTTVLVYRLGTSKFGTSVTIMLLAGVAISALAGAGIGYLNYLASDQMLRDLTLWSMGSVAGATTSSILLCSVTLIILFAYFHWRSMALNALLLGEAEARHLGVPVQKLKREMILLSAVGVGVAVSAAGMIGFVGLVVPHIGRMLVGPDHRNLVPVSTLLGALMLTLADMVARVAVAPAELPIGIVTALVGAPFFLYLLFQQKGRIF,79.0,193,103,45.631,47,54,71,2,2,68.93,33,/stor/work/Wilke/crisprtn7/reblast2/GCF_000299495.2_VC35.1_genomic.fna
NZ_AMBR01000030.1,0..64855,tniQ,7367..6462,lcl|7367|6462|1|-1,-1,tr|A0A1X1NDK8|A0A1X1NDK8_9ACTN,4.64e-04,tr|A0A1X1NDK8|A0A1X1NDK8_9ACTN tniQ HTH lysR-type domain-containing protein OS=Streptomyces sp. CB03238 OX=1907777 GN=BKD26_21400 PE=4 SV=1,MFSKSSLEMLDAVARLGSFTAAAEVLHKVPSAISYSVRQIESELGVVLFRRLPRKVELTPAGELFMLEARQLLRQMEEIRAQTKRAAHGWRKTLKVTLDNVVKLDKMKPMVEAFYQTFDFAELQINMEVFNGSWEAIAQGRADIVIGATAAVPVGGDFEVRDMGILDWAFVMSPNHPCVREQNLSEEFISQFLAICLDDTSSVLPKRHTEHYPKQRRLLLPNWYSAIESLKSGLGVGYMPRHMAQPLLASGQLVEKVLPDEKLLSHCCLVWRKDDNHKLIEWMVNYLGSSDQLYSDWLQAK,39.7,91,79,32.911,26,44,41,2,9,51.90,23,/stor/work/Wilke/crisprtn7/reblast2/GCF_000299495.2_VC35.1_genomic.fna
NZ_AMBR01000030.1,0..64855,tniQ,44855..43875,lcl|44855|43875|1|-1,-1,tr|A0A2W1D0I8|A0A2W1D0I8_9PLEO,2.91e-09,tr|A0A2W1D0I8|A0A2W1D0I8_9PLEO tniQ Pectate lyase OS=Pyrenophora tritici-repentis OX=45151 GN=A1F97_07859 PE=3 SV=1,MFNALLLTQQDKTTHATVTQINDDQLPAGNVTVAVNYSSLNYKDGLAITGKGKIIREFPMVPGIDFAGTVLESADARYQVGDAVVLTGWGVGENHWGGMAQKARLNADWLVKLPQGLTSQQAMMIGTAGFTAMLCVQALIDGGIKPQDGEILVTGASGGVGSVAVTLLAQLGYKVVAVTGRVAQNGPLLEQLGASRVIDRQEFSEASRPLEKQLWVGAVDTVGSKVLAKVLAQMHYNGVVAACGLAGGFDLPTTVMPFILRNVRLQGVDSVSCPVEKRLAAWKKLAELLPASYYAQACHEISLSQVPEYAEAITNGQVTGRVVVKL,55.5,132,180,26.111,47,112,91,6,21,50.56,53,/stor/work/Wilke/crisprtn7/reblast2/GCF_000299495.2_VC35.1_genomic.fna
NZ_AMBR01000030.1,0..64855,parE,32962..35379,lcl|32962|35379|1|1,1,WP_008789656.1,0.0,WP_008789656.1 parE DNA topoisomerase IV subunit B [Coprobacillus cateniformis],MSNNYDSSSIKVLKGLDAVRKRPGMYIGDTDDGTGLHHMVFEVVDNSIDEALAGYCKDIVVTIHEDNSVSVSDDGRGIPTEMHPEEKVSAAEVIMTVLHAGGKFDDNSYKVSGGLHGVGVSVVNALSEKVLLTIYRGGKIHSQTYHHGVPQAPLAVVGDTERTGTTVRFWPSAQTFTNIEFHYDILAKRLRELSFLNSGVSIKLTDEREEDKKDHFMYEGGIQAFVTHLNRNKTPIHEKVFHFNQEREDGISVEVAMQWNDGFQENIYCFTNNIPQRDGGTHLAGFRGALTRTLNNYMDKEGFSKKAQAATSGDDAREGLTAVVSVKVPDPKFSSQTKDKLVSSEVKSAVESAMNEKLADFLAENPSEAKNVCSKIIDAARAREAARKAREMTRRKGALDLAGLPGKLADCQEKDPALSELYIVEGDSAGGSAKQGRNRKNQAILPLKGKILNVEKARFDKMLSSQEVATLITALGCGIGRDEYNPDKLRYHNIIIMTDADVDGSHIRTLLLTFFYRQMPELIERGYIYIAQPPLYKVKKGKQEQYIKDEEAMNQYQVALAMDGAELHVNADAPALAGEPLEKLVQQYNAAIKLVERMSRRYPYAMLHELIYVPRINAELCADKAAVEAWTQRLVEQLNAKEVGASQYSVLVEHNAELNVYLPKVQVRTHGVTHEYLLSADLINSKEYAKLADLSEALDGLIEAGAFIKRGERVQPISSFAAALDWLIKESRRGLSIQRYKGLGEMNPDQLWETTMDPETRRMMQVTIEDAVGADELFTTLMGDQVEPRRAFIETNALKVANLDV,541,1393,550,51.818,285,252,373,11,13,67.82,67,/stor/work/Wilke/crisprtn7/reblast2/GCF_000299495.2_VC35.1_genomic.fna
NZ_AMBR01000031.1,0..1027,tnsB,986..9,lcl|986|9|3|-1,-1,UniRef100_A0A0P1F034,6.43e-09,UniRef100_A0A0P1F034 tnsB Transposon Tn7 transposition protein TnsB n=1 Tax=Thalassobacter stenotrophicus TaxID=266809 RepID=A0A0P1F034_9RHOB,MDREIQQRLQWVKMYEKCGDAGLVCRRCGISRPTLRKWAKRYKQCGIAGLESQSRRPHSSPDTKLTDELRALILTMRDKRNLGARRLQTELIRLHKIHLSTATLHKVLSEASVKPIVTYRRKKDFQRYERPIPGDRVQMDTCKIAPGIYQYTAIDDCSRYRVLRCYSRRTAANTVDFIDCVVEEMPFPIQRIQTDRGREFFAEKVQKQLMIYGIKFRPNKPGSPHLNGKVERSQKTDKSEFYPTIDVSVGLQELDLLLAEWQHYYNWERPHSSLNGLTPIDRITEISDQTPLSEEVSQNYQIKKERFQEQNYKLDLQLRKLKPSL,54.7,130,193,27.461,53,108,83,7,32,43.01,53,/stor/work/Wilke/crisprtn7/reblast2/GCF_000299495.2_VC35.1_genomic.fna
NZ_AMBR01000032.1,0..51815,tniQ,10804..11700,lcl|10804|11700|1|1,1,tr|A0A2Z5JF85|A0A2Z5JF85_STRAR,5.29e-05,tr|A0A2Z5JF85|A0A2Z5JF85_STRAR tniQ LysR family transcriptional regulator OS=Streptomyces atratus OX=1893 GN=C5746_20965 PE=4 SV=1,MRGLDYRWIEALDSVVSKGSFERAAEQLFISQSAVSQRIKQLEKYLAQPVLIREQPPRPTLVGKKLLGLYRRVCLIEQELVPELTNQEHVRPVSMSIATNADSLATWLLPALDKVMKSRQVELNLVIYGESRTLDKLKNGEVVGAISLEPQPITGCSAEYLGQMEYLCVASPEFYQKYFAKGVTPRSLIKAPAVSYDQYDELHNKFLWDYFAVPRDKVINHTVGSSEAFVRLALSGAAYCLIPRLQIISELESGALINMTPDFMLSYPIFWHHWQLETGVLLEISEAITAYAKSVLPQ,42.7,99,71,38.028,27,39,39,2,5,54.93,22,/stor/work/Wilke/crisprtn7/reblast2/GCF_000299495.2_VC35.1_genomic.fna
NZ_AMBR01000032.1,0..51815,tnsA,23258..21381,lcl|23258|21381|1|-1,-1,UniRef50_A0A380Q0N8,3.81e-05,UniRef50_A0A380Q0N8 tnsA RNA polymerase sigma factor n=17 Tax=Enterobacterales TaxID=91347 RepID=A0A380Q0N8_YERFR,MDQNPQSQLKQLVLRGKEQGYLTYAEVNDHLPAEIVDSEQVEDIIQMINDMGIKVVETAPDADDLALSDDTTITDEDAAEAAAAALSSVESEIGRTTDPVRMYMREMGTVELLTREGEIDIAKRIEDGINQVQSAIAEYPGTIPYILEQFDRVQAEELRLTDLISGFVDPNDMETEAPTATHIGSELSEADLADEDDAVVEDEDEDEDEDGDGESSDSEEEVGIDPELAREKFNELRGKFQNLQLAVNEFGRDSHQASEASDLVLDIFREFRLTPKQFDHLVETLRTSMDRVRTQERLVMKAVVEVAKMPKKSFIALFTGNESNEEWLDKVLASDKPYVAKVREQEEEIRRSIQKLQMIEQETSLSVERIKDISRRMSIGEAKARRAKKEMVEANLRLVISIAKKYTNRGLQFLDLIQEGNIGLMKAVDKFEYRRGYKFSTYATWWIRQAITRSIADQARTIRIPVHMIETINKLNRISRQMLQEMGREPLPEELAERMQMPEDKIRKVLKIAKEPISMETPIGDDEDSHLGDFIEDTTLELPLDSATATSLKAATRDVLAGLTPREAKVLRMRFGIDMNTDHTLEEVGKQFDVTRERIRQIEAKALRKLRHPSRSEVLRSFLDE,44.3,103,52,42.308,22,29,34,1,1,65.38,8,/stor/work/Wilke/crisprtn7/reblast2/GCF_000299495.2_VC35.1_genomic.fna
NZ_AMBR01000032.1,0..51815,tnsA,34699..35634,lcl|34699|35634|1|1,1,UniRef50_A0A1C6RKQ5,5.81e-07,"UniRef50_A0A1C6RKQ5 tnsA Murein DD-endopeptidase MepM and murein hydrolase activator NlpD, contain LysM domain n=2 Tax=Micromonospora inyonensis TaxID=47866 RepID=A0A1C6RKQ5_9ACTN",MTLYSFRLGLLLFCSLLFGCTAPTPAPVSGLGKDYNKVERGSYRGSYYEVKKGDTLYFIAYLTDKDVNDLISYNDLAPPYTIHPGQKIKLWLPNYTPPAYGGTGGAATVAVASSTSASAAKAATTATVAQTVSKSSNTKNVQNGSTNSQNLTKKDPVKTVDQTKTKEYVEPVGKQNVNVNVAKTKPSDEKIAKWLWPTKGRVIKNFSAGDQGNKGIDIAGQRGQAVVATADGTVVYSGNALRGYGNLIIIKHNEHYLSAYAHNDQLLAKEGQTVQAGQKIATMGSSGTNSVRLHFEIRYQGKSVNPKRYLP,48.9,115,136,29.412,40,73,57,5,23,41.91,36,/stor/work/Wilke/crisprtn7/reblast2/GCF_000299495.2_VC35.1_genomic.fna
NZ_AMBR01000032.1,0..51815,tnsA,35708..36715,lcl|35708|36715|2|1,1,UniRef50_A0A3N1KIY1,1.98e-05,UniRef50_A0A3N1KIY1 tnsA TnsA endonuclease-like protein n=17 Tax=Streptomyces TaxID=1883 RepID=A0A3N1KIY1_9ACTN,MSVSNTVTKVEEFDFEDEALEVLETDAELASDEELVAVEGASEDVREEFDASAKSLDATQMYLSEIGFSPLLTAEEEVLYARRALRGDEAARKRMIESNLRLVVKISRRYSNRGLALLDLIEEGNLGLIRAVEKFDPERGFRFSTYATWWIRQTIERALMNQTRTIRLPIHVVKELNIYLRTARELSQRLDHEPTPEEIALELDRPVDDVTKMLRLNERISSVDTPIGGDGDKALLDILPDSHNADPEFSTQDDDIRESLLNWLDELNPKQKEVLARRFGLLGYEPSTLEEVGREINLTRERVRQIQVEGLRRLREILVKQGLNMEALFNVEYDN,44.3,103,48,45.833,22,26,30,0,0,62.50,14,/stor/work/Wilke/crisprtn7/reblast2/GCF_000299495.2_VC35.1_genomic.fna
NZ_AMBR01000032.1,0..51815,glmS,14870..15640,lcl|14870|15640|2|1,1,WP_001906605.1,0.0,WP_001906605.1 glmS DeoR/GlpR transcriptional regulator [Vibrio cholerae],MSKRNTQLRRHTIVKLVNEQGEVSVEALSSQFETSEVTIRKDLASLEKNGQLLRRYGGAIALPKEVMHDELNEKVSVRKISLAKAAAKLIRDHNRIVIDSGSTTAALIQQLNDKRGLVVMTNSLHVANALNELENEPTLLMTGGTWDTHSESFQGKVAESVLRSYDFDQLFIGADGIDLDRGTTTFNELVGLSKVMAEVSREVIVMIESDKVGRKIPNLELSWDNIDVLVTDHELSDEFAKQIESHQVRVIRATVK,518,1334,256,100.000,256,0,256,0,0,100.00,100,/stor/work/Wilke/crisprtn7/reblast2/GCF_000299495.2_VC35.1_genomic.fna
NZ_AMBR01000032.1,0..51815,glmS,15703..17535,lcl|15703|17535|1|1,1,P44708.2,0.0,P44708.2 glmS Glutamine--fructose-6-phosphate aminotransferase [isomerizing] [Haemophilus influenzae Rd KW20],MCGIVGAVAQRDVAEILVQGLRRLEYRGYDSAGIAVVDSDKQLTRLRRLGKVQELADAVEAAQVAGGTGIAHTRWATHGEPSEINAHPHLSGDITVVHNGIIENHEMLRTMLQERGYVFTSQTDTEVIAHLVEWELRSASSLLEAVQTTVKQLTGAYGTVVMDRNDPSRLVVARSGSPIVIGFGIGENFLASDQLALLNVTRRFMYLEEGDVAEMTRRDVRVFDALGQPVQREISESNLEHDAADKGHYRHYMQKEIFEQPKALINTMEGRITHDSVVVESIGVHAAEILAKVEHVQIVACGTSYNAGMTARYWFESLAGVSCDVEIASEFRYRKFVTRPNSLLITLSQSGETADTLAALRLAKEKGYMAAMTICNVAGSSLVRESDFAFMTRAGTEIGVASTKAFTTQLVTLLMLVTALSKQQQRIDRELEAEIVHALHQLPKQIETALSFEKQIETLAEDFADKHHTLFLGRGEYYPIAVEASLKLKEISYIHAEAYAAGELKHGPLALIDADMPVVVVAPSNELLEKLKSNIEEVRARGGLLYVFADEVAGFEADETMKIIAMPHVSEIVAPIYYTIPMQLLSYHVALIKGTDVDQPRNLAKAVTVE,986,2550,610,77.869,475,135,529,0,0,86.72,100,/stor/work/Wilke/crisprtn7/reblast2/GCF_000299495.2_VC35.1_genomic.fna
NZ_AMBR01000032.1,0..51815,rsmJ,26139..27158,lcl|26139|27158|3|1,1,PRD22402.1,3.50e-07,PRD22402.1 rsmJ rsmJ [Trichonephila clavipes],MRIIGIETSCDETGIAIYDDEKGLLSHKLYSQVKLHADYGGVVPELASRDHVKKTIPLIKASMAEANVTPQDLDGVAFTAGPGLVGALLVGATIGRSLAYAWNVPAVPVHHMEGHLLAPMLEENPPPFPFVALLVSGGHTMLVEVKNIGEYRILGESIDDAAGEAFDKTAKLMGLDYPGGPLLAKLAEKGTPGRFKFPRPMTDRPGLDMSFSGLKTFTANTIAANGDDEQTRADIAYAFQEAVCDTLVIKCKRALEETGLKRVVIAGGVSANKQLRADLEKLAKKIGGEVYYPRTEFCTDNGAMIAYAGMQRLKNGDVCELGLQARPRWPIDQLTSIQK,49.3,116,114,21.053,24,74,57,2,16,50.00,34,/stor/work/Wilke/crisprtn7/reblast2/GCF_000299495.2_VC35.1_genomic.fna
NZ_AMBR01000032.1,0..51815,rsmJ,29841..30644,lcl|29841|30644|3|1,1,PRD22402.1,2.32e-26,PRD22402.1 rsmJ rsmJ [Trichonephila clavipes],MSYFESFILALIQGFTEFLPISSSAHLILPSAILGWEDQGLAFDVAVHVGTLAAVVLYFRKEVVSLLSAFFASIFKGDRSKEAKLAWLIVLATIPACLFGFVMKDIVELYLRSAWVIATTTIVFGLLLWYVDKHAELKADEYQADWKKALFIGLAQAVAIIPGTSRSGATITAALYLGFTREAAARFSFLMSIPIIVLAGSYLGLKLVTSGEPVHSGFLLTGIITSFISAYICIHFFLKLISRMGMTPFVIYRLVLGVGLFAFLLTQ,105,262,201,38.806,78,112,124,7,11,61.69,73,/stor/work/Wilke/crisprtn7/reblast2/GCF_000299495.2_VC35.1_genomic.fna
NZ_AMBR01000037.1,0..21574,tnsB,1020..1574,lcl|1020|1574|3|1,1,UniRef100_A0A3Q9JCR1,6.29e-10,UniRef100_A0A3Q9JCR1 tnsB Transposon Tn7 transposition protein TnsB n=1 Tax=Microbacterium oxydans TaxID=82380 RepID=A0A3Q9JCR1_9MICO,MRTLGLVSCQEPKHRYRKASQEHIDVPNHLSRQFAVTAPNEVWAGDVTYIWTGNRWMYLAVVIDLFARKVIGWSMSLSPDSRLTGKALSMAYESRGKPKGVMFHSDQGSHYTSRKYRQLLWRFQIKQSLSRRGNCWDNAPIERFFRSLKTEWVPTVGYRSFAEAQQEITRYYYRILLPTQATSV,55.1,131,134,27.612,37,83,66,4,14,49.25,65,/stor/work/Wilke/crisprtn7/reblast2/GCF_000299495.2_VC35.1_genomic.fna
NZ_AMBR01000037.1,24947..55625,tnsA,46578..44947,lcl|46578|44947|3|-1,-1,UniRef50_UPI000996D35A,6.40e-05,UniRef50_UPI000996D35A tnsA TnsA-like heteromeric transposase endonuclease subunit n=1 Tax=Streptomyces sp. CNQ329 TaxID=1298879 RepID=UPI000996D35A,MHLERIEIAGFRGIRRLSLTFDEITTLIGENTWGKSSLLDALSVVLPADGTLYPFTLQDFHVDYSIADAQTQNLQIILVFAASDLHEPKAGRYRKLKPLWQTDEQGAQKIIYRISASRVKYDISTQYAFLDLEGNSLTLHHSEKLAQELMSLHPVIRLKDSRRFEKSLANGNGKNARVEKRISNTWRRLMATPGHVNKGEIRSSLSAMNSLVEHYFSFKSQSRKNPRRERDSLLYAASPSEKSLSQIIHETKNKQTKLLLLGLLNAYLQGKGPKELRRCARPILIIEDPEGRLHPTHLARAWSFLDLLPMQKILTTNSSDLLGAVPLHSIRRLVRKSDRTIATSVSQRSLSRDELRRIGFHIRFHRSGALFARCWLLVEGETEVWLFNELAHQCGYNLAAEGVHIIEFAQSGLKSLIKVARAFGIDWHVVTDGDPAGKKYSATVRGLLGHDQERHRLTELPDRDIEHFLYSHGFEYFFKELVKIPHDHPIPAKKVVSKVLKKHAKPDLALAIVSHCESNGTECIPVLLRWTLKRVITMANGNT,43.5,101,191,23.560,45,127,77,4,19,40.31,32,/stor/work/Wilke/crisprtn7/reblast2/GCF_000299495.2_VC35.1_genomic.fna
NZ_AMBR01000037.1,24947..55625,glmS,35339..36031,lcl|35339|36031|2|1,1,WP_035343592.1,5.97e-08,WP_035343592.1 glmS two-component system response regulator GlrR [Dickeya],MNSEIKILIIEDEAPIQRFLTVLISGYEYQVKVASTAEQGLHLVANWNPHLILLDLGLPDQDGISLTRELRAWTQTPIMVISAREKEADKVQALDAGANDYLTKPFGSEELMARIRVALRLAPSTESVEQTRFELGDLVLDLVLKQVTKAGEPVKLTKTEYNILKLLAKNMGKVLTHKQILKEVWGGNYVEHHHYVRIHVAQLRHKVEDNPAQPRFILTENGVGYRLVDK,50.1,118,119,25.210,30,88,61,1,1,51.26,51,/stor/work/Wilke/crisprtn7/reblast2/GCF_000299495.2_VC35.1_genomic.fna
NZ_AMBR01000041.1,0..18548,tniQ,18172..17252,lcl|18172|17252|2|-1,-1,tr|A0A0P7BH99|A0A0P7BH99_9ACTN,1.84e-05,tr|A0A0P7BH99|A0A0P7BH99_9ACTN tniQ HTH lysR-type domain-containing protein OS=Frankia sp. R43 OX=269536 GN=ACG83_38985 PE=4 SV=1,MSRRLPPLNSLKVFEAAARHLSFTRAAEELFVTQAAVSHQIKALEEFLGLKLFRRRNRSLLLTEEGQSYFLDIKDIFSSLAEATDKLLERSEKGALTISLPPSFAIQWLVPRLADFNQQEPDIDVRIKAVDMDEGSLTDDVDVAIYYGRGSWPGLRADKLYQEFLIPLCSPALLLGNKPMEKLSDLAYHTLLHDTSRKDWKQFAKENGLDNVNVNHGPIFSHSTMVLQAAAHGQGVALGNNVLAQPEIDAGRLIAPFDEVLMTNNAFYVVCHEKQADMGRIATFRDWMLKKARSEQVDILQHKHNQ,43.9,102,66,42.424,28,36,36,1,2,54.55,21,/stor/work/Wilke/crisprtn7/reblast2/GCF_000299495.2_VC35.1_genomic.fna
NZ_AMBR01000044.1,0..2311,tnsB,1268..642,lcl|1268|642|3|-1,-1,UniRef100_A0A0F0KMC2,1.35e-08,UniRef100_A0A0F0KMC2 tnsB Transposon Tn7 transposition protein TnsB n=1 Tax=Microbacterium oxydans TaxID=82380 RepID=A0A0F0KMC2_9MICO,MKKLELVSCQQPKHAYKKANQEHVDIPNRLDRQFDVVAPNQVWCGDVTYVWTGTRWAYLAVVLDLFARKPVGWALSHSPDSELTKQALSMAFEQRGRPKGVMFHSDQGSHYTSRSFRQLLWRYQITQSLSRRGNCWDNSPMERFFRSLKTEWIPEIGYRNFTEAKLAITQYILGYYSNIRPHHYNGGLSPNESERRYWLNYKPVASFT,52.0,123,155,28.387,44,88,68,5,23,43.87,64,/stor/work/Wilke/crisprtn7/reblast2/GCF_000299495.2_VC35.1_genomic.fna
NZ_AMBR01000044.1,0..2311,tnsD,1864..1520,lcl|1864|1520|1|-1,-1,UniRef90_A0A246WP65,5.85e-04,UniRef90_A0A246WP65 tnsD TnsD domain-containing protein n=2 Tax=Herbaspirillum robiniae TaxID=2014887 RepID=A0A246WP65_9BURK,MIATIAALGDEMAKKKGPNFSPEFRLETAQLVLDQGYSQKEAAQAMGVGYSTIGKWVNQLREERSGKSPKAMPMTPEQIEIRELKKRIERLELEKEVLKKATALLMSDSMNTSR,35.8,81,59,38.983,23,34,31,2,2,52.54,51,/stor/work/Wilke/crisprtn7/reblast2/GCF_000299495.2_VC35.1_genomic.fna
NZ_AMBR01000095.1,0..532,tniQ,203..517,lcl|203|517|2|1,1,tr|A0A417XIF4|A0A417XIF4_9CLOT,3.01e-05,tr|A0A417XIF4|A0A417XIF4_9CLOT tniQ GNAT family N-acetyltransferase OS=Clostridium sp. OF09-10 OX=2292309 GN=DXA91_00825 PE=4 SV=1,MMSVDNNVVGFCGFKDEPQDGEVEIGYNVSPYKQGRGFAKLAVNQLCQLAFNVDSIESVVALISSANLASLNVVRANNFVFIGFVVDSDHEKLEKWVLKRASCA,38.5,88,79,27.848,22,56,42,1,1,53.16,76,/stor/work/Wilke/crisprtn7/reblast2/GCF_000299495.2_VC35.1_genomic.fna
NZ_AMBR01000104.1,0..4789,tniQ,1575..2606,lcl|1575|2606|3|1,1,tr|A0A2W1D0I8|A0A2W1D0I8_9PLEO,2.80e-09,tr|A0A2W1D0I8|A0A2W1D0I8_9PLEO tniQ Pectate lyase OS=Pyrenophora tritici-repentis OX=45151 GN=A1F97_07859 PE=3 SV=1,MKIKALSKLKPEQGIWMNEVDMPELGHNDLLIKIKKTAICGTDVHIYNWDEWSQKTIPVPMVVGHEYVGEVVGIGQEVRGFQIGDRVSGEGHITCGHCRNCRGGRTHLCRNTIGVGVNRTGCFSEYLVIPAFNAFKIPDGISDDLASIFDPFGNAVHTALSFDLVGEDVLITGAGPIGIMAAAVAKHVGARHVVITDVNEYRLDLARKMGVTRAVNVAEQNLEDVMKELGMTEGFDVGLEMSGVPSAFSAMLKTMNHGGRIALLGIPPSSMAIDWNQVIFKGLVIKGIYGREMFETWYKMASLIQSGLDISPIITHHFKVDDFQKGFDIMRSGASGKVILDWQ,55.8,133,304,23.355,71,180,130,13,53,42.76,83,/stor/work/Wilke/crisprtn7/reblast2/GCF_000299495.2_VC35.1_genomic.fna
