NZ_AWMR01000001.1,56114..77651,tnsA,76824..76114,lcl|76824|76114|3|-1,-1,UniRef50_UPI000996D35A,2.67e-18,UniRef50_UPI000996D35A tnsA TnsA-like heteromeric transposase endonuclease subunit n=1 Tax=Streptomyces sp. CNQ329 TaxID=1298879 RepID=UPI000996D35A,MLLPHFIEHHHPSLRQSYLSVLEIGGAHAQKLRPLIERLEIPTLIITDTDACDTNSNKQRPEKGKKLVFGSDTLKSWFDLGGMSLDEVLELESDKKVKGHVRAAYQCGIQVNWKVGEEYIQKEAIPYTFEDAISLTNLDLFKGFSKSVGMVKKMSQAANKESLEECCQEMFDALKGEKAKMALDLLFEVDPEKLLVPEYIKEGLDWLEKQLDAVNQEFHWQPELATQLPDGESVDA,81.3,199,216,30.093,65,125,99,5,26,45.83,88,/stor/work/Wilke/crisprtn7/reblast2/GCF_000491815.1_S018_genomic.fna
NZ_AWMR01000002.1,0..24166,tniQ,4166..3156,lcl|4166|3156|3|-1,-1,tr|A0A1Y0T6J7|A0A1Y0T6J7_9MYCO,3.15e-05,tr|A0A1Y0T6J7|A0A1Y0T6J7_9MYCO tniQ LysR family transcriptional regulator OS=Mycobacterium chimaera OX=222805 GN=GJE02_10340 PE=4 SV=1,MFSPSKAFSLNYFAHLPYSSSNFTNILFTMKALNDLNIFVETARQGSFSKAANTMDMTPAAISASIKRLEGQIGFPLFVRSTRSLRLTSEGELFLDKTTQALATLQEGLDQISSARGELSGQLHITAPSDFGRNMLLDWVDEFIDLYPNVSIKLELSDSLTDMYTKPVDIAIRYGEPADSNLVVLALCGANERILCASPEYVATHPELTSPADLTQHNCLCYMVADSVYNKWTLTRDGEKEQVVVSGNLMSNDSDLPHRLAIKGKGIANKSLMDISRDLIEGRLVRVLPEWDCGPVPLYMVCADRRLLTPTIRTFRDFIQQKCCQQRANVLATFCH,43.5,101,44,45.455,20,24,27,0,0,61.36,13,/stor/work/Wilke/crisprtn7/reblast2/GCF_000491815.1_S018_genomic.fna
NZ_AWMR01000002.1,37827..59842,tniQ,58756..57827,lcl|58756|57827|1|-1,-1,tr|A0A2G7F0Q1|A0A2G7F0Q1_9ACTN,5.12e-04,tr|A0A2G7F0Q1|A0A2G7F0Q1_9ACTN tniQ Regulatory helix-turn-helix LysR family protein OS=Streptomyces sp. 70 OX=1827606 GN=CLW09_04841 PE=4 SV=1,MVNPKLIALLPDLASFILVVNEGSFTAAAKQLGVTPSALSKLITRLEQALNVKLFERTTRKLIITQAGQKVYDQSIAMVNAAQQAVELSAEEHAEPTGALTVAAPEAFLNSVLQPFVLPFLQRYPKIQLKLRAADGEIDLFRQGIDVAFKLTDKPDENLVLKEISKTNLVLCASPDYLAQRGMPEHPTQLEQHDCIYLAENDKDNIWSFFKEEAFHSIAVSGRYAVNHSQMRLNGVKAGLGIGIFHDFVVKEALERGEVVEVLSDWMIKSNYHGAVAMQYAQTKYMPARLRVFLDFVNEHLVSKEPNHV,39.7,91,77,31.169,24,49,44,2,4,57.14,24,/stor/work/Wilke/crisprtn7/reblast2/GCF_000491815.1_S018_genomic.fna
NZ_AWMR01000002.1,37827..59842,glmS,43206..44540,lcl|43206|44540|3|1,1,WP_035343592.1,1.69e-75,WP_035343592.1 glmS two-component system response regulator GlrR [Dickeya],MMTKTNILLVEPNEHLAQPVLDVLKNAGYTAKHTRTGRSALLEERASITLVSSTLPDMCVREFVACHQKQRNAGVVIAIVDQEQGILAAETMKSGATDYLLRPFEANQLINLLKRVEALGKPMANIVAESWRSKQVLQLAHRAACTNASVLITGESGTGKEVLARYVHEHSPRINGPFVAVNCAAIPESMLEAVLFGHVKGAFTGATNSQSGKFEEANGGTILLDEIGEMSPAVQAKLLRVLQEREVERVGSHKAIKLDIRVIAATNKDLREEVQKGTFREDLYYRLDVLPLHWPPLRERKEDILPISQFFVEKYQDSSRCHLSQDAISALSQYHWPGNIRELENVIQRALVMRHGDYITAHDLMLPIELIAPVPSMEPKSSFGHVEAKKQAEYQFILDKLRQFGGNRTKTANALGVSTRALRYKLAAMREHGIDLQSALGSAA,240,613,441,35.828,158,257,236,7,26,53.51,96,/stor/work/Wilke/crisprtn7/reblast2/GCF_000491815.1_S018_genomic.fna
NZ_AWMR01000011.1,0..22042,tniQ,2042..1173,lcl|2042|1173|2|-1,-1,tr|A0A5C1QXI0|A0A5C1QXI0_9MYCO,2.50e-04,tr|A0A5C1QXI0|A0A5C1QXI0_9MYCO tniQ LysR family transcriptional regulator OS=Mycobacterium sp. ELW1 OX=1547487 GN=D3H54_05945 PE=4 SV=1,MLDLNWLRTFVTLAEVKHFGKTATELHMTQPNVSLHIKQLEQATRTKLIERNPVQLTQAGKRLLATAQRMLNELQICQSDLNAINDLTQGTLSIAASDIVSRLLLIKPFQQFKSEYPGIDLALFNTTSSQAVDLVKSARADIGFVIAQKESQPLHFTPLTQIHWCAFGDNIFEWQDNRKESQTLILLGHDTRTRELIDASLPELNLPKHRVMEVGSVEAQIDWAEAGFGTAIVPDFSLDPRLKLSREVTPLPSFPNTDFGYIVRQNQVLSKAAKQLLAWVGENVSVVEG,40.4,93,58,34.483,20,38,35,0,0,60.34,20,/stor/work/Wilke/crisprtn7/reblast2/GCF_000491815.1_S018_genomic.fna
NZ_AWMR01000011.1,0..22042,cas7,683..69,lcl|683|69|2|-1,-1,"gi|147678326|ref|YP_001212541.1|CAS-I-C|cas7|G7,CASCADE",0.006,"gi|147678326|ref|YP_001212541.1|CAS-I-C|cas7|G7,CASCADE cas7",MDIWKLLLFIPACFALNMAPGPNNLLAMNNARCYGFRAAFVASLGRIAAFSAMIALSASGLAVILYTSEMLFLAIKLVGALYLLWIAFNLWRSESSPISDLDNSRNYAGLAKQEFTLAAGNPKAILIFTAFLPQFVDANANVQEQFFALGSTFLILEMVAISIYAIFGLYLRHWFSNPKMAKRFNRGCSLFLTVSGVNLLISKQ,35.8,81,34,41.176,14,20,21,0,0,61.76,17,/stor/work/Wilke/crisprtn7/reblast2/GCF_000491815.1_S018_genomic.fna
NZ_AWMR01000011.1,0..22042,csx1,9611..10417,lcl|9611|10417|2|1,1,gi|338730931|ref|YP_004660323.1|CAS-III|csx1|CARF,0.009,gi|338730931|ref|YP_004660323.1|CAS-III|csx1|CARF csx1,MPNQNFNAQLAEAISALNTPNFTPKLMSVIHSIFDFDCAIILGYREGKHPIYLYDSIENERELLFQRYLTNSFQNDPFFQNLNQHKQQGIFTLKDVAKKGIEYQTYRKQFYDQTGWKDELSMLVEIESGRWVILYFGCLREGKRFSAAQINSLRSHFSVLQSLCQQHWKQAEFNLSEPVVRPDAYTGNMKVAIEQALSSFGIESLTRREQEVASLLAQGFDTKEISAHLHLVQGTVKNHRKRIYSQLNVSSLSELFQLFLNHLIMHSK,35.8,81,73,30.137,22,51,40,0,0,54.79,27,/stor/work/Wilke/crisprtn7/reblast2/GCF_000491815.1_S018_genomic.fna
NZ_AWMR01000015.1,0..20340,tniQ,8..340,lcl|8|340|2|1,1,tr|A0A417XIF4|A0A417XIF4_9CLOT,1.81e-04,tr|A0A417XIF4|A0A417XIF4_9CLOT tniQ GNAT family N-acetyltransferase OS=Clostridium sp. OF09-10 OX=2292309 GN=DXA91_00825 PE=4 SV=1,MAVLESTSRDYMGHVFISHLDSEPELGFIFDKAYWGKGLATEALKAFFPKACRELELHKVKANVNSNHQASMAVLEKLGFVKTRESKDLFGPYFEMEFTSDVAVGESSAA,36.6,83,80,33.750,27,49,38,1,4,47.50,69,/stor/work/Wilke/crisprtn7/reblast2/GCF_000491815.1_S018_genomic.fna
NZ_AWMR01000018.1,0..21847,tnsB,1847..1326,lcl|1847|1326|3|-1,-1,UniRef100_A0A0W0RF01,2.25e-05,UniRef100_A0A0W0RF01 tnsB Transposon Tn7 transposition protein TnsB n=1 Tax=Fluoribacter bozemanae TaxID=447 RepID=A0A0W0RF01_FLUBO,MSVAPSLLAQDFEAKAPNQKWASDITYVATSEGWLYLAVIIDLRSSWSMDTRMMSTLVCDALSMALFRRGFPEQFIVHSDRGSQYCSKNYRDIITAHNLEQSMSRKGNCWDSACVESFFHSMKVEAIQYEPIMTRDEMRQTLFEDIEVDYNRTRRHRALGYLSPANFEKQNVA,41.6,96,177,28.814,51,85,79,9,41,44.63,82,/stor/work/Wilke/crisprtn7/reblast2/GCF_000491815.1_S018_genomic.fna
NZ_AWMR01000018.1,0..21847,guaC,112..1158,lcl|112|1158|1|1,1,WP_004145938.1,0.0,WP_004145938.1 guaC GMP reductase [Enterobacteriaceae],MRIEQELKLGFKDVLFRPKRSTLKSRSQVNLTRDFTFKHSGRQWSGVPVIAANMDSVGSFEMAKALAEHGVMTAVHKHYTVNDWADFVKSADNATLKNVMVSTGTSDADFQKTKDIMALSDELIFICVDIANGYSEHLVEYVERVRAEFPDKVISAGNVVTGDMCEELILAGADIVKVGIGPGSVCTTRVKTGVGYPQLSAIIECGDAAHGLGGMIIGDGGCSCAGDVSKAFGGGADFVMLGGMLAGHEESGGEIIEKDGETFMKFYGMSSQSAMDKHSGGVAKYRAAEGKTVLLPFRGSVHGTISDILGGVRSTCTYVGAAKLKELTKRTTFIRVQEQENNVFGKEK,546,1407,344,74.709,257,87,294,0,0,85.47,99,/stor/work/Wilke/crisprtn7/reblast2/GCF_000491815.1_S018_genomic.fna
NZ_AWMR01000018.1,0..21847,glmS,2118..3602,lcl|2118|3602|3|1,1,WP_035343592.1,1.76e-71,WP_035343592.1 glmS two-component system response regulator GlrR [Dickeya],MATLLTWLGKTDLDNMKQNKHASISTIAIKGHKVDQIVILANNWEEDWFDYEDWLKKQLAIANRPNQNISIQRARIASPIDYTSIARFIQKQLSALAENTDQLYINLTSGTPAMSVISVLLGKGIANCQLVQSSPDGKVHIVDIPVNFASEYQKASTTAVQSLASNAPRIGSAFESITAQSSIMQSLLTKAHRLALSDLPALILGESGVGKEVMATAVHNASQRANKPFKAVNCGALPENLVDSILFGHVKGAFTGADKNHAGLFEQADGGTLFLDEVGELPLNVQVKLLRALQQKEITRVGDVESRSIDVRIIAATHQDLFSMTSDGSFREDLFYRLAVGVIEIPPLRKRPEDIPDLISTLMLEINRQAHTHPLFESKKISKDAINFAVSYSWPGNIRELWNTLNRAVLWSEGEMISMEDLKSSVLSAGKDAVKETGFTMPGDLQQYIDSIKKDAVIDALEYSSGNKSKAAKMLGLNNHQTLNNWMKNLGLED,231,590,380,38.421,146,214,215,9,20,56.58,77,/stor/work/Wilke/crisprtn7/reblast2/GCF_000491815.1_S018_genomic.fna
NZ_AWMR01000018.1,0..21847,parE,3677..7114,lcl|3677|7114|2|1,1,WP_184123230.1,1.47e-07,WP_184123230.1 parE DEAD/DEAH box helicase family protein [Mycobacteroides chelonae],MNFEHLRNQWPELADLGAFAENYAVSDPQSSMVKLRCYIEKIVGYLYSELHLPVEPNASVHDKLTNHSFIQIVDRLILDKFHLIRRQGNKAAHEGYVDQHDAIWLVKEAYYIGVWLYIAYGNGHQDDLPDYQSPENAPRSGEEKAEYKRKNKQLQIKLAQNNAQLEQAIKELEEVREAQLEAQREAARLKLEIDQAKANQLIEKTIQLKSTFEFNEAETRKRLIDAELRSEGWDVSDDDSSTEQVKKEFEVEGVSSPSGKGYCDYVLFDDNDLPLAVIEAKRTRRDHKEGREQAKEFADALEKRYGQRPVIFYTNGFDITLWDDAQGYTPRQVFGYYSKDSLQYLIQQRTLRKSLLETPIDIWVAGRDYQIESITRVCERFVDKHRKALIVQATGTGKTRVAIALAKRLLAAGWVKRVLFLCDRKELRKQAANAFNEHTKEPLFVKGRSKQDKLSSARIVIATYPGMMQTYQEFDVGHFDLIIADESHRSIYNKYGELFKYFDALQVGLTATPVEMISRSTSQLFGCSYKMPTANYPLELAIEQGHLVPFKVVAHTTKFLRDGIHSADLTDEQIAELEEQGIDANELEFDAKLIDDAIFNKDTNRQILSNLMENGLRDVDGQLPGKSIIFARNIPHANLLVELFYELYPQYGGQFCRVIHSKNERAEELIDQFKSAEGDNDEITIAVSVDMLDTGIDVPQCVNLVFAKPIKSKVKFWQMVGRGTRLCEHLYGPGQHKKHFLIFDHWDNFNYFKMNPEEEEQRPGKSLAQQLFEAKVRLATEALKKANMDLFAQTVPLIKADIEDLNDDVIAVREQWKLKAELSDERCLNAMAPVTREKLLSQMAPLMQWRNTRGLSEALRFDLQMINAQIVKLMQPDLIEKEVLPLMEKVTSLSMHLNEVRQHATTIAQVQERGFWQDANFTEMEKVRQTLRSVIHLRDKGVAPQPPSPPVIDIKEDAAEYRTNEVKTDIRTVDYEIFRQEVEKTLTPLFDTDTVLKKIRAGEAVTEDELAQLSALVHTQNPHVDLATLAEFYPDTSAPLDQILRTIIGMNRQDIEEQFTQFLQQLHTQLSSRQQRFIIMLKDHLIRYGTISVDQLYDAPFNQLDDAGLDGVFPIAAQADVIAQFVSHYSVPLGKKQASVTANSA,53.1,126,400,24.000,96,245,162,18,59,40.50,33,/stor/work/Wilke/crisprtn7/reblast2/GCF_000491815.1_S018_genomic.fna
NZ_AWMR01000021.1,4652..30616,tniQ,24652..25584,lcl|24652|25584|1|1,1,tr|A0A5D4JI87|A0A5D4JI87_9ACTN,1.73e-04,tr|A0A5D4JI87|A0A5D4JI87_9ACTN tniQ Uncharacterized protein OS=Streptomyces parvus OX=66428 GN=FY004_08655 PE=4 SV=1,MMKFVRTQCMKSEPFERVTLKMLRYFYEVAQTKHFTKAAENLNITNSPLSNRIKELEEVLNVKLFERDSRNVMLTEAGRLLESKCQLIFQTLDVSLNQVQQVGLNQRNILRVGVVSSAFWGGFDRLLQRFHAEHDTYHADIFDLNPETQKKHLSEKKIDVGIVRFADALNIYPYQSVSLGKDVFVVAVSEQHELASKSLLRLQDLKTCEFAFMSLANSASANFIINACLQEGFSPHIGKQVVEPSTLMAYVANSNTVTLVPSTFSQHHWHGIRFIKLKESLRADLCLIHDGKQESAIKAEFIRTLLENAS,41.2,95,59,37.288,22,37,33,0,0,55.93,19,/stor/work/Wilke/crisprtn7/reblast2/GCF_000491815.1_S018_genomic.fna
NZ_AWMR01000021.1,4652..30616,guaC,23016..23627,lcl|23016|23627|3|1,1,WP_020878299.1,1.87e-04,WP_020878299.1 guaC GMP reductase [Desulfococcus multivorans],MTTLEQRLREIKIVPVIAINDVAHALPLAKVLVENGLPCAEVTFRTEAAAESIRIMREAYPELLIGAGTVLTTEQVDIAIGAGVDFIVSPGFNPTTVKYCQQRGVTIVPGVNNPSLVEQAMEMGLRTLKFFPAEPSGGVNMLKALTAVYPVEFMPTGGVSPSNVEDYLALKSVVACGGTWMVPTAMMDNGDWEGIAELVRAVK,38.9,89,71,39.437,28,37,37,3,6,52.11,35,/stor/work/Wilke/crisprtn7/reblast2/GCF_000491815.1_S018_genomic.fna
NZ_AWMR01000021.1,4652..30616,rsmJ,27781..27281,lcl|27781|27281|1|-1,-1,WP_000954217.1,6.22e-107,WP_000954217.1 rsmJ 23S rRNA (adenine(2030)-N(6))-methyltransferase RlmJ [Vibrio],MVLTELHPADHPLLEQEFHRDRQVSIYKEDGFKRLKGSLPPQERRGLVLIDPPYELAKEYRDVVQAIYQSHKRWATGIYAIWYPVVNRHDIEDMIEGLEGLGIRKILQIELGVAPDTNERGMTASGMIVINPPWKLESQMKEILPFLQDAIAPATGHWKVDWIVPE,304,779,166,87.952,146,20,158,0,0,95.18,100,/stor/work/Wilke/crisprtn7/reblast2/GCF_000491815.1_S018_genomic.fna
NZ_AWMR01000022.1,0..30425,tniQ,14899..14045,lcl|14899|14045|2|-1,-1,tr|A0A1X0DTB1|A0A1X0DTB1_9MYCO,4.32e-06,tr|A0A1X0DTB1|A0A1X0DTB1_9MYCO tniQ HTH lysR-type domain-containing protein OS=Mycobacterium heidelbergense OX=53376 GN=BST25_05950 PE=4 SV=1,MTNKKLDLNLIQTFLIAAEYQSYTKAAEHLGVTQPAVSASIRRLEALIEYQLFTKVGRSISLTSRGQNLLPKLRQALCMVENALSISPQFKVYCSEVFSGSLSSINNVSIHEAVATKNLLLELLHQQKIALIIDSIKSDDSTLVNEVIHEEPSVVVCRKTHPRINGQINTKQFFKEKHCVLTDEWAVIQTTNHNQYLNNVQVETVASSLSGVVLNVIESDNIAIIPHSFAMKWKEQLDLQVIDLPIESNLVTYHFIYHKREKNNLHHKRIRNNIKETLKPFDKS,45.8,107,73,31.507,23,48,42,1,2,57.53,25,/stor/work/Wilke/crisprtn7/reblast2/GCF_000491815.1_S018_genomic.fna
NZ_AWMR01000022.1,0..30425,csx1,26579..25959,lcl|26579|25959|1|-1,-1,gi|219847991|ref|YP_002462424.1|CAS-III|csx1|CARF,7.43e-04,gi|219847991|ref|YP_002462424.1|CAS-III|csx1|CARF csx1,MRFTLNNVLIIDDQPLYSEALASLVENAINTAEVIQTTDSAEVMELVRSQRIDLIILDVVLGDRDGMRLAKNILATGYRGRLLFVSSRDYSSLSKAAYEMGANGFLNKNEARETIADAIVSVSRGYSMFKSTHTPSSGDVTLSNREAMVFHYLAQGYSNKKISEQLSLSAKTISTYKTRILKKYHADSLIELLHTIPQSENIQFCR,38.5,88,42,42.857,18,24,28,0,0,66.67,20,/stor/work/Wilke/crisprtn7/reblast2/GCF_000491815.1_S018_genomic.fna
NZ_AWMR01000022.1,0..30425,glmS,22916..23521,lcl|22916|23521|2|1,1,WP_035343592.1,4.48e-07,WP_035343592.1 glmS two-component system response regulator GlrR [Dickeya],MKDMNKMNCLIFDDHPLVCVAIKSLLKELGMTNEVFTATSAKSAFKTLKESNIELLILDVNLADCDGFDFYKRIKSHGYEGKVIFFSAETSQMYSQMAFRSGADGYVCKSENHDILKDAIEAVVKGYTFFKFKQVANEVREMPQLSSRESAVMKYLLQGKSNRDIASVLSISDKTVSTYKRRVLDKFNVKNIVELTRVAGT,47.0,110,119,29.412,35,72,58,3,12,48.74,57,/stor/work/Wilke/crisprtn7/reblast2/GCF_000491815.1_S018_genomic.fna
NZ_AWMR01000024.1,0..29557,tnsA,14605..15228,lcl|14605|15228|1|1,1,UniRef50_Q87GC1,6.42e-157,UniRef50_Q87GC1 tnsA Tn7_Tnp_TnsA_N domain-containing protein n=42 Tax=Gammaproteobacteria TaxID=1236 RepID=Q87GC1_VIBPA,MKKRIIKNSKVKNISRFVSLKTDSVQTTESDLEFDACFHFEFASHVKSFETQPLGFEYRLNGRLRRYTPDMLCYFNDGYATYYEVKPKWVTERDEFKKKFDAQKQQAIANGYDLLVLTEDDIQTYPLLDNLKIIHRYACSDSLDNVQVRILKLFQNYGEMRISQVINASQGQSASILPALYDLIAKKILEFDWHCPISHDSLVWRVS,431,1107,207,99.517,206,1,207,0,0,100.00,100,/stor/work/Wilke/crisprtn7/reblast2/GCF_000491815.1_S018_genomic.fna
NZ_AWMR01000024.1,0..29557,tnsB,15225..17099,lcl|15225|17099|3|1,1,UniRef100_A0A1T5HV69,7.11e-119,UniRef100_A0A1T5HV69 tnsB Transposon Tn7 transposition protein TnsB n=1 Tax=Photobacterium piscicola TaxID=1378299 RepID=A0A1T5HV69_9GAMM,MSDDSENLYAFGSFFPEKHSNTSVPKTSKGTRFGIELQESYQDLFSFDEKRRDEAIHRYNILDYLIELHGPSLTLKKISGSMKGLADKFHPNVPSAPSIYRYWTTFKKSGFVLSSLIPGVTRGNTKQRKTLELEEYIERAIKSYFSAESPTIQQAFTLLETEIDRHNECNDTQLSFEYESFRKRIVKKTDYERLLIKKGKKAADTYYKKVGQRPETTRVLQRVEADHTRLDLFVIDDARKLPLGRPWLTLLFDTHTKSVVGFYLGFEPPGYLSVSLALENAILPKYYVKELYPEVKGEWPCYGLPEHLIVDNGAEFNSKDFVTACKNLRIKVKKNPVKKPWLKGSVERYFRTINNKLLSGIPGKSFSNIFARGDYNPQKNAIITRSDLMKVIHVWLIDIYQSSPNGLENNIPNLSWADAMRSAFPPRSFNGSIDELRFNLGKHVEISLDRNGIRLKKTLRYTSSYLAQYFGKHTYDGKSIKVKIKYNPICMGNIYVLDEDKHEFFAVESVDPDYAYSVSEWLHKVCCDYARNHIRNNYRHNDVIKAWRVIYDIIDEALHLSGNGKQANVGIRQASKLERVREHAERTKSHQKPELHMSSNDDIDWDVEVNTDGWKIDSVRGTNK,364,934,617,35.332,218,374,344,9,25,55.75,98,/stor/work/Wilke/crisprtn7/reblast2/GCF_000491815.1_S018_genomic.fna
NZ_AWMR01000024.1,0..29557,tnsB,17300..18049,lcl|17300|18049|2|1,1,UniRef100_A0A1T0A091,2.09e-11,UniRef100_A0A1T0A091 tnsB Transposon Tn7 transposition protein tnsB n=1 Tax=Moraxella caviae TaxID=34060 RepID=A0A1T0A091_9GAMM,MEANDGSIIPILFTSLPANANPVTASERLLSSMGDPLAFSHGKDPAELMKIVNDLLRECRVELIIIDEFQHMIDRKSKDVLHSTADWLKMIIIDSKIPVVLFGMPYSTEILRVNNQLRGRFESQHHLKPFRVKDTSELIRYKTFMTMLDAALPFLEESGLASEDIMKRVYIFSKGNMRLIRRLINKAAKFALLENAPCISLKHFARAAPKVSRDACKSFNPFDTDTKKLKIIEPPEDVGWENYLAAKGD,61.6,148,199,24.121,48,134,94,6,17,47.24,78,/stor/work/Wilke/crisprtn7/reblast2/GCF_000491815.1_S018_genomic.fna
NZ_AWMR01000024.1,0..29557,tniQ,25614..24424,lcl|25614|24424|2|-1,-1,tr|S5IUU9|S5IUU9_VIBPH,0.0,tr|S5IUU9|S5IUU9_VIBPH tniQ Uncharacterized protein OS=Vibrio parahaemolyticus O1:Kuk str. FDA_R31 OX=1338034 GN=M634_16400 PE=4 SV=1,MMLLQRPKSYPDESLESFFIRVANKNGYNDVHWFLVAVKRYLLDIDPRKFQTFPTDICCINPYSSKKHSISRTHALHHLSQLTFNEPVDLLGIALNRNQMQFSPSTTALIRGAEVIPRSLLRKGAIPCCPCCLGEHGYASYRWHFSGYEYCHEHDVKLIERCSCGAIYDYRYAGLSGVCTECGENISASQENHEPKATRIASWLAGDDVKPLPDVPLSYRWGFMHWWSQISSSCKTRNNGEFLAFWEHWPNSFHKLIGKEIDFNFEYCVLSKNDLRVKDILGKILFSSIQLPDRNFRSNIILKEMFQYIETHLWDDNGKLANLRMNMLEICVLLNCSREQVTSMIEQGLLPPNRQLGKREILIVTEYAFYLGDVYCLWLSEFQSDEFNRSFYLSRW,789,2037,396,94.949,376,20,386,0,0,97.47,100,/stor/work/Wilke/crisprtn7/reblast2/GCF_000491815.1_S018_genomic.fna
NZ_AWMR01000024.1,0..29557,cas6,21467..20871,lcl|21467|20871|3|-1,-1,gi|28901245|ref|NP_800900.1|CAS-I-F|cas6f|cas6,2.25e-149,gi|28901245|ref|NP_800900.1|CAS-I-F|cas6f|cas6 cas6,MDWHYRTITFLPEYRNNEAIAAKCIKELHRFNYKYETRSIGVSFPLWGQETVGRKITFVSTNKMELDFLISRRYFVQMTKLGYFSISTTQTVPDDCSYVLFKRAHSIDKGTSAGRARELKRLERRALERGEIFDPIAYSKTTSHAFQSYHSLEEDSSSGNKFRLNIQMKERSGTVGTGKFSSYGLGNTDNSLQVVPLI,411,1056,198,99.495,197,1,197,0,0,99.49,100,/stor/work/Wilke/crisprtn7/reblast2/GCF_000491815.1_S018_genomic.fna
NZ_AWMR01000024.1,0..29557,cas7,22514..21471,lcl|22514|21471|3|-1,-1,"gi|433660433|ref|YP_007301292.1|CAS-I-F|cas7f|G7,CASCADE",0.0,"gi|433660433|ref|YP_007301292.1|CAS-I-F|cas7f|G7,CASCADE cas7",MKLPNGLSYMKSIEASDVIFLVNWPDGRKTPLPYTSRVALGMKEGSKSAYKDDGQIDADVTAYSLAQGNPHEIDFCCVPYGAESIECEFSVSFASSLRKPFKCSDPEVKRTLVQLIKLYEEKVGWEELANRFLENICNGRWLWRNNECTYSTSIGIKPWPWEDEKAISPFHDIRKNYAGTNHFRDHKDWDNLIKLITDAFSQPNGLCIFEVSATFRLGTNAPIYPSQVFKDSVKGEKNRIYQSTDVDGESSPILGCYKTGAAIATIDDWYPDADKPIRISHYGAHREDVYCYRHPNTGKDLFTLLEKADQYLEQLQATDVLPDEMINDLHFIVANLIKGGLLQQKGT,726,1875,347,100.000,347,0,347,0,0,100.00,100,/stor/work/Wilke/crisprtn7/reblast2/GCF_000491815.1_S018_genomic.fna
NZ_AWMR01000024.1,0..29557,cas5,24423..22501,lcl|24423|22501|2|-1,-1,"gi|433660432|ref|YP_007301291.1|CAS-I-F|cas5f|G5,CASCADE",0.0,"gi|433660432|ref|YP_007301291.1|CAS-I-F|cas5f|G5,CASCADE cas5",MATLAEILDNKTDDLNKDLRRAFRPLSAPVDISDTPIEALTILVNLTDRVIEQKNLLDRQKCKDKLRDEKWWANCFRTVKYRQSHNPKFPDIRANGVIRAAPVGHLPACMLSSSKLPKNSWAYANDSSQMNKSCFLTSEFIWNGDVHCLGQLLTELEHPLWNVLRKLGCYVKTAKYISKELALIPPLEINTSLVRNYLAQISLPNGEDSYISLSPVVSQSMQEDCYQVLSEHYRFSAITRFSRATNMGTLAMSCGGKFKMIRSLPPIEKYQHHHLDSVNWLTKRSVRAIRDYTESSVWVISPNKLALRKKSIIGDIKMMLSQWLRTTPTHEEKLDIRKLTERFNVDLAKTKFANRYAYDPLLTQLIYNCIGSIIHSSPQYAPKCEGNDDKYLLLPNLRISGASAMNTSVSIGIPSMMAFYGFVHAFQRNVQTANPNFKIESFAVCIHNIHVENRGLTREWVPNTKGQITAPATRDDWQCDVAVSLILRCSHYSQLIPRDFIRLLPGRIARGKVTVSISDIKHLGRCLSLADAIKAIPVETGRWLSLNNEVTLNSIQDVIDELKNNKLQTVNCIGYHRLETPCEKRGSLHGYKHAFVETILGIIKFLTISENTNPSQYFWQYHYSKQGPILLPRSVSDETS,1333,3450,640,100.000,640,0,640,0,0,100.00,100,/stor/work/Wilke/crisprtn7/reblast2/GCF_000491815.1_S018_genomic.fna
NZ_AWMR01000024.1,0..29557,yciA,14463..13978,lcl|14463|13978|2|-1,-1,WP_011072708.1,1.30e-88,WP_011072708.1 yciA acyl-CoA thioesterase [Shewanella oneidensis],MSSGQRDITLRFLAEPSDVNFGGKVHGGAVMKWIDLAAYACSAAWSGKYCITAYAGGIRFVAPIHVGNLVEVSAKVIYTGRSSMHIAIDVQASDPKQMKNRLTTHCIVIMVAVDESGKPTDVPKWIPESDEDKALEQSAIRLMNMRKEIGEEMEAHVKYLK,253,647,158,74.684,118,40,136,0,0,86.08,98,/stor/work/Wilke/crisprtn7/reblast2/GCF_000491815.1_S018_genomic.fna
NZ_AWMR01000024.1,0..29557,parE,19478..18105,lcl|19478|18105|3|-1,-1,WP_183466676.1,2.92e-40,WP_183466676.1 parE DEAD/DEAH box helicase family protein [Mycolicibacterium iranicum],MLRDWQRNCIKEALGKYKSGYKHFLTQATPGAGKTVMAAYLSKQLLDSNMIDLIICFSPSVNVANGFTRTFSRVLQCSFNGSLGALGTSLTYQAIQYLDEQFWETISKHRVLAIFDEIHHCSGETLSDANAWGEQIILKVQKASKYTLALTGTPWRSDSLPISLSSYSNPEGKIICDYQYTLKQAITDRVCRKPKLVLVDNEQLQYVSPEESKYYSSIQALFKEQKMSYSSIVQDTDALVHILKLSASKLLSIRASNQDAGGLIVASSVAHARQIQTILNEQLKQPSVMVSYHDPDAQKIIEQFKNGHSPWIISIGMISEGTDIPRLQVCCHLSNVRTELYFRQVLGRILRITDSNNQEAWLYTLAEENLVKFAEEIEQDIPDSCLYIKQPEDKEEEDAHSLETSSSHTVRTFSKLGNFKWNNSDTSAQVGNENSVPYGSFTLGRFRERVIEAFVGI,149,377,393,30.025,118,246,181,11,29,46.06,82,/stor/work/Wilke/crisprtn7/reblast2/GCF_000491815.1_S018_genomic.fna
NZ_AWMR01000024.1,0..29557,CRISPR array,20592..20741,,,,,"Copies: 3, Repeat: 29, Spacer: 31",ATTATCAGCTACCTATTCGGCAGTTCACC,,,,,,,,,,,,/stor/work/Wilke/crisprtn7/reblast2/GCF_000491815.1_S018_genomic.fna
NZ_AWMR01000026.1,0..27134,tnsA,12876..14843,lcl|12876|14843|3|1,1,UniRef50_A0A2D2C3Y7,1.78e-05,UniRef50_A0A2D2C3Y7 tnsA Tn7_Tnp_TnsA_N domain-containing protein n=4 Tax=Paracoccus TaxID=265 RepID=A0A2D2C3Y7_9RHOB,MRTKPYIGYAALIALLSLLSLQIDTSLSLGEQWQLFTQPESASEFRDVFFMQSQLPRLSITLLVGAMLGLTGSLMQQLTQNNLTSPLTLGTSSGAWLALVIVNIWFVDWVADYSAFAAMAGALVAFGLIISIAGVRNMTGLPLVVSGMVINILLGSIATALIILNAQFAQNIFMWGAGDLSQYSWDWFEWLLPRSTIAIVILIVAPRILTLMKLGQEGAAARGLAVLPAFGALMVMGIWLVSASITAVGIISFIGLLTPNIARAMGARTPRDELISSMLLGAALLLITDSAAIYLSLLLEETIPSGVAAAAIGAPALIWFTRKKLTATDQLNLSMSQGKTALSNAAVWGIAVMGIIGILAYSFVTHGISGIEFAIPGEFQWQLRWPRMISAISVGVALSIAGIILQRIVYNPLASPDILGVSSGATFAIIITGVMVGSVLAAFNWGVAFLGSLTVLILLLIIGKRSHFNPSNFVLSGIALSALLQALVQFALAQGSGESYKILLWLTGSTYRVTSTSALVLLISVLVLLAIVLALARWLTLISIGRAFSNARGLNPSSANTILLVIVALLCAFSTATVGPVSFVGLVAPHMAMMLGARKVKEQLFVGSLIGATLMVWADWLGQIAIYPSQIAAGTLVAIIGSTYFLFLMLKSKFR,44.7,104,121,28.926,35,81,59,2,5,48.76,18,/stor/work/Wilke/crisprtn7/reblast2/GCF_000491815.1_S018_genomic.fna
NZ_AWMR01000027.1,0..26642,tniQ,15828..14797,lcl|15828|14797|3|-1,-1,tr|A0A2W1D0I8|A0A2W1D0I8_9PLEO,2.25e-10,tr|A0A2W1D0I8|A0A2W1D0I8_9PLEO tniQ Pectate lyase OS=Pyrenophora tritici-repentis OX=45151 GN=A1F97_07859 PE=3 SV=1,MKIKALSKLKPEQGIWMTEVDKPEVGHNDILIKIKKTAICGTDVHIYNWDEWSQKTIPVPMVVGHEYVGEVVAIGQEVRGFEIGDRVSGEGHITCGHCRNCRGGRTHLCRNTIGVGVNREGAFAEYLVIPAFNAFKIPDEISDDLASIFDPFGNAVHTALSFDLVGEDVLITGAGPIGIMAAAVAKHVGARHVVITDVNEYRLELARKMGVTRAVNVAEEKLEDVMAELGMTEGFDVGLEMSGNPAAFNSMLTTMNHGGRIALLGIPPSDMGIDWNQVIFKGLVIKGIYGREMFETWYKMASLIQSGLDLSPIITHHYKIDDFQEGFDVMRSGMSGKVIFDWE,58.9,141,270,25.185,68,158,121,11,44,44.81,76,/stor/work/Wilke/crisprtn7/reblast2/GCF_000491815.1_S018_genomic.fna
NZ_AWMR01000027.1,0..26642,guaC,5263..6402,lcl|5263|6402|1|1,1,WP_029576773.1,6.86e-04,WP_029576773.1 guaC GuaB3 family IMP dehydrogenase-related protein [Bifidobacterium thermacidophilum],MIISASTDYRAAAKAKLPPFLFHYIDGGSYDERTLKRNTDDLGDVALRQRVLRDMTDLSLETEIFGEKLAMPIALAPVGLTGMYARRGEVQAAKAAEKKGIPFTMSTVSVCPIEEVAPAIERPMWFQLYVLKDRGFMKNVLERAKAAGVTTLVFTVDMPVPGARYRDMHSGMSGPNAAMRRVFQAMRHPSWALDVGLLGKPHDLGNISTYRGEPTKLEDYIGWLGANFDPSISWKDLEWIRDFWDGPMVIKGILDEEDAKDAVRFGADGIVVSNHGGRQLDGVLSTAKALPSIADAVKGDLKIFVDSGIRTGLDVVRMLALGADCTLLGRSFVYALAAQGGAGVENLLDLYDKEMRVAMTLTGAKTIADLSRDSLVKIP,38.9,89,118,28.814,34,67,57,4,17,48.31,27,/stor/work/Wilke/crisprtn7/reblast2/GCF_000491815.1_S018_genomic.fna
NZ_AWMR01000027.1,0..26642,glmS,25371..24610,lcl|25371|24610|3|-1,-1,WP_035343592.1,1.01e-08,WP_035343592.1 glmS two-component system response regulator GlrR [Dickeya],MRRLPDKERIMERHTTNVVANILLIEDDDDLAELVQMHLKFQGHQVSRESSVAAGRNTYQQQSFDLVILDRGLPDGDGLDICHHLRQRQDWTPVLVLTARDGEMDKVDGLEADVDDYITKPFSVLEFQARVRNVLRRVNQVAEKPTPERPEEEALNFGDLKIIPQLHQVSLNDKDVALTATEFTLLQFLATRPGRVYSKDELLDHVWNTNHTGYHHTVCSTINRLRSKLSLSDSEHHFIQTVWGVGYKFQPRP,52.8,125,107,28.972,31,76,56,0,0,52.34,42,/stor/work/Wilke/crisprtn7/reblast2/GCF_000491815.1_S018_genomic.fna
NZ_AWMR01000030.1,0..26302,tnsA,18943..23007,lcl|18943|23007|1|1,1,UniRef50_A0A2U3AGR1,5.13e-06,UniRef50_A0A2U3AGR1 tnsA Tn7_Tnp_TnsA_N domain-containing protein n=1 Tax=Kurthia sibirica TaxID=202750 RepID=A0A2U3AGR1_9BACL,MIPQFVIPLTNCLGQSYHFSSQPIPKGEHKKFDSEQSAKAFLDDFVPLSSSRVEELYHLLGQFPPNVPDEELTPELYAPVFAKALVNGSLYVASFPKTKKNATISSEPTPVPKQVKAKSKQNKAHTYSKTQAKNSASAKPLQTGSECHEKAGDPVSLVTGEEILTLNDVELPNGFVWSRTYRSSKASRNQGLGYGWRHAFQFELKEVTDEKHNVTSWEFISDSADEIEFEPVEHGSTSYQVYVGASCHFLNPNIRIVTLSSGDQYRFELVEDIWLLKQVRNGIFSTFQLRYSRNHRLIEVAHNKRPVLECQYDKQGRLVELLNAKTEQVLTTYIYDEQDDLVSATNDLGLTERYEYQDQHLIAKRVRPTGFTHHFEWSGEGSSAKCIRNFGDSGIYDYRFHYEGAKSSYSDSLDNEWTFIHDEQGHLLEKSSPTGRTWQWHYDHLGRKEKAVFPDNSTTQYQYNQQGQLISKLHSSGAQIQYGYDSLGKLVKTVSPDGDLEKAYYNSLGQRVWDIDALGCVTEYEYDKHGQVVKRESEDGKKSRWWWDKQQRLVAHEVDGTLLRYSYGATDLVNGIAYPDGCVAQISYDDYGRRTSIRYFNDEDKDGYSEEYAYDEFSRVAQIQTPEGVTSYQWGALAQQEAVIFPDGSHISYEYDQQRNLTKLVRSDGLEFEFLYDSEGLLSGTVGFDGLHSQFKYDSMGRIIRKDVVDRTVLYRYDDAGFLQHIKAGNGKNIVENHFNYTLGGRLTLASNRHQTLQYQYSSFGHLTKRIQGQFEIGEEFNRVGQRVSQTLPDKTSLNFSYDTNGRLSEIRFSDDSLPKIEFQYDVMGRLSIIETKSFRESKLYDGVGRLVEQQWSGRDKKYIYDAQNRISSILDNTAGATHYQYDTLGHVTKVSEAGSTSTFESDSFGNPALADSKVMSDRIEAYAGVRYKYDQQGNQVKREGDGTVQKRVFDALNQLVEVHGDSSISHYEYDALGRRTKKITQHGITEFLWEGERLLGERTVNGFRWYLYQPETYIPLAVLENGSIYLYECDQVGKPERLKDSAGNIVWSASYDVHGFASIDVEEVRNPLRFQGQYFDQETNLHYNLARYYDPKLGRFIQQDPISIAGGINHYQYAVNPIQWIDPTGFLCEEGLKRLQKMLAEYQAQNNVPQEVCDQILEAAKESSVGEDGVRSQVKIRKPKGKNHIRYEYDLDHIDCERNEITFYRHINYSGGFTREFRHAVSINDFVNAHVSGEIKGLVFTKRGFPTKSHKRSVDEVNLLRKEFESIKPEFVRCYASTKEAAKRFTSKQLVKMIKSGRLPDGFIIHHKTPLFRGGDNSFDNFRVMNSKFHQKYNKRLHWYDEGKNIYQK,48.5,114,83,39.759,33,43,44,4,7,53.01,6,/stor/work/Wilke/crisprtn7/reblast2/GCF_000491815.1_S018_genomic.fna
NZ_AWMR01000030.1,0..26302,glmS,2683..4134,lcl|2683|4134|1|1,1,WP_035343592.1,1.98e-81,WP_035343592.1 glmS two-component system response regulator GlrR [Dickeya],MSTQSHISTNQQYNAFSVLVVDDELGMQAILKKALGKLFSHVDTAGSIEEAEQLRNSRHYDLILLDINLPGRSGIEWEEAFEDDEKRADVIFMTGYADLEIAIRALQLGASDFILKPFNLEQMLKAVSRCMDRRLNERMQYAMKRDYQRHNTSEIIGGSEKTRQLKQLITQFAPSRASVLVEGESGTGKELVARGIHQASGRTGPFVPINCGAIAPELLESELFGHTSGAFTGAKKSREGLFRVANGGTLFLDEIGEMPLSMQASLLRVLEQRTIRPVGSEREISIDVRIVAATNRNLQEEVNQGNFRSDLYYRLNVLKIEVCPLRERKTDLFELVPFFSNMLTRELGMPAPKWAHEDMEAMSEYDWPGNIRELKNLIERCILLGKPPAHYWRELNGGHSLPNVSITVSHSAELPTFREGKEFTGEGYPNNWTLKEVEKAHIKQVVNLHEGNKSAAARDLGVARKTLERKYKEWDSEDEGYAD,257,657,471,35.032,165,261,261,11,45,55.41,96,/stor/work/Wilke/crisprtn7/reblast2/GCF_000491815.1_S018_genomic.fna
NZ_AWMR01000031.1,0..24024,tniQ,4024..3356,lcl|4024|3356|3|-1,-1,tr|A0A2T1ALU7|A0A2T1ALU7_9RHOB,5.14e-04,tr|A0A2T1ALU7|A0A2T1ALU7_9RHOB tniQ TniQ protein OS=Epibacterium scottomollicae OX=483013 GN=CLV89_102276 PE=4 SV=1,MPEIKQLFENNSKWSEEIKSDRPEYFAKLAEGQKPDFLWIGCSDSRVPAERLTGLYSGELFVHRNVANQVIHTDLNCLSVVQYAVDVLKVKHIIVCGHYGCGGVNAAIDNPQLGLINNWLLHIRDLYFKHRSYLDQMPVEDRADKLGEINVAEQVYNLGNSTIMQNAWERGQDVEIHGVVYGIEDGRLEYLGIRSNSKETVEASYQKALSTILNPDNKLLCR,38.5,88,64,35.938,23,39,35,2,2,54.69,29,/stor/work/Wilke/crisprtn7/reblast2/GCF_000491815.1_S018_genomic.fna
NZ_AWMR01000031.1,0..24024,cas3,15090..17606,lcl|15090|17606|3|1,1,gi|451816684|ref|YP_007452951.1|CAS-I-D|cas3|cas3,0.003,gi|451816684|ref|YP_007452951.1|CAS-I-D|cas3|cas3 cas3,MFLCTMLPPLHHKVFPLSQLPIEAVMPQLLTAVKHQHQVILKAAPGAGKSTYFPLQLIQNQVVTGKVIMLEPRRLAARNIARYLAEQLGEQVGQRVGYRVRGETKVSASTQLEIVTEGVMTRMIQNDPELDGVDLLIFDEFHERSIHADTALALSLEVQDALRDDLKLVVMSATLDQEALQSLLPEACYIESEGRSFAVETRYAPLTANDHLSTVMAKNIESLMNKESGSLLAFLPGVAAIKQVQERLSHLPDDVEVCPLYGQLSFTEQQKAISPAEKGKRKVVLATNIAETSLTIEGIRLVVDSGLERVARFDLKNGLTRLEQTRIAQSSAIQRAGRAGRIEEGICVRLYSESQLKQQPQVPQPEILHSDLASLVMELAFWGTTDIHELKWLDIPSAAALQQAKQLLFSLGLITEQGQLTAEGKQAHDLGVEPRAAAMLIKSQSHSDKMVNVALAAVALIEEPERNVTNIAHSLHRWLSGSHPKQSLLLKRAQSLAHKLDTTFSHREVDEDALPLVLSLAFPDRIAQQRANQFGRFALANGHGAECRPDDMLGGCEYLVAIDLMRSHSNSSQIHLACELDVNILQTTFDSLFSTKEVVDWDEKKGRLVAEKQRKLGQLVIERVSLPNPGKEKMTQALLTYVRRQGLSSLNWTPAAESLLERIRCAVDWLPEQAWPMFDEASLLDSLDEWLEPYMTSVASVKDLSKINLVEALNARLGWPLNQHLDEWLPEHYQLPTGTKKRIRYQHGHEPVLSVRMQEVFGESTSPTVAIGRKRLVLELLSPAQRPLQVTSDLAAFWNGSYKDVQKEMKGRYPKHVWPDDPANHVATTKTKRQLNND,39.7,91,225,25.333,57,131,93,7,37,41.33,25,/stor/work/Wilke/crisprtn7/reblast2/GCF_000491815.1_S018_genomic.fna
NZ_AWMR01000033.1,0..25585,tniQ,15344..14511,lcl|15344|14511|3|-1,-1,tr|A0A0W7WYX0|A0A0W7WYX0_9ACTN,5.48e-05,tr|A0A0W7WYX0|A0A0W7WYX0_9ACTN tniQ HTH lysR-type domain-containing protein OS=Streptomyces silvensis OX=1765722 GN=AT728_13705 PE=4 SV=1,MEWLNSELINFAAICKHLSLTEAAKELGKSKAQVSRQLAMLETALGVTLVHRTTRKLVLTDHGKSISPLALETLSKLQELNYRARSLSDCISGKFKITMPNSIASSIFGSILRKLQERYPAVIFEISSSNKVENLLESNVDMAIRLNDVVDDNLIAHKVGNYNDVLISNDSNEISSTLLIYKNHSNKEEIRKNYCDVIEVDNTSILLNFVEQGVGLGVIPNYLLKGSSHQEILKVTHTYSTEKSMYVAYPYQNPLPRKLAEISSFIRLELTAILGEK,42.4,98,76,36.842,28,42,40,2,6,52.63,27,/stor/work/Wilke/crisprtn7/reblast2/GCF_000491815.1_S018_genomic.fna
NZ_AWMR01000033.1,0..25585,glmS,632..1603,lcl|632|1603|2|1,1,WP_035343592.1,6.37e-07,WP_035343592.1 glmS two-component system response regulator GlrR [Dickeya],MERVMQPTGTSMRILLVDDVQLDRMQLAIRLKQLGHIVKAVGSGIEALNTYESFDPELVLLDISMPEMNGFEVSLHVRETFPDWIPIIFLSSHEEPEMIAKAIDAGGDDYLIKPVDKLVLNSKLIAMQRIAHMRRELKQATAQLEQVNQLLTQQANEDGLTKLFNRRYIDQKLDSMVAWHGRHHMPMAMILLDVDFFKPFNDNYGHIEGDRCLQAIANQLKATFCRSGEYVGRYGGEEFVVLLSSTDAQTAEREAERIQEAMYFLDYQHEFSSVANRVTVSQGVFVFQPTGKENQADLYATADRALYTSKSLGRNTYTMVNAS,48.1,113,111,34.234,38,70,55,3,3,49.55,34,/stor/work/Wilke/crisprtn7/reblast2/GCF_000491815.1_S018_genomic.fna
NZ_AWMR01000036.1,0..22615,tniQ,1467..2615,lcl|1467|2615|3|1,1,tr|A0A2W1D0I8|A0A2W1D0I8_9PLEO,4.58e-12,tr|A0A2W1D0I8|A0A2W1D0I8_9PLEO tniQ Pectate lyase OS=Pyrenophora tritici-repentis OX=45151 GN=A1F97_07859 PE=3 SV=1,MTLEIKPGQTHIKSKAMVAWAAGEPLKMEEVDVQLPKAGEVLVRIVATGVCHTDAFTLSGDDPEGIFPSILGHEGGGIVEMVGEGVTSVEVGDHVIPLYTAECGECKFCKSGKTNLCQAVRETQGKGLMPDGTSRFSINGETIFHYMGCSTFSEYTVLPEISLAKVNKQAPLEEVCLLGCGVTTGMGAVLNTAKVEKGDTVAIFGLGGIGLSAIIGARMAGASRIIGIDINESKFDLAKQLGATDVINPQKFDKPIQEVIVEMTDGGVDYSFECIGNVNVMRQALECCHKGWGESVIIGVAGAGQEISTRPFQLVTGRVWRGSAFGGVKGRSELPEIVNRYMAGEFGLQEFITHTMGLEDVNKAFDLMHEGKSIRTVIHMDK,64.3,155,245,26.939,66,160,124,11,19,50.61,61,/stor/work/Wilke/crisprtn7/reblast2/GCF_000491815.1_S018_genomic.fna
NZ_AWMR01000039.1,0..24433,tnsA,11746..12399,lcl|11746|12399|1|1,1,UniRef50_A0A3M5N9X7,3.83e-05,UniRef50_A0A3M5N9X7 tnsA HTH gntR-type domain-containing protein n=380 Tax=Bacteria TaxID=2 RepID=A0A3M5N9X7_PSEAZ,MLSPRQKLPAERKLAESFDTTRVTLREALSLLEAEGRIYREDRRGWFISPEPLRYDPTQTLNFPNMAKAQNRVPKTELIAAKGTLANKQSARLLQLQPFSDVFRVDRVRYLEERPVVYVTNYIRPEIFPNLLSFDLTNSLTDIYREHFGVVYQKTRYRISTSTLLGEVAQALRATSGTPAMVVERTNYNQHGELIDCDIEYWRHDAISIESVAELNH,41.2,95,51,39.216,20,31,32,0,0,62.75,24,/stor/work/Wilke/crisprtn7/reblast2/GCF_000491815.1_S018_genomic.fna
NZ_AWMR01000042.1,0..23007,tnsC,1382..3007,lcl|1382|3007|2|1,1,UniRef100_A0A168MRZ6,7.62e-06,UniRef100_A0A168MRZ6 tnsC Transposon Tn7 transposition protein TnsC n=2 Tax=Clostridium ljungdahlii TaxID=1538 RepID=A0A168MRZ6_9CLOT,MYKDFFGFVEQPFSIVPNSRYLYLSQRHKEAITHLNAGLGDGGGFAMLTGEVGTGKTTVAKAMLANLDESTKAGLILNPTFSSRDLLEAICDEFKISYPQDATLKQLNQVIHHYLLRNHKVGWQTLLVIDEAQHLAADVLEQLRLLTNLETDTRKLLKVLLVGQPELQRLLQTTQLRQLAQRITGRYHLLPLDEKETADYIAFRLHTAGGDQQLFHRSSSKLIAKYSHGIPRLINLICDKALNMSYHQGSVVVDKQTVQQACEEVMQFQADIYQQDKPRQSFTWPAWGSAAIGVMAAVGVGWAAINYMPMKPKAPMSEVPVAASSSTPAPAPLMASEQLTDAQRDMLLAQKQSNLAVNDLYRLWGYRASVRDNLCLSEPQSTMRCERKMATWPLLMQQNRPVILELNYQGDVGYVILYAVGNDQVEVLNGKQRLRLPVSWLKPMWQGNIIELWQAPLKETLRLDMEGPAIEVLDQLLAKAVSESPLETSIFDGALKERVELFQRWQGIGVDGIAGHRTLERLQQSVQPNAPTLASINKEEA,46.2,108,300,23.667,71,163,122,12,66,40.67,48,/stor/work/Wilke/crisprtn7/reblast2/GCF_000491815.1_S018_genomic.fna
NZ_AWMR01000042.1,0..23007,parE,18851..19435,lcl|18851|19435|2|1,1,PRD20609.1,4.79e-27,PRD20609.1 parE parE [Trichonephila clavipes],MSKPSLLLYIHGFNSSPLSMKANLMREYCAQHRPDIKVIVPQLPCFPEQAAQLLLDIVEQYKDDYNIGLVGSSLGGYMSTWLNAKYGFKAVVVNPAVKPYELLVDYLGEQTNPYTHETYTLEACHIDELKALDVQSIASPNSFWLLQQTEDEVLNYRQAVDKFAKAKQTVEQGGDHSFVGFERYPAKIIEFLEL,105,261,158,40.506,64,85,96,3,9,60.76,81,/stor/work/Wilke/crisprtn7/reblast2/GCF_000491815.1_S018_genomic.fna
NZ_AWMR01000042.1,0..23007,parE,19688..21568,lcl|19688|21568|2|1,1,WP_000195318.1,0.0,WP_000195318.1 parE DNA topoisomerase IV subunit B [Salmonella],MTEQYNAGAIEVLNGLEPVRRRPGMYTDTARPNHLGQEVIDNSVDEALAGHASKVQVILHADQSLEVIDDGRGMPVDIHPEEKVSGVELILCKLHAGGKFSNKNYQFSGGLHGVGISVVNALSKRVEVTVRRDGQVYEIAFEHGDKVSDLTVTGTCGRRNRGTSVHFWPDAKYFDSANFSVTRLVNNLRAKAVLCPGLEITFTDKVNNKDYQWYYEDGLKDYLAEGVKGYPVLPEEPFTGEFSADTEAANWAVIWQPEGGEMITESYVNLIPTAQGGTHVNGLRQGLLDAMREFCEFRNLLPRGVKLTGDDVFDRCSYVLSVKIQDPQFAGQTKERLSSRQTAAFVSGVVKDAFSLWLNEKPQLAEQLAEVCIANAHRRMRASKKVVRKKVASGPALPGKLTDCSVQDLNRTEIFFVEGDSAGGSAKQARDREFQAVMPLRGKILNTWEVSADQVLASQEVHDISVALGIDPDSDNLDSLRYGKICILADADSDGLHIATLLCALFTRHFRALVEAGHIYVAMPPLYRIDCGKEVFYALDDDEKDGILERLSKKKAKINVQRFKGLGEMNPIQLRETTMDPNTRRLVQLTIDDSEATMEMMDMLLGKKRADDRRSWLQNNGDLAEV,1062,2747,628,79.299,498,128,563,1,2,89.65,100,/stor/work/Wilke/crisprtn7/reblast2/GCF_000491815.1_S018_genomic.fna
NZ_AWMR01000045.1,0..23217,tniQ,15664..14690,lcl|15664|14690|3|-1,-1,tr|A0A2R4JX03|A0A2R4JX03_9ACTN,1.42e-04,tr|A0A2R4JX03|A0A2R4JX03_9ACTN tniQ LysR family transcriptional regulator OS=Streptomyces sp. P3 OX=2135430 GN=C6376_37020 PE=4 SV=1,MECASFMDKIRSLRFFIATLEGGSFAAAAKAYGTDPSTVSKAIHRLESDLGIQLFQRSTRQIRLTEAGRRYANTARFVLDELTACEDSLKSHNDALSGLLKINVPVSYGRLYIRPLLKEFCRRYPSITIDIHYDDAYVDIIEQGVDVSIRSGVVQDSQLIVRQLSPIDFIICGSQDYLTQHGVPSGPDAFNDHSWVRFRFKQTGKLLPIRMPEPDGASEYNPERNFIVNDGESMAELCAEGLGLTQIPHFIARDWLKAGRLVPIFPSMRQAGNGVYLLYANREYVPARVRVFIDFITQAIQDMDETPFHTWAETLPIYQPNQGD,41.6,96,60,41.667,25,33,35,1,2,58.33,18,/stor/work/Wilke/crisprtn7/reblast2/GCF_000491815.1_S018_genomic.fna
NZ_AWMR01000045.1,0..23217,tniQ,20251..19304,lcl|20251|19304|3|-1,-1,tr|A0A391PPK1|A0A391PPK1_9MYCO,1.59e-04,tr|A0A391PPK1|A0A391PPK1_9MYCO tniQ HTH lysR-type domain-containing protein OS=Mycolicibacterium sp. NCC-Tsukiji OX=2185272 GN=NCCNTM_10160 PE=4 SV=1,MSSAKMDRKQQMLSNMYTFAVAGKCLSFTKAAEELFITQGAVSQRIKSLEEQLGFSLFVRMTRRLELTKEGERLLHALNQSFEVIFSELEDIKFNELRGELYIGVAPTFAQSWLLPRMVEFQRLYPSLNIKLRVKASRLDFLHEPVDIAIYYSDSEHPGFHHQRLFDEELMPVCSPEYSQIHFSDGVSSASQFEAVTFIHCTESLEANEPNHEWQSWLASQSNPELKSLNVMEKTYLFNHADMAMIAAKNSMGIAMARASLVQASLEKGELVAPFERVNAGRGYDLICLNGQQHRPKNAAFIEWLETQLPPLASQ,41.2,95,67,35.821,24,41,39,1,2,58.21,21,/stor/work/Wilke/crisprtn7/reblast2/GCF_000491815.1_S018_genomic.fna
NZ_AWMR01000045.1,0..23217,tniQ,22706..21714,lcl|22706|21714|2|-1,-1,tr|A0A2W1D0I8|A0A2W1D0I8_9PLEO,3.20e-14,tr|A0A2W1D0I8|A0A2W1D0I8_9PLEO tniQ Pectate lyase OS=Pyrenophora tritici-repentis OX=45151 GN=A1F97_07859 PE=3 SV=1,MAPTINTRVNQFCFGQPKTSLSLEKVPLKPLAQGKVRVRLEATNINPSDLLSIHGVGQYRRVHVPPRVPGFEAVGRVVEVSAVGQTGFQVGQKVLVAMSGTWQYYIDASPENLFPLPESLDNGYACQLYINALTAWVITTKVAKLNKGDVVIINAAGSAIGKIFAQLAHSLGFTLIAVTSKPEEYPYDTIPVLDAKQDLHAQLQTRKLLQPTVALDAIGGKAGTDLIRTLKENGQYINYGTLSLAPYTPVFFESMKANNIDFSTFFLRYWEESVGKGGRKTVFAEMLKHFIANDIKLAVAHYLPLEAFQTAIEQIEEKSLARSGKIILTM,70.5,171,306,26.471,81,196,133,10,29,43.46,87,/stor/work/Wilke/crisprtn7/reblast2/GCF_000491815.1_S018_genomic.fna
NZ_AWMR01000048.1,0..22477,tniQ,7386..6469,lcl|7386|6469|2|-1,-1,tr|A0A498PN23|A0A498PN23_9MYCO,5.48e-06,tr|A0A498PN23|A0A498PN23_9MYCO tniQ HTH lysR-type domain-containing protein OS=Mycobacterium attenuatum OX=2341086 GN=LAUMK136_00063 PE=4 SV=1,MAIEPSLISSLTWFAHVARHRSFTKAASEMGVTRAALSQHVKGLEKQLQVRLLNRTTRNMSLTEEGQRLLDTLHPSLTNIEQALNSLNDLHIEPAGLIRISVSRTAARLLIEPHLGEFLSRYPKIRLELIMDDGLTNIVAEGMDAGIRLGVSLDEHMVAIPITPNLTNAIVGSPDYFKRYGKPETPNDLEHHNCLAYRFTSSGTLDHWSLTSPDVDKHTVIFEPKGNAVFNDDYSMLQAAIQGVGLIKHIDLWVLKYLEEGKLERVFVDWCKPFPGFYLYIPSRENMPKKIRVLMDFLIEKRAEL,45.8,107,79,36.709,29,43,42,2,7,53.16,24,/stor/work/Wilke/crisprtn7/reblast2/GCF_000491815.1_S018_genomic.fna
NZ_AWMR01000048.1,0..22477,cas3,5303..6358,lcl|5303|6358|2|1,1,gi|319790584|ref|YP_004152217.1|CAS-I|cas3HD|cas3,0.010,gi|319790584|ref|YP_004152217.1|CAS-I|cas3HD|cas3 cas3,MSGEKTEQPTAKKLRDARKKGQVAKSQEIVSSALILALIAVLFAFADYYMSHISALLLLPSELAYQGFQDALIDVAIAIAKEMAYLLAPIILVAALIAIFSNMGQFGFLFSGESIKPDIKKVNPVEGAKRIFSLKSVIEFIKSILKVSLLSCIIWVTLRGNINTLMQIPTCGLECVPAVTGVMIKQLMIISSVGFVVIAAADFAYQKFDHTKKLKMSKDEVKREYKEMEGSPEIKSKRRQLHQELQASNQRENVKRSNVLVTNPTHIAVGLYYKKGETPLPVITLMETDAMAKRMIAIAREEGVPVMQKVPLARALYADGNVDQYIPSELIEATAEVLRWLASLESDGTQR,36.6,83,111,32.432,36,65,55,5,10,49.55,30,/stor/work/Wilke/crisprtn7/reblast2/GCF_000491815.1_S018_genomic.fna
NZ_AWMR01000050.1,0..22361,tnsA,14877..13015,lcl|14877|13015|3|-1,-1,UniRef50_A0A380Q0N8,3.06e-05,UniRef50_A0A380Q0N8 tnsA RNA polymerase sigma factor n=17 Tax=Enterobacterales TaxID=91347 RepID=A0A380Q0N8_YERFR,MDQNPQSQLKLLVIKGKEQGYLTYAEVNDHLPAEIVDSEQVEDIIQMINDMGIKVVETAPDADDLALNDDTNITDEDAAEAAAAALSSVESEIGRTTDPVRMYMREMGTVELLTREGEIDIAKRIEEGINQVQSSVAEYPGTIPYILEQFDKVQAEELRLTDLISGFVDPDADDTAAPTATHIGSELSETQLEEEDEEDLEDDEESDDDSDDSEEDVGIDPELALEKFNQLRSTYQNLQLAINEYGYDSPKATVANEMMLDVFKEFRLTPKQFDHLVNELRTAMDRVRTQERLIMKSVVEYGKMPKKSFIALFTGNESSDAWLDEILASDKPYAEKIKRNEEEIRRSIAKLKMIEEETSLNVQNIKDISRRMSIGEAKARRAKKEMVEANLRLVISIAKKYTNRGLQFLDLIQEGNIGLMKAVDKFEYRRGYKFSTYATWWIRQAITRSIADQARTIRIPVHMIETINKLNRISRQMLQEMGREPLPEELAERMQMPEDKIRKVLKIAKEPISMETPIGDDEDSHLGDFIEDTTLELPLDSATATSLKMATKDVLAGLTPREAKVLRMRFGIDMNTDHTLEEVGKQFDVTRERIRQIEAKALRKLRHPSRSETLRSFLDE,44.7,104,52,42.308,22,29,34,1,1,65.38,8,/stor/work/Wilke/crisprtn7/reblast2/GCF_000491815.1_S018_genomic.fna
NZ_AWMR01000050.1,0..22361,glmS,2260..335,lcl|2260|335|2|-1,-1,WP_035343592.1,4.26e-25,WP_035343592.1 glmS two-component system response regulator GlrR [Dickeya],MLSIEDTKTKWEFFQKHHWVSPEFSRTPVLESWERCIKQCSPYTWSKPHIASGFTFSSLMKRNEHLIECATTVLEDTYDMLGDEDLLLMITDGNGCVLSVVGHHSMQQEMQSLGIKQGCFLSEGKIGTNAVNLCISTHIPSEVFAAEHFNRHLHSYASVAAPVFDQFGKLRGTTCLLKKAETYKKENLVIIASSAKEVSLQIHIQSEQENINRLTCAHNATLECMDDGLLAWDEESRITMVNYQSERLLNIEASQVLDKEVFSVLRFPPNVLNSLESGASINRKLTTVEVRGEFVEAIITLRPLNDGTHLLFLHPIDKIRELAQQQIGGSARYTFSTLPVISRKMKHVITVAKRAIKSKSPILITGEEGVGKATLAMAIHNESTYKEGPFITLNCRSINTEQLVKETLGYDEGQGMPSKFELAHGGTLFLEKVEYLSPDLQAVLLKLLKTGLVSRSDSLRLIPVDFQLITSTASEISEYVTQRSFGRQLYYEISSNELHIPPLRKRKEDIEFLVQQLISHYERRHNVTISIEPVALEALMNFRWSGNNSELRNRTERILLNRSSNLIKLNDIPEDIKLNSRHTAENTSVITLEEAERRAIVQAWNQCDGKMHDMAKALQIGRTTLWRKINKFGLQEQMKLY,106,264,265,30.189,80,170,129,5,15,48.68,40,/stor/work/Wilke/crisprtn7/reblast2/GCF_000491815.1_S018_genomic.fna
NZ_AWMR01000050.1,0..22361,rsmJ,17759..18820,lcl|17759|18820|2|1,1,PRD22402.1,3.46e-06,PRD22402.1 rsmJ rsmJ [Trichonephila clavipes],MTPKFPLYRKHTEKTMRIIGIETSCDETGIAIYDDEKGLLAHKLYSQVKLHADYGGVVPELASRDHVKKTIPLIKEALKEANLTSQDIDGVAYTAGPGLVGALLVGATIGRSIAYAWGVPAVPVHHMEGHLLAPMLEDNPPPFPFVAVLVSGGHSMMVEVKGIGEYKILGESIDDAAGEAFDKTAKLMGLDYPGGPLLSKLAEKGTPGRFKFPRPMTNVPGLDMSFSGLKTFTANTIAANGDDEQTRADIAYAFEEAVCATLAIKCKRALEQTGMKRIVIAGGVSANRRLRAELEKLAKKIGGEVYYPRTEFCTDNGAMIAYAGMQRLKNGEVADMSVEARPRWPIDQLTPIA,46.6,109,114,19.298,22,76,57,2,16,50.00,32,/stor/work/Wilke/crisprtn7/reblast2/GCF_000491815.1_S018_genomic.fna
NZ_AWMR01000050.1,0..22361,rsmJ,21529..22332,lcl|21529|22332|1|1,1,PRD22402.1,6.55e-28,PRD22402.1 rsmJ rsmJ [Trichonephila clavipes],MSYFEAFILALIQGLTEFLPISSSAHLILPSAIFGWADQGLAFDVAVHVGTLMAVVIYFRHEVITLFQALFASIFKGDRSKEAKLAWMIVIATIPACVFGLLMKDVIEVYLRSAYVIATTTIVFGLLLWWVDKNAKLVADEYQTGWKKAVFIGIAQALAMIPGTSRSGATITAALYLGFTREAAARFSFLMSIPIITLAGSYLGMKLVTSGEPVHVGFLLTGILTSFISAYICIHFFLKMISRMGMTPFVIYRLILGVGLFAFLLSA,110,274,200,39.000,78,113,125,7,9,62.50,73,/stor/work/Wilke/crisprtn7/reblast2/GCF_000491815.1_S018_genomic.fna
NZ_AWMR01000056.1,0..19791,tnsA,15068..16855,lcl|15068|16855|2|1,1,UniRef50_K6WRZ3,7.64e-04,UniRef50_K6WRZ3 tnsA Uncharacterized protein n=2 Tax=Actinobacteria TaxID=1760 RepID=K6WRZ3_9MICO,MDKKKQSSLNKWLKQRSKLAKRWLMIAIGLGVLSSVFLLAQAALLASILHQLIIEQVDKSELIWHFVGLVGTVIGRAACTWGREIAGYRCGEQIRVYIRQLILDKVHKLGPAYIKGKPAGSWATLILEQVENMQDFFSRYLPQMSLSVLVPFIILVVVFPVNWAAGLIFLVTAPLVPIFMALVGIKAAEANRKNFKAMQRLSGHFYDRLQAMTTIRLFDRTKSETETLKGASEVFRTRTMDVLKIAFLSSAVLEFFTSISIAITAVYFGFSYIGELNFGYYGAGVTLFAGLFILILAPEFYQPLRDLGTFYHAKQQAVGAAESIVEFLELEVDQVKDGTQSLEQNTPIQIEAQDLVVFSPEGKQLAGPLSFSLEANQSTALVGPSGAGKTSLVNTILGFMPYKGSLKINGCELSQLDLSTWREAVSWIGQNPMLLHGSIRDNVTLGKHDIPDAQVNTVLNDSYAAEFVEMHGLDYAISDRSGGLSVGQAQRLALARAMLQNGRFWLLDEPTASLDARSEKLVMEGINKYTQSTTNLMITHQLAPLQNVSQILVMQDGQIVQRGDYATLASQEGLFKDMLAANLAQRESDKGNLDA,39.3,90,58,43.103,25,25,32,3,8,55.17,10,/stor/work/Wilke/crisprtn7/reblast2/GCF_000491815.1_S018_genomic.fna
NZ_AWMR01000056.1,0..19791,cas3,4386..2032,lcl|4386|2032|1|-1,-1,gi|337285605|ref|YP_004625078.1|CAS-I|cas3HD|cas3,3.23e-04,gi|337285605|ref|YP_004625078.1|CAS-I|cas3HD|cas3 cas3,MFQLPIDSLQAEFDQHVKHHHLVVEAETGSGKSTRLPLWAAKHGRVLVIEPRRIACTSLAEFLAEQSGEPIGNKIGYAIKLHAYFDENTEVVFVTPGVALRWFAEDKLASFDIVIVDEFHERRWDIDLLTAILKQENQHRLIVTSATLEGEKLAHYLNAYRLCSEGRCFPVSVTHRVIDSRHLPNKKGCENDVVKTVKEALEDEEGDILVFLPGRKEITQCAQMLQHLDDVLVVKLHASVSDEERHRALTVQAQRKVVLATNVAETSLTIPNIRVVIDSGLERRTVQRNGRTALTLTNISKASAAQRIGRAGRVAEGTCIRLFGEHAPLELVTPPELHREELVEPMLAAACCGYRLSELHFLDAVPEKSLNAALLCLQAMGALDDNGDVTEHGKKVYPLPIDALFADLVTRIPTKAEKEAMIDLAAALSVPAQLYQLQGGEAAEALEQEEPLGCDASLMIRLVRGEQLPAVIVDASVLEEAQGLAKQMRDVFELPQLEVASRYRRDQLTQAIAALHPELVFVRRERRRDALGNGSMEMVVGRNSRFLDQSEAALVLDSHSVPGRGVKQTLNLTSVMMPISLDLIKTLELGEWHQGDTQYEDDTPLATMHLVYAGRTIFTEHQALQGEVAIQSITDMIEQEMLLPGFAPLRKQQIQHWKIYNSLGLNTELVDKKVIDELCFSTWLTEQLATLGVESVDDIELFEADDLPFEGIPEWEYNDFTEQYPLKLVLAELKLDVEYFVSRKLVHVIYTEGNRKGDPKRWELPRWAGWKVQYKKASRVVDVK,43.1,100,299,26.087,78,182,113,10,39,37.79,35,/stor/work/Wilke/crisprtn7/reblast2/GCF_000491815.1_S018_genomic.fna
NZ_AWMR01000057.1,0..19693,tniQ,15303..14734,lcl|15303|14734|2|-1,-1,tr|A0A417XIF4|A0A417XIF4_9CLOT,2.22e-04,tr|A0A417XIF4|A0A417XIF4_9CLOT tniQ GNAT family N-acetyltransferase OS=Clostridium sp. OF09-10 OX=2292309 GN=DXA91_00825 PE=4 SV=1,MIFRLFFTHRIASMETKRLKLIPACLERAEEAHQAVVRSQKTLEVYLPWVPHVLTLEAMIEGTEKAIANFENFEEELRYYIIEKESDRLLGAVGLMIRDPDVPSFEIGYWLDDAAVGNGYVAEAVLAVERYAFDDLGAKRIAIHADSTNQKSRAVAERCGYEFEGELRNERLTTSGELSNTVIYSKIRE,38.1,87,86,32.558,28,56,37,1,2,43.02,46,/stor/work/Wilke/crisprtn7/reblast2/GCF_000491815.1_S018_genomic.fna
NZ_AWMR01000057.1,0..19693,tniQ,16729..16196,lcl|16729|16196|1|-1,-1,tr|A0A417XIF4|A0A417XIF4_9CLOT,1.23e-04,tr|A0A417XIF4|A0A417XIF4_9CLOT tniQ GNAT family N-acetyltransferase OS=Clostridium sp. OF09-10 OX=2292309 GN=DXA91_00825 PE=4 SV=1,MTIQPTLTTERLVLRPFHIGDCQQVALLAGDKRIADMTANIPHPYELPMAQAWIDRHAPMYQQHQGVAYAITLRNTGELLGAVSLPRIEEGYGTLGYWVGVPHWGKGYAFEASKALLEFARMHFELNGITVMHLVDNQRSKSVIQKLKIPYVGDKTLRMQGKERKVCVYQLTFVASE,38.5,88,87,26.437,23,64,41,0,0,47.13,49,/stor/work/Wilke/crisprtn7/reblast2/GCF_000491815.1_S018_genomic.fna
NZ_AWMR01000057.1,0..19693,cas3,4636..3398,lcl|4636|3398|1|-1,-1,gi|84489234|ref|YP_447466.1|CAS-I|cas3|cas3,0.008,gi|84489234|ref|YP_447466.1|CAS-I|cas3|cas3 cas3,MSNLPDWRYRALFPLSPTAINELTETRQYGDTLPEYYGELTAQSDESEFADNQLLLSPNYLAYATHLLDKGFRVVALINHHTVLTAVLQADVVYLILYALIALIALAWFQMLVNKARLANLNVSLEEKVMQRTVVLSEANHKLQQTVRQYEQSQQELRQTQQELTQAAKLALLGELSASINHEINQPLAALRTYTENSQRLLSMERYSMVADNLNKMLSLNETIAEVIARLKVFTRKTSHEPHNEVSILHDAVHNATSILSNKLIKQGVTLKVPTIDHEVRLAIHSVELEQVLINLFHNAAQAMDGYCIDPQISIAIQCHDSSCDILVSDNGPGMSDEALAKIFDPFFTTKPEGLGLGLTISKRILESYHGALSAYNHQGTQSGESGGMTFVVTVPMANTSTTKPVTENDHA,37.4,85,78,34.615,27,41,36,2,10,46.15,18,/stor/work/Wilke/crisprtn7/reblast2/GCF_000491815.1_S018_genomic.fna
NZ_AWMR01000057.1,0..19693,casR,17836..18312,lcl|17836|18312|1|1,1,gi|146303914|ref|YP_001191230.1|CAS-I|casR|CARF,0.007,gi|146303914|ref|YP_001191230.1|CAS-I|casR|CARF casR,MSYQLDRIDLHILRVLHSRGRIPVVELAKQINLTTSPCSDRVKRLEKEGYINGYHAELNAEKLGLDVQVFIHIRLDQTSFSIFEKFAKAVELMPEIEECYSLSGDFDTMIKVRVKNMKAYQEFMSSKLGTLPGVIQTRSEVVIEEHKTGFGVNPELLG,34.7,78,50,36.000,18,31,29,1,1,58.00,32,/stor/work/Wilke/crisprtn7/reblast2/GCF_000491815.1_S018_genomic.fna
NZ_AWMR01000057.1,0..19693,glmS,3405..2179,lcl|3405|2179|2|-1,-1,WP_035343592.1,7.88e-28,WP_035343592.1 glmS two-component system response regulator GlrR [Dickeya],MHNAVIFVDDEPHIRDAVSQALLIEGIEVTCFPNAVEALRVIDANSPAIIITDIHMPVMDGLEFMRTLLSKNHHFQFIVLTGHGDVKTAVEAMKSGAYDFLEKPFSTDQLMKSLNNASDKLNLLQENIWLKKELDMQTHVGPKMIGHSKVMVSIRRALISAPTNQPLIFVGQDGTGRRLAAQFAHDIHATPDSELIAASGEDLYELSLDALDKAIDHLTEDSNRCSLYLHSAEHISLAQWQCLFNHPKLERVFGATTKVDADVKTFATLIHLPTLDERKEDIGPLYKHFVRHAASRYQLQPPHISLEEVRRITELSWPENVKQLRQFAELRALKPETFRMEDWDSEKSIEIQSMTQRTEHFEYCLLFDALQRHRGRLKEVQLELQVSRKTLYDKLKKHQLDKSKFKAQ,112,279,448,23.884,107,285,183,8,56,40.85,99,/stor/work/Wilke/crisprtn7/reblast2/GCF_000491815.1_S018_genomic.fna
NZ_AWMR01000058.1,0..19637,tnsA,6179..6577,lcl|6179|6577|2|1,1,UniRef50_A0A1C6RKQ5,5.32e-07,"UniRef50_A0A1C6RKQ5 tnsA Murein DD-endopeptidase MepM and murein hydrolase activator NlpD, contain LysM domain n=2 Tax=Micromonospora inyonensis TaxID=47866 RepID=A0A1C6RKQ5_9ACTN",MDGLGKQRGKLPWPLKGSVLHNFGTRQTGQVNWKGMVLSANYGQQVKAVYPGTVVFAEYLRGYGLVVLLDHGKGDMTLYGYNQALTKKEGDKVTAGEVIALAGDTGGQDRPSLYFEIRRNSEAQNPKSWLKR,45.4,106,146,28.767,42,78,63,5,26,43.15,92,/stor/work/Wilke/crisprtn7/reblast2/GCF_000491815.1_S018_genomic.fna
NZ_AWMR01000061.1,0..19141,tnsA,5034..6035,lcl|5034|6035|3|1,1,UniRef50_A0A1C6RKQ5,1.83e-10,"UniRef50_A0A1C6RKQ5 tnsA Murein DD-endopeptidase MepM and murein hydrolase activator NlpD, contain LysM domain n=2 Tax=Micromonospora inyonensis TaxID=47866 RepID=A0A1C6RKQ5_9ACTN",MSKKIIMQIPTKNGDQQFYLGRGSVLTILTSIIALPAVVGGAWYLNQQQIHNQTTLAQTITKLESEKAEITALYEEQLDTNHSLSQALTDKNNQIQLLGKRVFDVESVLGLADEELSIDENNLALEERIDAAAIDSAVRATMFRLIPNDSPVTYQRISSSYGSRINPISGRRHVHTGIDLTCKRGEEILAPADGVVETVRPGNKGYGNYLTLRHSFGFSSSFAHLNKFNVKSGQFVSKGDVIAQCGNSGNSTGPHLHYEVRFLGRTLNPQSLMEWTPENFNYVFEKEKMVKWGPLVQLIDNVVRLQINLTNSPYRDTTINTVSSEDNNETIIN,59.7,143,107,33.645,36,50,53,2,21,49.53,26,/stor/work/Wilke/crisprtn7/reblast2/GCF_000491815.1_S018_genomic.fna
NZ_AWMR01000061.1,0..19141,glmS,10763..11689,lcl|10763|11689|2|1,1,AAV86896.1,9.18e-06,AAV86896.1 glmS glucosamine--fructose-6-phosphate aminotransferase [Anaplasma marginale str. St. Maries St. Maries],MTNDALIAALSHLVSEGRNPDTMDIDLLPSLDIVQRINQQDKLVPLAVEKVLPEIAQAVDKITDAFKMGGRLIYMGAGTSGRLGVLDASECPPTFGVSDKMVIGLIAGGPEAILKAKEGAEDSPQLGEQDLKAIDFSSNDVLVGIAASGRTPYVVGGLEYANTIGSTTVALSCNPDSPIADIADIAISPVVGPEALTGSTRLKSGTAQKLVLNMLTTASMIRLGKSYQNLMVDVKATNNKLVARAARIVMQATECTKEEATEVLKQTNYEVKLAILMILTDLDIESARQHLHHQDGFLRKAVESHKAN,44.7,104,131,29.008,38,76,63,4,17,48.09,43,/stor/work/Wilke/crisprtn7/reblast2/GCF_000491815.1_S018_genomic.fna
NZ_AWMR01000062.1,0..19128,tniQ,16567..17463,lcl|16567|17463|1|1,1,tr|A0A1X1NDK8|A0A1X1NDK8_9ACTN,1.16e-04,tr|A0A1X1NDK8|A0A1X1NDK8_9ACTN tniQ HTH lysR-type domain-containing protein OS=Streptomyces sp. CB03238 OX=1907777 GN=BKD26_21400 PE=4 SV=1,MLNKVNLADIRSFVLIAQLGNFTKAAEALSVSRSHVSRQISGLEAQMGVTLLNRTTRTLRLTHAGERFYHDCEKALRDIDQALIAAVDDTQEIRGVIRVNCVGGYIGEDIIAKYVCEFMQQYPNVSIDLDFSSPRIDLIEDQFDVAFRMGELDDAGFVARKLMTVDMVTLASPSYVQQYGMPKHPKELAEHRTLTGSVTRWSYRKAENPNDHADVVVKGNLRCKNGRALVMGALHGNGIIRVPLSYCAEEVELGQLIKVMPDWEIPSVPFSAIFHRDRYQPKRLRTFIDFIKQKFEGS,41.6,96,89,34.831,31,52,44,3,6,49.44,29,/stor/work/Wilke/crisprtn7/reblast2/GCF_000491815.1_S018_genomic.fna
NZ_AWMR01000062.1,0..19128,csx1,18094..17483,lcl|18094|17483|3|-1,-1,gi|148655997|ref|YP_001276202.1|CAS-III|csx1|CARF,2.54e-06,gi|148655997|ref|YP_001276202.1|CAS-III|csx1|CARF csx1,MISSEKQLPVYVVDDDESVRDSLAFMLEEHDFNVTTFADGQSFLDEVNIHQAGCVILDSRMPNLRGQQVHQFLNEAHSPLAVIYLTGHGDVPMAVDALQAGAVNFFQKPVKGDELAQAILHGQMQSAASLDMVAARAAYESLTPREKDILRLIIAGKRNIRIADELCIAMRTVEVHRASLLKKFSAKTVAELAYIYGKLENPI,45.8,107,61,34.426,21,40,35,0,0,57.38,30,/stor/work/Wilke/crisprtn7/reblast2/GCF_000491815.1_S018_genomic.fna
NZ_AWMR01000062.1,0..19128,glmS,18094..17483,lcl|18094|17483|3|-1,-1,WP_035343592.1,1.72e-14,WP_035343592.1 glmS two-component system response regulator GlrR [Dickeya],MISSEKQLPVYVVDDDESVRDSLAFMLEEHDFNVTTFADGQSFLDEVNIHQAGCVILDSRMPNLRGQQVHQFLNEAHSPLAVIYLTGHGDVPMAVDALQAGAVNFFQKPVKGDELAQAILHGQMQSAASLDMVAARAAYESLTPREKDILRLIIAGKRNIRIADELCIAMRTVEVHRASLLKKFSAKTVAELAYIYGKLENPI,68.9,167,118,35.593,42,76,58,0,0,49.15,58,/stor/work/Wilke/crisprtn7/reblast2/GCF_000491815.1_S018_genomic.fna
NZ_AWMR01000064.1,0..18983,tnsA,4002..5438,lcl|4002|5438|3|1,1,UniRef50_A0A3M5N9X7,2.57e-07,UniRef50_A0A3M5N9X7 tnsA HTH gntR-type domain-containing protein n=380 Tax=Bacteria TaxID=2 RepID=A0A3M5N9X7_PSEAZ,MDGSNLSLIDVGDLCVKTGSGTRQQSVFFAIRDKIVRGLWPKNGKLPSTRKLAQELNLSRNTVISAYEQLVAEGYLVSQRGSGFFVAVELPEQYLPEKLPTQAANLPPAALDVNASFAPGVPDLSLFPTALWQKYLNRHLSRTCLLGNQDIQGSWELRCALSDYLASSRSVNCTPSRIIITSGAQQALCIATMATLTAGSRVLMEQPGYAQMRKLILFQQYQFEPLFVRQKVGFDIDSVTQSTADALYITPSNQYPMGTTLNTEQRAQIIEWASNQEAWILEDDYDSEFQFAHRPYTSLQGLAAQMGRDERVLYIGSFSKVMFNGLRLGYLVVPESLVDKCLMVKDALSGDTPSHIQAAMADFISEGSLLRHIRKMRRVYKSKHEQVCFSIQHYFGDKVRVISQAAGLHVTLSWQQGIDENTWTQRAKKAGIVMRPVSFYEHPDFKARDWQGVVIGYGNVRLDNIDPLIKRLFELFDV,49.7,117,61,40.984,25,36,39,0,0,63.93,13,/stor/work/Wilke/crisprtn7/reblast2/GCF_000491815.1_S018_genomic.fna
NZ_AWMR01000064.1,0..18983,glmS,11674..14322,lcl|11674|14322|1|1,1,WP_035343592.1,1.71e-04,WP_035343592.1 glmS two-component system response regulator GlrR [Dickeya],MERWMLRLSIKTRLALLALLPAVVIVAFAIHQFYANSVRVDHLNQTVSNIQGFQLISQASHFIYSMEKDRRQYGQETPLSIEVDVQNNVVLSMHHKFSTNPHTSEYADDLKEAMLGMVSGDLTNTDEVGDWAFQLLQEMSLSLLQNYQLYGNSDGHAMQNFIAYLAQLSYWTQKEAWQTYRLVMDPDAKLNQSVFFQTIDRQQQNLDAFLHLGASYAHVDKLLGLFSSPRYQRNLESRARLMNGDMPRSDYAAYLDELDFRVQRLQMMIEGFTRQAEQSLLTQVNEQKRNVLLITCGVAVVLLLLGWLGVATWYRVNSKIGAIIHALNALVNEEEKEKKVAVDGSDEFTLFAQQVNRVVEEKQRQTHEILHAKESAVAANRAKSVFLANMSHEIRTPLNGIMGMTEILSQSELSPHQQEVVDDIDTSSHTLLALLNDILDLSKIESGRLELSLVEADIREVVYQSVILFQSKATSKQLELDISLDENIPARVMVDDHRIKQIITNLVSNAVKFTEQGYISVDVSYEEALEQGRGSLTFLIKDSGIGIERDKLATIFEPFTQEDEGVSRQFGGTGLGLAICRQLVSMMGGKLVATSTKGVGTCFGFSIEVEALPLFGWHSDVVKRGLFICDNYAYAEQIVQECRLAQIELVGVNSLSEAKALDEDFDVIFLCNDGQMDIDSCLSELAEVYDVRRVVVCQHHLTSSYTNAENVHAVLTQPFLGNRFKHAIEELAKLEKNTLRDNVTNITSRAESKISRTHRRILIAEDNLMNQKIASFFLDKAGYDYLITSNGQEALDAITKGEQFDAILMDCMMPVMDGLTATKEIRRWEKKVGCKKTTIIALTASVLEEDIHNCFAAGMDAYLPKPYKSNQLFELFNELKLA,42.7,99,127,25.984,33,82,60,4,12,47.24,14,/stor/work/Wilke/crisprtn7/reblast2/GCF_000491815.1_S018_genomic.fna
NZ_AWMR01000066.1,0..18678,tniQ,16470..15580,lcl|16470|15580|1|-1,-1,tr|A0A2T7KRU6|A0A2T7KRU6_9ACTN,8.06e-05,tr|A0A2T7KRU6|A0A2T7KRU6_9ACTN tniQ LysR family transcriptional regulator OS=Streptomyces sp. CS131 OX=2162711 GN=DBP20_17590 PE=4 SV=1,MRHLKSFYVFHVAASSSSYTEAADKLNITHGAVSKQIKQLEQYLSQPLFLKEGRKAVLTAEGELLKTYTKTAFQTLETGVNTLIQEKHQHLEVSCEPTLTMRWLMPRLAAFNDEHRADVRLSTAGGPVTLGSTGLSMAIRRDDFAQQHDYNKTILVEEWVGPVFSPEYWQSIQDDLDTVRLLNSQTRPHAWADWQQSTRCETFNGNTQQSFAHFYFCIQAAVDGLGAAMGAYPFVMDDIKRGNLVAPFGFVLSGCNYVLLSQDKKRTELEHKFITWLQTQMVECVPLLSQQNTQGE,42.0,97,86,36.047,31,49,42,3,6,48.84,28,/stor/work/Wilke/crisprtn7/reblast2/GCF_000491815.1_S018_genomic.fna
NZ_AWMR01000072.1,0..17980,tnsA,6184..7221,lcl|6184|7221|1|1,1,UniRef50_A0A2D2C3Y7,3.65e-15,UniRef50_A0A2D2C3Y7 tnsA Tn7_Tnp_TnsA_N domain-containing protein n=4 Tax=Paracoccus TaxID=265 RepID=A0A2D2C3Y7_9RHOB,MSASIISESPTSVRKPHWKASLFVCAMALCTLSGYTASMIGWSNFSLSVNDLTSYWFAFDEGNMLHQILATLRAPRTYAGLLIGASLAVSGVLMQGLTRNPLASPSILGINAGAACFMALASIGVPFFSQLNPIINAVFGALLSGGAVMLLGGFFSARSHPLRLVLAGIAISALLIGLTRASVILADDMAYSVLHWLTGSLSAVDSQQWQQLWPFATLGVVLAMGLARNLNLLALGDEVAVGLGGNIRLTRFISGLSVVLLAGTSVAIAGPIGFVGLLVPHLVRPIVGHNYHILIPVSALCGAALVTWSDALSRAIAFPAETPVGVITALLGTPCFIAIAMRKSS,72.0,175,105,38.095,40,64,63,1,1,60.00,30,/stor/work/Wilke/crisprtn7/reblast2/GCF_000491815.1_S018_genomic.fna
NZ_AWMR01000072.1,0..17980,tnsA,7218..8189,lcl|7218|8189|3|1,1,UniRef50_A0A2D2C3Y7,1.23e-18,UniRef50_A0A2D2C3Y7 tnsA Tn7_Tnp_TnsA_N domain-containing protein n=4 Tax=Paracoccus TaxID=265 RepID=A0A2D2C3Y7_9RHOB,MMNQTKLMALLGLLLIASSLTLFVGAANLSAQQVFALLFSFSDSDFVIHQYRLPRMLLAIGVGAGLGLSGVLVQGVIRNPLASPDLMGISAGAGLAATACLVLYPNAPVAMLPMVAMAGGLLAAGFIAVLAYWSKPTPARLALIGVAVSAFLASGIDFLLIVNPIEINTAMVWLTGSLWGRNWQQVPFIWSALLLLLPLAFWLAWRLDVMGLGEESATTLGTKPRQIQILALIAAVLLASISVSVAGTISFVGLLAPHLARLLFGHNHKLLIPASATVGALLVICADGLARGLQPPIELPAGVLTSVIGAPYFIFLLYRYRGW,81.6,200,110,42.727,47,61,69,2,2,62.73,34,/stor/work/Wilke/crisprtn7/reblast2/GCF_000491815.1_S018_genomic.fna
NZ_AWMR01000072.1,0..17980,tnsA,15495..14539,lcl|15495|14539|2|-1,-1,UniRef50_A0A1C6RKQ5,1.61e-10,"UniRef50_A0A1C6RKQ5 tnsA Murein DD-endopeptidase MepM and murein hydrolase activator NlpD, contain LysM domain n=2 Tax=Micromonospora inyonensis TaxID=47866 RepID=A0A1C6RKQ5_9ACTN",MMKDQLTISISTINGSKHWYFSKRMQRNLKTFLGLFVLTLAATAILINHLYARVDSAAMKQAQLTEHSRSMGEELSTLKALKSELENDLSEREERVQLVSERLGELEKVLGVDNHATNEDLDTRLDSAAITSNVRTLMLNQIPNGSPVGKVRLSSGFGKRIHPVTKVAKMHRGLDFAVNIGTKIYAPADGVVEVTRRSNTGSGNFLRLQHSFGFTSSYSHLKKFKVQSGQFVRKGDLIGISGNSGLSSGPHLHYEVRFVGRALNPKPFVDWSLNNFEDIFTKERKIRWESLIKTVEQRVAQQLQLSSPKAVLLAENSK,59.7,143,125,32.000,40,59,56,3,26,44.80,31,/stor/work/Wilke/crisprtn7/reblast2/GCF_000491815.1_S018_genomic.fna
NZ_AWMR01000074.1,0..17864,tniQ,8677..9573,lcl|8677|9573|1|1,1,tr|A0A2Z5JF85|A0A2Z5JF85_STRAR,4.67e-05,tr|A0A2Z5JF85|A0A2Z5JF85_STRAR tniQ LysR family transcriptional regulator OS=Streptomyces atratus OX=1893 GN=C5746_20965 PE=4 SV=1,MRGLDYKWIEALDAVVYQGSFERAAEHLFVSQSAISQRIKQLEKFLAQPVLIREQPPKPTPIGKKLLGLYRRVRLLEHEILPEIKNDTTTRPVQLSLATNADSLATWLLPALQDVMKTRQVELKLTIYGESRSIEKLKSGEVAGAISLESQAIPNCRADYLGRIDYVCVANPEFYQRYFSEGVNNQTLAKAPAVSYDQYDDLHKKFLTEHFNVRPDSVIHHNISSSEAFLKMALAGVAYCLIPRLQITDELEQGSLIDVTPGFLMSYRIYWHHWQLETGVLQEISQAIVNYAQRHLPQ,42.7,99,71,36.620,26,40,38,2,5,53.52,22,/stor/work/Wilke/crisprtn7/reblast2/GCF_000491815.1_S018_genomic.fna
NZ_AWMR01000079.1,0..17280,tniQ,16141..15215,lcl|16141|15215|3|-1,-1,tr|A0A1H5ELX7|A0A1H5ELX7_9NOCA,8.91e-05,"tr|A0A1H5ELX7|A0A1H5ELX7_9NOCA tniQ Regulatory helix-turn-helix protein, lysR family OS=Rhodococcus koreensis OX=99653 GN=SAMN04490239_9271 PE=4 SV=1",MASHISLKQLKVFTTITQHKTLTAASDSLFLSKAAVSMALSELEKQIGHHLFDRVNNRLILNQEGQKLLPLADELLNRAKDIESIFDGDQALSGQLRIGASDTIGNQVAPYLLSEFRQQTNHRSQSLFISNSAQICDMLTDYELDIALIEGKTLHPELQSTQFSEDEMCVICAPDYPAAHEGPVNLTELENSEWILREAGSGSREFFMRVVAPRLEHWHEAFQLNTTEALINSVSAGLGLGCLSRLSAEPAIRDGRVKLLDMPLDMKRRFWLLVHKEKYQSPLLKTFIEFCQDWERPTNLPLGNKSAK,42.0,97,76,27.632,21,50,43,1,5,56.58,25,/stor/work/Wilke/crisprtn7/reblast2/GCF_000491815.1_S018_genomic.fna
NZ_AWMR01000080.1,0..17190,tniQ,6098..7132,lcl|6098|7132|2|1,1,tr|A0A2W1D0I8|A0A2W1D0I8_9PLEO,9.63e-16,tr|A0A2W1D0I8|A0A2W1D0I8_9PLEO tniQ Pectate lyase OS=Pyrenophora tritici-repentis OX=45151 GN=A1F97_07859 PE=3 SV=1,MTNATNRRIVLASRPHGAPTTENFRLEEVAKPVPQAGEMLLRTVYLSLDPYMRGRMSDAESYAEPVALDDVMIGGTVCQVEASNHPDYEAGEWVLAYTVGWQDYAISTGEMVIKLGKEPQNPSYALGVAGMPGFTAYMGLLDIGQPKPGETIVVAAATGPVGATVGQIGKIKGCRVVGIAGGEEKCRYAKEVLGFDECIDHKADDFEQQLKDACYNGIDVYFENVGGKVFEAVMPLLNTSARIPLCGLISQYNATELPEGTDHLPLLMGKLLTKRIKVQGFIIFDDYGHRYGEFAQDINQWLAEGKIQYREHLVEGLGNAPEAFIGLLEGKNFGKLVVKINDPL,75.1,183,299,24.749,74,200,134,10,25,44.82,84,/stor/work/Wilke/crisprtn7/reblast2/GCF_000491815.1_S018_genomic.fna
NZ_AWMR01000081.1,0..17091,tnsB,5199..7313,lcl|5199|7313|3|1,1,UniRef100_A0A038GSS8,9.54e-53,UniRef100_A0A038GSS8 tnsB Transposon TnsB n=1 Tax=Caballeronia jiangsuensis TaxID=1458357 RepID=A0A038GSS8_9BURK,MITKIVNKSGQLSHKFVQSPHSYRAKSQICTIMTSIKNAELGWNEAGTPVSDQFDDVYFSNVNGLEETRYVFLKQNHLPERWQEFDQRRFVIGETGFGTGLNFLAVWQWFNEFRRNHPDAALKELHFISFEKYPLSLADLKKAHEAWPELAEYAEKLQKHYPAAVPECHRIVLEDGAITLDLWFGDIKDCMPQVPYNEQGLIDAWFLDGFAPSKNPEMWNQNLFNNMAKLAKQDCTVATFTAAGFVRRGLNEAGFAMKKVKGFGTKREMIAGSMEQREKQSNHLAWFNRTASSNLDSIAIIGGGIASAALAKTLVRRGQNVTLYCKDTQPAEGASGNRQGAVYPLLNGPHTGVSRVFAPAFLFARQFVEQAAQEIDFDHDWCGVTQLMWDDKSTDKLEKMLEGNFTPALIRKLSAEETAETIGLPIDMASVHYPMGGWLCPAELTRGLITQLEKTVLFEAKFEHQVESLTWDEARQLWTLKANGQNFEHSTVVVANGNEFQTLSQTEALPMGQVKGQVSHAPATKTLSKLKTVLCYDGYMTPVNPNNQHLCIGASYDRSHLDYEFDENAQRENVEKLVKCIPNQEWTKEVDTSGNLSRQGIRCVSRDHLPFVGNVGDFETIKTQYADLQNKPEEEVEAIHQFPNLFCFLGLGSRGLSSAPLLAEVLASQICGDPLPLPVDVLTELHPSRMWVRKLRKGKAITEL,180,457,246,41.057,101,130,148,6,15,60.16,34,/stor/work/Wilke/crisprtn7/reblast2/GCF_000491815.1_S018_genomic.fna
NZ_AWMR01000082.1,0..17078,tniQ,15562..13622,lcl|15562|13622|2|-1,-1,tr|A0A444K107|A0A444K107_9RHIZ,3.23e-135,tr|A0A444K107|A0A444K107_9RHIZ tniQ Uncharacterized protein (Fragment) OS=Mesorhizobium sp. M4B.F.Ca.ET.089.01.1.1 OX=2496662 GN=EN780_35465 PE=4 SV=1,MSSRKQARLEAKQFIDTLSVQPYPNSTKVYVEGSRPDIRVPMREISLADSLIGGTKEAPVFESNESVRVYDTSGVYTDPNHSIDLYNGLPKLREGWIEERNDTEILEDVSSVYAKERLDDETLDDLRYGNLPRIRRAKAGKCVTQLHYARKGIVTPEMEYIALRENMGRAKYRDDVLTQQHPGQSFGANLPKDITAEFVRKEVAEGRAIIPSNINHPESEPMIIGRNFLVKVNANIGNSSVTSSIEEEVEKLVWATRWGGDTVMDLSTGRNIHETREWILRNSPVPIGTVPMYQALEKVNGIAENLNWEVMRDTLIEQAEQGVDYFTIHAGLLLRYVPMTAKRVTGIVSRGGSIIAKWCLAHHQESFLYTHFREICEICAKYDVALSLGDGLRPGSVADANDEAQFAELRTLGELTKIAWEYDVQVIIEGPGHIPMHMIKENMDQQLEHCHEAPFYTLGPLTTDIAPGYDHITSGIGAAMIGWYGCAMLCYVTPKEHLGLPNKEDVKTGMITYKLAAHAADLAKGHPGAQVRDNALSKARFEFRWEDQFNLALDPDTARAFHDETLPQESGKVAHFCSMCGPKFCSMKISQEVREYAKDTEQVAADQAISIKMLDDPLEGMRKKSEEFRATGSELYHPAVHAEADE,396,1017,227,80.617,183,44,202,0,0,88.99,35,/stor/work/Wilke/crisprtn7/reblast2/GCF_000491815.1_S018_genomic.fna
NZ_AWMR01000089.1,0..16788,tnsA,1439..753,lcl|1439|753|2|-1,-1,UniRef50_A0A4R2JSM6,4.35e-07,UniRef50_A0A4R2JSM6 tnsA TnsA endonuclease-like protein n=1 Tax=Caldanaerobacter subterraneus TaxID=911092 RepID=A0A4R2JSM6_9THEO,MSKSERLFELLTLLRAKRYAVTAKELAERMEVSERTIYRDIQSLLSSGVPIQGEAGVGYLLQAGSHLPPLMFSEKEMMALELGMRMVRAWSDAELAEASHSASTKILSVLPDKLKQQVEDCPLIVPDYHTQSETAKRGQLLRHAIDHQFKVSLDYQDESGQVTERKIQPLGQFFWGKVWTLVAWCELRDDYRQFRLDRIQALRMHDEEFQSAETKSLKHYIAQYEARG,47.8,112,88,31.818,28,52,50,3,8,56.82,35,/stor/work/Wilke/crisprtn7/reblast2/GCF_000491815.1_S018_genomic.fna
NZ_AWMR01000091.1,0..16402,tnsA,12242..10608,lcl|12242|10608|3|-1,-1,UniRef50_UPI000996D35A,7.07e-06,UniRef50_UPI000996D35A tnsA TnsA-like heteromeric transposase endonuclease subunit n=1 Tax=Streptomyces sp. CNQ329 TaxID=1298879 RepID=UPI000996D35A,MRLERIEISGFRGIKRLSLSFDELTTLIGENTWGKSSLLDALSIALPANGSLYEFELKDFHVDYSISHPQSQHIQIIVCFKAQDKHEANAGRYRRIKPAWCTTEDGEHVIYYRISASRVDHDITTKYAFLDRDGKPKQIHHSEKLAVELMTLHPVIRLRDSRRFPRPSHINGDSKNARIEKRINNTCRRLLAMPGHVNKGEIRSSLDAMKTLVEHYFAFRSISKGNPRKPRDGLFYTSPSSDKGLSQYLKETNDKQSRLLLMGLLNAYLQAKGPTDLRRCARPILIIEDPEGRLHPTHLARAWSLLQLLPMQKILTTNSGSLLGSVPLYSIRRLIRLSDKTIAKSLNTSKFGGDELRRIGFHIRFHRAGALFARCWLLVEGETEVWLFNELARQCGYDLAAEGVQIVEFAQSGLRSLIKVAKEFGIDWHVVTDGDPAGKKYAHTVRAQLGHDQERHRLTELPDRDIEHFLYNHGFELFFKDMIKVPHDHPIPAKKVVNRVLKKHAKPDLALAIVSHCEEKGMECIPVLLRWTLKRIVTMASGNT,46.6,109,191,24.607,47,125,80,4,19,41.88,32,/stor/work/Wilke/crisprtn7/reblast2/GCF_000491815.1_S018_genomic.fna
NZ_AWMR01000091.1,0..16402,cas3,2274..3539,lcl|2274|3539|3|1,1,gi|330509018|ref|YP_004385446.1|CAS-I|cas3|cas3,7.45e-06,gi|330509018|ref|YP_004385446.1|CAS-I|cas3|cas3 cas3,MRFIMSVNFADLGIEQQLVETLNNMNIVTPTPVQEKSIPHVLEGKDLLAAAQTGTGKTAAFGLPIIQAVQQKKRNGTPHALILVPTRELAQQVFDNLTQYAEHTDLCIVCVYGGTSIGVQKNKLEEGADILIATPGRLLDHLFNGNVNISKTGVLVLDEADRMLDMGFWPDLQRILRRLPNDKQIMLFSATFEKRIKTIAYKLMDSPVEVEVSPANTTAETVKQMVYPVDKKRKRELLAYLIGSRNWQQVLVFTKTKQGSDELAKELKLDGIKAVSINGDKSQGARQRALDEFKQGKVRALIATDVAARGLDIQELEQVVNFDMPFKAEDYVHRIGRTGRAGKSGLAVSLMSRDEEYLLRAIETLLDQRLPQEWLEGFEPSLIEEVEPERDGGGRRKSRSSEKRKLKAKLAIHKNRGKHRK,47.0,110,212,23.113,49,133,85,7,30,40.09,44,/stor/work/Wilke/crisprtn7/reblast2/GCF_000491815.1_S018_genomic.fna
NZ_AWMR01000091.1,0..16402,cas4,12242..10608,lcl|12242|10608|3|-1,-1,"gi|365967614|ref|YP_004949176.1|CAS-I,CAS-II,CAS-V|cas4|cas4",0.001,"gi|365967614|ref|YP_004949176.1|CAS-I,CAS-II,CAS-V|cas4|cas4 cas4",MRLERIEISGFRGIKRLSLSFDELTTLIGENTWGKSSLLDALSIALPANGSLYEFELKDFHVDYSISHPQSQHIQIIVCFKAQDKHEANAGRYRRIKPAWCTTEDGEHVIYYRISASRVDHDITTKYAFLDRDGKPKQIHHSEKLAVELMTLHPVIRLRDSRRFPRPSHINGDSKNARIEKRINNTCRRLLAMPGHVNKGEIRSSLDAMKTLVEHYFAFRSISKGNPRKPRDGLFYTSPSSDKGLSQYLKETNDKQSRLLLMGLLNAYLQAKGPTDLRRCARPILIIEDPEGRLHPTHLARAWSLLQLLPMQKILTTNSGSLLGSVPLYSIRRLIRLSDKTIAKSLNTSKFGGDELRRIGFHIRFHRAGALFARCWLLVEGETEVWLFNELARQCGYDLAAEGVQIVEFAQSGLRSLIKVAKEFGIDWHVVTDGDPAGKKYAHTVRAQLGHDQERHRLTELPDRDIEHFLYNHGFELFFKDMIKVPHDHPIPAKKVVNRVLKKHAKPDLALAIVSHCEEKGMECIPVLLRWTLKRIVTMASGNT,40.8,94,42,45.238,19,23,29,0,0,69.05,8,/stor/work/Wilke/crisprtn7/reblast2/GCF_000491815.1_S018_genomic.fna
NZ_AWMR01000095.1,0..15993,tniQ,11210..10275,lcl|11210|10275|2|-1,-1,tr|E6TAW5|E6TAW5_MYCSR,5.54e-04,"tr|E6TAW5|E6TAW5_MYCSR tniQ Bacterial regulatory helix-turn-helix protein, lysR family OS=Mycolicibacterium gilvum (strain DSM 45189 / LMG 24558 / Spyr1) OX=278137 GN=Mspyr1_52920 PE=4 SV=1",MLIVAQESLRTPVDFPNNSLLEFKMSKAIDLNLINTFIVVTECLSYTKAADKLGVTQPAISASIKRLERTTNTKLFTKRGRNIELTSTAQKWLPQLQQALSVIDSVITQPAPYNVYCSNIYPAQQSKLENVFFHESTLSENHLFSLLYSNEADLLLGDIESREASIIVEDVCREPCVVICRNGHPRINEHISTEMLSDEKHCVLASKWSFDTEFEKHLGLIVKSNNIDSIASNYLGILTHVAQNDCIGVIPLSLAKKWGKTFNIKHFTSPLGACFIQYQIAYHQRKVNCKRHGAMRALIKSRVLEDQQRII,39.3,90,60,35.000,21,37,33,1,2,55.00,19,/stor/work/Wilke/crisprtn7/reblast2/GCF_000491815.1_S018_genomic.fna
NZ_AWMR01000096.1,0..15780,tnsA,10486..9497,lcl|10486|9497|3|-1,-1,UniRef50_A0A3N1KIY1,3.03e-06,UniRef50_A0A3N1KIY1 tnsA TnsA endonuclease-like protein n=17 Tax=Streptomyces TaxID=1883 RepID=A0A3N1KIY1_9ACTN,MSISNTVSKVEEFEYDNASEMTIDNELEKSSSTTEGKTAVREEFDASSKSLDATQLYLGEIGFSPLLTAEEEVLYARRALRGDEAARKRMIESNLRLVVKISRRYSNRGLALLDLIEEGNLGLIRAVEKFDPERGFRFSTYATWWIRQTIERALMNQTRTIRLPIHVVKELNIYLRTARELSQKLDHEPTAEEIAAQLDIPVEDVSKMLRLNERISSVDTPIGGDGEKALLDIIPDANNSDPEVSTQDDDIKSSLIHWLEELNPKQKEVLARRFGLLGYEPSTLEEVGREIGLTRERVRQIQVEGLRRLREILIKQGLNMENLFNVEDD,46.6,109,48,47.917,23,25,31,0,0,64.58,15,/stor/work/Wilke/crisprtn7/reblast2/GCF_000491815.1_S018_genomic.fna
NZ_AWMR01000101.1,0..15336,tnsA,1279..1986,lcl|1279|1986|1|1,1,UniRef50_A0A3M5N9X7,7.78e-05,UniRef50_A0A3M5N9X7 tnsA HTH gntR-type domain-containing protein n=380 Tax=Bacteria TaxID=2 RepID=A0A3M5N9X7_PSEAZ,MSAPLYMQIKQFILDKIDSGDWMVGQRIATEIELTEQFGVSRMTVNKAIRDLVNEGKLQRRPRLGTFVCDPSKKSESPLLDIRNIAEEVSDRGRQYSSKVVQQVAIKADDSIAIKLGVMLGTMVFYSEIIHYEDSTPIQLELRWVNSQYAPSYLSQDFTQITPNQYLSNNCPLSAIEHTVEAIVPDNRIKLDLKMQANEPCLLLNRRTWSQDKLVSTALLYHPGNKYKLSSKVLL,40.4,93,65,36.923,24,41,35,0,0,53.85,28,/stor/work/Wilke/crisprtn7/reblast2/GCF_000491815.1_S018_genomic.fna
NZ_AWMR01000103.1,0..15312,tniQ,7983..8897,lcl|7983|8897|3|1,1,tr|A0A1H5ELX7|A0A1H5ELX7_9NOCA,1.14e-04,"tr|A0A1H5ELX7|A0A1H5ELX7_9NOCA tniQ Regulatory helix-turn-helix protein, lysR family OS=Rhodococcus koreensis OX=99653 GN=SAMN04490239_9271 PE=4 SV=1",MPPLQGLYYFFIAAKEGSFKTAAKNLFVTPAAISQQIRQLEEFLGTDLFVRQHRKIVLTPEGELLFTQAERGFAHLQQGVRLVNQDPNPNHLSISTLPSFAHHWLVPKITAFRQRHPDIALLLEPTNDLVSFQDSQIDLCVRYGLGRYPNLESQWLMDEAFYPACHPMYQKEHGIYSIEDLSKAELIEDVWPDLDWNMWLARLGHSAAKPALKYSGSHLVLEAALSLQGVALVKHSLAYQYFRTGKLVRIGDIAIKPRFAYYLCAPKGYLKRPKAQLFAQWLKEEIDTFEKSVTQDFEIIELDK,41.6,96,68,33.824,23,43,35,1,2,51.47,22,/stor/work/Wilke/crisprtn7/reblast2/GCF_000491815.1_S018_genomic.fna
NZ_AWMR01000104.1,0..15273,tniQ,3603..2683,lcl|3603|2683|1|-1,-1,tr|A0A2G7F0Q1|A0A2G7F0Q1_9ACTN,4.93e-06,tr|A0A2G7F0Q1|A0A2G7F0Q1_9ACTN tniQ Regulatory helix-turn-helix LysR family protein OS=Streptomyces sp. 70 OX=1827606 GN=CLW09_04841 PE=4 SV=1,MVIFSALIKHKNFTAAAKSLGVSVSHVSKQLSQLEESLGIKLVQRTTRSFTSTEAGKTFYHHCEQVVQAVSSATLEMESQRDEVAGLVRLGLSQSFGTLHIIPAIQELRELYPQLQVEVHLFDYKVDMLAEGLDLWVTNNEHLPEGYIAQRLTDCQFVVAASPDYLLKYDTPTEPNDLSLHNCLIYRSWERDYTGWAFTKGQQELNVKVSGNYSVDLAEAVRDAAIAGWGIAYLATYLLGDEFRTGKLIQLLPDWKASQSMPFYAVYPSRQHMPKKISAVINFIKQKIGNPCHWDQRLAPYISIPK,45.8,107,67,32.836,22,44,40,1,1,59.70,22,/stor/work/Wilke/crisprtn7/reblast2/GCF_000491815.1_S018_genomic.fna
NZ_AWMR01000104.1,0..15273,DinG,14533..12614,lcl|14533|12614|3|-1,-1,gi|146292922|ref|YP_001183346.1|CAS-IV|DinG|DinG,0.0,gi|146292922|ref|YP_001183346.1|CAS-IV|DinG|DinG DinG,MSGMIAKTFSSDGALGKAIPGFQARQPQIDMAEAVSSAIKEQSQLVVEAGTGTGKTFAYLVPALLSGKKVIISTGSKNLQEQLYHRDLPLMVNALGFYGQVALLKGRSNYLCLDRLSRQMVESHTNESDPTLLTQLVKVRSWSSETKTGDLGDCEDLPEDSMIIPTITSTNDNCLGKECPSYTDCFVLKARKRAMDSDIVVVNHHLFLADLAIKETGFGELIPEADVFIFDEAHQLPDIASEYFGQSVSSRQIHDLAKDIEIAYRTEAKDMRQLQKVGDKLLQSAMDMRIVLGEPGFRGNWREAMQSESIKRELVRLTDSLDLAIDVLKLALGRSQLLDTAFERANLIKGRIDRVCDVDITGYSYWYDTSPRHFTLHITPLSVADKFHEQIEIKQGAWIFTSATLAVSGDFKHFTDRLGLKPKQQFSLPSPFDYEKQARLCVPRYLPEPNSPGLADKLVRMLAPVIEENDGRCFFLCTSHSMMRELGEKFREVLDLPVLMQGEMSKQKTLAEFMELGNALLVATGAFWEGIDVRGDALSCVIIDKLPFTAPDDPLLKARIEDCRLRGGEPFAEVQIPDAVITLKQGVGRLIRDQKDHGALIICDNRLVTRDYGGTFLGSLPPIPRTRDLERIKAFLKAE,566,1459,638,45.768,292,341,396,4,5,62.07,99,/stor/work/Wilke/crisprtn7/reblast2/GCF_000491815.1_S018_genomic.fna
NZ_AWMR01000104.1,0..15273,rsmJ,12557..11856,lcl|12557|11856|2|-1,-1,PRD22402.1,1.60e-39,PRD22402.1 rsmJ rsmJ [Trichonephila clavipes],MSAKILAIDTATENCSVALLVNDQVISRSEVAPRDHTKKVLPMVDEVLKEAGLTLQDLDALAFGRGPGSFTGVRIGIGIAQGLAFGAELPMIGVSTLAAMAQASYRLHGATDVAVAIDARMSEVYWARYSRQENGEWMGVDEECVIPPARLAEEAQADSKTWTTAGTGWSAYQEELSGLPFNTADSEVLYPDSQDIVILAKQELEKGNTVPVEESSPVYLRDNVTWKKLPGRE,142,357,231,38.528,89,132,133,6,10,57.58,97,/stor/work/Wilke/crisprtn7/reblast2/GCF_000491815.1_S018_genomic.fna
NZ_AWMR01000107.1,0..14972,tniQ,13283..12375,lcl|13283|12375|1|-1,-1,tr|A0A5R9M7S2|A0A5R9M7S2_9ACTN,7.71e-06,tr|A0A5R9M7S2|A0A5R9M7S2_9ACTN tniQ LysR family transcriptional regulator OS=Streptomyces sp. So13.3 OX=2136173 GN=C8250_08370 PE=4 SV=1,MNIRDFEYLVALAEHKHFRKAAEACFVSQPTLSGQIRKLEDELGTALLERSSRRVLFTDSGLQLVDQAKRILSEVKTFKDMASGQSGAMTGPMHIGFIPTVGPYLLPKILPQLKEEFPELELFLHEAQTHQLVRQLEEGKLDCLVLASVAETAPFKEIEVYNEPLSVAVPCGHEWAQLDQVDMLELNGKTVLALGDGHCLRDQALGFCFAAGAKDDERFKATSLETLRNMVAAGAGITLLPQLSIPAEKQKDGVCYIPAVNPTPSRSIVLAYRPGSPLRARFEALAAKIKAILESQPSSMAA,45.1,105,75,32.000,24,46,41,1,5,54.67,25,/stor/work/Wilke/crisprtn7/reblast2/GCF_000491815.1_S018_genomic.fna
NZ_AWMR01000109.1,0..14732,tniQ,10862..10341,lcl|10862|10341|1|-1,-1,tr|A0A417XIF4|A0A417XIF4_9CLOT,8.45e-05,tr|A0A417XIF4|A0A417XIF4_9CLOT tniQ GNAT family N-acetyltransferase OS=Clostridium sp. OF09-10 OX=2292309 GN=DXA91_00825 PE=4 SV=1,MCMSTLISTPRTKMGPIRAEDWALFQRLHIEPSVIALCFDKPDERVLRDKFESRLASWTPECDHWLCLTIFDANTQQPIGITGFVLEEDKAEVGYLLLPEFHGQQFGTETLKALLHWAETTHDIRRFSATVTEGNIASERVLTKCGFELSQVIQDAYQIGGKHYADKIYSRQK,38.9,89,103,26.214,27,67,49,2,9,47.57,54,/stor/work/Wilke/crisprtn7/reblast2/GCF_000491815.1_S018_genomic.fna
NZ_AWMR01000113.1,0..14487,tnsA,4868..4077,lcl|4868|4077|2|-1,-1,UniRef50_A0A3M5N9X7,9.05e-18,UniRef50_A0A3M5N9X7 tnsA HTH gntR-type domain-containing protein n=380 Tax=Bacteria TaxID=2 RepID=A0A3M5N9X7_PSEAZ,MEYSDNIIMMPFEPKRPYQEIGLVLRQELINGRYVVGDRLPPERDIAERLDVSRTVVREAIIMLELENLVEVKKGSGVYVINIPSQPNSRENVISDDAGPFEMLQARQLLESNIAEFAAMQVTPGDIVKMRAALELEREELASGTADCNGDEKFHMCIAEATQNSVLVDMLKQSWERRESSPMWNKLHSHIAGQDYREEWLDDHAKILAALQRKDPIAAKNAMWQHLENVKQRLLELSDIDDPNFDGYLFSSNPVVLQGAENG,78.2,191,225,27.111,61,144,106,5,20,47.11,81,/stor/work/Wilke/crisprtn7/reblast2/GCF_000491815.1_S018_genomic.fna
NZ_AWMR01000113.1,0..14487,cas3,2651..1314,lcl|2651|1314|2|-1,-1,gi|386346436|ref|YP_006044685.1|CAS-I|cas3|cas3,1.00e-08,gi|386346436|ref|YP_006044685.1|CAS-I|cas3|cas3 cas3,MVHLTDCDKVRACVLPHLHCFYCFFNQKYKVSLMPFSTLSLSSELIHALPKDFKRPTDIQALAIPELLAGKDVLALANTGSGKTLAYGLPLLEKLSVNPEQKALILVPTRELAMQVSEAINQVGQVLELNAVCLCGGVDKEQQQQALATNPHILVATTGRLVDLANNGLDLSKVHYLVLDEADRLLDMGFWPDVQNIAGLISNHRQTAMFSATFSDELKGKAKLLMQAPKQVAAHQENSTNQDIVETLYLVNKGSKTKALIELIQKNAWTQALVFIGAKENADGLAKKLNKAGISTNALHGNKSQDEREEALAQFKSGQIQVLIATDLLARGIHIEQLPVVINFELPMHAETYVHRVGRTARAGEQGVAMSLVCHGEMDALNTIRHLTQRALPVQDLVGFPVTDKPSTGESKRAPRDKKANRRTHAKKSIKQFQGKSKRPAPSAK,56.2,134,188,29.787,56,105,96,8,27,51.06,37,/stor/work/Wilke/crisprtn7/reblast2/GCF_000491815.1_S018_genomic.fna
NZ_AWMR01000113.1,0..14487,cas10,5959..4976,lcl|5959|4976|3|-1,-1,"gi|428314623|ref|YP_007125516.1|CAS-III|cas10|LS,CASCADE",0.005,"gi|428314623|ref|YP_007125516.1|CAS-III|cas10|LS,CASCADE cas10",MMTRKTLLSAVVGAAMTFGATASAYAATTLKLSHNHPRDHAVHKAMDFMAKEVREMTDGEVRIRIYPDAQLGTQRESMELMQNGALDMVKSNAAELEAFSPAYAAFNMPYLFRDKDHYYKVTDGEVGREILNSSADSGFIGVTYYDAGARSFYTNKPINTPEDLKGLKVRVQPSPSAIAMVKALGGNPTPLAYGELYTALQQGVVDAAENNIPSFSLSRHSEVSKYFSLDEHTMVPDVLVISTKTYDKLTPEQQKALMKAAADSSEYMKKLWAESEAKERTKAEKMGVTFVEPNKAAFVEAVQPMYADLEKTNPELNELVEKIKAVK,37.4,85,36,47.222,17,19,19,0,0,52.78,11,/stor/work/Wilke/crisprtn7/reblast2/GCF_000491815.1_S018_genomic.fna
NZ_AWMR01000126.1,0..13514,tniQ,525..1445,lcl|525|1445|3|1,1,tr|A0A0P7BH99|A0A0P7BH99_9ACTN,2.29e-04,tr|A0A0P7BH99|A0A0P7BH99_9ACTN tniQ HTH lysR-type domain-containing protein OS=Frankia sp. R43 OX=269536 GN=ACG83_38985 PE=4 SV=1,MSRRLPPLNSLRVFEAAARHLSFTRAAEELFVTQAAVSHQIKALEEFLSLKLFRRRNRSLLLTEEGQSYFLDIKDIFTSIAEATDKVLERSEKGALTISLPPSFAIQWLVPRLADFNAQEPDIDVRIKAVDMDEGSLTDDVDVAIYYGRGNWPGLRADKLYQEFLIPLCSPSLLLGNKPLESLSDLKLHTLLHDTSRKDWKQFARHYNIEGINVNHGPIFSHSTMVLQAAAHGQGVALGNNVLAKPEMEAGRLIAPFDEVLISKNAFYVVCHEQQADMGRIATFRDWMLATARKEQEEVLDEPVDS,40.4,93,66,40.909,27,37,34,1,2,51.52,21,/stor/work/Wilke/crisprtn7/reblast2/GCF_000491815.1_S018_genomic.fna
NZ_AWMR01000126.1,0..13514,cas10,11197..11478,lcl|11197|11478|1|1,1,"gi|194337462|ref|YP_002019256.1|CAS-III|cas10|LS,CASCADE",0.007,"gi|194337462|ref|YP_002019256.1|CAS-III|cas10|LS,CASCADE cas10",MIMSWLILFCRTVRVDIQAATTSVTRKHRQFVWLAVFHQVSENTFYTLLMELVVFTERHQIAQQLLTIDLGTLVANFNAAPVWLVGDQTVRFQ,33.1,74,49,38.776,19,25,26,1,5,53.06,47,/stor/work/Wilke/crisprtn7/reblast2/GCF_000491815.1_S018_genomic.fna
NZ_AWMR01000132.1,0..13147,tniQ,5083..5994,lcl|5083|5994|1|1,1,tr|A0A5R9M7S2|A0A5R9M7S2_9ACTN,6.46e-05,tr|A0A5R9M7S2|A0A5R9M7S2_9ACTN tniQ LysR family transcriptional regulator OS=Streptomyces sp. So13.3 OX=2136173 GN=C8250_08370 PE=4 SV=1,MDKSLQQFLLVARCQSISAAARMAGLSQPTVTSNLKKLEENLGVTLFERHPNGMVLTEYGRILYRHSNAMQHEYNQMMQSIDERKQYQVGKIKMGTGDAWWPLFVKQALNEHLTKQPSASTHVEFGNHLGLMDSLINEQIEFFIGHEIVGLSSKCDVTFIPLFQTVDAYFVSPNHPLLGKTVTEEMLHEYPALSVTYDAKKFAHVIDNPIPKQNERERQQLDDRPTYEVDSLLASIDVLKESVAVMSYTRHLQPYLESFGLRCLTMEKEPNPGTVGIYRHRRETSESHLELIAGITQRAKLLN,42.4,98,69,33.333,23,44,42,1,2,60.87,22,/stor/work/Wilke/crisprtn7/reblast2/GCF_000491815.1_S018_genomic.fna
NZ_AWMR01000132.1,0..13147,tniQ,6882..5947,lcl|6882|5947|2|-1,-1,tr|A0A2G7F0Q1|A0A2G7F0Q1_9ACTN,4.20e-05,tr|A0A2G7F0Q1|A0A2G7F0Q1_9ACTN tniQ Regulatory helix-turn-helix LysR family protein OS=Streptomyces sp. 70 OX=1827606 GN=CLW09_04841 PE=4 SV=1,MDKFSDMTLFVSIVKHQGLAAAGRELGLSPATVTARLQAIEERYGVKLLNRSTRHVSLTDAGAMYHQACLNIIDSVKETENLLQTGISEVRGTLKISAPRDIGKQIISPMVSAFSEQYPDVTPYLYLNDNLSNLAESGLDLVIRYGELADSNLISRKLASSQRVLCASPDYLSKQGVPNCPQDLAVHRCLAMVRSNEELKTWHFKDEESHQTITVTPKRFSDDGEVIRQWALDGAGIALKSILDIQQDLKQQRLVTVLDGYMKNFSAFSQGAEADLHVIYQSRQYQPKRVRLFLDFLVEQFSALSDASNQL,43.1,100,72,31.944,23,47,42,1,2,58.33,23,/stor/work/Wilke/crisprtn7/reblast2/GCF_000491815.1_S018_genomic.fna
NZ_AWMR01000132.1,0..13147,cas3,309..1877,lcl|309|1877|3|1,1,gi|325968907|ref|YP_004245099.1|CAS-I|cas3|cas3,2.33e-04,gi|325968907|ref|YP_004245099.1|CAS-I|cas3|cas3 cas3,MGFTSLGLSAPILKAIQEKGYDTPSPIQAKAIPAILEGKDVMAAAQTGTGKTAGFTLPILERLSNGPRVRANQVRALILTPTRELAAQVQENVFMYGRHLPLSSAVVFGGVKINPQMLRLRKGADVLVATPGRLMDLYNQNAVKFDQLEVLVLDEADRMLDMGFIRDIRKILALLPKQRQNLLFSATFSDEIRDLAKGLVNSPVEISVNPANSTARTVEQSIYPADVKKKAPMLVKLIKDGDWKQVLVFTKTKHGANRLAKFLIEQNLPAAAIHGNKSQGARTKALADFKSGEIRVLVATDIAARGIDIPQLPQVVNFELPKVAEDYVHRIGRTGRAGEVGKAISLVCALEASELFAIERLIKEVLPRKELEGFAPTNVVPESKLDTRPIKPKKPKKPKKPKTPNAASENAPATEKKTGNGANKPKRRFNGGNNGNKNSTNQGGAGKSKGNREGQGRANSKPDDRKPNGNKPNGNKPSGNKPNGNKSGNAGKPSGNRKPNNAKPAGNKPSGQRRKPRPQAAN,42.4,98,125,24.800,31,87,51,2,7,40.80,24,/stor/work/Wilke/crisprtn7/reblast2/GCF_000491815.1_S018_genomic.fna
NZ_AWMR01000133.1,0..12910,tnsA,2856..3725,lcl|2856|3725|3|1,1,UniRef50_A0A2D2C3Y7,9.29e-07,UniRef50_A0A2D2C3Y7 tnsA Tn7_Tnp_TnsA_N domain-containing protein n=4 Tax=Paracoccus TaxID=265 RepID=A0A2D2C3Y7_9RHOB,MTPQQLLSGDAKALELFFTSRIPRLFAILLAGAGLSIAGLVMQQISQNRFAAPSTTGTIECAMLGYVMSVVFFGDGDHLWLVFGISVLGTLTFVHFIQRIQFKSVVFVPLVGIIFGNVIESMTTFIAYKYDALQSLSAWSVANFANILRGDFELLYIAVPMVILSYLFAARISAVGIGKDFAVNLGLNYQQVVTIGVLLVSIMSASVVMIVGQLPFLGLIVPNLVSHFYGDNLKKNIPLTAMYGAILVLGCDLVSRLIIFPHEMPISIVISILGGVVFIAMLLRGKQHA,47.0,110,103,24.272,25,77,58,1,1,56.31,36,/stor/work/Wilke/crisprtn7/reblast2/GCF_000491815.1_S018_genomic.fna
NZ_AWMR01000148.1,0..12249,tnsA,8474..9241,lcl|8474|9241|2|1,1,UniRef50_A0A3M5N9X7,2.80e-12,UniRef50_A0A3M5N9X7 tnsA HTH gntR-type domain-containing protein n=380 Tax=Bacteria TaxID=2 RepID=A0A3M5N9X7_PSEAZ,MAYQRIRQPKLSDVIEQELERLIVEGTLSPGQQLPPERELAKQFDVSRPSVREAIQRLEAKRLLTRRQGGGTFVSENIWKSFSDPLLNLLSSHSETQLDLLESRHAMEGISAYFAALRGTEEDFARIQGCLERISKEQANNDIEAESAEVMQFLIAITEAAHNVVLLHIVRSLAPLLEQNILQNFKLLRRRPEAVEKVSKHRANIVDAIVSGQPEKAREMSHSHLAYIEETLLDLTREESRRERSLRRIQQGNNS,62.4,150,149,33.557,50,91,78,4,8,52.35,57,/stor/work/Wilke/crisprtn7/reblast2/GCF_000491815.1_S018_genomic.fna
NZ_AWMR01000156.1,0..11632,tniQ,7112..6243,lcl|7112|6243|3|-1,-1,tr|A0A3D8NHY0|A0A3D8NHY0_9ACTN,4.66e-07,tr|A0A3D8NHY0|A0A3D8NHY0_9ACTN tniQ LysR family transcriptional regulator OS=Streptomyces sp. IB2014 011-12 OX=2174847 GN=DDV98_25620 PE=4 SV=1,MESKQLKHFLAVAEHGNITHAAKALHIAQPALSISIKKFEQSLGVTLFRREDKKISLTKEGETLLIHAQRVIQQLHDAQLAIDELKGLAKGEVRLGTPSMMGSYFFPRIVMAFKSQFPDLKLTLVEAGTQSIRRMLLNGQLDIGVISCDDVPEDLETDHLFSSQMVAVVAPEHELAQREAITFDEFFEHELVMFQHGYFHREFLDHVSEEHGFSMKSSFETNLLPLILSIVRQEFAITALLELVTQNEKGVVGIPFHPPVTLDLALAWRKEGYLSIADRTFIDFVKRYV,48.9,115,86,32.558,28,56,50,1,2,58.14,29,/stor/work/Wilke/crisprtn7/reblast2/GCF_000491815.1_S018_genomic.fna
NZ_AWMR01000156.1,0..11632,tnsA,11591..10596,lcl|11591|10596|3|-1,-1,UniRef50_A0A2D2C3Y7,1.01e-14,UniRef50_A0A2D2C3Y7 tnsA Tn7_Tnp_TnsA_N domain-containing protein n=4 Tax=Paracoccus TaxID=265 RepID=A0A2D2C3Y7_9RHOB,MDFQQLILNKERRWQRNLVIMSVVLVLLSTIHLMVGEVFLSPFQSLSVFEQKLLLDLRLPRLVAAAMIGAALAVSGATLQVLLGNVLAEPGVLGISGGASLAMVLVMFALPVLPTPMIFMLAAIAGSMLFTLILVGIARAMHLTTARLLLVGVALGILSSAIVTWAFYFSDDLSLRQLMYWLMGSIGGASWYQHTVTLVMFPVLVWLCCQGKPLDKLMLGEIHATQLGVDVHQMRWKLILAISVLVGCSVALGGIISFVGLVVPHLLRLAFGTENRYLLPLSAISGAALLVFADIGARLLLDSAELPLGVMTTSIGAPIFIWMLVKSHDAR,70.9,172,102,38.235,39,62,60,1,1,58.82,31,/stor/work/Wilke/crisprtn7/reblast2/GCF_000491815.1_S018_genomic.fna
NZ_AWMR01000156.1,0..11632,csf1,10609..9842,lcl|10609|9842|1|-1,-1,"gi|119855198|ref|YP_935801.1|CAS-IV|csf1gr8|LS,CASCADE",8.84e-04,"gi|119855198|ref|YP_935801.1|CAS-IV|csf1gr8|LS,CASCADE csf1",MMRVKHIAVGSRLLPLSFECKAGEVVHVVGPNGSGKSTLLAALSGTLTSRDGASGEVHVDDKNLLTLSLSEQAYVRGYLCQQSRPAFNVDVFQYLALSLPSGAAITDGKVRDAVNMVVELVQLQDKLHRSIQTLSGGEWQRVRLAGVCLQVWRTINPYSQLLILDEPAAPLDIAQEGLLYQLINAIAAQGISVLVANHDLNRTLKHADKVLLLSNGVLHASGRADDVLSETGLAEVFKTQVRKVMIDERPYLIFD,38.5,88,62,33.871,21,40,30,1,1,48.39,24,/stor/work/Wilke/crisprtn7/reblast2/GCF_000491815.1_S018_genomic.fna
NZ_AWMR01000158.1,0..11365,tniQ,9818..10687,lcl|9818|10687|2|1,1,tr|A0A1X0DTB1|A0A1X0DTB1_9MYCO,4.73e-05,tr|A0A1X0DTB1|A0A1X0DTB1_9MYCO tniQ HTH lysR-type domain-containing protein OS=Mycobacterium heidelbergense OX=53376 GN=BST25_05950 PE=4 SV=1,MSNVMDLNLIQTFLVVAEFQSYTKAAEQLGLTQPAVSAAIKRLEQVVDKQLFVKKGRGITLTSAAYQLLPQFEQAVSIIDNAITEKKHFEVCCSEILLHIMSPIKNAIFYESPPEKYILFELLRQQKVDLVIDTVVTKDAAFVMEEAYEEKAVIICREQHPRIQGTLSKEQFYDETHCLFSGKWNNMSGFEQLAQETILERKVDLVTSSLAGMALYVAQRDCLGLVSQSFANKWSKALKLQVLPCPISICTIPYKFVYHKRELNNPAHIALRERIKTHLASAHYEPISL,42.7,99,83,28.916,24,52,44,2,7,53.01,28,/stor/work/Wilke/crisprtn7/reblast2/GCF_000491815.1_S018_genomic.fna
NZ_AWMR01000161.1,0..11161,tniQ,7239..6289,lcl|7239|6289|2|-1,-1,tr|A0A2W1D0I8|A0A2W1D0I8_9PLEO,4.49e-15,tr|A0A2W1D0I8|A0A2W1D0I8_9PLEO tniQ Pectate lyase OS=Pyrenophora tritici-repentis OX=45151 GN=A1F97_07859 PE=3 SV=1,MEHKQIVITEFGDANVLAIQSAETPIPKSGEVLVKVHYAGVNPIDVKTRAGLGWAASQNKDKLPWVPGYDISGKVVSCGTKTSRFAVGDEVAGFIGFPLQGGGYSQYVCVPESELSHVPSSVTLEAAAVLPLAGQTAAQALSKANVSECDRVLILAGAGGVGHLAVQIAVATKAEVFTTCSERNLDYLATLGAHAVNYQFAPVSERVEGVDVLIDLVGGDVALDALKCLKDDARVITVPTISAELICDKAKLLGFEASGMLVEPDPSQLDTLLYMVGVGLLKTEVQHIYPMTEVIAAHQQVESGRTRGKVLLDMTC,72.8,177,244,29.508,72,145,114,11,27,46.72,73,/stor/work/Wilke/crisprtn7/reblast2/GCF_000491815.1_S018_genomic.fna
NZ_AWMR01000175.1,0..10473,tnsA,4309..5304,lcl|4309|5304|1|1,1,UniRef50_A0A1C6RKQ5,2.25e-12,"UniRef50_A0A1C6RKQ5 tnsA Murein DD-endopeptidase MepM and murein hydrolase activator NlpD, contain LysM domain n=2 Tax=Micromonospora inyonensis TaxID=47866 RepID=A0A1C6RKQ5_9ACTN",MKVMETDLNYLALDTLKPGNTLRFWRNDATGELEKMELQFSIADKVVYQLNSDGGYDFTDISIPGVWRQEPLVGVIQGSFSSSANRLGLSSAEISQVVSLLKEQVNFGRDLRAGDRFEVVRRSQTINGVSTGKNEIEAIKIYNRGREITAYLHTDGQFYNAKGESLQRAFQRYPVSRSWRISSGFNPNRLHPVTGRVAPHNGTDFAVPTGTPVVSTGDGTVIMTRKHPYAGNYVVVEHGNKYKTRYLHLSKILVKKGQKVSRGQRIGLSGKTGRVTGPHLHYELIEYGRPVNAMRANIPMASSVPKKEMATFIANRDEMDKLLKNKEKAVL,65.9,159,148,31.757,47,70,67,5,31,45.27,35,/stor/work/Wilke/crisprtn7/reblast2/GCF_000491815.1_S018_genomic.fna
NZ_AWMR01000175.1,0..10473,tniQ,8313..7426,lcl|8313|7426|1|-1,-1,tr|A0A2G7F0Q1|A0A2G7F0Q1_9ACTN,7.74e-04,tr|A0A2G7F0Q1|A0A2G7F0Q1_9ACTN tniQ Regulatory helix-turn-helix LysR family protein OS=Streptomyces sp. 70 OX=1827606 GN=CLW09_04841 PE=4 SV=1,MDWIQSVQSYIRVIEEGSFNAAARKLNTTSSAISKRIQWLEDKIGVQLLKRTTRSISQTEAGALFYERAKVQLDSWQSVLDETRSVNQSPAGLLKIGATLAVGSKFLVHYLDDFLEKYPDITLQLTTTLPGQLPELSLDLFISRHLEQLNSLSFKATPLFEHKAQFYAAPSYLEKYGTPQNVEELTKHNILIWGEKPAREIKTNRGKRVSLSGNFATTNPEALFHGAKRGMGILMTNNVMIKDDLKSGALVPILPDVTADEATVYAYYPKLDYQHTRTQLFLDYLKSRLEEEKRT,38.9,89,82,30.488,25,52,46,2,5,56.10,28,/stor/work/Wilke/crisprtn7/reblast2/GCF_000491815.1_S018_genomic.fna
NZ_AWMR01000177.1,0..10445,tnsA,1817..780,lcl|1817|780|1|-1,-1,UniRef50_A0A2D2C3Y7,4.30e-15,UniRef50_A0A2D2C3Y7 tnsA Tn7_Tnp_TnsA_N domain-containing protein n=4 Tax=Paracoccus TaxID=265 RepID=A0A2D2C3Y7_9RHOB,MLLRRIPLSTTLITLSGFLAFIAIASITVGPMNISFTDSLRGLIGAHSELAPHIQLVINEIRLPRTILCMFIGAILAICGVVMQGLFRNPLAEPGIIGVSAGAALGGAFAIVVFAEFSQNHPQLMNLAALPLFAFLGGALTTVLVYWLGTNKFGTSVTIMLLAGVAISALSGAAIGFLNFSADDQMLRDLTLWSMGSLAGANWAGIGLSSVTLVVLLFWFHKKAMSLNALLLGESEARHLGVPVQKLKRQLILLSAVGVGVTVSICGAIGFIGLVIPHLGRMLAGPDHRTLLPISALLGALLLTCADMIARVLLAPAELPVGIVTALIGAPFFIYLLFQQRGKIL,72.0,175,105,40.952,43,60,67,2,2,63.81,30,/stor/work/Wilke/crisprtn7/reblast2/GCF_000491815.1_S018_genomic.fna
NZ_AWMR01000177.1,0..10445,glmS,8961..8047,lcl|8961|8047|3|-1,-1,WP_035343592.1,2.94e-06,WP_035343592.1 glmS two-component system response regulator GlrR [Dickeya],MAKVVSKANQSQGMLMFKLTLQQNFAIGTLKVREIVPYMPTTKIPYSHHHVIGTVTIRDLTVPVIDMSAAVGFRPITQEEYKNCYLIVTDCLRTVVAFMVRSIEKIIECDWKAIETPPASAGKNIFVTGITRYGDQTVQMLDVELLLSKIYPQYENANIPMLTDVERERLKALNILLVDDSSIARKQLSDALDSINISYQICKNGSDALQLMKNEAEANRPIDILVSDIEMPGLDGYELAFEVQNDSALNHSYRILHTSLSSEICVDRAHQVGAHEALEKFNAGELIEAMLRGAKELEANAMAS,45.8,107,76,38.158,29,42,40,1,5,52.63,25,/stor/work/Wilke/crisprtn7/reblast2/GCF_000491815.1_S018_genomic.fna
NZ_AWMR01000180.1,0..10347,tnsA,7896..7183,lcl|7896|7183|1|-1,-1,UniRef50_A0A3M5N9X7,2.44e-07,UniRef50_A0A3M5N9X7 tnsA HTH gntR-type domain-containing protein n=380 Tax=Bacteria TaxID=2 RepID=A0A3M5N9X7_PSEAZ,MNSELKARYKVLGSEKEHTKSETLTETLIEVIVNGDVEPGSKISEPELARKYQVSRGPLREALMRLEGLGLIERIPHVGARVTTFSPAKLIELYSVREALEGMAARLAARHITQEELLSLEMLLSTHSKHIDQVEGASYFHQHGDFDFHYRIIQASRNSKLISLLCDELYHLLRMYRYQSPRAQSRPNEALTEHKFILEAIRNRDEELAEMLMRRHISGSRKLIQSQIIHTESLDKD,48.1,113,219,23.288,51,144,101,6,24,46.12,84,/stor/work/Wilke/crisprtn7/reblast2/GCF_000491815.1_S018_genomic.fna
NZ_AWMR01000184.1,0..10021,tniQ,9774..7915,lcl|9774|7915|2|-1,-1,tr|A0A081NVM8|A0A081NVM8_9BACL,3.78e-04,tr|A0A081NVM8|A0A081NVM8_9BACL tniQ ABC transporter domain-containing protein OS=Paenibacillus tyrfis OX=1501230 GN=ET33_22665 PE=4 SV=1,METREAEVTTLESGMVPISIPLEDLLEQYTGRYFLVKKQFRFDERSPEVLKTKEGHWFWSTLWQSKRIYRDVLIASLLINIFAIAAPMFTRLVYDKVVPNLAFETLWVLASGIFVVFIFDFSLKSLRNYFIDVAGKKSDILISSKLFSKVMGIRMESKPPSVGAFARHLQEFESIREFFTSATVSALIDLPFAILFLIIIWLMAGNLVFVPMVGVLILIIHSLLIQGPLRRSIEEGSRLASQKYANLIESLAGLETVKMLSAQSQFQYRWEEAVAHMANWNIKSRRITDSIQNAAGFVQQSSNVGMIILGVYLIAEGDLTMGGLIAATMLSGRAIGPLVQLSLLSTRYNQAKSSMTIINQVMEMPDEQEEGKRYIHRPIVQGKIELERVTFHYPDSPVASIRDLSLTINPGEKVAIIGRIGSGKTTLERLIMGLYQPTEGHVRIDDTDIAQLHHVDIRRNIGCVAQDSNLFFGSIRDNITLGRPLTDDRDVMDAANRAGVTAFTQSDPAGLERQVGEGGAMLSGGQRQAVTIARAFLGRPPVLLMDEPTSAMDNRSEMHIKHQLAQLKPSETLILITHKTSMLDIVDRVIVMEKGSVIADGPKSQVLNDLKQGKVRAVS,41.2,95,99,27.273,27,65,49,2,7,49.49,16,/stor/work/Wilke/crisprtn7/reblast2/GCF_000491815.1_S018_genomic.fna
NZ_AWMR01000184.1,0..10021,glmS,2439..1537,lcl|2439|1537|2|-1,-1,CUS47839.1,1.54e-04,CUS47839.1 glmS glucosamine--fructose-6-phosphate aminotransferase (isomerizing) [Idiomarinaceae bacterium HL-53],MKIDLSRLVTESRNPASAEIDTLSTIEMLQVINEEDQKVALAVKAVLPQIAKAVDAITQAFTNGGRLVYMGAGTSGRLGILDASECPPTYGTHPDMVIGLIAGGHQAILKAVENAEDDVKMGQDDLKALHLTSHDVVVGIAASGRTPYVLGGLEYAKSIGATTASIACNPECAMAKAADIAILPIVGAEVVTGSSRMKAGTAQKLVLNMLTTGAMIRSGKVFGNLMVDVEATNAKLIQRQTNIVVEATGASKEEAERALNACARHCKTAILMILADLDAEQAKSRLAAHNGFIRAALNNN,40.8,94,125,31.200,39,78,63,4,8,50.40,41,/stor/work/Wilke/crisprtn7/reblast2/GCF_000491815.1_S018_genomic.fna
NZ_AWMR01000184.1,0..10021,glmS,2920..3534,lcl|2920|3534|1|1,1,AIE94956.1,1.59e-05,"AIE94956.1 glmS glucosamine--fructose-6-phosphate aminotransferase, isomerizing (glmS) [uncultured marine thaumarchaeote AD1000_54_F09]",MQSTPLHSDILADDPIAVISQKLVKAKTDAMFQTTNALSYEACHQAVKWLSEARRVQVVGIGGSALTAKDLSFKLLKLGITALSEQDSHVQIAVARTLSSEDVQIAISYSGERKEILVAAEAAKEQGAKVIALSAPGRSRLRGIADVTFDTIANETEHRSSSIASRTAQNVITDLLFIILVQQRDESARQLISDISTDIKQILT,42.4,98,96,32.292,31,59,51,3,6,53.12,46,/stor/work/Wilke/crisprtn7/reblast2/GCF_000491815.1_S018_genomic.fna
NZ_AWMR01000196.1,0..9347,tnsA,8111..9085,lcl|8111|9085|2|1,1,UniRef50_A0A1C6RKQ5,3.09e-11,"UniRef50_A0A1C6RKQ5 tnsA Murein DD-endopeptidase MepM and murein hydrolase activator NlpD, contain LysM domain n=2 Tax=Micromonospora inyonensis TaxID=47866 RepID=A0A1C6RKQ5_9ACTN",MTSLILSSRNHNLALPLITIALTIIASVSFSHYLLTPEEQSEVISHSYQGILFDKEANNSIEKTYDSHFQRTKITTGAINYAFVTSLINAGLSQQEIKSLIKLIESEFDIIGSVRKGDKFSLKTRTNSYNEKYISSFYYSGSKKDFFIINDGKNNAYDEYGNRLTRKPYYSFPLAKEYKISSGFSLKRKHPITGLNTPHLGTDYAVPVGTPIYSIADGVIVKSRYNRFAGNYINIRHTNGSISRYLHLSRSSVRKGDNVVKGQEIGRSGNTGRTTGPHLHLELFVDGAPVDYARYIKSNQAPSLNIQMMLAAKTERAELIKELL,62.0,149,156,27.564,43,78,68,4,35,43.59,37,/stor/work/Wilke/crisprtn7/reblast2/GCF_000491815.1_S018_genomic.fna
NZ_AWMR01000199.1,0..9283,tniQ,6559..4781,lcl|6559|4781|1|-1,-1,tr|A0A081NVM8|A0A081NVM8_9BACL,7.89e-06,tr|A0A081NVM8|A0A081NVM8_9BACL tniQ ABC transporter domain-containing protein OS=Paenibacillus tyrfis OX=1501230 GN=ET33_22665 PE=4 SV=1,MKQTSTFKRLLSYPLSQPKPMIKGLALLFIAALASASGPWLIQYFIDEHIAKGDYSRNVLIALALGYVSLQVISATFQYLQSLQFSMVATNTIKTIRKQVFSGVIKQPLSAFDYTPAGKLVSRITNDTESLQQFYELLIATVVKNVVMIVVMLGVMFFMSWKLTLVVLVLLPIVIGFMYLFKQLSTESYRRMRDLLTDINANLSESIQGMSVIQLMQQEERFNKQFNELTAEHLVASKKVIRLNGYLLRPLMDLLAGLALLCLVAIFGFNGVELIGVGVLYAFISYLARVTEPLIEMTQQLALLQQALVSSERVFELIDAKPQTYGDDHKPLKTGSIELSNLTFSYDGKQDVLKDVSLKAAHQDFIALVGHTGSGKSTLASLLMGFYPTNVGELLIDGRPLNTLGKDVLRKDVAMVQQDPHILPASVRENISLSRAVSDEQIWDALDKVGLSEQIRRYPNGLDTQLGQGETNLSAGQKQLLALARVLVAKPKILILDEATANIDSGTEALIQKSLKVLRQNMTLVVIAHRLSTILDADQIVVLHHGDLVEQGTHKALLQQNGRYAQMYKLQQANRHLQQIEQEDAKQLEEAV,46.2,108,129,28.682,37,82,62,4,10,48.06,21,/stor/work/Wilke/crisprtn7/reblast2/GCF_000491815.1_S018_genomic.fna
NZ_AWMR01000201.1,0..9263,tniQ,7253..6342,lcl|7253|6342|1|-1,-1,tr|A0A2M9IWC8|A0A2M9IWC8_9ACTN,6.77e-06,tr|A0A2M9IWC8|A0A2M9IWC8_9ACTN tniQ HTH arsR-type domain-containing protein OS=Streptomyces sp. CB01201 OX=2020324 GN=CG740_33200 PE=4 SV=1,MIELKHLRTLTSLRDTGSLTATATALHLTQSALSHQIKDLESRIGGQLFLRKTRPVKFTSEGEILLRLAEDILPKLARAENELASLKEDVNGRLHMAIECHSCFQWLMPALREYQLAWPSVTLDFSSGFGFEPLPALLAGELDLVITSDIQPRSEVHYEPLFDFEMRLITATNHPLADKEIIEPQDLADQTMLSYPVQKQRLDVVKHFLQPAGVEPARWKQADNTLMLVQMVSAGLGVAALPNWAISEFSRQGLITSKPFGKGLWRRLFAATRNSEKDKRYLQAFFATARQQCKSHLDGIKMA,45.4,106,52,51.923,27,23,33,1,2,63.46,17,/stor/work/Wilke/crisprtn7/reblast2/GCF_000491815.1_S018_genomic.fna
NZ_AWMR01000203.1,0..9184,tniQ,616..68,lcl|616|68|1|-1,-1,tr|A0A417XIF4|A0A417XIF4_9CLOT,3.99e-04,tr|A0A417XIF4|A0A417XIF4_9CLOT tniQ GNAT family N-acetyltransferase OS=Clostridium sp. OF09-10 OX=2292309 GN=DXA91_00825 PE=4 SV=1,MSPDFEIITPRLALRLIPADDAHSLQRLLSQSPSLHTWLDWCDAEVSLKDAQDFLLATRLNWVKTEAFGFGIYDRDSNTLLGMAAVNELYHTFNMASIGYWVADRYQRQGYTQEAIKALAEFCFAKLSLTRIEIVCDPDNNASQALIESVGAKKEAIARNRFIFHGKPKDGVVYSLLPTDLL,37.4,85,114,24.561,28,72,52,3,14,45.61,63,/stor/work/Wilke/crisprtn7/reblast2/GCF_000491815.1_S018_genomic.fna
NZ_AWMR01000203.1,0..9184,cas3,5064..1603,lcl|5064|1603|2|-1,-1,gi|347756299|ref|YP_004863862.1|CAS-I|cas3HD|cas3,2.29e-07,gi|347756299|ref|YP_004863862.1|CAS-I|cas3HD|cas3 cas3,MTKATILSVTNPTERGDKKQLGNLPGAALPLAIAELAKQHSSHSLLVVPDPQIALKLQAEIEQFTDQPVSLFPDWETLPYDNFSPHQEIISDRIARLYQLPNQRGGVTIVPVSTVLQRQSPREFLLQHTLMVKTGDNFSLENLRVQLENSGYRHVDQVFGPGEYASRGSILDLFPMGSADPYRIDFFDDEIDTIRTFDPENQRSIEDIQQIQLLPAHEFPTTKEAIEDFRTRWRTQFEARREPESIYMQVTKGTWPAGIEYWQPLFFDHTETLFDYLPEDSQLITYGDIEAAVDTFLNDVEYRYDQKKIDPLRPLLAPHDLWLKKDELLAHFKQLPQAQLSLEKVVKRAGRQNLAVQTLAELGVQQQNKEPLSRLRQFSEQFTGKIIFSVESEGRREALTELLQGIKVRPVVQESLYHALESDHRFTLILGSAEHGFIHDELNFALICESDLLGDRVIQRRRKDKKAVNSDTVIRHLAELKPGQPVVHIDHGIGRYIGLQTLEAGGMKTEYVTLEYQNDAKLYVPVSSLNLISRYSGGAEETAPLHKLGGEAWSKARRKAAEKVRDVAAELLDVYAKRELKPGFKFALDRGQYATFKATFPFEETDDQAMAINAVLSDMCQAKAMDRLVCGDVGFGKTEVAMRAAFVATDNSKQVAVLVPTTLLAQQHFENFRDRFANLPIRVEVLSRFKSAKEQKVILQDVADGKVDIVVGTHKLLSSDIKFKDLGLLIVDEEHRFGVRQKEKVKAMRADVDILTLTATPIPRTLNMAMSGMRDLSIIATPPARRLAIKTFVREREESVVREAVLREIMRGGQVYFLHNQVETIEKTAEDLQKLIPEARITVAHGQMRERELERIMNDFYHQRFNVLVCTTIIETGIDVPTANTIIMDRADNLGLAQLHQLRGRVGRSHHQAYAYLLTPHPKAMTKDAIKRLDAIASLEDLGAGFTLATHDLEIRGAGELLGDEQSGQIQSVGFTLYMEMLEQAVEALKEGKEPSLDDLLREQTEVELRIPALLPDDYIPDVNTRLSMYKRIASVSDSDELSELKVELIDRFGLLPDAAKNLLAVSELKFAAGSIKAKKIEAHDKGGFIEFYPDADINPAYLVKLLQSQPQKFAMEGPTKFKFSVPLADRRKRIQFVQDLLNDFKQNLLPTS,53.9,128,166,27.108,45,107,84,6,14,50.60,14,/stor/work/Wilke/crisprtn7/reblast2/GCF_000491815.1_S018_genomic.fna
NZ_AWMR01000207.1,0..8958,tnsA,6660..4909,lcl|6660|4909|1|-1,-1,UniRef50_A0A345DB38,4.96e-07,UniRef50_A0A345DB38 tnsA ResIII domain-containing protein n=396 RepID=A0A345DB38_9BURK,MYTLRPYQADSVKAVIHYFRKHSTPAVIVLPTGAGKSLVIAELARLAKGRVLVLAHVKELVEQNHAKYEGYGLKGAIFSAGLGRKETDQQVVFASVQSVVRNLDSFKNQFSLLVIDECHRVPDDKNSSYQKVITHLRELNPGIKVLGLTATPYRLGMGWIYQYHTRGQVRTEESRFFRDCIFELPIRYLLDENFLTPARMMDAPVLSYDFSQLKPANTGRYKEAEMDMVIDKAKRATPQIVEQIIQYARERKGVMIFAATVRHAQEIHGLLPEGETAIVIGDTPTPERDAIIQAFKNREIKYLVNVSVLTTGFDAPHVDLIAILRPTESVSLYQQIVGRGLRLSEGKNECLVLDYAGNSYDLYQPEVGDPKPDSTSEIITIPCPACGFNNNFWGKLDSNGFLLEHFGRRCQGYFEDEDTGEREHCGYRFRAKYCGECGADNDIAARICHECDATLVDPDKKLKEALNLKDALIFECTEMDLSVFKSNDGKSQLKVTYSGEPYQGEGHALVHEFWSLNTKKQKQTFKDQFVRPHLADKHRPFEEASPTRVVANQHRFRLPQFVIARKSGRFWKLRDKIFEDELK,50.8,120,267,23.596,63,146,118,12,58,44.19,42,/stor/work/Wilke/crisprtn7/reblast2/GCF_000491815.1_S018_genomic.fna
NZ_AWMR01000207.1,0..8958,glmS,4332..3673,lcl|4332|3673|1|-1,-1,WP_035343592.1,9.81e-10,WP_035343592.1 glmS two-component system response regulator GlrR [Dickeya],MKILVVEDDPRLGEQIIETLENNGWVPELSQDGIDALYRATSEEWDAIVLDLGLPKLDGLTVLKGIRDENINTPVVILSARDTLTQRVEGLNAGADDYLTKPFEMVELIARLRAQLRRASGNASPVMQIGDLSLDTRTSKVMWQGQAVSLTALEYKVVAYFMHNPEKVISRTELVEHIYKQDFDRDSNTIEVFIGRIRKKIAPKIIKTVRGLGYQLNAE,55.5,132,102,29.412,30,72,55,0,0,53.92,47,/stor/work/Wilke/crisprtn7/reblast2/GCF_000491815.1_S018_genomic.fna
NZ_AWMR01000231.1,0..8313,tnsB,7911..6655,lcl|7911|6655|1|-1,-1,UniRef100_A0A1U9Z828,6.52e-06,UniRef100_A0A1U9Z828 tnsB Transposon Tn7 transposition protein TnsB n=1 Tax=Martelella mediterranea DSM 17316 TaxID=1122214 RepID=A0A1U9Z828_9RHIZ,MLGKEELRNQSIAVIGAGIIGLSIGLKLQQQGYRVTIFDPNGVGNGCSKGNAGHIATEQVFPLATPALIPQLPKMLLSSTSPVSIRWQDLPNTVGWMMRFLLKAKPSAAKASTQAITSLNTRAVQSWNLLLDSIGKSGLIKMDGSLLTFESESLFEGYQSTLDALAEQGVRYELWTQNEIRRRLPELSKKVRFGVFFPETGHTINPYALSVELSNAFEKLGGSLVHEEVDAVSKNGDVLVNARRMSFDKIVVAAGVHSKALVRQLTGVNVPIQAERGYHLMMNDKRESLPFPISSADRKFIMTPMSEGLRLAGTVEYADVKSPPNMKRAEMLYQQGNAMFESGLNPLKQQEQWMGNRPSTIDSLPVIDQCFNGKILLAFGHQHLGLTQAAITADLISELVADKPTSVNIAPFTLQRFA,46.2,108,56,42.857,24,31,32,1,1,57.14,13,/stor/work/Wilke/crisprtn7/reblast2/GCF_000491815.1_S018_genomic.fna
NZ_AWMR01000242.1,0..7692,tniQ,7119..6235,lcl|7119|6235|1|-1,-1,tr|A0A1U1BRW6|A0A1U1BRW6_9MYCO,3.59e-04,"tr|A0A1U1BRW6|A0A1U1BRW6_9MYCO tniQ Regulatory helix-turn-helix protein, lysR family OS=Mycobacteroides abscessus subsp. massiliense OX=1962118 GN=SAMEA2275744_05269 PE=4 SV=1",MFTIEQLQAFVATSESGSFSAAARKLGRAQSVISQHIMNMELDCGVDLFDRSGRYPKLTENGHALMPYAQAAISQLDRLNNKATQLFSAQASELVLAIDEGIPLTRLPDVLKNLEQQFPQLQVECLTASSPDIIELVKSERATTGIILSDLQMPRHIDFTNLGNIAFDVYVSSDHPLAAQRITHIDQLKQYRQLVIRSKSAEPGSLNQALSPDIWYADNYYILLELANKGFGWCFLPEHLVADSPNTLKKVGDDFTKLAWQVNVDLIQHQKWHSDPLHQQAKAELITLFEQTVK,40.0,92,64,40.625,26,36,35,1,2,54.69,21,/stor/work/Wilke/crisprtn7/reblast2/GCF_000491815.1_S018_genomic.fna
NZ_AWMR01000249.1,0..7400,tnsA,5156..4482,lcl|5156|4482|1|-1,-1,UniRef50_A0A3M5N9X7,5.40e-11,UniRef50_A0A3M5N9X7 tnsA HTH gntR-type domain-containing protein n=380 Tax=Bacteria TaxID=2 RepID=A0A3M5N9X7_PSEAZ,MSQKPVFKTRTQLVEEAIRTQILKGELKTGQPLRQDALAKEFNVSRIPVREALVQLEAQGLVSFEPHKGATVTELSPDKIDELFELRAVVECHILERAIQNMTDEDLERAREVRERFEAVVNSGDEVEEWSNYNYEFHKALYAPANMPETMDVIYNLNTKCDRYIRMQLLFTTGIKKAEQEHLTLFEMCQNRDIDGAKYLLKKHILEAGTAIRNLLLERQSPNN,58.5,140,239,26.778,64,130,108,9,45,45.19,94,/stor/work/Wilke/crisprtn7/reblast2/GCF_000491815.1_S018_genomic.fna
NZ_AWMR01000263.1,0..6712,tniQ,890..1276,lcl|890|1276|2|1,1,tr|A0A3A3DGX9|A0A3A3DGX9_9RHOB,1.94e-06,tr|A0A3A3DGX9|A0A3A3DGX9_9RHOB tniQ Uncharacterized protein OS=Paracoccus sp. JM45 OX=2283626 GN=DWB67_05530 PE=4 SV=1,MLHTSNPIIKHKAGLLNLAEELGNVSRACKVKGGSRDTFYRYQGLVETGGIDALINQSRRTPNLKNRVDSETEQAVLKYAIDFPAHGQVRTSNELRKLGVFISPSGVCSTWFRHDLENFKKRLRKTGS,43.5,101,51,47.059,24,27,28,0,0,54.90,40,/stor/work/Wilke/crisprtn7/reblast2/GCF_000491815.1_S018_genomic.fna
NZ_AWMR01000271.1,0..6441,tnsA,1296..2240,lcl|1296|2240|3|1,1,UniRef50_A0A1W6LD49,3.37e-49,UniRef50_A0A1W6LD49 tnsA UPF0761 membrane protein A4W93_20890 n=42 Tax=Betaproteobacteria TaxID=28216 RepID=A0A1W6LD49_9BURK,MNQLSESYKARLSNLLPSCVAFFKYLLKRLTHDRVNVNAGYLAYITLLSIVPMLTVLLSILSKFPVFANVGEVLQGYIIENFVPASGEAVHTALQEFVANTGKMSAVGGGFLFIAALMLISNIDKNLNYIWRVKDKRRLVFSFSMYWMVLTLGPILVGASIAATSYVTSLQILENETLSGAFNLFLRWLPLLLSFFAFLGLYILVPNKKVHLAHGAVGAAVAAILFELSKKGFALYITQFPSYQLIYGALAAIPILFVWVYLCWMIVLLGAEVTAALGEQEHWSEDLDMIHSSAESQLANEGSESSDSANSTSQ,163,412,257,35.409,91,165,143,1,1,55.64,82,/stor/work/Wilke/crisprtn7/reblast2/GCF_000491815.1_S018_genomic.fna
NZ_AWMR01000279.1,0..6244,tniQ,5258..6148,lcl|5258|6148|2|1,1,tr|B5GZK9|B5GZK9_STRCL,1.29e-04,tr|B5GZK9|B5GZK9_STRCL tniQ Uncharacterized protein OS=Streptomyces clavuligerus OX=1901 GN=SCLAV_p0400 PE=4 SV=1,MLSIKQLSYALAVSKTLHFRKAADLCHVRQSTLSTGVSELERQLGIKIFERDNKKVLVTPLGREVLDKASNIMLQLEDMAHLDHSCGEPFCFPLSIGMIPTIAPYLLPKLLLTLKEQYPNAKIDIFEEQSHVLVDMVHSGEIDAAVLAIPYPCDGLLTLEFWQEDFYWVALDGQMHTDKSSITSEELQETNLMLLKEGHCLKDHILDACRLSEQTSNQEYRATSLNTLIQMVMSGMGTTLIPEMALEQLVTHYPVLSAVHLNEPGPHRRIALAFRPNYVDVSSLEALSRIAKQSLK,41.2,95,77,29.870,23,54,42,0,0,54.55,26,/stor/work/Wilke/crisprtn7/reblast2/GCF_000491815.1_S018_genomic.fna
NZ_AWMR01000283.1,0..6055,tnsA,2811..1981,lcl|2811|1981|2|-1,-1,UniRef50_P0AC11,4.99e-37,UniRef50_P0AC11 tnsA Dihydropteroate synthase type-2 n=619 Tax=cellular organisms TaxID=131567 RepID=DHP2_ECOLX,MIITANNKSLDLSRPHVMAILNVTPDSFSDGGKFNSLELALAQVEKMITAGVSIIDVGGESTRPGAPDVSLEEELQRVVPVVKAIREKYDVWISVDTSKAEVMRQAIAVGADLINDIRALQEPGALQVAAASKLPVCLMHMKGQPRTMQESPQYENLMDDVAQFLEERIAACEAVGINKSQLILDPGFGFGKTIEHNYHMLAHLEKFHEFGLPILAGMSRKSMIFKLLDKPAADCTNASVVCATIAAMKGAQIIRVHDFEETIEAMKIVEMTQNNI,130,327,257,33.852,87,157,138,7,13,53.70,91,/stor/work/Wilke/crisprtn7/reblast2/GCF_000491815.1_S018_genomic.fna
NZ_AWMR01000283.1,0..6055,tnsA,4843..2864,lcl|4843|2864|1|-1,-1,UniRef50_A0A0P9PXI9,1.70e-09,UniRef50_A0A0P9PXI9 tnsA TnsA endonuclease n=3 Tax=Pseudomonas syringae group TaxID=136849 RepID=A0A0P9PXI9_PSESX,MAKNLILWLVIAVVLMSVFQSFGPGESNGRTVDYTTFVQEVGQGQIQEATFKDGEISFVRRGGGAKMVTYMPVYDQKLLDDLINQNVKVQGTPPEEQSLLGTIFISWFPMILLIGVWIFFMRQMQGGGGKGAMSFGKSKARMMSEEQIKTTFADVAGCDEAKEDVKELVDYLRDPSRFQKLGGKIPTGVLMVGPPGTGKTLLAKAIAGEAKVPFFTISGSDFVEMFVGVGASRVRDMFEQAKKAAPCIIFIDEIDAVGRQRGAGVGGGHDEREQTLNQMLVEMDGFEGNEGIIVIAATNRPDVLDPALLRPGRFDRQVVVGLPDVRGREQILKVHMRKVPLAGDVEPSLIARGTPGFSGADLANLVNEAALFAARGNKRNVSMVEFELAKDKIMMGAERRSMVMSEETKESTAYHEAGHAIVGRLVPEHDPVYKVSIIPRGRALGVTMYLPEQDRVSMSRQHLESMISSLYGGRLAEELIYGPEKVSTGASNDIERATDIARKMVTQWGFSEKLGPLLYAEDEGEVFLGRSVTQTKHMSDDTAKLIDDEVRQIIDRNYDRAKKILEDNMDIMHAMKDALMKYETIDARQIDDLMERKAEIREPAGWGDNPMNKPKDDDKSQATPEVKEEEKATDSANAAEQVTSQDSASSEVPEKKDSE,53.9,128,95,32.632,31,60,53,2,4,55.79,14,/stor/work/Wilke/crisprtn7/reblast2/GCF_000491815.1_S018_genomic.fna
NZ_AWMR01000283.1,0..6055,glmS,1961..621,lcl|1961|621|3|-1,-1,WP_000251875.1,6.83e-21,WP_000251875.1 glmS phosphoglucosamine mutase [Bacteria],MSNKRRYFGTDGVRGKVGQYPITPDFVLKLGWAAGRVLAKQGTKKVIIGKDTRISGYMLESALEAGLAAAGLKATFTGPMPTPAVAYLTQTFRAEAGIVISASHNPYYDNGIKFFSSEGTKLPDDIELAIEAELDKDIECVESSELGKATRLNDAAGRYIEFCKSTFPSTLSLSNLRIVVDCAHGATYHIAPNVFKELGADVIAMGVEPNGININEEVGATDVRALQKRVVEEQAHLGLAFDGDGDRIIMVDHLGNKVDGDQIAYIIARDALRRGELKGGVVGTLMTNLGMENGLKQLGIPFVRAAVGDRYVMEQLLAKGWKIGAENSGHVILLDKVTTGDAIVAALQVLASVVGSDMSLHDLSQGMTLYPQVLENVRFAGENNPLEAQAVLAAVEEVEAELGDKGRVLLRKSGTEPLIRVMVEGEDAELVQSSALKIADAVKASC,85.1,209,79,50.633,40,38,55,1,1,69.62,17,/stor/work/Wilke/crisprtn7/reblast2/GCF_000491815.1_S018_genomic.fna
NZ_AWMR01000312.1,0..4996,tnsD,1754..2206,lcl|1754|2206|2|1,1,UniRef90_A0A1L7NNG5,8.40e-08,"UniRef90_A0A1L7NNG5 tnsD Transposition protein, TnsD-related protein n=1 Tax=Pseudomonas putida TaxID=303 RepID=A0A1L7NNG5_PSEPU",MATAALKSFKPKQPHKANFWFMLGIEDAETGRTDAVHKGFEPKVYRNIVERVKLSQNEFQNVTLIPVSTIKRRLKNDERFNTQESDAIYRLAMLLKLATELFDDEERALEWMKENVYGLGGKRPLDMVSTTVDFEIVKDLIGRLEHGVFS,45.4,106,60,33.333,20,40,33,0,0,55.00,40,/stor/work/Wilke/crisprtn7/reblast2/GCF_000491815.1_S018_genomic.fna
NZ_AWMR01000353.1,0..4148,tniQ,2592..1702,lcl|2592|1702|3|-1,-1,tr|A0A2T7KRU6|A0A2T7KRU6_9ACTN,4.35e-06,tr|A0A2T7KRU6|A0A2T7KRU6_9ACTN tniQ LysR family transcriptional regulator OS=Streptomyces sp. CS131 OX=2162711 GN=DBP20_17590 PE=4 SV=1,MIKGSEYPSIRALRTFVAVANYLSFSKAADDLCVTQGAVSKQMASLEQLVGLPLIHRGLNGVELTEEGKRYLPQITEALELIQHATASLIQTNTDQELLVVDVTPSFASLWLVPNIDDFHQRHPNIRVKILTGDGAVKNIHGESDLHVRCLPLSTHYEYSQLLCEETLLLIGNTNLPKLSDNQAISHYPFIPQTTRPQLWEQFKQENDLECPITYHSVGFEHFYLACEAVRMEKGLALLPDFMAQFSILRGDIQHIGNLKLHSGYGYYVVIPNFRLTSRKVALFHDWLKDKLTHHT,45.8,107,81,37.037,30,48,44,2,3,54.32,27,/stor/work/Wilke/crisprtn7/reblast2/GCF_000491815.1_S018_genomic.fna
NZ_AWMR01000375.1,0..3348,tniQ,3088..2186,lcl|3088|2186|3|-1,-1,tr|L8PEK8|L8PEK8_STRVR,6.12e-04,tr|L8PEK8|L8PEK8_STRVR tniQ HTH lysR-type domain-containing protein OS=Streptomyces viridochromogenes Tue57 OX=1160705 GN=STVIR_4410 PE=4 SV=1,MRNTDDYIIFYHLVEQGSFSSAARHMELTKSVVSKRIAKLEQELGVQLLYRTTRTLTLTEAGQSFFVHAKAVYQAVATAEESIVGLGKNLSGNIKITVPTISGELILPGVISEFNDKYPDINIDMELDNRFVDIVNERFDLAIRTGMLPDSSLIARKLVDANWVVCASPKYLAKHGIPKQPSELTKHNCLVYSYQETGAREWAFKSDDKTYQVTVDGNLCTNNSSALRNVALLGQGVIYVPRVLVYEDLKQGSLIQLFKEETAKCLGIYAVYPYTRQQPEKIKIFIDHLYNSFQSQNHRF,39.3,90,96,33.333,32,48,47,4,16,48.96,31,/stor/work/Wilke/crisprtn7/reblast2/GCF_000491815.1_S018_genomic.fna
NZ_AWMR01000385.1,0..3150,tnsA,870..31,lcl|870|31|1|-1,-1,UniRef50_A0A3M5N9X7,1.55e-05,UniRef50_A0A3M5N9X7 tnsA HTH gntR-type domain-containing protein n=380 Tax=Bacteria TaxID=2 RepID=A0A3M5N9X7_PSEAZ,MVIKAKSPAGFAEKYIIESIWNGRFPPGSILPAERELSELIGVTRTTLREVLQRLARDGWLTIQHGKPTKVNQFMETSGLHILDTLMTLDVDNATNIVEDLLAARTNISPIFMRYAFKANKENSERTIKNVIESCEALVNASSWDDFIASSPYADKVLQSVKEDNEKDEAKRQEILIAKTFNFYDYMLFQRLAFHSGNQIYGLIFNGLKKLYDRVGSYYFSNPASRDLALRFYRQLLETCETGQREQLPVVIRHYGMESAQIWNEMKKQLPTNFTEDDS,43.1,100,58,36.207,21,37,36,0,0,62.07,21,/stor/work/Wilke/crisprtn7/reblast2/GCF_000491815.1_S018_genomic.fna
NZ_AWMR01000385.1,0..3150,cas1,870..31,lcl|870|31|1|-1,-1,gi|374307349|ref|YP_005053780.1|CAS-I-C|cas1|cas1,0.002,gi|374307349|ref|YP_005053780.1|CAS-I-C|cas1|cas1 cas1,MVIKAKSPAGFAEKYIIESIWNGRFPPGSILPAERELSELIGVTRTTLREVLQRLARDGWLTIQHGKPTKVNQFMETSGLHILDTLMTLDVDNATNIVEDLLAARTNISPIFMRYAFKANKENSERTIKNVIESCEALVNASSWDDFIASSPYADKVLQSVKEDNEKDEAKRQEILIAKTFNFYDYMLFQRLAFHSGNQIYGLIFNGLKKLYDRVGSYYFSNPASRDLALRFYRQLLETCETGQREQLPVVIRHYGMESAQIWNEMKKQLPTNFTEDDS,38.1,87,89,29.213,26,59,47,2,4,52.81,32,/stor/work/Wilke/crisprtn7/reblast2/GCF_000491815.1_S018_genomic.fna
NZ_AWMR01000405.1,0..2744,tniQ,1719..2633,lcl|1719|2633|3|1,1,tr|A0A6C1BUQ8|A0A6C1BUQ8_9ACTN,4.09e-04,tr|A0A6C1BUQ8|A0A6C1BUQ8_9ACTN tniQ LysR family transcriptional regulator OS=Streptomyces albus OX=1888 GN=G3260_000050 PE=4 SV=1,MQHGNEDLMNIKSLQLFIHLCESKSFAKTAAAMHISPSALSRQIQKLEEETNQQLFVRDNRSVELTTQGKKLMPVALKILSEWQQYQNHIKGTEGELKGEIRLFCSVTASYSHLPELISDFRLQHPFIEFKLSTGDPAQAIDKILADEADIAISAKSEQMPNKIAFETISEIPLSVIAPVGVSSFAEELQKEQPDWSIIPFILPEAGTARDRANTWLKKMKIKPNIYAQTSGHEAIVSMVALGCGVGIAPDVVINNSPVREKINRLKVLPIKPFELGVCCTKNQLENPLVKAFWKVAESKYIAP,39.7,91,65,36.923,24,39,35,1,2,53.85,21,/stor/work/Wilke/crisprtn7/reblast2/GCF_000491815.1_S018_genomic.fna
NZ_AWMR01000411.1,0..2675,tnsA,1334..45,lcl|1334|45|1|-1,-1,UniRef50_A0A1C6RKQ5,7.72e-12,"UniRef50_A0A1C6RKQ5 tnsA Murein DD-endopeptidase MepM and murein hydrolase activator NlpD, contain LysM domain n=2 Tax=Micromonospora inyonensis TaxID=47866 RepID=A0A1C6RKQ5_9ACTN",MHSIFVRLPLLHKVLIGFFSALIIIALFFLPDPQDLNPQQSRLKVGQHYPVPISLELTTLNGSSQMSSVLRWETYKVKNGESAAILFNRVGLSARLLHELVSSDKEIEQQLTRLRPGDKLQFGFDEKNDLVQLRRTLSAFETFRIKLQDGKYVSEVDKKEVDYQFNYAEATIKSNFWNAGISSGLNGNQIMELAGIFGWDIDFALDIRKNDSFRVLYQEEVVEGEVIGRGKIIAAIFKNQGDTFTAILDEKTGKYYDENGRAMKKAFLRAPLDFRRVTSNFNPRRLHPVTGRVRPHRGTDYAAPVGTPIWAAGDGVVQKSAYNKFNGNYVFIKHSNTYITKYLHLTKRTVKTGQRVKQGQTIGTLGGTGRVTGPHLHYEFLVNGVHKNPRTVNLPQSKSLTGKARQTFMANAKVSMDKLDRYSKLLAMR,65.1,157,111,36.036,40,49,52,2,22,46.85,21,/stor/work/Wilke/crisprtn7/reblast2/GCF_000491815.1_S018_genomic.fna
NZ_AWMR01000451.1,0..1867,tniQ,282..791,lcl|282|791|3|1,1,tr|A0A417XIF4|A0A417XIF4_9CLOT,6.43e-12,tr|A0A417XIF4|A0A417XIF4_9CLOT tniQ GNAT family N-acetyltransferase OS=Clostridium sp. OF09-10 OX=2292309 GN=DXA91_00825 PE=4 SV=1,MKTLTTERLILRLVSVDDAPFILELYNHPDFYRFVGDKQMRTDYEAVRYIKENMLRMEEKKGVSLLVVEDKQTKQPLGICGLVKRDTLNAYDIGYGFLPSAYGQGFAIEAAKAVIEYAKQAMQLSQLVAITNNDNIRSISLLKKLGFEFERVEQQYDNGRTLELYTLQL,58.5,140,73,41.096,30,42,43,1,1,58.90,43,/stor/work/Wilke/crisprtn7/reblast2/GCF_000491815.1_S018_genomic.fna
NZ_AWMR01000460.1,0..1748,tniQ,680..1171,lcl|680|1171|2|1,1,tr|A0A417XIF4|A0A417XIF4_9CLOT,2.06e-04,tr|A0A417XIF4|A0A417XIF4_9CLOT tniQ GNAT family N-acetyltransferase OS=Clostridium sp. OF09-10 OX=2292309 GN=DXA91_00825 PE=4 SV=1,MELQQLNKTQLQQLIAETTDIKIEFYSGSIPPIHVLNRSVQYAQSTMAEIWSLPYMMLYKGHVVGFCGFKGEPKAGEVEIGYNVAPLQQGRGLAKFAVNQLCNLAFNSGLVESVFALISSANVASLSVVKANNFVFTGIVVDGDNEELEKWVLNKAFCAQQSV,37.7,86,100,30.000,30,66,49,3,4,49.00,61,/stor/work/Wilke/crisprtn7/reblast2/GCF_000491815.1_S018_genomic.fna
NZ_AWMR01000500.1,0..1277,tniQ,635..159,lcl|635|159|1|-1,-1,tr|A0A417XIF4|A0A417XIF4_9CLOT,2.86e-09,tr|A0A417XIF4|A0A417XIF4_9CLOT tniQ GNAT family N-acetyltransferase OS=Clostridium sp. OF09-10 OX=2292309 GN=DXA91_00825 PE=4 SV=1,MKPDLHGSRIVLRSIQTNDSDDLFEIYGDIQTMEFASDPVFTSKDMIAQMLESVVRLEKSGESLEWAIMDQATNKVIGTCGLHSFSDNGDSCEVGCLLNSSYWRQGYMSEALSLLFSHAKSLGIERLYADIDEGNFRSQALFNKLGFKAKNGQFQRLL,51.2,121,91,32.967,30,58,48,2,3,52.75,57,/stor/work/Wilke/crisprtn7/reblast2/GCF_000491815.1_S018_genomic.fna
NZ_AWMR01000524.1,0..1072,tniQ,821..78,lcl|821|78|3|-1,-1,tr|A0A1G8KW73|A0A1G8KW73_9FIRM,0.001,tr|A0A1G8KW73|A0A1G8KW73_9FIRM tniQ TniQ protein OS=Desulfosporosinus hippei DSM 8344 OX=1121419 GN=SAMN05443529_14119 PE=4 SV=1,MLIAQTTGVLFFTHGYSEGVMDIKESIILVTSAGSVIGRTCSSHFAHLGATLILCDQNSSALKASYDQIRAFTDKVYAMNVCSDNPTSINLLFDQIESQLRATPDVIVNCWTSSPMPSLMAPEPMSIYIDHLSSAARFLYTYGQVGAERFRARNKKGVIVNVISHDNHEDLTGVESMAALVSGFTHSWAKELTPFNIRVGGVIPSVSHTREDLDERHWAEIQDELVRNTAYIVSNEYFSGRVVATEV,38.1,87,135,24.444,33,87,59,5,15,43.70,54,/stor/work/Wilke/crisprtn7/reblast2/GCF_000491815.1_S018_genomic.fna
