NZ_JDSW01000001.1,18568..42503,tnsD,39413..38568,lcl|39413|38568|1|-1,-1,UniRef90_A0A3D5EQG0,1.33e-04,UniRef90_A0A3D5EQG0 tnsD TnsD domain-containing protein n=2 Tax=Alteromonadales TaxID=135622 RepID=A0A3D5EQG0_PSEAS,MDLTKRIHQYTRGAWTFDVIDSGPIDGPLVVLLHGFPETAHSWEQTSELLHEHQFRTLAIHQRGYSLNARPQSRFQYSLSELVEDVASLIKQLGQPVYLIGHDWGSVIASSVAMNYPQYIQHLTLVSVPHQAAFLKACLSSNQLLKSYYFAVFQLPILPELLFKKMPKVARKFLKSSGMTEQQIKIFETEFIKENRLTTALNWYRGFFWDKPENPFKTIDVPTLFIWGKHDIAVTEKSAKLNSGYFKNNYKAIFMDASHWIPYQKAPELVQCFLESIHDQA,40.8,94,109,28.440,31,69,54,3,9,49.54,37,/stor/work/Wilke/crisprtn7/reblast2/GCF_000722965.1_Acinetobacter_baumannii_Genome_sequencing_genomic.fna
NZ_JDSW01000001.1,18568..42503,parE,28458..30926,lcl|28458|30926|3|1,1,WP_042748047.1,0.0,WP_042748047.1 parE DNA topoisomerase IV subunit B [Lactococcus lactis],MSSESQSASQTEQTNEKAYDSSSIKVLRGLDAVRKRPGMYIGDTDDGTGLHHMVFEVVDNAIDEALAGHCDEIIVTIHEDESVSVSDNGRGIPTDIHPEEGVSAAEVILTILHAGGKFDDNSYKVSGGLHGVGVSVVNALSSKLHLTIYRAGQIHEQEYHHGDPQYPLRVIGETDNTGTTVRFWPSAETFSQTIFNVEILARRLRELSFLNAGVRIVLRDERINLEHVYDYEGGLSEFVKYINEGKNHLNEIFHFTADADNGIAVEVALQWNDSYQENVRCFTNNIPQKDGGTHLAGFRAALTRGLNQYLENENILKKEKVNVTGDDAREGLTAIISVKVPDPKFSSQTKEKLVSSEVKPAVEQAMNKEFSAYLLENPQAAKSIAGKIIDAARARDAARKAREMTRRKSALDIAGLPGKLADCQEKDPALSELYLVEGDSAGGSAKQGRNRKMQAILPLKGKILNVERARFDKMISSQEVGTLITALGCGIGREEYNPDKLRYHKIIIMTDADVDGSHIRTLLLTFFFRQMPELVERGHIYIAQPPLYKLKKGKQEQYIKDNDALETYLISNAIDELALHISADAPAITGEALAKVIQDYQVSQKSLQRLTLRYPASLLDALLEVDAFKADQNHDQAYVQQWADQVREAVQRLQPSLRPEITLETFERENAQGEKSAHYWPRVTVYVHNLPHAYLLDAGLLNSAEYARLLKNSKSWFKLIEDGAYLQKGDRRIQVANFHQVWQHILQDSRRGMMIQRYKGLGEMNAEQLWETTMDPENRNMLQVTIDDAIEADRMFSCLMGDDVEPRRAFIEENALNADIDA,541,1394,546,51.465,281,254,374,8,11,68.50,66,/stor/work/Wilke/crisprtn7/reblast2/GCF_000722965.1_Acinetobacter_baumannii_Genome_sequencing_genomic.fna
NZ_JDSW01000002.1,0..37683,tnsA,16436..17683,lcl|16436|17683|2|1,1,UniRef50_A0A1W6LD49,2.35e-32,UniRef50_A0A1W6LD49 tnsA UPF0761 membrane protein A4W93_20890 n=42 Tax=Betaproteobacteria TaxID=28216 RepID=A0A1W6LD49_9BURK,MLERFLKKLPFYNKTWFQFILFVIKRFEADRCREQAGSLTYTTLFAVVPMLTVFLVIISSIKALEPARQQLQHLIYSNFLPKSTIAFDKALNAFTEKSSNLTVIGVLFLFVTTVLMLTSIETVFNRIWRVKETRSGIVGFMRYWTIISLGPIILGSAFVISSTVASMNLLSNNFTGYQLDGAFLLWLISFVLTILGFFILYWTIPNRTVPLYAAAIAACLSAALFETLKNLFSFVMSNFTSYEIIYGAFAAVPIFLLWVFLSWNIVLLGVEVSFALTAFHSGKEQKRHPVLMLLDILELFYKKQKLGESVSDKEALEILGRGEVGRWPAYVLLLEEQNLVKRTDKDEYVLVRNLSQVDFWSFFTALPYPLPLRQDVSNVHDDDEWMEKIGPALVESNDYLAAKLSIPLSTIFEEK,121,304,275,29.455,81,182,137,4,12,49.82,66,/stor/work/Wilke/crisprtn7/reblast2/GCF_000722965.1_Acinetobacter_baumannii_Genome_sequencing_genomic.fna
NZ_JDSW01000002.1,0..37683,rsmJ,3119..2262,lcl|3119|2262|3|-1,-1,WP_003656408.1,2.22e-85,WP_003656408.1 rsmJ 23S rRNA (adenine(2030)-N(6))-methyltransferase RlmJ [Moraxella],MNYRHHFHAGNFADVMKHVLLLQLLNRLNAKDKPYRYIDTHGGAGKYDLSQAPAQKSGEFLTGIHRLVQLSDMEKRQAPEAIQQYLKLVEELRAQEGKGSYPGSPWFALQGMREIDKATIFEMQRDVFQQLRHNIHDKRAGLHERDAYEGLLAVIPPKEKRGLVMIDPPYELERKDFPQLVELLQSAYKKWPTGVFAVWYPIKDRAMIERFEKKMFKIGIRRQLICEICVWPDDTPVGLNGCGLLVINPPWQFSEQADQALQWLFPHLRMQETGGHAAVRWLVGE,255,652,295,44.746,132,153,191,2,10,64.75,100,/stor/work/Wilke/crisprtn7/reblast2/GCF_000722965.1_Acinetobacter_baumannii_Genome_sequencing_genomic.fna
NZ_JDSW01000003.1,0..21188,tniQ,322..1188,lcl|322|1188|1|1,1,tr|A0A1X1NDK8|A0A1X1NDK8_9ACTN,7.16e-06,tr|A0A1X1NDK8|A0A1X1NDK8_9ACTN tniQ HTH lysR-type domain-containing protein OS=Streptomyces sp. CB03238 OX=1907777 GN=BKD26_21400 PE=4 SV=1,MDITQLKMFQTVVECGTMAKASLQLHCVPSNITTRIKQLEEGLGAPLFYREGKSLKLTPSGEIFLDYCHKILALCDEAKRSIHPDAPPSGPLKIGAIESSATTRLPNLLAKYHQRYPEVSIQIITGTWKQLLVDISQHKLDGAIVAGNIEFPMLNKLSIYQEDMVLIASHSLGEIHCQEDLIGKEIFMWTEGCPYRAALEEWLKLKNISLPITSITSYATIIGCVSAGSGVALVPKSIYEQYKNLAHIQSYKFEYLAFMQNHFFWHKKVSNHKARDMFIELIKSEFCL,45.1,105,73,32.877,24,47,39,1,2,53.42,25,/stor/work/Wilke/crisprtn7/reblast2/GCF_000722965.1_Acinetobacter_baumannii_Genome_sequencing_genomic.fna
NZ_JDSW01000003.1,122164..185062,tniQ,143084..142164,lcl|143084|142164|2|-1,-1,tr|A0A1I4XMQ4|A0A1I4XMQ4_9PSEU,3.59e-04,"tr|A0A1I4XMQ4|A0A1I4XMQ4_9PSEU tniQ Regulatory helix-turn-helix protein, lysR family OS=Saccharopolyspora antimicrobica OX=455193 GN=SAMN05421805_103510 PE=4 SV=1",MELRHIRYFLAVAEEKNFTKAAQRLNMSQPPLSMQIRDLEEELGADLFIRSPHGVELTEAGLAFLNAIQPVQQRVEDAANLVKQVANGEVGQLRLGFTGTSMLNPLIPKCVRYFQQQYPKVNLKLEEANTLLLIDLLLEDRLDVAIIRSPRNMPDSLILQELLAEPLIAALPSESFQLDDASQEIDLTALRELDFIVSPPSVSAGLFDAIKQACHERGFEPKIGQNAPQIVSILSLVSANLGVSLVPESTKQLQIQGVAYRSLKAPVPTVGLGLAYKKHAPSQMAINFASVVQVACHHANEINEIS,40.0,92,63,34.921,22,39,35,1,2,55.56,20,/stor/work/Wilke/crisprtn7/reblast2/GCF_000722965.1_Acinetobacter_baumannii_Genome_sequencing_genomic.fna
NZ_JDSW01000003.1,122164..185062,tnsA,154033..155577,lcl|154033|155577|1|1,1,UniRef50_A0A3M5N9X7,4.26e-08,UniRef50_A0A3M5N9X7 tnsA HTH gntR-type domain-containing protein n=380 Tax=Bacteria TaxID=2 RepID=A0A3M5N9X7_PSEAZ,MATDESHFLTVGESQLRSLLGDHLLQRLQQDTEGKLHQRLFRCLRGAIIDGVIQPKTRLPASRDLASEIHVSRNTVLSAYEQLQAEGYLEARTGHGTWVAEKLPESFLNTQNKKKVVSSPNVQSSYALSQRGSNLLGYAAASPHQWGAFVPGAPDVTEFPHHIFSRIQARLSREPDINRLIYSNAGGCIELRSALADYLRVARSVQCDADQIIITEGIHQAIDLVSRALSDMGDKVWIEDPAYWGMRNTLRINGLDIQPMPVDAEGIIPEENPAVPPKLIFVTPSHQYPLGSHLSLDRRRQLIQIARQHNSWIVEDDYDSEFRFSGQPYPSLQGLENNAPVLYMGTFSKTIYPSLRIGYLVVPKPLFSPLRIVAAELYRGGHLLEQKALAEFIREGHYEAHIRRMRLLYGKRRDYLVSLIQRYLGPEFIHEYDEAAGLHLVLKLPNSCDDVAIAATALERGVKVRPLSQYYMQSHAHAERGLLMGFACVNEKDMVMAFGVLLQCLREAGVPTLN,52.0,123,63,38.095,24,39,41,0,0,65.08,12,/stor/work/Wilke/crisprtn7/reblast2/GCF_000722965.1_Acinetobacter_baumannii_Genome_sequencing_genomic.fna
NZ_JDSW01000003.1,122164..185062,tniQ,165062..164085,lcl|165062|164085|2|-1,-1,tr|A0A2W1D0I8|A0A2W1D0I8_9PLEO,1.47e-06,tr|A0A2W1D0I8|A0A2W1D0I8_9PLEO tniQ Pectate lyase OS=Pyrenophora tritici-repentis OX=45151 GN=A1F97_07859 PE=3 SV=1,MRSIIHRNFGEPVDVLEQADMPKPEPKAGEVRIKTIMSPIHNHDVWTVRGSYGYKPTLPAIGGSEAVGIVDALGEGVEHVQVGQRIAVAAVHGSWAEYFIAPAQGIIPLNNEIDDETAAQLIGMPISALMLLDFVNVQPGQWLIQNTANGAVGKTVAMIAQARGLPVINLVRRSDAIAEMQALGIQHVVATDQPNWKEQVKQIHGDQPLIAGVDSIGGSASGEMLNLLSENSLLVSFGSMTGETMQISSGDLIFKQATVKGFWASVVNKEMPAARKKELIVELLTLATQKKLILPVEGVFSFDEIKTAAQRATQGARQGKVLLKP,47.0,110,238,23.950,57,174,106,5,7,44.54,72,/stor/work/Wilke/crisprtn7/reblast2/GCF_000722965.1_Acinetobacter_baumannii_Genome_sequencing_genomic.fna
NZ_JDSW01000003.1,122164..185062,xre,157939..157391,lcl|157939|157391|3|-1,-1,tr|A0A150F2Z7|A0A150F2Z7_9BACI,2.14e-05,tr|A0A150F2Z7|A0A150F2Z7_9BACI xre XRE family transcriptional regulator OS=Bacillus nakamurai OX=1793963 GN=AXI58_04480 PE=4 SV=1,MSQPIEIIAKGLTRERQRAGLSLAEVARRAGVAKSTLSQLEAGQGNPSIETLWALCVALNIPFARLMEEPSNQVQVIRCGDGPTVSSEIANYKAILLATCPPHARRDVYLLIVEPGEDRLSEPHPVGSVEHIIVVEGRALVGLIDEAVELGVGDYICYPADQKHIFRALETGTKALLISEQN,32.0,71,59,28.814,17,39,28,1,3,47.46,31,/stor/work/Wilke/crisprtn7/reblast2/GCF_000722965.1_Acinetobacter_baumannii_Genome_sequencing_genomic.fna
NZ_JDSW01000003.1,191825..232517,tnsA,212517..211825,lcl|212517|211825|1|-1,-1,UniRef50_A0A1C6RKQ5,2.51e-15,"UniRef50_A0A1C6RKQ5 tnsA Murein DD-endopeptidase MepM and murein hydrolase activator NlpD, contain LysM domain n=2 Tax=Micromonospora inyonensis TaxID=47866 RepID=A0A1C6RKQ5_9ACTN",MHTRRILLAFSLAASAASVAFADYQNINQSTDSDRLEQLSKTLSQGSYTHPDDLDLPASAKVSVTLREKTVELNNDSLAKKYGTTTAKNSFKTSSSNPYSWLVSHPLPDTVRVSSNFGGRTMGGRAEHHGGLDMAAPSGTPIYATGPGIVTKSGWGTGYGQYVEINHGNGYLTRYAHASRLMVRVGDQVSAGDHIANVGCTGRCTGPHLHYEVVKDGQRKNPSTYLAMLP,72.4,176,142,35.915,51,59,66,4,32,46.48,52,/stor/work/Wilke/crisprtn7/reblast2/GCF_000722965.1_Acinetobacter_baumannii_Genome_sequencing_genomic.fna
NZ_JDSW01000003.1,191825..232517,glmS,200185..198848,lcl|200185|198848|3|-1,-1,WP_000251875.1,7.22e-23,WP_000251875.1 glmS phosphoglucosamine mutase [Bacteria],MSYFGTDGIRGKFGQMPITPEFALKLGFAAGKVLKRTSPKNKPLVVLGKDTRLSGYILESALQAGLNAAGVYVHLLGPLPTPAIAHLTRALHAHAGIVISASHNPYFDNGIKFFSSEGKKLPDSLQEEINKELEKDLFIEDTANLGKSVRVTDANGRYIEFCKSTFPYHFDLNNLKIVVDCAHGAAYSVGPSVFRELGAKVVALYNEPDGLNINENCGSTHPESLQKAVVEHGADLGIAFDGDADRVVMVDKFGNLIDGDHILYILATQAKNKPAGVVGTLMSNMALEVALEKANVGFVRAKVGDRYVLQALEENGWVTGGEPSGHILTLDKSTTGDAIIAALQVLTVMVEQNKALHELVHDFKLYPQVLVNVRLEQMLDPYSIPALVAEFNKAEEQLKGRGRILIRKSGTEPVIRVMVEGDNEQEVKTLAEHLANAVRSQAQVA,90.5,223,79,56.962,45,32,58,1,2,73.42,18,/stor/work/Wilke/crisprtn7/reblast2/GCF_000722965.1_Acinetobacter_baumannii_Genome_sequencing_genomic.fna
NZ_JDSW01000003.1,191825..232517,guaC,201801..200335,lcl|201801|200335|1|-1,-1,WP_003150717.1,0.0,WP_003150717.1 guaC IMP dehydrogenase [Bacillus],MLTIVQEALTFDDVLLLPAYSTVLPKDVSLKTRLTRGIYLNIPLVSAAMDTVTESRMAIAMAQNGGIGILHKNMDIAAQAAEVRRVKKFEAGMVKDPITVSPETTVRELIAITSANNISGVPVVKDGKVVGIVTGRDTRFETNLEQPVSNIMTGQDRLVTVREGESKENIQALLQKHRIEKVLVVGESNELKGLITVTDFRKAESYPNSCKDDLGRLRVGAAVGTGADTPSRVEALVEAGVDVIVVDTAHGHSAGVIERVRWVKQNFPQVQVIGGNIATGDAALALLDAGADAVKVGIGPGSICTTRIVAGIGMPQISAIDSVASALKDQIPLIADGGIRFSGDMAKAIGAGASTIMVGSLLAGTEEAPGEVEFFQGRYYKAYRGMGSLGAMAGATGSADRYFQDSKAGAEKLVPEGIEGRVPYKGPMGNIVHQMMGGLRSSMGYTGSAVIEDLRQNAKFVKITSAGMSESHVHDVTITKEAPNYRVG,528,1360,486,54.527,265,211,351,5,10,72.22,99,/stor/work/Wilke/crisprtn7/reblast2/GCF_000722965.1_Acinetobacter_baumannii_Genome_sequencing_genomic.fna
NZ_JDSW01000003.1,268708..365281,tnsA,288708..289541,lcl|288708|289541|3|1,1,UniRef50_A0A143G7J5,0.0,UniRef50_A0A143G7J5 tnsA Transcriptional antiterminator n=37 Tax=Proteobacteria TaxID=1224 RepID=A0A143G7J5_9GAMM,MANFKNTQNHELKIQKWIKEGRGQGFGNNYKPWITIRDVSSEGRSHRVFGHKSQRTHHLLSDLELSAFLLLEWHSTTIDIREQYPLDLEQTLKIAETIGIAHPRFGKHYQIMTSDFLVDTNNSISPKFAIQVKYSNALNDPRTIEKIEIERQYWKQQNIPFYIFTEHQVPRIVSQNIQWMYSSINTMKLSEQDTLDKLNFYAEIFSKNKSKKINELTRIIDQKYHFEIGQSLREIRDLLAQRYFIFDLNISFKDLRTDHIQLGQLNIWNEVLHAENQ,508,1309,277,87.726,243,34,260,0,0,93.86,100,/stor/work/Wilke/crisprtn7/reblast2/GCF_000722965.1_Acinetobacter_baumannii_Genome_sequencing_genomic.fna
NZ_JDSW01000003.1,268708..365281,tnsB,289513..291612,lcl|289513|291612|1|1,1,UniRef100_A0A062IGS9,0.0,UniRef100_A0A062IGS9 tnsB Transposon Tn7 transposition protein tnsB n=1 Tax=Acinetobacter baumannii 21072 TaxID=1310697 RepID=A0A062IGS9_ACIBA,MRYFMLKINEVLSFESSLFRILTILPHSVVWINLDVQNAFPIEITKTEILNGLEDSSIQRTVDPHEPLVFFQPEKGSTQEIKRDQNYALIHPLISHELFYIPAQRGKIISEIMDQHEVTKQTIYRLARRYWQRGQTPNALLPDYRNSGAKGQKRTAKDKKLGRPRIYNSEQGINVNEDIEKLFYRTIKLFFLKDNKHSLPFVYRKFQTTYKNLYPDTAESDIPTIWQFKYYYEKEFKKIENIKARISTSNYRKDYRPLQSTSNAQALGPGARYEIDATIADIYLVSNSNPESIVGRPTIYFVIDVFSRLVAGFYIGFESPSYLAAIQALNIAMTDKVQYCAEYGILIQPEDWPAVGLPDALLADRGELLGYQIEALEKTFAVRLENAPARRGDAKGIVEQAFNTYQAYFKKEGKGKGVVEGTTVKKTGGNDYRQDATLNIHQFTEIILACIISHNQFHVLKTYDREPDMPNDLPTIPLHLWNWGIQNRTGKLRSVPEEALRIALLPRTKITISDLGIKAFGLYYLAKEVLDLGWLHRKTQSSRPQNFEAAYDPYSMNKIYIFPKDSSLEYWIGSLSDRSREFMDCTLWEVKERQKAQKEHLVQHELEASKKRRELEVFISEKLNTKHPKSPIKPSQRIAEITENKAKEKNIERKAKVQQQEIVDTNIIPMPKLKTSIKPQDAEAVHYPDLTDELFGEDD,1387,3590,695,96.259,669,26,685,0,0,98.56,99,/stor/work/Wilke/crisprtn7/reblast2/GCF_000722965.1_Acinetobacter_baumannii_Genome_sequencing_genomic.fna
NZ_JDSW01000003.1,268708..365281,tnsC,291613..293259,lcl|291613|293259|1|1,1,UniRef100_A0A062IJJ9,0.0,UniRef100_A0A062IJJ9 tnsC Transposon Tn7 transposition protein tnsC n=1 Tax=Acinetobacter baumannii 21072 TaxID=1310697 RepID=A0A062IJJ9_ACIBA,MTLPLNFIQARYTPSFGEYKDNPFIEALPPIMQEIADIKANLIGKVDFNPEDILRSKNERIHLSSQLLHQFFQPITRHISLEQKIAILIRQGYVGRNIADGKLHQHLQNGYERIMSGDINAFRFDAPKSTALSYSLIGCSGSGKSTTLQRILNLYPQVIYHEKYNFTQLVYLKIDCPHDGSLKNLCLHFFKAIDVALGTDFERKVALKRLGIEALLNYMRQITNTYAIGVLVIDEIQHLSVKNSGGAEKMLNFFVTLINVVGLPVVMVGTPKAKFIFDGDLRSARRGAGFGAVIWEPMKNNPPLSNTATRTEWMAFTNALWKYQWLTNKAQLSEEIRDCWYELSQGVLDIVVKLFVLAQCRAIMTGLERITPSLLRQVYEDELKFVHPMIEALKSGDPNRIALYSDLTIPYVDKTLLLLQKKIEEEQEKVEQYNGNVHAQRLHNLLIATGYPESKVISVIKKAFVDFPHLNMQELMPIVSNWITEVEANKETKPEKMNLRKIKQSEWISLPSDDLRFKFSQKQKSQNFYDVLQSSDLIFDSQTWVQSM,1136,2939,548,99.818,547,1,547,0,0,99.82,100,/stor/work/Wilke/crisprtn7/reblast2/GCF_000722965.1_Acinetobacter_baumannii_Genome_sequencing_genomic.fna
NZ_JDSW01000003.1,268708..365281,tnsD,293273..294796,lcl|293273|294796|2|1,1,UniRef90_A0A062IKE5,0.0,UniRef90_A0A062IKE5 tnsD TnsD transposon Tn7 transposition family protein n=13 Tax=Proteobacteria TaxID=1224 RepID=A0A062IKE5_ACIBA,MLNFPTPYPNELIYSTIARAGIHHAITSPKQLLEEVFANRKVIATIDLPSHLMCLLTHLSPNYTLEKIVYEHTLFPIHALFSPENTRLKCLHWMGSQSKGSIHLALGVAASKVKQITTHRYCYHCLEEQYHQYGEFFWSRLWYIQGANCCSKHKVKLSEFLPPAHLNGRHQFIPASFILDRKQPHNPAHELDLIVSRRVDELLNLPPTISPTFHQWSQFYQRTAKRLGFNRGFKHIDHSKIHVAVIKTWGLKWLQQHHLDELKSETCWLRALFRKHRKSFSYLEHIIVLETFSPKGWTWVAILDEIHQLPAKPTNTDTPIQRTKYKDILILKEKRNEWLCLIQNFGIKPSRVKNAALYAWLYRNDKTWLLTKNRSFHALPTSIPKKVHWPLRDWQMVKRLFKILYESLDDLSLPRQSRNWYLKQLPQHSTVEKNLYQLPLTHKFLSTFSEDISSYQIRRITRTIIQFQKINQYPASWQLLRHSGLSEERLTDEALKFLNQMKRMNHG,1028,2658,507,97.633,495,12,502,0,0,99.01,100,/stor/work/Wilke/crisprtn7/reblast2/GCF_000722965.1_Acinetobacter_baumannii_Genome_sequencing_genomic.fna
NZ_JDSW01000003.1,268708..365281,tnsA,315404..314652,lcl|315404|314652|2|-1,-1,UniRef50_A0A3M5N9X7,2.18e-07,UniRef50_A0A3M5N9X7 tnsA HTH gntR-type domain-containing protein n=380 Tax=Bacteria TaxID=2 RepID=A0A3M5N9X7_PSEAZ,MPRTSKQEHTELSIEADSPVPLYQRVKQLISQKIYEGSWAVNKKIPSESELVNQLGCSRMTVNRALRELTTEGLLVRIQGVGSFVAEGQGRTALFQINNIADEIIARNHKHHAEVLVLEQIYANAEQSVLMQTREGQKLFHSIIVHYENDVPVQVEDRLVDAALIPDYLEQDFKTITSNAYLMAKAPVTEGEHIVEAVLASPQECKWLKITKAEPCLLIRRRTWSNKQLISSARLIYPGSRYYLEGKFNP,48.5,114,74,33.784,25,49,40,0,0,54.05,30,/stor/work/Wilke/crisprtn7/reblast2/GCF_000722965.1_Acinetobacter_baumannii_Genome_sequencing_genomic.fna
NZ_JDSW01000003.1,268708..365281,tnsA,340174..340590,lcl|340174|340590|1|1,1,UniRef50_A0A1C6RKQ5,1.59e-05,"UniRef50_A0A1C6RKQ5 tnsA Murein DD-endopeptidase MepM and murein hydrolase activator NlpD, contain LysM domain n=2 Tax=Micromonospora inyonensis TaxID=47866 RepID=A0A1C6RKQ5_9ACTN",MQLPSRLPVPVKGVDRDELKDTWGAARSQGRSHEGIDILAPRGTKVYSATEGLIADLRNNNLGGKVIWILGPAGTWHYYAHLDGHKRGLNVGDYVKKGDLIGYVGNTGNARYTSPHLHYGLYLDGKGRGAVNPYSYLR,41.2,95,128,26.562,34,68,58,4,26,45.31,76,/stor/work/Wilke/crisprtn7/reblast2/GCF_000722965.1_Acinetobacter_baumannii_Genome_sequencing_genomic.fna
NZ_JDSW01000003.1,268708..365281,tniQ,341475..342503,lcl|341475|342503|3|1,1,tr|A0A2W1D0I8|A0A2W1D0I8_9PLEO,5.09e-04,tr|A0A2W1D0I8|A0A2W1D0I8_9PLEO tniQ Pectate lyase OS=Pyrenophora tritici-repentis OX=45151 GN=A1F97_07859 PE=3 SV=1,MSNNTIQAYAAMQAGEKLVPYQFDAGELQPHQVEVKVEYCGLCHSDISVLNNEWRSTVYPVVAGHEIIGRIVALGSEAKGLQIGQRVGIGWTAESCQACDECIGGQQVLCTGENVATIVGHAGGFADKVRAGWQWAIPLPEDLDPESAGPLLCGGITVFDPLLKHKIQATHHVGVIGIGGLGHIAIKLLKAWGCEITAFSSNPDKTEELKAMGADHVVNSRDTEAVKAQKGKFDLLLSTVNVSLNWRAFISTLAPNGSLHFLGLTLEPVPVSVGSLIDGAKSVTGSPTGSPAALRQLLKFAARKKIAPQIELFPMSQLNEAIERLHSGQARYRIVLKADFAE,39.3,90,201,23.383,47,113,80,6,41,39.80,56,/stor/work/Wilke/crisprtn7/reblast2/GCF_000722965.1_Acinetobacter_baumannii_Genome_sequencing_genomic.fna
NZ_JDSW01000003.1,268708..365281,tniQ,345281..344379,lcl|345281|344379|2|-1,-1,tr|A0A1X1NDK8|A0A1X1NDK8_9ACTN,1.48e-04,tr|A0A1X1NDK8|A0A1X1NDK8_9ACTN tniQ HTH lysR-type domain-containing protein OS=Streptomyces sp. CB03238 OX=1907777 GN=BKD26_21400 PE=4 SV=1,MKSTIEELIAFITIVDTGSFVAAAEHLKQTPSGVSRSLTRLEAKLDVTLLERTTRKLKLTQEGQQFLIKARKILNELNAAEEELQKSDQGTAGLIRVDSATPFVLHVIAPLMHKFRECYPDIEIELNSNDQVIDLLQHKTDVAFRFGELNDSSLHAKLVCKSRLYIVASPDYLALKGTPTQPEELEQHDLIGFTRPTYINSWPIKVGDEYFFAQSKIKASSGETVRQLTIRGHGIARLSEFEIWKDMEEGRLIALFEDKIEHQYQSIHAVYYQQEHLPKRIRLFIEFLAEQLKDGFKNAL,41.2,95,87,31.034,27,58,41,1,2,47.13,28,/stor/work/Wilke/crisprtn7/reblast2/GCF_000722965.1_Acinetobacter_baumannii_Genome_sequencing_genomic.fna
NZ_JDSW01000003.1,268708..365281,glmS,286718..288556,lcl|286718|288556|2|1,1,WP_000334178.1,0.0,WP_000334178.1 glmS glutamine--fructose-6-phosphate transaminase (isomerizing) [Acinetobacter baumannii],MCGIVGGVAERCVTEILIEGLKRLEYRGYDSAGVALLNKQQILRERRVGKVINLEDAVADQQLTGTIGIAHTRWATHGKPTENNAHPHMSGKVAVVHNGIIENYQELKDDLQALGYVFTSQTDTEVVAHLVAEALKNTDSLLEAVESVVPQLKGAYALGIIHSDYPDELITVREGSPLVIGVGIGENFISSDQLALLPVTNRFIYLEEGDIARLTRTSIEVFVKGERVERPVKELDATVSSASKGEYKHYMLKEIYEQPEAIKQTISQALDGNNLRDDFLKDADADFSKLQSVQIIACGTSYHSGMIAKYWFEQLIGVPCQVEIASEFRYRSPVIVENTLYICISQSGETADTLAALRETQKRAKANNIDIQTLTICNVATSSMVRETDHHLLTLAGPEIGVASTKAFTTQLAALMLLILKIGQVKQRISNVMIEELARELWHSPKVILDTLKQDAEILRLSELFVEKQHCLFLGRGTHYPIALEGALKLKEISYIHAEGYAAGELKHGPLALVDTEMPIVILAPNDEMLDKLKSNMEEVQARGGELFVFADENSGVVEKDRQHVVQIPAVNEWLAPIIYSVPVQLLSYHVAVLRGTDVDQPRNLAKSVTVE,1256,3250,612,100.000,612,0,612,0,0,100.00,100,/stor/work/Wilke/crisprtn7/reblast2/GCF_000722965.1_Acinetobacter_baumannii_Genome_sequencing_genomic.fna
NZ_JDSW01000003.1,268708..365281,glmS,350726..349614,lcl|350726|349614|2|-1,-1,KKW72534.1,1.56e-09,"KKW72534.1 glmS glutamine-fructose-6-phosphate transaminase (isomerizing), glmS, partial [Lactococcus lactis subsp. cremoris DPC6860]",MAKRDYYEVLGVSKTASDDEIKKAYRKLAMKYHPDRNPDNAEAEEKFKEASEAYEILSDSEKRSMYDRMGHNAFEGGFGGAGGGFGGFSAEDIFSQFGDIFGGAFGGGGRQQRQRRGSDLRYVMELTLEEAVKGVKKTITFTAPAPCDVCDGKGSKNPKDVETCKTCHGSGQVRMQQGFFSVQQTCGTCRGQGKIIKNPCHACHGSGVADRQQTLEVTIPAGVDNGDRVRLSGKGEAIRDGQAGDLYVEVVVREHEIFQRDGADLYMDVPVSIADAALGKEIEIPTLEGRVSLKIPEGTQTGKLFRLRGKGVRPVRSSMVGDLLCRIVVETPVNLTSRQRELLKELQASFDGEDSASSPKKKSFFDRLFD,57.0,136,73,41.096,30,40,38,1,3,52.05,19,/stor/work/Wilke/crisprtn7/reblast2/GCF_000722965.1_Acinetobacter_baumannii_Genome_sequencing_genomic.fna
NZ_JDSW01000004.1,0..30927,tniQ,3697..2768,lcl|3697|2768|3|-1,-1,tr|A0A285DW26|A0A285DW26_9NOCA,3.36e-04,"tr|A0A285DW26|A0A285DW26_9NOCA tniQ Regulatory helix-turn-helix protein, lysR family OS=Rhodococcus sp. OK270 OX=1882814 GN=SAMN05447004_104212 PE=4 SV=1",MEIKQIKYFLTVVESGSIGKAAQKLDVGASAISQQISKLEQELSIRLLQRNAFGVTPTPAGLAFLKHSQLILRQVNFAIDAAHSARLSGHVSLGFPPTITALIGIPLMKLMSERYPDIRLEIVETLSGNLIQSINSRQLDIAIIFTNEIDKQWSIQPLVREQMYLMARKEVLEKYGLSECIKSGIIQSHQIGDIPLVLPRQRHSLRKLLEHKIGQLNVVYEIDGLHLLMDSLIHLDLASVRPGSACLQEYKHKLQLLKVVDPEVERINYLVSLAEEELSPAALAAKSAIKACVKELIQNQIWPCSEIIL,40.0,92,52,38.462,20,32,31,0,0,59.62,17,/stor/work/Wilke/crisprtn7/reblast2/GCF_000722965.1_Acinetobacter_baumannii_Genome_sequencing_genomic.fna
NZ_JDSW01000004.1,0..30927,tniQ,10055..10927,lcl|10055|10927|2|1,1,tr|A0A5R8S8Q3|A0A5R8S8Q3_9MYCO,0.001,tr|A0A5R8S8Q3|A0A5R8S8Q3_9MYCO tniQ HTH lysR-type domain-containing protein OS=Mycolicibacterium phocaicum OX=319706 GN=C1S79_27560 PE=4 SV=1,MIERISLNSLKFFYFVAKYGSLTLAAKKLFVTQSAVSKQIYNLEEALNTALFDRKNKTLVMTKQGETLLSCCHQVFGQLDECLIQLSQPKTENKQLVLSCEPTLSMKWLIPRLSKFKKLGHDFEVVLLTAGGVVDFEKDNIDIAIRRNDFDWGEHIYSEKIADEYIALVQATNPSETNDVLISTSRPNFFKNMSRIAELKQNLKGYCNVELEHFYLCLEGCLAGLGATVISIYMIEKELEWNLLKKISPVVQDGSAYFLLSHSAFEEDSRKTIFLEWLKAEMNESQHTLL,38.5,88,71,33.803,24,39,38,2,8,53.52,22,/stor/work/Wilke/crisprtn7/reblast2/GCF_000722965.1_Acinetobacter_baumannii_Genome_sequencing_genomic.fna
NZ_JDSW01000006.1,48581..130358,tniQ,69483..68581,lcl|69483|68581|1|-1,-1,tr|A0A1X1NDK8|A0A1X1NDK8_9ACTN,4.10e-05,tr|A0A1X1NDK8|A0A1X1NDK8_9ACTN tniQ HTH lysR-type domain-containing protein OS=Streptomyces sp. CB03238 OX=1907777 GN=BKD26_21400 PE=4 SV=1,MSRQFDHLADVEVFLIVAEKLSISAAAIYLATTPSVISRTITRLEKKLGIQFFRRTTRHLSLTEAGQLYYEKMQHAFQLIDHAERAIQGKQLQISGKIKLSVPTTYGHYRLPPLLEKFLLKYPDIQIEISISNRNVDLIAEGFDLAIRQGQLPNSALIARPLEQAPLKLVASPAYLKRMGIPKNLEELKYHQCIAFELPSSGKITPWFLKNDNEEIQWIPTNRILVKEDIVGLVTLAESGLGICQSYDFIVNEKIQQGKLQPILTTYAGHTRPFSLLYAQHKHMSSATRALIDFLCSNDD,42.7,99,77,29.870,23,52,41,1,2,53.25,25,/stor/work/Wilke/crisprtn7/reblast2/GCF_000722965.1_Acinetobacter_baumannii_Genome_sequencing_genomic.fna
NZ_JDSW01000006.1,48581..130358,tniQ,109438..110358,lcl|109438|110358|1|1,1,tr|B5GZK9|B5GZK9_STRCL,9.11e-06,tr|B5GZK9|B5GZK9_STRCL tniQ Uncharacterized protein OS=Streptomyces clavuligerus OX=1901 GN=SCLAV_p0400 PE=4 SV=1,MLEIRHLKTLVALREHGSLVAAANDLCLTPSAISHQLKELDHWYGVEVVNRRSRPVSFSNVGQRLLKLADDVLPQIQITQSDITRIVHGQTGRIIFSSECHSCFDWLMPLLNQYRQQYPDVDLDFASGFEANPHELLQNAEFDLLITADPIALKGIEYFPIFEYESRLVLSNTHRLVRAENITVQDLAEEVLITYPVDKHRLDIMSKLFIPANIQPKQIRTTDLTQMLIQLVASGRGIAALPDWVVNEYEQKGWVTSRRLDCVSPAGLRRTLYAGYRTEEKEKSYFEGFLKQLEKFSLKRTSYYSG,45.1,105,70,31.429,22,48,43,0,0,61.43,23,/stor/work/Wilke/crisprtn7/reblast2/GCF_000722965.1_Acinetobacter_baumannii_Genome_sequencing_genomic.fna
NZ_JDSW01000006.1,48581..130358,casR,109438..110358,lcl|109438|110358|1|1,1,gi|389852237|ref|YP_006354471.1|CAS-I|casR|CARF,0.001,gi|389852237|ref|YP_006354471.1|CAS-I|casR|CARF casR,MLEIRHLKTLVALREHGSLVAAANDLCLTPSAISHQLKELDHWYGVEVVNRRSRPVSFSNVGQRLLKLADDVLPQIQITQSDITRIVHGQTGRIIFSSECHSCFDWLMPLLNQYRQQYPDVDLDFASGFEANPHELLQNAEFDLLITADPIALKGIEYFPIFEYESRLVLSNTHRLVRAENITVQDLAEEVLITYPVDKHRLDIMSKLFIPANIQPKQIRTTDLTQMLIQLVASGRGIAALPDWVVNEYEQKGWVTSRRLDCVSPAGLRRTLYAGYRTEEKEKSYFEGFLKQLEKFSLKRTSYYSG,38.5,88,56,30.357,17,39,34,0,0,60.71,18,/stor/work/Wilke/crisprtn7/reblast2/GCF_000722965.1_Acinetobacter_baumannii_Genome_sequencing_genomic.fna
NZ_JDSW01000006.1,48581..130358,parE,53406..51415,lcl|53406|51415|1|-1,-1,ADU33911.1,1.70e-38,"ADU33911.1 parE cytochrome c oxidase subunit I, partial [Edentulina cf. ovoidea 'Pare']",MDMIFGKLGWDSIPTEPIVLVTMVFMALGAIAVLGGITYFKKWGYLWKEWFTTVDHKKIGIMYIIVSVVMLLRGFADAIMMRLQLFLAKGGGEGYLHPDHYDQIFTAHGVIMIFFVAMGLVVGMMNISVPLQIGARDVAFPLLNSLSFWLFAGAAGLMMLSLVLGEFAATGWMAYPPLSGIQYSPGVGVDYYIWALQVSGLGTLLSGVNFFVTIIKMRAPGMKLMDMPIFTWTSLCTAVLIIASFPVLTGTLAMLTLDRYFGFHFFTNELGGSPMLYVNLIWTWGHPEVYILVLPAFGLYSEIVATFSRKALFGYKSMVYATIAITVLAFVVWLHHFFTMGAGANVNAFFGIMTMVIAIPTGVKIFSWLFTMYKGRITFTTPMLWTLGFLVTFGIGGLTGVLMAVPPADFLVHNSLFLIAHFHNVIIGGVVFGMFAGIIYYWPKMFGWKLNEAWGKAAFWFWFFGFYFAFMPLYILGFMGMTRRLNTYDNPEWDPYLAIALFGAVLVAIGIACFLMQIIVGFLQRHQNMDYTGDPWDARTLEWATSSPAPFYNFAHEPDASGIDRFWTDKENGVAYARNTKYEDIHMPTDRAAGFVIAMFITLLGFALIWHIWWLVVVSFVAAVVSLIVSSFTKNVDYYVPAAEVERIENERYALLEKHLKKD,139,351,221,39.367,87,127,128,3,7,57.92,33,/stor/work/Wilke/crisprtn7/reblast2/GCF_000722965.1_Acinetobacter_baumannii_Genome_sequencing_genomic.fna
NZ_JDSW01000006.1,48581..130358,glmS,88589..89305,lcl|88589|89305|2|1,1,WP_035343592.1,7.03e-11,WP_035343592.1 glmS two-component system response regulator GlrR [Dickeya],MISSETSPVETRIVIIDDEPQIRKFLDIALRTQKYKTTLCETGYKGLEALATQGADLVILDLGLPDLDGKEVLQELRSWSNVPVIVLSVRADEYEKVALLDAGANDYMTKPFSVQELLARIRVILRNQPIQQEAHVYDDGYLKVDVTQRLVWVEQQPITLTRKEFQLLTLLMRYQGQLLTQPQLLKELWGPTHQEDTHYLRILVGKLRSKLGDNAIQPRYIATEPGVGLRFLAKQKNN,58.9,141,107,29.907,32,74,56,1,1,52.34,45,/stor/work/Wilke/crisprtn7/reblast2/GCF_000722965.1_Acinetobacter_baumannii_Genome_sequencing_genomic.fna
NZ_JDSW01000007.1,0..33318,tnsA,13318..12620,lcl|13318|12620|2|-1,-1,UniRef50_A0A3M5N9X7,8.32e-18,UniRef50_A0A3M5N9X7 tnsA HTH gntR-type domain-containing protein n=380 Tax=Bacteria TaxID=2 RepID=A0A3M5N9X7_PSEAZ,MIEQIQKRSLVDEVIHVIRQNIKNDIWKVDEKIPTEPELVQGLGVGRNTIREAIKILEYLGVLEVKQGLGTFVRTKNDFSIVINSIHHSDLYEHVEVRCLLEIEIAKLAARHSTPEDMCDVIACLEHRAATNQQDVANFMLSDKKLHLAIAKATHNKALQATYEYFLNSSYQYILELVTNKNLPDPNQQIHSELVQAIQHKSESEAMRVAESMLAPILRSLDSIKADFVQNH,77.4,189,207,29.469,61,135,101,5,11,48.79,85,/stor/work/Wilke/crisprtn7/reblast2/GCF_000722965.1_Acinetobacter_baumannii_Genome_sequencing_genomic.fna
NZ_JDSW01000007.1,161337..209237,tnsC,182071..181337,lcl|182071|181337|2|-1,-1,UniRef100_A0A0Q0A3P1,4.29e-19,"UniRef100_A0A0Q0A3P1 tnsC Transposition protein, TnsC-like protein n=2 Tax=Pseudomonas syringae TaxID=317 RepID=A0A0Q0A3P1_PSESX",MNKPQYNMFCLPSAGSSASIYHPWKKQISDNIRIIPIEYSGHGIKINEPLIDEPDLLAMQIANEIQAYSDTPFILFGHSVGGGLIWKVLNYLNEKTIIDQLRLIVISSRPEHHYIQHMRYKHELTDEKIIDELKRYNNFPDEILNNQDALTFFLKIIRNDFYLSDQLLGEKIHKTEVPIVAFYGKQDPDIPNKRMMDAWQQHTENWLGSIEFEGDHFYFLNPETRVKMLENIAAIVETLTMNIE,81.6,200,224,25.000,56,158,100,5,10,44.64,89,/stor/work/Wilke/crisprtn7/reblast2/GCF_000722965.1_Acinetobacter_baumannii_Genome_sequencing_genomic.fna
NZ_JDSW01000007.1,161337..209237,tnsA,199944..199003,lcl|199944|199003|3|-1,-1,UniRef50_A0A2D2C3Y7,1.13e-05,UniRef50_A0A2D2C3Y7 tnsA Tn7_Tnp_TnsA_N domain-containing protein n=4 Tax=Paracoccus TaxID=265 RepID=A0A2D2C3Y7_9RHOB,MQFGLFCIFIILCICSLLLGAEPIQWTTLFSFSHESWLTLTASRIPRLITIVLTGIGLAVCGVILQHIVRNKFVEPETSGGLDAAKLGILVSLTLVPVTSTLSKMIFAIIFCFIASLIYIAIIRRIRFRNTVLVPVIGLMYGSVLSALAEFYAYRFNILQSMQGWLLGDFSKIVQGHYEVIYIIFPIVALTYLFAHRFTVIGMGEEMASSLGLSYAAIAAIGLILVAITVSTTVITVGAIPFVGLVVPNLVALKYGENLAKTLPIVALGGASLLLICDILGRSIIYPFEVPIGLTAGGVGGIIFLILILREFR,43.9,102,108,28.704,31,76,53,1,1,49.07,35,/stor/work/Wilke/crisprtn7/reblast2/GCF_000722965.1_Acinetobacter_baumannii_Genome_sequencing_genomic.fna
NZ_JDSW01000008.1,1430..43291,tniQ,22359..21430,lcl|22359|21430|3|-1,-1,tr|A0A0W7WYX0|A0A0W7WYX0_9ACTN,3.79e-05,tr|A0A0W7WYX0|A0A0W7WYX0_9ACTN tniQ HTH lysR-type domain-containing protein OS=Streptomyces silvensis OX=1765722 GN=AT728_13705 PE=4 SV=1,MLDQLRAMGVFACVVEKSSFSGAARELGITTSAVSQQIRSLENEMDVILLHRSTRKLSLTEAGQAFFSSCQEMLAAAERGKIRINELRDDLIGDLRIATTPDLAVQHIIPALSHWMSAHRGLSVHFEVGHRYIDLIEERIDIAVRMSSTAVEESDSVIPMAFVDQILVASPSYLNQTSPILHPNDLNNHELLSINAMNDSRSFNFQHAKTGEKLNIEMASRLQSNNLQVAKALCQQGHGIARILYLDAQKELKNGSLIEILPDWKLPAFTLYAEIAKHDQQPMKIQRCVEALKQYFSQLAGGRAMQIVR,43.1,100,64,35.938,23,39,34,1,2,53.12,20,/stor/work/Wilke/crisprtn7/reblast2/GCF_000722965.1_Acinetobacter_baumannii_Genome_sequencing_genomic.fna
NZ_JDSW01000008.1,1430..43291,tnsA,23291..22461,lcl|23291|22461|1|-1,-1,UniRef50_A0A1C6RKQ5,4.02e-04,"UniRef50_A0A1C6RKQ5 tnsA Murein DD-endopeptidase MepM and murein hydrolase activator NlpD, contain LysM domain n=2 Tax=Micromonospora inyonensis TaxID=47866 RepID=A0A1C6RKQ5_9ACTN",MHLTGQQSRLHIQRDKIMKIMMLSVAVGFTVAMAGCASKPQINNSSRYAMAPNYYTVRSGDTLSGIAMRYGLDYLSIAEMNGIAPPYRIYVNQSLRLKKSSSPRTVSTQVMAQPEPIKRQTIALPTTTAPTTTTPPPVTVAPSTNTTVGASIPSSSLRWVKPNNGPVIQGFNLANNVKGIRYGGNQGDPIYAAADGQVVYAADGLKEYGNLVLIKHIDGYISAYAHNSKMMVKSGDNVTAGQKIAEMGSSGASRVMLEFQIRLDGKPINPANLLPN,39.7,91,132,28.788,38,70,55,5,24,41.67,39,/stor/work/Wilke/crisprtn7/reblast2/GCF_000722965.1_Acinetobacter_baumannii_Genome_sequencing_genomic.fna
NZ_JDSW01000011.1,4456..46342,tnsA,24456..26342,lcl|24456|26342|3|1,1,UniRef50_A0A380Q0N8,1.55e-05,UniRef50_A0A380Q0N8 tnsA RNA polymerase sigma factor n=17 Tax=Enterobacterales TaxID=91347 RepID=A0A380Q0N8_YERFR,MSDMHSPTSQVAALISRGKEQGYLTYAEVNDHLPDSITESEQIEDIIQMLQDVGIPVHERAPESDDTMFGESADATDEVAEEEAAAVLASVENEPGRTTDPVRMYMREMGTVELLTREGEISIAKRIEEGIRDVLNSIAYWPNAVEVVLKEYNDFLTGERRLADILSGYLDPETDEDIPEVLEDVEELEEEDESSTKSTKEVKLDDDDEEEESEGDDDSEGDSGPDPEVAKVRFAELEAAWAQTKAVIEKHGRNSPEANEALESLATVFMMFKFTPRLFDIISEMIRGTHEQIRANEREIMRYAVRRGRMDRNQFRTSFPKQESNPAWLDEQIAKAPAEIKAHLEKVRPDVLAFQQKIADIEKELGLNVSEIKDISKRMAIGEAKARRAKKEMVEANLRLVISIAKKYTNRGLQFLDLIQEGNIGLMKAVDKFEYRRGYKFSTYATWWIRQAITRSIADQARTIRIPVHMIETINKINRVSRQLLQEMGREPTPEELGERLEMDEVKVRKVLKIAKEPISMETPIGDDEDSHLGDFIEDQNITSPIDAATSEGLKEATREVLENLTEREAKVLKMRFGIDMPTDHTLEEVGKQFDVTRERIRQIEAKALRKLRHPSRSEHLRSFLEND,45.8,107,59,42.373,25,32,39,2,2,66.10,9,/stor/work/Wilke/crisprtn7/reblast2/GCF_000722965.1_Acinetobacter_baumannii_Genome_sequencing_genomic.fna
NZ_JDSW01000012.1,0..33751,tniQ,13751..12753,lcl|13751|12753|1|-1,-1,tr|A0A2W1D0I8|A0A2W1D0I8_9PLEO,1.46e-25,tr|A0A2W1D0I8|A0A2W1D0I8_9PLEO tniQ Pectate lyase OS=Pyrenophora tritici-repentis OX=45151 GN=A1F97_07859 PE=3 SV=1,MNLPTTMKIVEITVPGGPEVLKLQDSNVPVPQADEVLIEVKAAGINRPDVLQRMGLYPMPKGVTQIPGLEVAGVVVAVGEQVQQFKVGDKVCALTNGGGYAEYCAVTATQVLPIPENLSFTQAAAIPETFFTVWANLFDIGRLKKDETALIHGGASGIGTTALAICHALGIKTFATVGSEDKVEALSDLTTAINYKTQDFEQEILNHTQEQGVDVILDIVGGSYFQKNLNLLKRDGRLVIIGFMGGRIAKEFDLQKLILKRATITGSTMRARNSQEKAQIAQSLHEHVWPLLEQGKCLPQIYKTYAFSDVQSAHACMEQGDHIGKIVLEMNA,102,255,287,28.223,81,178,137,11,28,47.74,82,/stor/work/Wilke/crisprtn7/reblast2/GCF_000722965.1_Acinetobacter_baumannii_Genome_sequencing_genomic.fna
NZ_JDSW01000012.1,0..33751,cas1,20461..21891,lcl|20461|21891|1|1,1,gi|220928906|ref|YP_002505815.1|CAS-I-C|cas1|cas1,0.002,gi|220928906|ref|YP_002505815.1|CAS-I-C|cas1|cas1 cas1,MKLKHLSTAMILATLPATGVFAAALDRSGQSMSAFFQPGNYFEAGISVLDPDVAGKEAGSSATRRDIGDMANDYYFPSAALKLQINDQFSFGLLYDQPFGADAEYSGNNVFVSQPGSDSVLSATAIDGIVTKKATEALQAQGLPVNDQTLALAKGQVLASPQFKQLAGALAAANNYLGNGGTKVKVDTQNLSFVFGYQPTKNFNFYAGPVLQTVKGNVSLRGQAYSLYNGYDASIKETTGAGWLAGAAYQIPEIALRASVTYRSEIDHKVDINENLSLLNFPGLTSVLTGLDVPASKLQAINSSGKTTITTPQSVNLDFQTGIMADTVAFANVRWVNWKDFSIQPYKFGKVSEAVGGLVGRPNGFNLVEYSDDQWSVNAGVGRKLNDKWAGNVSVGWDSGAGNPVTTLGPTEGYWNVGLGVQYSPTPQTFIAGGVKYFWLGDAKAQTGAQAGSDQYVADFSDNDAIAYGLKLGYKF,38.9,89,160,29.375,47,83,72,7,30,45.00,34,/stor/work/Wilke/crisprtn7/reblast2/GCF_000722965.1_Acinetobacter_baumannii_Genome_sequencing_genomic.fna
NZ_JDSW01000012.1,0..33751,rsmJ,15668..14850,lcl|15668|14850|1|-1,-1,PRD22402.1,3.50e-53,PRD22402.1 rsmJ rsmJ [Trichonephila clavipes],MENFEVIKALFLGFVEGLTEFLPISSTGHLILFGHIIDFHSDGGRVFEVVIQLGAILAVCWLYRQKIINLIKGFFSGDVESRHFAISVLIAFFPAVIIGVLAVDFIKSVLFSPIVVAIALIVGALIIFWVESKQFEHKTDDATKITFKQALLVGLAQCVAMIPGTSRSGATIVGGMFAGLSRKAATEFSFFLAMPTMLGAATFDLIKNADVLTSDNMVNIGVGFVAAFIAALLVVKALVLFVERHTLRVFAWYRIVLGVIILIAAMFFNLSA,181,459,199,50.251,100,98,137,1,1,68.84,73,/stor/work/Wilke/crisprtn7/reblast2/GCF_000722965.1_Acinetobacter_baumannii_Genome_sequencing_genomic.fna
NZ_JDSW01000012.1,56326..96670,tniQ,76670..76326,lcl|76670|76326|1|-1,-1,tr|A0A2S5Z7P1|A0A2S5Z7P1_9ALTE,2.53e-04,tr|A0A2S5Z7P1|A0A2S5Z7P1_9ALTE tniQ Uncharacterized protein OS=Marinobacter sp. N4 OX=2055143 GN=KEHDKFFH_15295 PE=4 SV=1,MSLPNCPKCQSEYTYQDGDLLICPECSHEWKEGEALVTEEQEVIKDANGNVLADGDSVTVIKDLKIKGSSSVVKVGTKVKSIRLVPDASDGHNIDCKIDGIGQMKLKSEFVKKA,37.0,84,46,28.261,13,33,23,0,0,50.00,40,/stor/work/Wilke/crisprtn7/reblast2/GCF_000722965.1_Acinetobacter_baumannii_Genome_sequencing_genomic.fna
NZ_JDSW01000012.1,56326..96670,cas1,85559..84993,lcl|85559|84993|1|-1,-1,AIM019488_asm17501_06642,6.12e-04,AIM019488_asm17501_06642 cas1 CRISPR-associated endonuclease Cas1,MSDILPLSWFQRETSEVAYDLIGCVLCKRQPDGQVIRCTISETEAYLGVRDKACHSYNDKRTARTEVMYRHGGTIYVYLIYGMYEMLNIITQTEGVPEGVMIRSVFLNSASTKKEYKLLAGPGKLTRYLGIDRTLKGQTLGEESGLWIEAAITQPEVVLTPRIGIDYAEEAKDWPERYCWKDHPSLSR,38.1,87,106,27.358,29,56,48,4,21,45.28,56,/stor/work/Wilke/crisprtn7/reblast2/GCF_000722965.1_Acinetobacter_baumannii_Genome_sequencing_genomic.fna
NZ_JDSW01000012.1,56326..96670,glmS,65092..60572,lcl|65092|60572|2|-1,-1,WP_035343592.1,1.42e-07,WP_035343592.1 glmS two-component system response regulator GlrR [Dickeya],MKEILKTLTEAMTLPEDSYSEQDAEFLEIFIEEIEEIFVDLQPLINKWMQSENIATLTEIRRHFHTLKGSGRMIGAKSSAELAWTVEDTLNRVINQSLQLTPTIQSYVQLVFKFYFLKLVDNFKQKRAHTLDFRPLILLGQQLQQQQSLEPALEELLQLSNTLTAETVTGLELGYIEQDSLAEPIIQTTHTEIEINLDETLTLFMEEAEEHLATIHQFLDQELHQYDSYNALIRALHTLRGSSAMAQVETIFEASTKVEHLFKILLQEELSSHSEEILLLQEYREFVRDSLELLSRYSSSEQLEARLQQFNQSWDAYVEQHGDRTDPLMPSHGLVSQLLQLDVSELLDAELDFEKGIRNEFPDYLERLSEQANLLLQHTHSQAMLGLHEYTSQLKESYEVLLDKPALLQSDYIFEIYQKAHQQLIQLFDALAAGQRVGVVKQHQSILEELRLYTRYTPDLSNDLPQQDSTSFEPISNIELEPEVVATVENFSDSADWAVLGQSVQQDRQYISSTQVNRNFDADLLDIFLEEAEELLEGIDTDLNIWVGEQENFAALNNLMRYLHTLKGGANMVQATYLGLIAHELESIYERLIQKQLVATSDLIDFIRLVQDDLADRLQIMREQQLDYAAPYTINALKRAGQNSNFQPLPVVEAFDTESEIFSEQEVISEVIIDEIPVEFEPALAELETHHDQVFDTAVTELATPVEVITSVTSQENRVAADEQDIEAVVEQTFLEEATELLEMAESLLKQWFEQRTNRSILLQLQRAVHSLKGGARMVGLEAVQAIAYQLENAFEQFALHHFNSNIYDHLLESAIAWLKDAIFNHNYQHFDGLQQSLENIQFFETTIQIPTKLTRADLFSSEPVMTFIQGDGTEPPPMMGAWEQTERLDQNNEMIRVSADLIEKMIDLSGENSINRSRIEMDLSQFSHTLVEMELAIQRLADQLRRMEGELETQIIAKHGIEHSRYTDFDPLEMDQYSSLNQLSKSLAESASDLVDFKNTLTDKIRDTESLLLQQSRIQAEIQEGLMRTRLVPFSRLLPRLQRIVRQTSTALNRPAELFVNNTEGELDRNILERLVTPLEHMLRNAIDHGLEDRAQRQQANKPETGRIELNIQRQGTDVVVVFSDDGQGIDVEKVRQKALLAGLIKPEQDLEQQDILQLIFHPGLSTAEHVTQISGRGVGLDVVQSDIKSLGGHVSVESVYGQGTTFTIRVPTTVAVSDALMVKVADQQFAIPLAQIDRIIRVSPASLEQYFESPQELFEYENKRYPLRYLSEFVGNQPIPRLNGIMYSLPVLMIKANNGQTVALLVDQLIGSRAQIVVKPIGQQFSSIGAIAGATILGDGQVCLILDGQNIARQIQSTQRHKQLSEAIYRQRESDERRLIMIVDDSVTVRKVTSRLLERQGYDVVTAKDGVDAIEQLENIKPDLMLLDIEMPRMDGFEVLNLVRHHDMHQYMPIIMITSRTGEKHRERAFSLGVSQYMGKPFQEEELLENIDALLVAFESEVKS,53.5,127,113,28.319,32,79,58,1,2,51.33,8,/stor/work/Wilke/crisprtn7/reblast2/GCF_000722965.1_Acinetobacter_baumannii_Genome_sequencing_genomic.fna
NZ_JDSW01000012.1,56326..96670,glmS,68323..67961,lcl|68323|67961|2|-1,-1,WP_035343592.1,3.36e-11,WP_035343592.1 glmS two-component system response regulator GlrR [Dickeya],MARILIVDDSPTETFRFKEILTKHGYDVLEASNGADGVTLAKAEQPDLVLMDVVMPGVNGFQATRQITRDEDTKHIPVVIVSTKDQATDRVWGKRQGAIDYLIKPIEEKQLIDVIKQFLN,56.6,135,114,28.947,33,79,58,1,2,50.88,95,/stor/work/Wilke/crisprtn7/reblast2/GCF_000722965.1_Acinetobacter_baumannii_Genome_sequencing_genomic.fna
NZ_JDSW01000012.1,56326..96670,glmS,68730..68347,lcl|68730|68347|3|-1,-1,WP_035343592.1,1.21e-10,WP_035343592.1 glmS two-component system response regulator GlrR [Dickeya],MEDAFQNLKVMVIDDSKTIRRTAETLLQREGCEVITAVDGFEALSKIAEANPDIVFVDIMMPRLDGYQTCALIKNSQNYQNIPVIMLSSKDGLFDQAKGRVVGSDEYLTKPFSKDELLNAIRNHVSS,55.1,131,112,30.357,34,76,57,1,2,50.89,88,/stor/work/Wilke/crisprtn7/reblast2/GCF_000722965.1_Acinetobacter_baumannii_Genome_sequencing_genomic.fna
NZ_JDSW01000012.1,56326..96670,parE,70845..73943,lcl|70845|73943|3|1,1,VFJ66771.1,2.29e-07,"VFJ66771.1 parE ParE toxin of type II toxin-antitoxin system, parDE [Candidatus Kentron sp. DK]",MWFTRISVKYPVFTIMMMLSLMVLGLASWKRMTVEEFPNIDFPFVVVTTQYAGASPEAVESDITKKLEDQINTISGIKQITSRSSEGLSMVIAEFNLDTSSAIAAQDVRDKIAPVIAQFRDEIDTPIVQRYDPSSSPIMSVVFESNSMSLAQLSSYVDKKIVPQLKTVSGVGNVNLLGGAKRQIRIKVHPEQLQSYGIGIDQVINTLKNENIEVPAGTLQQKNSELVVQIQSKVIHPLGFGDLVIANKNGSPIFLKQVATVEDTQAELQSSAFYNGRTAVSVDILKSSDANVIQVVDKTYQTLEKLKAQMPAGLNYKVAADSSKGIRASIKDVVRTIIEGAVLAVLIVLLFLGSFRSTVITGLTLPITLLGTLTFIWAFGFSINMMTLLALSLSIGLLIDDAIVVRENIVRHTELGKDHVTAALDGTKEIGLAVLATTLTIVAVFLPVAFMGGLIGRFFYQFGVTVSTAVLISMFISFTLDPMLSAHWKDPVKKKESRLQRFFNYISNLLDGLTHIYEKLLKLALRFRFITVIIAIVSLVVALGLSKMIGTEFVPTPDKGEIRIQFETPVDSSLEYTQAKLHQVDQIIRQFPDVVSTYGVVNSEVDSGKNHAGLGVTLKPKQERSADLTTLNNEFRDRLQSVAGIRVTSVAAAQDSVSGGQKPIMISIKGSDLNELQKISDRFMAEMEKIDGVVDLESSLKEPKPTLGVHINRVLASDLGLSVSQIANAIRPLIAGDNVTTWEDRDGETYDVNIRLNENKRVLPQDVQNLYLNSNKTNANGQNILVQLSAVATTQEKLGASQINRRDLEREVLIEANTSGRPSGDIGQDIDKMQKAFKLPAGYTFDTQGANADMAESAGYALTAITLSIVFIYIVLGSQFNSFIHPAAIMASLPLSLIGVFLALFLFRSTLNLFSIIGIIMLMGLVTKNAILLIDFIKKAMEDGISRYDAILQAGKTRLRPILMTTSAMVMGMVPLALGLGEGGEQSAPMAHAVIGGVITSTLLTLVVVPVIFTYLDDLKNFMLRQTRRFMS,49.3,116,65,35.385,23,42,40,0,0,61.54,6,/stor/work/Wilke/crisprtn7/reblast2/GCF_000722965.1_Acinetobacter_baumannii_Genome_sequencing_genomic.fna
NZ_JDSW01000012.1,164189..193112,tnsB,184189..186060,lcl|184189|186060|1|1,1,UniRef100_A0A038GSS8,1.12e-38,UniRef100_A0A038GSS8 tnsB Transposon TnsB n=1 Tax=Caballeronia jiangsuensis TaxID=1458357 RepID=A0A038GSS8_9BURK,MNKSNRIQTAELDWESIDGIEVPISKQFGDVYFSKDNGLLETRHVFLNGNDLSERLANLQDFEYFSVGETGFGTGLNILALWQLWQQVRPNNHSHLHAISVEKFPLSKADLIRALNVWDELRPLSKQLIEQYPFPLAGCHRLSFPEERFSIDLWLGDAQDIFPSMVKTKAVNAWFLDGFAPSCNPDMWEQNVLNNIVRLSDYGTTFASFSVAGILKRGLKAHGVDITRPRGFGHKREMLKAVWKAPVSEEILLEPVRDTFQFTQQRIAVIGAGIAGLSTAWAFAQRGHQVTLFERTVPLSGASGNPLALLNPKLCPIEQSHEHLMTLSWQHALNFYKNFQAFRPIQIQQMALKNAQDLLDLTNQYPADIVTQQTSSLESDYPHILLTEAGAVSPHQLRDEILQHPGIELKIANITTFVSFENKVQLKSGNETTLEADHVVVCCARESAALFENYPLLKPIRGQVSWVDNSFATLPLNEAYSYGGYCMQLNTSELILGASFYPNRDDQEVLLDDHVHNFELIHSVFPHYAKQLPPVEQWQGRASVRAQSPDYFPVVGKMQNESRISTFAGLGSKGFLFAPLCSEVLVAQILGEACPVPKSLLQKLDAQRFQKKVKPKKPYFKSQ,140,354,222,37.838,84,130,118,4,8,53.15,35,/stor/work/Wilke/crisprtn7/reblast2/GCF_000722965.1_Acinetobacter_baumannii_Genome_sequencing_genomic.fna
NZ_JDSW01000012.1,164189..193112,cas12c,173482..174051,lcl|173482|174051|1|1,1,100021577__CEPS01188136.1,0.009,100021577__CEPS01188136.1 cas12c,MTGLFIFLGIFVVLIAWGIHIRNNIVRYFNATKRAWAEVANFERQKVKTLEALETTLNQYTQFEKSTLEQVTALRQQILSLNVDHTDIAQLQQIEKMSKELIRSLNVVVENYPELKADTLYSKMMDDIQEQNENVGAAISIFNRNVEVFNNQIEVFPNNIINTMTLSKKTIRPFRDNLVTNKFDYKPNF,35.0,79,102,30.392,31,58,50,4,13,49.02,48,/stor/work/Wilke/crisprtn7/reblast2/GCF_000722965.1_Acinetobacter_baumannii_Genome_sequencing_genomic.fna
NZ_JDSW01000012.1,164189..193112,glmS,175459..175788,lcl|175459|175788|1|1,1,PRD36068.1,1.20e-13,PRD36068.1 glmS glmS [Trichonephila clavipes],MSLFISTAHAAPAAAQSPGLLPNILMIVVFVAIFYFLIWRPQAKRAKEHRSLIESLGVGSEVVFAGGLMGKVTKLEGDYAVVELNRGVEVKIQRASVISVLPEGTLNNL,63.2,152,104,32.692,34,65,62,2,5,59.62,91,/stor/work/Wilke/crisprtn7/reblast2/GCF_000722965.1_Acinetobacter_baumannii_Genome_sequencing_genomic.fna
NZ_JDSW01000012.1,164189..193112,yciA,183379..183681,lcl|183379|183681|1|1,1,WP_082392395.1,2.17e-21,WP_082392395.1 yciA acyl-CoA thioester hydrolase YciA [Photobacterium sp. JCM 19050],MPFFVLSCTDNEGTLEKRLAVRPQHIERLQKLDDEGRLVAAGAMPKDPNDPQAGFYGSTMIVEFDTREALDEWLKEEPFLKEGIYSHVDVKPFNKAFPKG,82.8,203,98,41.837,41,55,59,1,2,60.20,96,/stor/work/Wilke/crisprtn7/reblast2/GCF_000722965.1_Acinetobacter_baumannii_Genome_sequencing_genomic.fna
NZ_JDSW01000012.1,164189..193112,yciA,187945..187577,lcl|187945|187577|2|-1,-1,WP_001287658.1,3.07e-90,WP_001287658.1 yciA acyl-CoA thioesterase [Acinetobacter],MPADTNWSGDVFGGWIVSQMDLAGAIHAERFSRGRCATISINQMTFLVPVKVGFVISCYTKILKVGNTSIQMQIEVWDSHDDSRAPIRITEGVFTFVAVDVKGNKRQIPEEAKQKFLISQES,255,651,122,100.000,122,0,122,0,0,100.00,100,/stor/work/Wilke/crisprtn7/reblast2/GCF_000722965.1_Acinetobacter_baumannii_Genome_sequencing_genomic.fna
NZ_JDSW01000014.1,0..24138,tnsA,3868..3017,lcl|3868|3017|3|-1,-1,UniRef50_P0AC11,2.18e-31,UniRef50_P0AC11 tnsA Dihydropteroate synthase type-2 n=619 Tax=cellular organisms TaxID=131567 RepID=DHP2_ECOLX,MQLISLPKQILQCGQLQLDLSQPHVMGILNVTPDSFSDGGKHNQLDQAVDHALSMIEQGATIIDIGGESTRPGASEVAVEEEVRRVVPVVEALSHHNVILSIDTSQPEVIRAAKAAGAHIWNDVRALTRPNALKTAVELDIPVVIMHMRGEPTTMNQLDQYTDVTLDVMQELQQRIDEALAAGVKKHNIIVDPGFGFAKNAQQNLKLLKEFWKLNELGYPILSGLSRKRFIGEALQGVPADQRAVGSVTGHLLSIQQGASIVRAHDVKEMHEAILVWKAIQQA,115,289,269,29.740,80,169,139,7,20,51.67,91,/stor/work/Wilke/crisprtn7/reblast2/GCF_000722965.1_Acinetobacter_baumannii_Genome_sequencing_genomic.fna
NZ_JDSW01000014.1,0..24138,tnsA,5796..4000,lcl|5796|4000|1|-1,-1,UniRef50_A0A0P9PXI9,3.02e-08,UniRef50_A0A0P9PXI9 tnsA TnsA endonuclease n=3 Tax=Pseudomonas syringae group TaxID=136849 RepID=A0A0P9PXI9_PSESX,MKYSDFVAAVNAGQIKQVTIDGLNISGEKTNGSQFETVRPQVEDTELMPSLNKQNVVVEGTAPQRQGILMQLLIASFPVLLIILLFMFFMRNMGGGAGGKNGPMSFGKSKAKMLSEDQIKVTFADVAGCDEAKQEVVEIVDFLKDPAKFKRLGATIPRGVLMVGPPGTGKTLLAKAIAGEAKVPFFSISGSDFVEMFVGVGASRVRDMFEQAKRHAPCIIFIDEIDAVGRHRGSGTGGGHDEREQTLNQMLVEMDGFEGNEGVIVIAATNRVDVLDKALLRPGRFDRQVMVGLPDIRGREQILNVHLKKLPSVTGVDVKVLSRGTPGFSGAQLANLVNEAALFAARRNKNTVDMHDFEDAKDKIYMGPERKSMVLREEERRATAYHEAGHAIVAEILPGTDPVHKVTIMPRGWALGVTWQLPEQDQISHYKDKMLNEIAILFGGRIAEEVFIQQQSTGASNDFERATKMARAMVTKYGMSDKMGVMVYEDENQNGFFGNVGSRTISEATQQQVDQEVRRILDEQYKVARDILENNKDIAHAMVKALMEWETIDRDQIRDIMEGREPQPPKVYIAENPVSAFEPPKDGPSTPPPLPAMN,50.4,119,136,28.676,39,80,68,3,17,50.00,23,/stor/work/Wilke/crisprtn7/reblast2/GCF_000722965.1_Acinetobacter_baumannii_Genome_sequencing_genomic.fna
NZ_JDSW01000015.1,11938..96876,tnsA,31938..32648,lcl|31938|32648|3|1,1,UniRef50_A0A009K1Z9,1.83e-147,UniRef50_A0A009K1Z9 tnsA TnsA endonuclease n=236 Tax=Proteobacteria TaxID=1224 RepID=A0A009K1Z9_ACIBA,MKKLSDEYLPVRKAQTVYGSISGNYAFRGEKTIWFESTLERDFILKQEFNNNVIDVIGQPVVIPYITELGNQSTYTPDFLVQFSSSNCDDFEDFPVPMLIEIKPKKKLVEDWDKLKPKFRAAHRFAADKGWKFKIISETRLYDQYWENINFLKKFRRSHVGAVDQQLLLDTLQKLGQSTINQLPAHIFKDKTNVLKGIHQVWALVAKRMIACDLYCPLTAETVIWVNQNDAFARNI,409,1050,234,79.060,185,49,213,0,0,91.03,99,/stor/work/Wilke/crisprtn7/reblast2/GCF_000722965.1_Acinetobacter_baumannii_Genome_sequencing_genomic.fna
NZ_JDSW01000015.1,11938..96876,tnsB,32649..34559,lcl|32649|34559|3|1,1,UniRef100_A0A1E7W1F6,4.92e-167,UniRef100_A0A1E7W1F6 tnsB Transposon Tn7 transposition protein TnsB n=1 Tax=Janthinobacterium sp. HH106 TaxID=1537278 RepID=A0A1E7W1F6_9BURK,MIESNAVNIDRSRIILKPNVVVGYEGQPYKIVNVLNANDIVISSLDSVRSLQVNARSLTIFNGENTLTERLNKGDQDISNEAWQIALQRYEIIKPLIEYSTTELVENRANEYDVNRSTLWKWLKDYRENNSLMALIPKKRGWTTEKSRLSPQVSNIIKQAINDEYLNAKKPSISKTIEIVKAECSRLQLEAPHENSIRRRIEALNDYQVTKARLGSKAAIDKFKAAAGSFPNADYPLAYVQIDHTPLDIEIVDDEFREAIGKPHLTLAIDVFSRMIVGYYLSLEAPSTTSVAMCIASCILSKKRKLIELDIDAEWQVEGIMDSVHTDNGPDFRTNHISKACLKYGIHWEYRPIGGARFGGHIERMLGIVNLEMHVLDGTTFSNVQQRGTYDSAKQACMTLKELEYYIVYWITKVYHQKKHSALGTSPIVKWEEGVWGTKTTAGTGLKERVSDEDTLFIDFLPEFEATIQRTGVQKDNLFYFADCLRQWVNSIDPEDNNRKRKRKFLFKRDPRDISQIWFYEPYSNTYFKVPTAKREIPPISLFEYKQVQNYLKSERQDVQNQDEIYKAILHLRDQLNQARSLTRKQRRSNQRKKENAKAITQLSEQNQSKKAVVSESLQTSDDLWSTPLTAFDDLR,489,1260,593,40.809,242,346,366,2,5,61.72,93,/stor/work/Wilke/crisprtn7/reblast2/GCF_000722965.1_Acinetobacter_baumannii_Genome_sequencing_genomic.fna
NZ_JDSW01000015.1,11938..96876,tnsB,34564..35484,lcl|34564|35484|1|1,1,UniRef100_A0A1T0A091,2.09e-75,UniRef100_A0A1T0A091 tnsB Transposon Tn7 transposition protein tnsB n=1 Tax=Moraxella caviae TaxID=34060 RepID=A0A1T0A091_9GAMM,MEKYEHLAEHVLEIMQLSDSERIETLFTDRWIGYKKAITIMNTLTDILNRPRKLRPECLLIVGDSNMGKTTIIHEFARQYYTKTVSDADMDLLSVTKPVLPILAPAKANVKELYINILNHFFVPFRASDPEAKLRNQAVHLMRKYETKMLIIDEIHNCLTGSAKLLPEVMNTLKNLSNELSLNIVGVGTREAITILHTDPQYASRFDVVNLPKWELNQDFLRLLVSYVRLLPLKKQSNLASKEIATLIFEVSGGNLGDLNRLLVECAKEAILQGDEEITYDIVHKFKWLKPTEGLRNIRNINLSLS,245,626,293,43.345,127,162,192,2,4,65.53,96,/stor/work/Wilke/crisprtn7/reblast2/GCF_000722965.1_Acinetobacter_baumannii_Genome_sequencing_genomic.fna
NZ_JDSW01000015.1,11938..96876,tniQ,35514..36629,lcl|35514|36629|3|1,1,tr|W8PMD1|W8PMD1_ACIBA,0.0,tr|W8PMD1|W8PMD1_ACIBA tniQ TniD OS=Acinetobacter baumannii OX=470 GN=tniD PE=4 SV=1,MSQPEQCWYIRTPIQQGEIFSSWLIRSALDVGCSPMVLIEALWGKWRALTIDLDKGVDAERFDALLSHSMESKQKIQQSMLSSVVSQIQPNYDSNQNIPWVLSLGTRNRSNTSGRQVCVECLKSHENPPYLRLMWRIGWHCSCVEHQLSLIDHCPECGVTIQPFKADMEHGCLAICTTCGFDLRRCEESKNINLNALNFQNKAEQVLKQKIGFYNQSPVTTQVWFEIARSWLSEIRFLVNTPNKNVIQLFESFDVNLHLSHPVTPLAFEYLSTQERIDLLSMLDQIMDIPCDLLVQRSKEYGVSRANFWDKRKKLPVQLQQMKDLMIKPTRRYPVSRAAITVTKPKSKATVQRQWLNLLRRSNNSGAMHID,723,1865,371,92.992,345,26,357,0,0,96.23,100,/stor/work/Wilke/crisprtn7/reblast2/GCF_000722965.1_Acinetobacter_baumannii_Genome_sequencing_genomic.fna
NZ_JDSW01000015.1,11938..96876,tniQ,76876..74999,lcl|76876|74999|2|-1,-1,tr|A0A444K107|A0A444K107_9RHIZ,8.18e-135,tr|A0A444K107|A0A444K107_9RHIZ tniQ Uncharacterized protein (Fragment) OS=Mesorhizobium sp. M4B.F.Ca.ET.089.01.1.1 OX=2496662 GN=EN780_35465 PE=4 SV=1,MNQLTNLSSAEISAQHEQDAKDLTRILPASKKVYIEGSRPDIQVPMREISLTDTPTGLGGEHNPPIMVYDTSGVYTDPNVQIDLNKGLPSVRQKWIEERNDTDVLSGLTSKFGQERLKDIRTADIRFAHIQNPRRAKAGKNVTQMHYAKQGIITPEMEYIAIRENQRQREAVDMRQHPGQNFGAKNLKEITPEFVRQEVAEGRAIIPANINHPELEPMIIGRNFLVKINANIGNSALGSSIDEEVAKMTWATRWGADTIMDLSTGKNIHETREWIIRNSPVPIGTVPIYQALEKVDGVAENLTWEIFKDTLIEQAEQGVDYFTIHAGVLLRYVPLTANRLTGIVSRGGSIMAQWCLAHHEENFLYTHFDEICEIMKAYDVSFSLGDGLRPGCIQDANDEAQFSELKTLGELTHRAWEHDVQVMIEGPGHVPMHMIKENMDLQLEVCKEAPFYTLGPLTTDIAPGYDHITSAIGAAMIGWYGTAMLCYVTPKEHLGLPNKKDVKDGIITYKIAAHAADLAKGHPGAQVRDNALSKARFEFRWDDQFNLSLDPDTARSMHDETLPKEAHKSAHFCSMCGPKFCSMKITQNVRDYANNLTNSDSEVEEGLKAMKEVYQEQGQKLYHKV,394,1013,231,77.922,180,51,205,0,0,88.74,37,/stor/work/Wilke/crisprtn7/reblast2/GCF_000722965.1_Acinetobacter_baumannii_Genome_sequencing_genomic.fna
NZ_JDSW01000015.1,11938..96876,casR,29681..31093,lcl|29681|31093|2|1,1,gi|156937930|ref|YP_001435726.1|CAS-I|casR|CARF,8.94e-04,gi|156937930|ref|YP_001435726.1|CAS-I|casR|CARF casR,MLRPWQIHFRIDEREEKTVFLKLTNLISQEILSGRLVQGTMLLGSRSLSKELGINRKTVQAAYEELEAQGWLVTRPRKGTFVADVLPEKKPQIEPRADRKVSDKPIIQQVAQRPHNDGVPDPRLIPYELFSRAYRHALIKITQNQYMGYGDPRGMAELRQALKQMLSMEHFMNVAEDEICIVRGSQMGIFLASRALPNRQGVIVVEELYYPSAVKAFQSNGFQVVSVKLDEQGIVIEELERILKEHSVAAIYTTPHHQYPTTVTMTMSRRLQLLELSKKWGFYIIEDDYDHEFHYDSRPMPPLASLPHSELVIHVGSLSKVFAPGIRLGYIVAAPTIIQTITEDILLIDRQGNNITELALADLMQRGEIKRHIRKMKKIYQLRRDHALAEFQRVFAESIEIQPPAGGMALWVKFQKSFNQDQLIKLKELNIDTEQKFKQKECANHCIRFGFAALSEKEITSLIETLNEAL,39.3,90,39,51.282,20,18,28,1,1,71.79,8,/stor/work/Wilke/crisprtn7/reblast2/GCF_000722965.1_Acinetobacter_baumannii_Genome_sequencing_genomic.fna
NZ_JDSW01000015.1,11938..96876,glmS,58263..56842,lcl|58263|56842|3|-1,-1,WP_035343592.1,1.75e-94,WP_035343592.1 glmS two-component system response regulator GlrR [Dickeya],MAEQQPLVLLVDDEEDLCLLMQMTLARMGIKTHLAYRVEQAKQLFTQFHYDACLTDLNLPDGSGIDLVKHVSQNYTNTPIAVLTAYGNMDIAIAALKAGAFDFVSKPVNQVHLDQLLQKALNRQKVEHDAAENALENKLLIGRSLPIQQLRIAIKKIARSQAPVFVTGESGTGKEVVANLVHRLSNRSEGPFIAINCGAIPTELMESELFGHKKGSFTGATQDKQGLILSAHGGSLFLDEIAELPLSMQVKLLRAVQEKKIRPVGSDQEIDVDFRVISASHQDLDLLVRQGKFRQDLFFRIHVMDLILPPLRERGEDVLLLANHFIQKICMDWETPPKQLTEAAKTYLLQQHFPGNVRELRNMIERAITLSEDATIDVSHLHPAPLRANIYNPFASAAQSIQTTVAAPQVVKKLPSEGLERYLENIEKDILLNALNMTHWNRTLAAKKLGMTFRSLRYRLKKFGLDTETEQEV,291,744,369,40.650,150,215,233,1,4,63.14,78,/stor/work/Wilke/crisprtn7/reblast2/GCF_000722965.1_Acinetobacter_baumannii_Genome_sequencing_genomic.fna
NZ_JDSW01000015.1,11938..96876,glmS,85279..86019,lcl|85279|86019|1|1,1,WP_035343592.1,4.89e-07,WP_035343592.1 glmS two-component system response regulator GlrR [Dickeya],MKVLICDDEPLAVERLSRLVSKMGHEVVATAHHGQDALEQARLHHPDVILLDIQMPGMNGLVCAEQLSQLNPRPAIVFCTAYDQHALEAFKSQAQAYLLKPIDPQELEQTFKQLTQLTQAQLSALPKPELLQDLKTQRHQIAAKTYRGVELIPVENIYYFLADQKYVTVRHKNGSVLIDETLKELETEFADQFIRIHRNALVSIAYLDGLELVSSGQYQVRLRGLDERLSVSRRHLSTLRERIHQL,47.8,112,118,27.966,33,82,58,2,3,49.15,47,/stor/work/Wilke/crisprtn7/reblast2/GCF_000722965.1_Acinetobacter_baumannii_Genome_sequencing_genomic.fna
NZ_JDSW01000015.1,11938..96876,yciA,89868..90308,lcl|89868|90308|3|1,1,WP_015049099.1,6.54e-06,WP_015049099.1 yciA tol-pal system-associated acyl-CoA thioesterase [Simiduia agarivorans],MKELSVYPVIYDQKVAWGDMDAFGHVNNVQYYRYIESSRILYMENVNILTPNIYTVVASSQCKYLKPVFYPDVLKVGVRVEELRKSAFRMAYILWSESQQQIVATGEAVMVCVNKMTGLKCEIPSEVKSKIIELEKSVGHDLIHLA,41.2,95,118,25.424,30,81,52,2,7,44.07,77,/stor/work/Wilke/crisprtn7/reblast2/GCF_000722965.1_Acinetobacter_baumannii_Genome_sequencing_genomic.fna
NZ_JDSW01000017.1,28499..106867,tniQ,48499..49407,lcl|48499|49407|1|1,1,tr|A0A5C7P1D4|A0A5C7P1D4_9ACTN,8.68e-04,tr|A0A5C7P1D4|A0A5C7P1D4_9ACTN tniQ LysR family transcriptional regulator OS=Actinobacteria bacterium OX=1883427 GN=E6Q90_12735 PE=4 SV=1,MAALPSLRQLSYLVTLSETLHFTEAARRSFVTQSTLSGGIMELERLLGGVLVERDRQNVRLTPLGEQVVARARVLLADAQDLMRLSREMSEPLTGDLHLGVIPTIAPFILTRLLDEVHQQLPKIQLHLHEAQSEKIVERLEHGNLDMIVLALPFDTRSLKVAEISKENLYLVCSKQDTNALQANSLDDLDLSRLILLEEGHCLRDHVLSACPIGERKNDNRLKASSLPTLVEMVSSDLGFTLLPEIAIENSMIKYNDQITAKPIEDAPSRTLALVTRKSTPLQSEFDVLLQIMQKITTNLHE,38.9,89,60,35.000,21,36,38,1,3,63.33,19,/stor/work/Wilke/crisprtn7/reblast2/GCF_000722965.1_Acinetobacter_baumannii_Genome_sequencing_genomic.fna
NZ_JDSW01000017.1,28499..106867,tnsB,80227..80943,lcl|80227|80943|1|1,1,UniRef100_A0A0W0RF01,2.15e-06,UniRef100_A0A0W0RF01 tnsB Transposon Tn7 transposition protein TnsB n=1 Tax=Fluoribacter bozemanae TaxID=447 RepID=A0A0W0RF01_FLUBO,MRCMDELHMQYPFAGSRMMRDLLNRQGHHIGRRHTRTLMKKMGINALYCKPNLSQANQAHRKYPYLLKGLAIQRSNQVWSTDITYIPMAKGFVYLCAVIDWHSRKVLAHRVSISMEVTFCIETLNEAIEKYGRPEIFNTDQGSQFTSDAFIDVLKSNDIQISMDGKGRWVDNVMVERLWRSVKYEEVYLKAYSNVLDAKKQLNAYFEFYNLKRPHSSLDKMTPDEFYYDQLPQQNKVA,45.8,107,125,31.200,39,70,56,4,16,44.80,46,/stor/work/Wilke/crisprtn7/reblast2/GCF_000722965.1_Acinetobacter_baumannii_Genome_sequencing_genomic.fna
NZ_JDSW01000017.1,28499..106867,tniQ,85962..86867,lcl|85962|86867|3|1,1,tr|A0A1X1NDK8|A0A1X1NDK8_9ACTN,4.24e-05,tr|A0A1X1NDK8|A0A1X1NDK8_9ACTN tniQ HTH lysR-type domain-containing protein OS=Streptomyces sp. CB03238 OX=1907777 GN=BKD26_21400 PE=4 SV=1,MDSSENNFNQMPSIKTLQAFEQTARFGNVAKAAENLNLTPSAVSHQIAKLEEMIGQSLFIRGARGVTLTPSGERYFQDVTTILHNLMLATEKAADKSPKDSLYIHSSPSFGLLWLLPRLESFKEKFPMIQVNLSCSYENLHFTRDKIDIDIRHGLPNWTGVEIRTIRNEKLEVLASPKLLERSPVHKPQDLLKKELILSRSTLVTWPQWFAHQGLSIPEFPYTLSFDRSYMSLEAATHGLGFVLESNLLTQNYLESGKLVRVFADELSIPISAHHLVYPRTHQFIPKIELFLNWIHDELAG,42.7,99,54,40.741,22,30,32,1,2,59.26,17,/stor/work/Wilke/crisprtn7/reblast2/GCF_000722965.1_Acinetobacter_baumannii_Genome_sequencing_genomic.fna
NZ_JDSW01000017.1,28499..106867,cas1,92135..90813,lcl|92135|90813|3|-1,-1,"gi|312114617|ref|YP_004012213.1|CAS-I,CAS-II,CAS-III,CAS-V|cas1|cas1",0.009,"gi|312114617|ref|YP_004012213.1|CAS-I,CAS-II,CAS-III,CAS-V|cas1|cas1 cas1",MKTPLPEYLANVIEACDIDNSGHLADYIPELANANPDRLALAMSTVDGEIYSVGDDDVEFTIQSISKPFVYAYVLQQLGIDAVLAKVGVEPSGEAFNEISLGKDGRPKNPMINSGAITTHSLIQVKHGLHSAEILRRFMSELAGRELSFDESVYDSEVKTAYRNLSIGYMLRTVGILETDPVDIVNGYIRQCAILVTVKDLVRMGSVLANGGVDPKTGKRLLNRSVVRQVLSVMMSCGMYDAAGDWLSTVGIPAKSGVAGGILGVLPGQVSIAAFSPRLDEHGHSVRGIDILERLSRDMGLHLMEGTPSAQTIVQSHYRTGKDASLSVYVLRGVLKFTEAEMLLRILQDETTDQSTIVIDLTQISLIHDVGKRMFLEGVDRLIDDGHTLVLVDPEQRLDHARTAKDRELHVYHDFDDLLEKHEIPAKKKTYSDIAALLNC,37.0,84,147,24.490,36,88,60,4,23,40.82,28,/stor/work/Wilke/crisprtn7/reblast2/GCF_000722965.1_Acinetobacter_baumannii_Genome_sequencing_genomic.fna
NZ_JDSW01000017.1,28499..106867,guaC,39863..38250,lcl|39863|38250|3|-1,-1,ALD18734.1,4.23e-26,"ALD18734.1 guaC translation elongation factor 1-alpha, partial [Amanita aff. basii SS-CUAJ-OAX-MX-2013-1]",MSHQSDLISQDILAYLKQHEQKDLLRFLTCGNVDDGKSTLIGRLLYDSKLIYEDQLQAVTRDSKKVGTTGDAPDLALLVDGLQAEREQGITIDVAYRYFSTEKRKFIIADTPGHEQYTRNMATGASTADLAIILIDARYGVQTQTRRHTFIASLLGIKNIVVAINKMDLVEYSPERFTEIQIEYDAFVSQLGDRRPANILFVPISALNGDNVVNPSAHTPWYKGQTLMSILESVEISRESNKHEFRFPVQYVNRPNLDFRGFAGTVALGEIKVGDEIVALPSGKRSTVKEIVTFDGNLEQAVAGQAVTLTLNDEIDISRGNVLVRVGEQPLISRSVRASVVWMNEHPLVKGKLYNIKIGTQTVPAKVTNIHYRVNVNTLEHTQVEELELNAIADVVVEFDAPVVFDRYQDSRYTGSFIFIDRLSNVTVGAGMVEAAVEWTAHSNAVTAEDRAARLGQKPAAIGVSAQLIEKAQALESLLIQQGVVAIAKASLTAEQLVLLRETGVVIITTSVEGTDTEITAETVEEAVEKIVGLVRL,102,253,155,35.484,55,80,85,3,20,54.84,25,/stor/work/Wilke/crisprtn7/reblast2/GCF_000722965.1_Acinetobacter_baumannii_Genome_sequencing_genomic.fna
NZ_JDSW01000017.1,28499..106867,glmS,58764..59798,lcl|58764|59798|3|1,1,PWO25131.1,6.97e-05,"PWO25131.1 glmS CysQ, 3'-Phosphoadenosine 5'-phosphosulfate (PAPS) 3'-phosphatase, partial [Pyrenophora tritici-repentis]",MKSMTRLSTSIKASMKKTATALTLACSVLSVLSISQTQAADNIDVTFQNVLQQERSWAGLQSKSLKVGDVTWSYSEGGSTTKPTLLLIHGLAGSRDNWNRVARYLTTNYHVIIPDLPGSGETIVSQDFDYSVPNLAEKLRRFVEAANLKGPIHIAGHSLGGSIALLYAGQYPFETKSLFLVDSGGIFRSANTIYLKDPAYLKQLLVSKKGDFNYLLKQTMFNPPFIPKEFLQAQEKLMIDQAPQTQKLVDQLIALNKVYTPDSFAVLTKTIDAPTLILWGKQDKIINVEVASELKRLLKNAQPPVILENVGHMPILEAEQLVMQQYLPFLLKVETNQSSKTTTP,41.6,96,115,31.304,36,71,54,5,8,46.96,31,/stor/work/Wilke/crisprtn7/reblast2/GCF_000722965.1_Acinetobacter_baumannii_Genome_sequencing_genomic.fna
NZ_JDSW01000017.1,117152..158042,tniQ,138042..137152,lcl|138042|137152|2|-1,-1,tr|A0A2W6DER9|A0A2W6DER9_9PSEU,4.33e-06,tr|A0A2W6DER9|A0A2W6DER9_9PSEU tniQ HTH lysR-type domain-containing protein OS=Pseudonocardiales bacterium OX=2201155 GN=DLM58_12285 PE=4 SV=1,MNYELWKIFLDAVELGSLSKVAMLHNTNQPQISRQMNELEAQCGGRLFNRTGRGVELTDLGQHLLPKIRSWLNVTDQLNNEILHSTDTPIGTVRIASLPSTAHPLLSTLYKVLQEKYPLIKLSVREGQGVHLEKWLEDGSVDLAILYRFNPTPKQGDVYLTEADTYLVGCEGDALTQANEVDFKAVSELPLVTFCRPSNWRNFLDHMAYENGVELNIVFEADSISLQTHLVSESRMYTMLGPQALKKASQYTSIQAAKIINPALKRYISLSISKHGYLTPACKAVMEEIRNLADLL,45.8,107,60,43.333,26,31,36,1,3,60.00,19,/stor/work/Wilke/crisprtn7/reblast2/GCF_000722965.1_Acinetobacter_baumannii_Genome_sequencing_genomic.fna
NZ_JDSW01000017.1,117152..158042,yciA,119791..119276,lcl|119791|119276|1|-1,-1,WP_001142469.1,8.09e-131,WP_001142469.1 yciA acyl-CoA thioesterase [Acinetobacter],MPTLDEMTTVTDDQSELTMSVLMTPDMANFSGNVHGGTILKLLDQVAYACASRYSGSYVVTLSVDKVNFKEPIYVGELVTFLASVNHVGRTSMEVGIRVEAQNIQKRTVRHTNSCYFTMVAVDEHGKPREVPKLNLDTEWKRCRFEAAEHRKVLRLQENHNPSCSMYKKTS,361,926,171,100.000,171,0,171,0,0,100.00,100,/stor/work/Wilke/crisprtn7/reblast2/GCF_000722965.1_Acinetobacter_baumannii_Genome_sequencing_genomic.fna
NZ_JDSW01000017.1,117152..158042,xre,144426..144088,lcl|144426|144088|2|-1,-1,tr|A0A150F2Z7|A0A150F2Z7_9BACI,9.11e-07,tr|A0A150F2Z7|A0A150F2Z7_9BACI xre XRE family transcriptional regulator OS=Bacillus nakamurai OX=1793963 GN=AXI58_04480 PE=4 SV=1,MANTLGDKIRLLRKEKKLTLEALANNAGLSKSYLWELENRESQKPSAEKLLSIAQALKVDVEFFLEMDSRTPEEKHIDNAFFREYKNLNSQEKEQIRNIMAVIKSSSGNKNG,34.7,78,110,23.636,26,77,53,3,7,48.18,95,/stor/work/Wilke/crisprtn7/reblast2/GCF_000722965.1_Acinetobacter_baumannii_Genome_sequencing_genomic.fna
NZ_JDSW01000019.1,0..60456,tnsA,8712..9434,lcl|8712|9434|3|1,1,UniRef50_A0A3M5N9X7,1.53e-05,UniRef50_A0A3M5N9X7 tnsA HTH gntR-type domain-containing protein n=380 Tax=Bacteria TaxID=2 RepID=A0A3M5N9X7_PSEAZ,MEQDQARIPKYIPIRDAIAHDIESGVLEAHAKLPSERVLSEQFQTTRVAAREALLALETDGLIYRLDRRGWYVRSPRIIYHPQSTKNFNQFVIEQGYEPSTEVISSELTQATSWDAKHLKVEKGHPIYSVWRRRCINGRPVLVEHLRVNAELFPEFLAHDLKQSITLLMANQYNCHITRADINLYPTALSEQQAKALHVNVGALGLYICRSNRNEEGVITDVDQEYWLHDVLDLHFEARA,42.7,99,64,39.062,25,35,38,2,4,59.38,26,/stor/work/Wilke/crisprtn7/reblast2/GCF_000722965.1_Acinetobacter_baumannii_Genome_sequencing_genomic.fna
NZ_JDSW01000019.1,0..60456,tniQ,44843..45784,lcl|44843|45784|2|1,1,tr|A0A1X1NDK8|A0A1X1NDK8_9ACTN,3.00e-04,tr|A0A1X1NDK8|A0A1X1NDK8_9ACTN tniQ HTH lysR-type domain-containing protein OS=Streptomyces sp. CB03238 OX=1907777 GN=BKD26_21400 PE=4 SV=1,MRKNLDGGLLHAMHAFLKVIDSGSFTAAAEQMDLTTAQVSRLISELETRLGTKLIQRSTRQQALTDIGATYAERCRQVISMVDEAEAEVTGTASKPKGRLRVLSMGSFGHHYVFPVMAEFCKHYPELTVEYTTSQYVPDLLAKGVDVSLYLTESLTDSRFVARRIGTIFSVLCASPAYLEKHGVPKSPEDLKNHACLRLVNPSITPDWHLLNANGESCQIDIGGQLIADNPELLLDVVQQDMGVALLPMFSALDAVQNGRLCHILPEWRSPDIGVYTLLPSRHFIDAKTRAWLDWVEEYISPRIEMDASYFYK,40.4,93,85,28.235,24,59,41,1,2,48.24,27,/stor/work/Wilke/crisprtn7/reblast2/GCF_000722965.1_Acinetobacter_baumannii_Genome_sequencing_genomic.fna
NZ_JDSW01000019.1,0..60456,tniQ,58782..59687,lcl|58782|59687|3|1,1,tr|A0A1U1D7P0|A0A1U1D7P0_9MYCO,1.60e-04,"tr|A0A1U1D7P0|A0A1U1D7P0_9MYCO tniQ Regulatory helix-turn-helix protein, lysR family OS=Mycobacteroides abscessus subsp. massiliense OX=1962118 GN=SAMEA2275744_04849 PE=4 SV=1",MSYFDINRSGELAIFIRVVELGSFSAVARACNMTPSAVSKLISRLEKRLGVRLLNRSTRQFQLTSEGCQFYEQGIQILNDLDELEQSVTANHIPKGRIRIHTSFSYWTHFLLPCISLFNQRYPEIELEAHLSDEVINLVEQRIDVAIRTGPLKSSNLVARSLGSTYKHYVCSPVYIEKYGCPEHPDELHEHQLLDVSYQRQNKTWLFKKATQEISLTPSKVLKVNHGEAILQLALACAGIAQLNEFQIRNALQQKQLVKILEEWNIHASEEFHAVWIGHDKYVPNRVRTFLDFLVEHASIN,41.2,95,63,39.683,25,36,31,1,2,49.21,20,/stor/work/Wilke/crisprtn7/reblast2/GCF_000722965.1_Acinetobacter_baumannii_Genome_sequencing_genomic.fna
NZ_JDSW01000019.1,0..60456,yciA,37987..37538,lcl|37987|37538|3|-1,-1,WP_058241526.1,2.17e-05,WP_058241526.1 yciA acyl-CoA thioesterase [Shimia marina],MQGRFMESPKYTGLEFLTALKNGEVSPSPMAHTIPMELVEVSEGKATYKVTPRKEHRNIQGGVHGGFCATALDTATGSAAHTLLEHGVGYGTIDLNVKMIRPMQVDTSYYATAELINAGRNIISTQGKIVDENGKVYAFASATLMIIRK,39.7,91,79,30.380,24,54,38,1,1,48.10,53,/stor/work/Wilke/crisprtn7/reblast2/GCF_000722965.1_Acinetobacter_baumannii_Genome_sequencing_genomic.fna
NZ_JDSW01000020.1,0..35570,tnsA,9777..8767,lcl|9777|8767|3|-1,-1,UniRef50_A0A2D2C3Y7,6.84e-20,UniRef50_A0A2D2C3Y7 tnsA Tn7_Tnp_TnsA_N domain-containing protein n=4 Tax=Paracoccus TaxID=265 RepID=A0A2D2C3Y7_9RHOB,MEKLKYYWFYPLPFIMIFISLLIGPTQTLSAWDYLRWGMQAVFGTPYFDAEQFRLMQNILVNVRLPRILLTFMVGAALATAGNGLQALFRNPLVDSYVLGISSGAAFGAALALSLSWLSPNLSAFVFGVCAVGLTYLFAHQKHESQTSLVMVILSGMIVSGLFLAGLTVIQYLSDPFKLQAIVQWTMGNLHQASWQKVQYAVLPICIGLAGLFAMRWRLNLMALGAEEAQAVGVNPRWEQLLLIALVTVCTSTSVAAAGIISLYGLFMPHIVRMLVGPDHRYSIPANMVLGGSFLLLIDNFSRVLLTFEIPIGIFTMLLGAPFFLLLMKTQRTHWA,85.5,210,110,39.091,43,67,70,0,0,63.64,33,/stor/work/Wilke/crisprtn7/reblast2/GCF_000722965.1_Acinetobacter_baumannii_Genome_sequencing_genomic.fna
NZ_JDSW01000020.1,0..35570,tniQ,12281..11229,lcl|12281|11229|1|-1,-1,tr|A0A2W1D0I8|A0A2W1D0I8_9PLEO,9.80e-09,tr|A0A2W1D0I8|A0A2W1D0I8_9PLEO tniQ Pectate lyase OS=Pyrenophora tritici-repentis OX=45151 GN=A1F97_07859 PE=3 SV=1,MTTEVLGYAALSSETPLVPFKFERRTPREDDVVIQIEYCGVCHSDLHQAKNDWGFSAYPLVPGHEIVGRVTSIGPKVTKYKVGDLVGIGCMVDSCRTCSACHSGLEQYCEEGNIQTYGGVDRHDQRPTYGGYSQSITCSQDFVLKVPENLDAQAVPPLLCAGITTWSPLRHWNVGKGSKVAVVGLGGLGHMAIKLANALGAEVTLFTRSANKEQDAKQLGAHHVVLSTDENQMKSVLNQFDLIVDTVPYNHDLKPYIPTLALNGTIVLVGYLGEISANSVPMILGRKSIAGSVIGGIKETQELLDFCGEHNIVSEVEMINMQNINEAFERMLKSDVKYRFVIDMKTLSED,53.9,128,275,25.091,69,146,113,10,60,41.09,75,/stor/work/Wilke/crisprtn7/reblast2/GCF_000722965.1_Acinetobacter_baumannii_Genome_sequencing_genomic.fna
NZ_JDSW01000020.1,0..35570,tnsA,31705..30974,lcl|31705|30974|2|-1,-1,UniRef50_A0A3M5N9X7,1.78e-05,UniRef50_A0A3M5N9X7 tnsA HTH gntR-type domain-containing protein n=380 Tax=Bacteria TaxID=2 RepID=A0A3M5N9X7_PSEAZ,MLDETAFKNFKLPRYEKVRWELQKLLIQSKWTVEEPIPSEQELAQMYSVSVGTVRKAVEGLVEDGLLVKQQGKGTFLKQPNFENSLIRFFRLRNKKGEFIQPQGQIKKVEVCDAIPEVNAELGLGHTDKLLYIERVRKHEDVVVLSERIWLPERLFKNLEEIPIAEFGNLLYPFYYQHCGQFVSSATERLTFEKNIKDSYLNNHLEDPLVKVCRIAKNLEGVAVEYRESYGLADNFHYEITIN,42.7,99,46,41.304,19,27,31,0,0,67.39,19,/stor/work/Wilke/crisprtn7/reblast2/GCF_000722965.1_Acinetobacter_baumannii_Genome_sequencing_genomic.fna
NZ_JDSW01000027.1,0..1277,tnsB,899..45,lcl|899|45|1|-1,-1,UniRef100_A0A0U2NXB5,6.77e-04,UniRef100_A0A0U2NXB5 tnsB Transposase n=4 Tax=Kocuria TaxID=57493 RepID=A0A0U2NXB5_9MICC,MKQKRYSFPITLMARLLHVSVSCFYDWLKRGVSKRTIQRNQQTILVKIAHEETRQSYGYIRLTKYLQAQGIKMSMYAVRQIKALNHLYCKRHKRFKRTTNSDHNRAIYENLLEQQFSMTRPNQAWSSDITYIWTVEGWLYLAAVKDLYTKQVVGYSLNERMTTQLVCNALNMAIHNQKPTKELIVHSDRGSQYCSHEYRNILEQYGFQGSMSKRGDCYDNAPIESFWGILKNELVHHYNYQTREEAKADIIKYIELFYNHRRIQKGLGFKTPNQMAEDFYKLAA,38.9,89,137,23.358,32,87,57,4,18,41.61,43,/stor/work/Wilke/crisprtn7/reblast2/GCF_000722965.1_Acinetobacter_baumannii_Genome_sequencing_genomic.fna
NZ_JDSW01000030.1,0..23596,tnsB,2880..3596,lcl|2880|3596|3|1,1,UniRef100_A0A0W0RF01,2.15e-06,UniRef100_A0A0W0RF01 tnsB Transposon Tn7 transposition protein TnsB n=1 Tax=Fluoribacter bozemanae TaxID=447 RepID=A0A0W0RF01_FLUBO,MRCMDELHMQYPFAGSRMMRDLLNRQGHHIGRRHTRTLMKKMGINALYCKPNLSQANQAHRKYPYLLKGLAIQRSNQVWSTDITYIPMAKGFVYLCAVIDWHSRKVLAHRVSISMEVTFCIETLNEAIEKYGRPEIFNTDQGSQFTSDAFIDVLKSNDIQISMDGKGRWVDNVMVERLWRSVKYEEVYLKAYSNVLDAKKQLNAYFEFYNLKRPHSSLDKMTPDEFYYDQLPQQNKVA,45.8,107,125,31.200,39,70,56,4,16,44.80,46,/stor/work/Wilke/crisprtn7/reblast2/GCF_000722965.1_Acinetobacter_baumannii_Genome_sequencing_genomic.fna
NZ_JDSW01000030.1,100286..177316,tniQ,120286..121329,lcl|120286|121329|1|1,1,tr|A0A2W1D0I8|A0A2W1D0I8_9PLEO,5.23e-05,tr|A0A2W1D0I8|A0A2W1D0I8_9PLEO tniQ Pectate lyase OS=Pyrenophora tritici-repentis OX=45151 GN=A1F97_07859 PE=3 SV=1,MIKLSTRGMMIMKAVAYQKAGPITLPEALVDIELDTPVTKGHDLLVRVQAVSVNPVDTKIRKNVSAEQSGWKVLGWDAVGTVEAIGDKVTQFKIGDVVWYAGALNRQGSNSELQLVDERIVAHKPKTLEVTEAAALPLTAITAWEMLFDRLQVPKTAPANTTILVIGGAGGVGSITIQLLKQLTNLTIIATASRPETKEWVEQLGADYVLNHRQPLAAQIKQLGLSAPLYVFSTTETDQHLSDIVELIAPQGHFGLIDDPDQLDIKPFKSKSVSVHWEFMFTRSMFQTEDMEKQSELLNEVSKLVDEGKIKTTVTQVLSPINAENLTRVHEQIESGSTKGKIVLHGF,42.4,98,125,26.400,33,83,58,4,9,46.40,36,/stor/work/Wilke/crisprtn7/reblast2/GCF_000722965.1_Acinetobacter_baumannii_Genome_sequencing_genomic.fna
NZ_JDSW01000030.1,100286..177316,tniQ,143995..144855,lcl|143995|144855|1|1,1,tr|A0A1N1MBJ4|A0A1N1MBJ4_9MYCO,1.43e-04,"tr|A0A1N1MBJ4|A0A1N1MBJ4_9MYCO tniQ Regulatory helix-turn-helix protein, lysR family OS=Mycobacteroides abscessus subsp. abscessus OX=1185650 GN=SAMEA2149858_03031 PE=4 SV=1",MNLAAFEAFVKVMETGSISVAADQLFITQPAVTKRIHSLEEYFGVKLFESAGRGVQATHAAHSLLPKVKSWLNELRDIHHTLSHEQTQIQGRLKIGTSHHIGLHHLPAPLKHFVQQFPQVTLDVHFVDSEQAHEQVLAGDLELAFLTLPPSGDERLNYITIWNDPLVFVAAPFHPLAQKKNLTLQDLIEYPSLLPAAQTYTAQITLAEFEKQGLKPKITMSNNPLESIRMLVSIGLGWSVLPKTLLNQDMQQLDLNVEMNRQLGMVWHPARTQSRAMQELIKMMQE,41.2,95,63,36.508,23,39,35,1,1,55.56,22,/stor/work/Wilke/crisprtn7/reblast2/GCF_000722965.1_Acinetobacter_baumannii_Genome_sequencing_genomic.fna
NZ_JDSW01000030.1,100286..177316,tniQ,154069..154968,lcl|154069|154968|1|1,1,tr|A0A1N1MBJ4|A0A1N1MBJ4_9MYCO,7.15e-04,"tr|A0A1N1MBJ4|A0A1N1MBJ4_9MYCO tniQ Regulatory helix-turn-helix protein, lysR family OS=Mycobacteroides abscessus subsp. abscessus OX=1185650 GN=SAMEA2149858_03031 PE=4 SV=1",MELRHLRYFITVAEELNFSKAALKLYTAQPSLSQQIKDLEEDVGVRLLNRTKRKVELTEEGEVFLEHARLTLAQADKAVAMARQVSKAKQQLLRIGFVPIAEMKIFPYVLPNLRLQHPDLTIELSSLNNAEQLKALKRGELDITFTRDNTENDEIQSQFVLTEPLIFLLPRNHPLAKYDRIPVKALHGIDFIIPAAEQSNTLHNTILEFTKTHGIDLNIVQKADSILLNINSIGSGLGCTILPAYVAPLGVSNTVVRPLDVELPSLDLFVSYRKNTESVGVKRFIDQLNKVFHLDKNLD,38.9,89,38,50.000,19,19,24,0,0,63.16,13,/stor/work/Wilke/crisprtn7/reblast2/GCF_000722965.1_Acinetobacter_baumannii_Genome_sequencing_genomic.fna
NZ_JDSW01000030.1,100286..177316,tnsA,157316..156621,lcl|157316|156621|3|-1,-1,UniRef50_A0A4R2JSM6,1.82e-05,UniRef50_A0A4R2JSM6 tnsA TnsA endonuclease-like protein n=1 Tax=Caldanaerobacter subterraneus TaxID=911092 RepID=A0A4R2JSM6_9THEO,MSRSIRLLNLLQQLRESRYPVTAQVLAERLGISIRSIYRDIDSLRAQGVRIDASAGLGFQLKEDILLPPVTFNENEAEALFLALEWLKDVPDHAMKSAAVSIYSKLYAVLPEHRKYLIDDMTLGVTHYWHPVDEALVEQVRLAIRKQVKIKVDYCDEHKRMSQRSLWPFALGYLHDKVVLAAWCELRQAFRHFRIDRIHNLQMSEEIYPEFKKHLFQRWWKQEMQRTTDKN,42.7,99,75,29.333,22,43,40,2,10,53.33,29,/stor/work/Wilke/crisprtn7/reblast2/GCF_000722965.1_Acinetobacter_baumannii_Genome_sequencing_genomic.fna
NZ_JDSW01000030.1,100286..177316,cas7,141948..141301,lcl|141948|141301|2|-1,-1,"gi|169831961|ref|YP_001717943.1|CAS-I-B|cas7|G7,CASCADE",3.37e-04,"gi|169831961|ref|YP_001717943.1|CAS-I-B|cas7|G7,CASCADE cas7",MKAYTVEQGIVAPLDRANVDTDLIIPKQFLKSIKRTGFGDNLFDEIRYLDEGYPGQDNSVRPKNPDFVLNQPRYQGATVLIARTNFGCGSSREHAPWALNEYGFRTVIAPSFADIFFNNCFKNGMLPVILPEDIVDQLFKECAAQEGYQLTIDLAAQEVRTPTGEAFKFEVDPFRKHCLLNGLDDIGLTLQNADAIRAYEEKTKQVRPWVFQEIN,39.7,91,58,32.759,19,39,32,0,0,55.17,27,/stor/work/Wilke/crisprtn7/reblast2/GCF_000722965.1_Acinetobacter_baumannii_Genome_sequencing_genomic.fna
NZ_JDSW01000030.1,100286..177316,cas1,143995..144855,lcl|143995|144855|1|1,1,gi|251788543|ref|YP_003003264.1|CAS-I-E|cas1|cas1,0.009,gi|251788543|ref|YP_003003264.1|CAS-I-E|cas1|cas1 cas1,MNLAAFEAFVKVMETGSISVAADQLFITQPAVTKRIHSLEEYFGVKLFESAGRGVQATHAAHSLLPKVKSWLNELRDIHHTLSHEQTQIQGRLKIGTSHHIGLHHLPAPLKHFVQQFPQVTLDVHFVDSEQAHEQVLAGDLELAFLTLPPSGDERLNYITIWNDPLVFVAAPFHPLAQKKNLTLQDLIEYPSLLPAAQTYTAQITLAEFEKQGLKPKITMSNNPLESIRMLVSIGLGWSVLPKTLLNQDMQQLDLNVEMNRQLGMVWHPARTQSRAMQELIKMMQE,35.8,81,89,30.337,27,55,39,3,7,43.82,29,/stor/work/Wilke/crisprtn7/reblast2/GCF_000722965.1_Acinetobacter_baumannii_Genome_sequencing_genomic.fna
NZ_JDSW01000031.1,3253..44113,tniQ,23253..24113,lcl|23253|24113|3|1,1,tr|J2XUK5|J2XUK5_9PSED,1.07e-04,tr|J2XUK5|J2XUK5_9PSED tniQ Uncharacterized protein OS=Pseudomonas sp. GM78 OX=1144337 GN=PMI35_03053 PE=4 SV=1,MQDIIAYFIQNLTALYIAVALVSLCIGSFLNVVIYRTPKMMEQDWQQECQMLLNPEQPIIDHEKLTLSKPASSCPACQQPIRWYQNIPVISWLMLRGKCGHCQHPISIRYPAIELLTMLCSLVVVMVFGPTIQMLFGLVLTWVLIALTFIDFDTQLLPDRFTLPLAALGLGINTFNIYTSPNSAIWGYLIGFLCLWIVYYLFKVITGKEGMGYGDFKLLAALGAWMGPLMLPLIVLLSSLLGAIIGIILLKLRNDNQPFAFGPYIAIAGWVAFLWGDQIMKIYLGG,40.8,94,182,26.374,48,103,71,8,31,39.01,59,/stor/work/Wilke/crisprtn7/reblast2/GCF_000722965.1_Acinetobacter_baumannii_Genome_sequencing_genomic.fna
NZ_JDSW01000032.1,0..1466,tnsB,51..560,lcl|51|560|3|1,1,UniRef100_A0A378PGP2,1.07e-04,UniRef100_A0A378PGP2 tnsB Transposon Tn7 transposition protein tnsB n=1 Tax=Legionella steigerwaltii TaxID=460 RepID=A0A378PGP2_9GAMM,MPIPKHSKELKLKVIQAYLDGSKGYKILSQEFNVDLQTIRLWIENYKAQGEDGLNVKTKKTYYSSEFKIKAVQMLLDKIPVREVRRRLNLSGTSILRRWLAQYHKEGIAGFNTTRIYTNMVKQDKTKITKPIKEDKDKSQQELIDEVTALRAEVAFLKKLKALKLKQRT,39.7,91,49,34.694,17,32,29,0,0,59.18,29,/stor/work/Wilke/crisprtn7/reblast2/GCF_000722965.1_Acinetobacter_baumannii_Genome_sequencing_genomic.fna
NZ_JDSW01000041.1,0..1465,tniQ,1409..858,lcl|1409|858|3|-1,-1,tr|Q1QNK7|Q1QNK7_NITHX,8.82e-04,tr|Q1QNK7|Q1QNK7_NITHX tniQ Uncharacterized protein OS=Nitrobacter hamburgensis (strain DSM 10229 / NCIMB 13809 / X14) OX=323097 GN=Nham_1366 PE=4 SV=1,MAKYSQEFKLEVVQYYLSGFGRHQVSHKFGIHHSDVAKWVANYNNHGAEGLSRKNTNTVYTPEFKFKVIQSVLEQGLSVREATNQFNLKSHTQLLSWLLQYEEHGIDGLKAKPKGRPKSVPKPKIKKVKNALNDRDKTQEQLLEELAYLRAENAYLKKRRALIQKQKEQEQAEQQRLQDSFLN,37.4,85,39,38.462,15,24,22,0,0,56.41,21,/stor/work/Wilke/crisprtn7/reblast2/GCF_000722965.1_Acinetobacter_baumannii_Genome_sequencing_genomic.fna
NZ_JDSW01000042.1,0..29594,tnsA,7138..9594,lcl|7138|9594|1|1,1,UniRef50_A0A2U3AGR1,0.001,UniRef50_A0A2U3AGR1 tnsA Tn7_Tnp_TnsA_N domain-containing protein n=1 Tax=Kurthia sibirica TaxID=202750 RepID=A0A2U3AGR1_9BACL,MQKVQFIYSSKNNDQLETIIYPDGLKEYFEHDEEGCLLKHIDTKGLVTEYKYNQVDLLEQRIDANRHSIAYQWDKQGRIQKLINQNQAEYLFGYNPYGYLIREQAFDGEEKHYSYNENGRLFQIHQPNILTEFDYYADGQIASKSFTHLHTGQKQTEQFDYNFNSQLSRVSNEVSQIDFYYNALGQLVREHQHYKIPELKPLTAVLHYEYDELGNLIKTIRPDGQTLNHLVYGSGHIYAIGLNNQEVASFQRDDLHRETTRLLANGLIQTKQYNDVGLLSSQLIQPEQETQDYLQYQAHRKYHYDKNYLLSQVEDSRLGKLNYQYDPIGRLIAAQSLHKIVSFSFDPTGNLIDSDSVLSPAQIKNNLIKSYKGKHYQYDAQGNMTEIIQAGKNLKLTWDNQNRLIRSDSNGLVTEYGYDVFGRRIYKKTSNELTLFGWDGDLMIWESAKSAQTSYTKHYIYEPDSFTPLLQAGYKDFIQLIETPDYQEYQTKPYSIYKDPVWNSNTLKKHADLEQITFYHCDQVGTPQTMTNTRGECVWEILQDTWGAVSQIKALNQDNPFEQNNLRFQGQYYDQETELHYNRYRYYEPHSARYVSKDPIGLEGGMNTSSYVIDPNQWIDPKGLNSFNGEMFGIPASAQSGLAYQGQRNYECYAETGELCKIKVPPLFDYVACSGGGLGIGVGFVKNQWTGEYYISGSKDSLLIPVAKSVVQNKQFSAKDLAGASCVGGNIHNIPSYTKTTMTMGEITNEFVSGASVTVGGGAYGAVANVVVPLVSKSSPVKGTWASELGVGTPGFNVGVSGTVSVDTILDAVKPSKK,40.0,92,46,41.304,19,26,30,1,1,65.22,6,/stor/work/Wilke/crisprtn7/reblast2/GCF_000722965.1_Acinetobacter_baumannii_Genome_sequencing_genomic.fna
NZ_JDSW01000042.1,0..29594,parE,13983..17228,lcl|13983|17228|3|1,1,WP_184996067.1,4.47e-06,WP_184996067.1 parE ATP-binding protein [Actinoplanes digitatis],MDNKKSNFIEDSRILAFWRDLEIFTIPSAPTSKDNNKFTKIITLRFGEKLPWEMVEYQPTLKDMYIHTVYIGVADQEELTKLVLRKIVSKELSDKERERISGTGWLASFNVNENGCLSADSYAPASYVYGTQALSQGEPLIDLNARLTRAKEEFAQRCHRLVQLKEDYRCSWKDLQSETDLIRSIFAHDEQIGLDWRVVVATKRLPRKKALEDIEQEVNYLNSFYLDDLDKMLKQSSLSQPFGQALSTYLGASIIHDKRIDILKNHEIMGKLVCAANLPIARWPNAPDRPLVLAQQAVVAHIENSLKNQDGILGVNGPPGTGKTTLLCDVIATVITDRAKRITALSTPEAIFKQPIQLMGRRFSPIVEELVRDSSIVVSSNNNNAVKNISQELPATSKLDKRYETDSLYFSEVISGVFDSQRVQDENQKTIPAWGLIAAALGNSTNRRSFARAFFKEDHIAENDEEESKNSFISMKQILEDAIPHISAYCRKWHTVKSELIELIEELEKKRSVLIKAEQASLVISECREKKEELSETITLKNEELNKHQDLYRQIQGQLQDQAILIQSKQHILGQIQISHGPRLWDRLCALFGYRTHRTKVYDKRISEATLSLQETTARYEKLINDKTSSHKIIKICEQELLKLNDELLVIRQKCDKLISDLQAVHALGVRHVIGPDFWKLSFEELHRTSVNTSEIIDDIRARIFIKSIQLHRLTILSNAKRFLSNLRMVGQMLSGNTKGLSLHDRPVIWDSLFFVVPVVSTTLASFSRLFAGMGQDSLGWLLIDEAGQATPQSAAGAIWRSKRAILIGDSLQVEPVFTLPDSVVEILRKQNDVDLSWSPVFESVQTIADRITPFGSWIDEGSGDNQSRIWTGMPLRTHRRCDDPMFSIANSIAYAGQMVQGRVDREGKPTPANIAYDIGVSTWMHVDSIDFAHPVNSEEFDVLIDSLRKLEEKRKTTINSSKIKIYVISPFRKVIQACKSSIEEAGIKGIECGTVHTFQGKEADIVFLVLGTAKDRTGEGARAWASSSPNLLNVAVTRAKSRLYVIGNVDTWSKMDYFSTLVNILPVKTVNVVNRSIELE,48.5,114,279,25.806,72,152,112,10,55,40.14,25,/stor/work/Wilke/crisprtn7/reblast2/GCF_000722965.1_Acinetobacter_baumannii_Genome_sequencing_genomic.fna
NZ_JDSW01000043.1,0..17299,tnsA,2017..1298,lcl|2017|1298|1|-1,-1,UniRef50_A0A3M5N9X7,7.39e-11,UniRef50_A0A3M5N9X7 tnsA HTH gntR-type domain-containing protein n=380 Tax=Bacteria TaxID=2 RepID=A0A3M5N9X7_PSEAZ,MSAYTIIFAPIAQATRSEQVVERLENAIISGLLKSNEQLPNEADLARLMGVSPITVREALNTLRVKGLIDTRRGRNGGSFVCELPSDLLLNQHPLRQASNEYLADLGEFHSAILSHSAYLAAQRTTEYELNKIKELIDQFEQAVEADTRAQLDLRCLLTLTSFAQSSRLANQELTIQAEWAPLIAVLYQDDDFHREVVKQYHHLLSSFIDNNENEAVIQARKIVSMLTDQMLRYKLSSE,58.2,139,136,32.353,44,82,65,3,10,47.79,54,/stor/work/Wilke/crisprtn7/reblast2/GCF_000722965.1_Acinetobacter_baumannii_Genome_sequencing_genomic.fna
NZ_JDSW01000044.1,0..24092,tnsA,3379..4092,lcl|3379|4092|1|1,1,UniRef50_A0A3M5N9X7,6.84e-30,UniRef50_A0A3M5N9X7 tnsA HTH gntR-type domain-containing protein n=380 Tax=Bacteria TaxID=2 RepID=A0A3M5N9X7_PSEAZ,MSSAIKPRSTKKLSQIIVEQLIEKIQSGEFKVGEKIPTELELIETFEVSRSVIREAITELRSLGFVETRHGIGTFVKEQTVEQNFLLSNASLETINDIISLLELRISLESEAVFLASERRKQIHIDKMKAALEDFERHISSDANDGTVKADYDFHIAIAEASENQYFVDFLKYLGEKIIPRARVKSIEQSPENREEYLKAVHHDHVNIYNAIVDQDGLLARQMMRAHLSKSIKKFKQ,109,273,220,30.455,67,149,115,3,4,52.27,93,/stor/work/Wilke/crisprtn7/reblast2/GCF_000722965.1_Acinetobacter_baumannii_Genome_sequencing_genomic.fna
NZ_JDSW01000044.1,0..24092,yciA,6331..5942,lcl|6331|5942|3|-1,-1,TNF17747.1,1.27e-11,TNF17747.1 yciA acyl-CoA thioester hydrolase YciA [Rhodobacteraceae bacterium],MDQKILEHLPPIHQHLGGHNIHWNDQNTELTIHYTALESFTNPRGTVEGGMICAMLDDVMGLFAFLANDRKPATTINLTMDFLKPCAVGEVITKCRFIKQGKTVLNLESEAWQNNKMIARSTANFLVLD,55.5,132,97,31.959,31,65,49,1,1,50.52,74,/stor/work/Wilke/crisprtn7/reblast2/GCF_000722965.1_Acinetobacter_baumannii_Genome_sequencing_genomic.fna
NZ_JDSW01000047.1,0..30129,tniQ,9182..10129,lcl|9182|10129|2|1,1,tr|L8PEK8|L8PEK8_STRVR,1.95e-04,tr|L8PEK8|L8PEK8_STRVR tniQ HTH lysR-type domain-containing protein OS=Streptomyces viridochromogenes Tue57 OX=1160705 GN=STVIR_4410 PE=4 SV=1,MRRSIPSIQGLICFESAAKHLSYTYAAQELCITQSAVSRQIQQLEDFLGVELFIRTRHGVELTIAGQQYFKSIKPYLLGLEKCTADVISHKGLGGTLKLGVVPTFATRWLLPKLHLLNQKHPEITVHLETSTKPFLFNDNIFDAAIFAGTQQQIDHWPGIQAHYLMDEEIVPVCSPRLIEKYFPNAVMINENTYDLSPEDLLKIPLLQQTTRPSIWQEWFLTHHMQHPKPFDGQRHELFSMLAVAASHDMGMALIPQMLIESELQKKELVIVSNKKLKGSRKYYLIHSSQDISPTIQKFVEWIYQELEQLKSNTN,40.8,94,93,30.108,28,52,43,2,13,46.24,29,/stor/work/Wilke/crisprtn7/reblast2/GCF_000722965.1_Acinetobacter_baumannii_Genome_sequencing_genomic.fna
NZ_JDSW01000047.1,0..30129,csx1,11773..12792,lcl|11773|12792|1|1,1,gi|218961159|ref|YP_001740934.1|CAS-III|csx1|CARF,5.55e-26,gi|218961159|ref|YP_001740934.1|CAS-III|csx1|CARF csx1,MQTDKKKSMITKTLPLTDIHRHLDGNIRIQTILELGQQYNLDLPAYDIESLRPHVQVMDNQPDLLSFLSKLDWGVKVLASLDACKRIAFENMQDAAQQGLDYVELRFSPGYMGMTHQLPLEGVVEAVIAGVKEGSQAYGVKANLIGIMSRTFGQEACEKELNALLAHKNDIKALDLAGDELGFPGNLFIDHFKKARDAGWHITVHAGEAAGPESIWQAIEELGAERIGHGVKAVQDLKLLDYLAKHQIGIESCLTSNIQTNTVPSLAEHPLKTFLEHGVLATINTDDPAVEGIEIQHEYLTAAPLAGLSPEQIYTAQENGLKIAFLSEQEKDELRQKYQ,107,267,281,29.893,84,173,129,6,24,45.91,78,/stor/work/Wilke/crisprtn7/reblast2/GCF_000722965.1_Acinetobacter_baumannii_Genome_sequencing_genomic.fna
NZ_JDSW01000047.1,0..30129,cas7,28828..28211,lcl|28828|28211|2|-1,-1,"gi|297543522|ref|YP_003675824.1|CAS-I-B|cas7|G7,CASCADE",6.79e-04,"gi|297543522|ref|YP_003675824.1|CAS-I-B|cas7|G7,CASCADE cas7",MEEHLLTQKLQQRLRFSTRIQEAQAAVLIAITNENNPKVLLTRRSIHMNNHAGEVSFPGGKRDPSDTSNIVVALREAQEETALNPFDVQLLGDLPMQRARSGLSVKPIVGLIPPEVTLIPQPTEIDRIFFVPLQQLIETRPTPYEVRYAHQSLYFPSLQIDNEIIWGLTARMLIALFKYGLGYQKEWPFLLNAPTFGMPKFSHKK,38.5,88,134,23.881,32,99,56,2,3,41.79,65,/stor/work/Wilke/crisprtn7/reblast2/GCF_000722965.1_Acinetobacter_baumannii_Genome_sequencing_genomic.fna
NZ_JDSW01000047.1,0..30129,rsmJ,26851..26060,lcl|26851|26060|2|-1,-1,WP_076753125.1,2.24e-148,WP_076753125.1 rsmJ class I SAM-dependent methyltransferase [Acinetobacter schindleri],MHIYFEVDFQEQAQHYQAVLHSRGVTVDLQPIEKLNARFLRLNPDLALCVDENGLWLSANGMKMQPDWKAEIPRLKRASLKSEMIARACQLGEKPVLVDATAGLGHDSLLMAYLGAQIQLVERHPILFTLLEDSKDQAQHDPFLSQFIDRIQLIFADSASYLQQLDQQAKTVDVVYLDPMFPQRDQNQQAIKKQAQVKKQMQLLHLLLPEDGEMDLGDHLLELAKKVAKRVIVKRPRHAIFLANQEPAHQWQGDACRFDAYFQ,413,1062,263,74.525,196,67,226,0,0,85.93,100,/stor/work/Wilke/crisprtn7/reblast2/GCF_000722965.1_Acinetobacter_baumannii_Genome_sequencing_genomic.fna
NZ_JDSW01000047.1,0..30129,rsmJ,27528..26863,lcl|27528|26863|3|-1,-1,PRD22402.1,1.84e-106,PRD22402.1 rsmJ rsmJ [Trichonephila clavipes],MKLLALETANEQCSISLIDETQELFFQLDTRAKAQTQTILPMIEQGLQQTGLNVAGLDAIAFSRGPGSFSGVRINAAVAQALAWSQDLPVVPVSTLQALAQAAYRLEGLEQVTAVLDARMNEVYIASFVLDERGIMQCIDEEKLMNYEQAAAYAKHCLIGSGAKLLQTDAEHQTITATAQDIASIALVYAAQKQWVDAEHALPVYLRDDAWKKIADQGKAN,319,818,230,70.435,162,53,186,2,15,80.87,98,/stor/work/Wilke/crisprtn7/reblast2/GCF_000722965.1_Acinetobacter_baumannii_Genome_sequencing_genomic.fna
NZ_JDSW01000049.1,0..17665,tnsA,5415..6077,lcl|5415|6077|3|1,1,UniRef50_A0A3M5N9X7,1.77e-06,UniRef50_A0A3M5N9X7 tnsA HTH gntR-type domain-containing protein n=380 Tax=Bacteria TaxID=2 RepID=A0A3M5N9X7_PSEAZ,MNLKIENPPVTLRELCLDKVRNAIITGYFPSGKRLVERTLCEELGVSRSVVREVIRYLEAEGLVEILPNKGPIVSLLNWDIASQIYEIRLLLEQSAVVDCTKNLDEKTAEKLKLLLEDLKAAFAADDINLIIATSTRLYETIFTTANHHIAWEVVQRLNGRISRLRAMTMKSTKREISGYQRIKNMCEAIYLHKDPEKAKQAVAEHIAEAAAVAKNILDA,45.4,106,140,29.286,41,76,63,4,23,45.00,54,/stor/work/Wilke/crisprtn7/reblast2/GCF_000722965.1_Acinetobacter_baumannii_Genome_sequencing_genomic.fna
NZ_JDSW01000049.1,0..17665,cas7,14906..15556,lcl|14906|15556|2|1,1,"gi|169831961|ref|YP_001717943.1|CAS-I-B|cas7|G7,CASCADE",3.53e-04,"gi|169831961|ref|YP_001717943.1|CAS-I-B|cas7|G7,CASCADE cas7",MKAYTVEQGIVAPLDRANVDTDLIIPKQFLKSIKRTGFGDNLFDELRYLDEGYPGQDNSVRPKNPDFVLNQPRYQGATVLIARTNFGCGSSREHAPWALNEYGFRTVIAPSFADIFFNNCFKNGMLPVILSEEIVDQLFKECATNDGYQLTIDLAAQEVRTPTGEAFKFEVDPFRKHCLLNGLDDIGLTLQNADAIRAYEEKTKQVRPWIFQELAK,39.7,91,58,32.759,19,39,32,0,0,55.17,27,/stor/work/Wilke/crisprtn7/reblast2/GCF_000722965.1_Acinetobacter_baumannii_Genome_sequencing_genomic.fna
NZ_JDSW01000052.1,5937..47982,tnsA,26626..25937,lcl|26626|25937|1|-1,-1,UniRef50_A0A2U3AGR1,4.20e-05,UniRef50_A0A2U3AGR1 tnsA Tn7_Tnp_TnsA_N domain-containing protein n=1 Tax=Kurthia sibirica TaxID=202750 RepID=A0A2U3AGR1_9BACL,MKYWRQIFIIHLRDHLGTPQEMTDHTGAIVWKAQYKAWGECKVKPAKSDFFENSETISNNIRFQGQYFDQETGLHYNRYRYYLPYVGHFISKDPIGLLGGDNVYAYAPNPVGWIDPLGLNSKSKNSEEEMIRVRHYTNRKDSNIIEKTQKIIAADNNRIYVELANRKPLSQVEAEDKCQIKRGKRRDYVEFDVQKNKTECIKNPRYHNEKLTIKGDVDNPCNLTIHRRK,41.6,96,69,42.029,29,29,38,3,11,55.07,27,/stor/work/Wilke/crisprtn7/reblast2/GCF_000722965.1_Acinetobacter_baumannii_Genome_sequencing_genomic.fna
NZ_JDSW01000052.1,5937..47982,tnsA,27982..27362,lcl|27982|27362|1|-1,-1,UniRef50_A0A2U3AGR1,7.31e-05,UniRef50_A0A2U3AGR1 tnsA Tn7_Tnp_TnsA_N domain-containing protein n=1 Tax=Kurthia sibirica TaxID=202750 RepID=A0A2U3AGR1_9BACL,MLQAVYLSPIELHQTPDWSDRPYNIHRDPLWKTEKQGKEFDDVWFYHCDHLGTPQEMTDHTGSIIWKAEYKAWGECKAEKAKSNFFENSEIISNNIRFQGQYFNEETGLHYNRYRYYSPYVGRFISKDPIGLLGGFNVYSYAPNPNNWVDPLGLSPKKDCNVPKREPEIVENFSSFEAARTRALQLIGPLVPGNEKTFVTLLKRNI,40.8,94,93,36.559,34,49,45,3,10,48.39,40,/stor/work/Wilke/crisprtn7/reblast2/GCF_000722965.1_Acinetobacter_baumannii_Genome_sequencing_genomic.fna
NZ_JDSW01000052.1,5937..47982,cas3,33104..32148,lcl|33104|32148|3|-1,-1,gi|117623063|ref|YP_851976.1|CAS-I-F|cas3f|cas3,2.82e-04,gi|117623063|ref|YP_851976.1|CAS-I-F|cas3f|cas3 cas3,MATLPSVPAKATKQPVTQRVTPQQLKKADDDVGKWFLGLLDGSGTGPSQIIVTAILGCVPVVGQLFDLRDLIKGIILVATNPANIMGWVDLVITLIGCISGFGDAFKAGFKLARSGANAERVFDAMRKYTKIDPKKALKEMDWNQLKNKCLSLLNKMIDEFVDVLDSWLAKQVMGRPKVNEVIRMLQQVKKDAPKYMNSAFAEIQKTVNQMLNMHPPLPSTAAAKTTRQVPPRQTTVAGRGKNSSQQPSSHQRGGAQQQVKDKAPTVQSSAANKTKRSQEIRQSKKSVGLRGCLLSILWITIQKKDEKLYVKLMIMDV,41.2,95,149,24.161,36,100,72,5,13,48.32,44,/stor/work/Wilke/crisprtn7/reblast2/GCF_000722965.1_Acinetobacter_baumannii_Genome_sequencing_genomic.fna
NZ_JDSW01000052.1,72914..110746,tniQ,93873..92914,lcl|93873|92914|2|-1,-1,tr|A0A1U1CDV8|A0A1U1CDV8_9MYCO,8.70e-05,"tr|A0A1U1CDV8|A0A1U1CDV8_9MYCO tniQ Regulatory helix-turn-helix protein, lysR family OS=Mycobacteroides abscessus subsp. massiliense OX=1962118 GN=SAMEA2275744_04177 PE=4 SV=1",MELRHLRYFVAVVEEQSFTKAAEKLFIAQPPLSRQIQNLESELGIQLFERGSRPLQTTPAGHFFYQHAVKLLSNAEEIKSMTKRIGLIERSMTIGFVGSLLYGLLPRIIYLFRQQQPHLNIQLMELSTTEQLQALKEGRIDVGFGRLRISDPAVRRILLRKERLVVAAHTSHPIAQRTEGVYLADLIDEKMFMYPTSPKPNFSTQLLNIFAEHSLVPKNMHEIREIQLALGLVAAGEGICIIPASADTIRFPHLNYIPILDNGAVSPIFITARAMDRSEDLQSLFDCIYQVYDLEGIPYQRTVFTLDQNPIDDSNGIDS,42.0,97,70,37.143,26,42,39,1,2,55.71,21,/stor/work/Wilke/crisprtn7/reblast2/GCF_000722965.1_Acinetobacter_baumannii_Genome_sequencing_genomic.fna
NZ_JDSW01000052.1,72914..110746,xre,82815..83486,lcl|82815|83486|3|1,1,tr|A0A5M8S2Q9|A0A5M8S2Q9_BACAT,1.80e-05,tr|A0A5M8S2Q9|A0A5M8S2Q9_BACAT xre XRE family transcriptional regulator OS=Bacillus atrophaeus OX=1452 GN=DX926_05700 PE=4 SV=1,MALKDRLKDSRIKAKKTQAEVAEAVKMSQPAYQALESGKNLKSAFLPLIAQFLGVDAYWLTTGNSEDSFRESDVFSPTVVNNDAADQYVWIEVVEASFSCGTGESIEFHFDAINGKIPFPASFFKEKRVAQECMRIIKAKGDSMTDYIKDGDLVGIDISQTEVIDGEIYAVYFAGEGMIKQIFKEADGSLILHSLNEKFRDRRVTEENGKNFKVMGRQFWRAG,32.7,73,72,31.944,23,44,38,3,5,52.78,32,/stor/work/Wilke/crisprtn7/reblast2/GCF_000722965.1_Acinetobacter_baumannii_Genome_sequencing_genomic.fna
NZ_JDSW01000053.1,0..32890,tnsA,18095..18901,lcl|18095|18901|2|1,1,UniRef50_A0A1C6RKQ5,2.03e-11,"UniRef50_A0A1C6RKQ5 tnsA Murein DD-endopeptidase MepM and murein hydrolase activator NlpD, contain LysM domain n=2 Tax=Micromonospora inyonensis TaxID=47866 RepID=A0A1C6RKQ5_9ACTN",MRLKHIILTTCLFSSTLAMAELPQDSRRPGGIAVIPLTSEITQVTFQHKPVLISQEGQQRYAVFGIPLSTPLGSVQLETNKAPIQIEVKSYPYAEQRLKVTNQDYVNPNQSQLDRYAQEAKEQNDVYSSFTQSSWQALPKFIRPTSGKFTNSFGRKRFFNGEERAPHSGLDIPAPIGQKVVAPADGVVVQTGHYFFNGQTVLIDHGQGLISMFCHLSEIKVEKGQHIRQGETLGLVGKTGRVTGPHLHWGMSLNNARVDPQLFLNTTH,61.6,148,135,31.111,42,66,63,4,27,46.67,40,/stor/work/Wilke/crisprtn7/reblast2/GCF_000722965.1_Acinetobacter_baumannii_Genome_sequencing_genomic.fna
NZ_JDSW01000053.1,0..32890,csx1,26139..24973,lcl|26139|24973|2|-1,-1,gi|33359545|ref|NP_578856.2|CAS-III|csx1|CARF,0.004,gi|33359545|ref|NP_578856.2|CAS-III|csx1|CARF csx1,MTISETWLLPDGVADVLPEQAQVIEKLRREAIDFLAVRGYQLVYTPFIEYIESLSSLSESNQDLDLVTFKVIDQLSGRLLGIRADMTPQVARIDAHVRPVEGVARYCYAGTVLHTKPQNFNATRAPLQLGAELYGHDSIEADVEMVDVMLGLIENAYTLQGAHLDLGHVGLFRSLVKYAGLSKNEEHELSDLYQRKALPELAEFTQNLNMGSDFYALGRYASDLDALQAHLSADILKDAEFDAALNALKTTLEQIKNRWPALNVGIDVVELRSYHYHTGLMYAVYAPNRAAPLAQGGRYDGIGEHFGRARPATGFSCDLYALGANQFAEIETVVAPKGTEADLLKAIANARSEGLRVVQLLGNDDLSSIPYATHQLVLQNGQWNIEKI,37.7,86,118,27.119,32,77,49,1,9,41.53,30,/stor/work/Wilke/crisprtn7/reblast2/GCF_000722965.1_Acinetobacter_baumannii_Genome_sequencing_genomic.fna
NZ_JDSW01000078.1,7291..82493,tnsA,28730..27291,lcl|28730|27291|3|-1,-1,UniRef50_A0A3M5N9X7,8.76e-05,UniRef50_A0A3M5N9X7 tnsA HTH gntR-type domain-containing protein n=380 Tax=Bacteria TaxID=2 RepID=A0A3M5N9X7_PSEAZ,MYKQTVQLEIISVNQTKTKIELVISQIEQQIKNRSLTPGTRLPSVRKLAKDLGFSVSTIVEAYERLIALGKIESRSGSGFYVVAPLAPLALSELGPKLDRSIDPLWISRQSLEAEPNAFKPGCGWLPNDWMPLESIRKALRSATRSEDDSLLGYSSPLGLSALRDLLARRAQSKGIEANLNQVLLTDSGTQAIDLVCRFLLKPDDIVLIDDPCYFNFHALLKVHQVKVVGIPYTPNGPDLEAFKEAIESYNPRLYITNSGIHNPTGATLSLSTAHQLLKLIDQSNLIVIEDDIFSDFEYTPAPRLAALDNLSRVIFIGSFSKTLSASIRCGYIIAKPEWIDQITDLKIATSFSHNGLSAKILHTALTDGSYRKHLDLLKVRLAQAMQETIAKLKSIGIEPWIEPKAGIFVWCRLPEGVDAAKIARFCLNRQVILAPGNAFSQAQSAGQFIRFNITQSNHDYIYKTLAEALLQESLEKQV,42.0,97,60,36.667,22,38,37,0,0,61.67,13,/stor/work/Wilke/crisprtn7/reblast2/GCF_000722965.1_Acinetobacter_baumannii_Genome_sequencing_genomic.fna
NZ_JDSW01000078.1,7291..82493,tniQ,62493..61957,lcl|62493|61957|2|-1,-1,tr|A0A417XIF4|A0A417XIF4_9CLOT,1.75e-09,tr|A0A417XIF4|A0A417XIF4_9CLOT tniQ GNAT family N-acetyltransferase OS=Clostridium sp. OF09-10 OX=2292309 GN=DXA91_00825 PE=4 SV=1,MIETERLILRQWKESDSEPFIKMGLDEDVMRFFPKLLSATESISLIQRISALIDENGWGFWAVELKETQEFIGFIGLHNQPEQFDFSPCIEIGWRIATEHWKKGYATEGAKAALDYAFNILNKDKVVSFTATVNKPSQAVMERLGMRKVKYFNHPKLPDEHALQKHVLYEIYHPKLEL,52.4,124,121,31.405,38,60,56,5,23,46.28,66,/stor/work/Wilke/crisprtn7/reblast2/GCF_000722965.1_Acinetobacter_baumannii_Genome_sequencing_genomic.fna
NZ_JDSW01000078.1,7291..82493,cas13b,35048..35539,lcl|35048|35539|2|1,1,EJP27887.1,0.008,EJP27887.1 cas13b hypothetical protein HMPREF1146_2324 [Prevotella sp. MSX73]|cas13b|CRISPR|Type6B,MLSIYLTDTQQHVQFNDYPSDQPVKFLLNLKKIFPSTGDLLLPVLPEDHDLENVTWESTSKDFEIFKKLLAGWGVIELRLNAITAYKDKNFANELIKQAQAKRKKVAQKNHQLSLVALDYIFMHEIHALIDAELFTIGEKFYLPTLREQWKGTVSDQVLNGKL,34.7,78,103,30.097,31,65,44,1,7,42.72,59,/stor/work/Wilke/crisprtn7/reblast2/GCF_000722965.1_Acinetobacter_baumannii_Genome_sequencing_genomic.fna
NZ_JDSW01000078.1,7291..82493,casR,77351..76887,lcl|77351|76887|3|-1,-1,gi|296242544|ref|YP_003650031.1|CAS-I|casR|CARF,0.001,gi|296242544|ref|YP_003650031.1|CAS-I|casR|CARF casR,MTKKYARFLPTTESFTLEDFPYYWITQVHAQYVQNIDNALKKYGLDNSRRRIMLALSSKPHASVSELSDMIISKMSTTTKIVYRLKDEGLVETYSCQSDGRITRVYLTERGTEMINKINDLTSVVLEQSFEGITPLQLEKMMESLKLLLKNLSR,36.2,82,108,29.630,32,62,51,4,14,47.22,68,/stor/work/Wilke/crisprtn7/reblast2/GCF_000722965.1_Acinetobacter_baumannii_Genome_sequencing_genomic.fna
NZ_JDSW01000078.1,7291..82493,parE,11639..11049,lcl|11639|11049|3|-1,-1,WP_184525831.1,1.63e-04,WP_184525831.1 parE nitrate- and nitrite sensing domain-containing protein [unclassified Variovorax],MPKLKIALIDDDHARADYIKNSLLENDFEVVACLTLDHLNIFRLEDLQADVILLDMDHPHRDIIESCVSSYDLPTVLFTKNSDKDTIKQAIDAGVTAYIVDGIDPARLHTILEISIEQYKKHKKLEGDLKEAQTKLADRKDVEKAKVLLMQLHGLPEDTAFQLLRKNAMSHRITIGEMARRLLDAQKLLNDQLKDE,39.3,90,80,31.250,25,55,47,0,0,58.75,41,/stor/work/Wilke/crisprtn7/reblast2/GCF_000722965.1_Acinetobacter_baumannii_Genome_sequencing_genomic.fna
NZ_JDSW01000078.1,7291..82493,glmS,42599..41148,lcl|42599|41148|3|-1,-1,WP_035343592.1,1.46e-96,WP_035343592.1 glmS two-component system response regulator GlrR [Dickeya],MRWVLEKTFKEEGFDVTNFEEAQTALERLHHDAPDVILTDIRMPGIDGLTFLSKVKNSHPDLPVIIMTAHSDLESAVSSYQTGAFEYLPKPFDIDEALALVNRAILHINKLQQQEATKTASPLQSTEIIGESPAMQEVFRAIGRLSQSHITVLINGESGTGKELVAHALHKHSPRRAKPFIALNMAAIPKDLIETELFGHEKGAFTGANTQHQGRFEQANGGTLFLDEIGDMPFETQTRLLRVLADGEFYRVGGHIPVKVDVRIVAATHQDLEKLVNEGRFREDLYHRLNVIRIHIPKLAHRSEDIPMLAQHFLARAGKELGVSPKILRTETTDYMQQLPWPGNVRQLENTCRWLTVMITGREVYPEDLPSELKQVPLQKSSETSQPAPSFERISLHHWDELLSQWAIQKLKNGEMKILDIATPMFERTLINAALQQTRGRKRHAAELLGWGRNTLTRKLKELGMDSADDDDEDEHKATLSEA,296,758,358,43.017,154,180,218,4,24,60.89,72,/stor/work/Wilke/crisprtn7/reblast2/GCF_000722965.1_Acinetobacter_baumannii_Genome_sequencing_genomic.fna
NZ_JDSW01000080.1,0..24801,tniQ,3214..4128,lcl|3214|4128|1|1,1,tr|B5GZK9|B5GZK9_STRCL,1.70e-05,tr|B5GZK9|B5GZK9_STRCL tniQ Uncharacterized protein OS=Streptomyces clavuligerus OX=1901 GN=SCLAV_p0400 PE=4 SV=1,MELRHLRYFVTVVEEQSLTKAAEKLFIAQPPLTRQIKKLEEELGIDLFEKGSRPLKVTEAGLFFYQHAVQILTHTAQAASMAKKMKLVENVVKVGYVSSLLYGRLPQVIYLFRQKNPDIHVELIECGTRDQVEALKLGKIDLGFGRLPISDPAIKRLLLRKEKLKLAIHKKHPLSDFQESGIYLSQIINETIFSYPTTPKPNFSTTIQALFTKLGLVPAKLTEVREIHMALGLVASGEGICIIPESACDIGMKNLTYLNILDLEAYSPISLSMRNMDQSSYVPKILDCIEEIYSEEEVSRNLNL,44.3,103,70,32.857,23,47,38,0,0,54.29,23,/stor/work/Wilke/crisprtn7/reblast2/GCF_000722965.1_Acinetobacter_baumannii_Genome_sequencing_genomic.fna
NZ_JDSW01000080.1,0..24801,tnsA,5788..5072,lcl|5788|5072|3|-1,-1,UniRef50_A0A3M5N9X7,1.44e-14,UniRef50_A0A3M5N9X7 tnsA HTH gntR-type domain-containing protein n=380 Tax=Bacteria TaxID=2 RepID=A0A3M5N9X7_PSEAZ,MSKADYKNPIPSKSQHALIVQQLGLKIVSGEISENEKLPSEVDLCEEYKVSRPVFREAIRVLNAKGLTYSRPKIGTVVRPKEEWHLLDPDVLFWLIQTTPEHEFFKTLSTVRRVLEPELAYIAASTANEEDIERIKQAYEGMEKATTVEEFIEPDIQFHLAIAKATHNDLLAYMSKMLVLPLQQSIQVTSLRPNLQGHSLPRHKAILTAIENKDPLSARHASLVQLDDTKMAYDLIKK,68.6,166,161,29.193,47,107,74,2,7,45.96,67,/stor/work/Wilke/crisprtn7/reblast2/GCF_000722965.1_Acinetobacter_baumannii_Genome_sequencing_genomic.fna
NZ_JDSW01000080.1,0..24801,tniQ,23645..24571,lcl|23645|24571|2|1,1,tr|A0A327UUJ5|A0A327UUJ5_9ACTN,5.90e-04,tr|A0A327UUJ5|A0A327UUJ5_9ACTN tniQ TniQ protein OS=Streptomyces sp. PsTaAH-130 OX=1305828 GN=K376_01223 PE=4 SV=1,MKTDLNDLYYFVKVVQHGGFASASREIDIPKSKLSRRILLLEERLGVRLINRNTRQFDVTELGREYYHQCQNMILGAEAAQQVIERNQAEPCGVIRVSCPPAWLYDHIADMISKFMRLYPQVNIHLEVTNKNIDLLNDGIDIALRIRFPPLEDSDQVMKIFAKNPQCIVGHCELVQQHGMPETPLDLCGYPSIGLGNSEQKSIWILYSRENGKIEKVIHTPRLIVNDMIGVRDAVLRGVGIAQLPFALIYKEIERGELINLMPNWELKNSIMHAVYPSRKGLLPSVRALLDFLSEEFETLINERPGFE,39.3,90,72,31.944,23,45,38,1,4,52.78,22,/stor/work/Wilke/crisprtn7/reblast2/GCF_000722965.1_Acinetobacter_baumannii_Genome_sequencing_genomic.fna
NZ_JDSW01000084.1,51270..119692,tniQ,71270..72151,lcl|71270|72151|2|1,1,tr|A0A498PN23|A0A498PN23_9MYCO,1.86e-05,tr|A0A498PN23|A0A498PN23_9MYCO tniQ HTH lysR-type domain-containing protein OS=Mycobacterium attenuatum OX=2341086 GN=LAUMK136_00063 PE=4 SV=1,MKVDWDHLQFFLVLARTKTLTNAARIIGVEHSTVARRIQALELALGTTLFKREATGYELTLEGMALVPRVEQMEQAFLQIEKPHQPLQGRVRIGTPEGFGTAFLARLLAEFSIQYPLLTIDLIPVPKMIKLSHREADIVVSIERPTSGPYIITRLSDYCLKIYGSQNYLAQNPPIRRLEDLTQHRFVNYIDDLVYSPELYCLERLPLKLNANFRSSSILAQQIAVSAGAGLAILPKFLADDKPELEEVLEQQVRFTHTFWMLTFVDLQHEPRIKLVWDYLRKQADKYQHLLVD,43.9,102,72,38.889,28,42,38,1,2,52.78,24,/stor/work/Wilke/crisprtn7/reblast2/GCF_000722965.1_Acinetobacter_baumannii_Genome_sequencing_genomic.fna
NZ_JDSW01000084.1,51270..119692,tnsA,93982..93272,lcl|93982|93272|2|-1,-1,UniRef50_A0A3M5N9X7,1.08e-04,UniRef50_A0A3M5N9X7 tnsA HTH gntR-type domain-containing protein n=380 Tax=Bacteria TaxID=2 RepID=A0A3M5N9X7_PSEAZ,MQDLTFAPEPLQSQGRTLTEHVFKQIQTAIVLGQIPAGSKISEPELARTYGISRGPLREAIHRLEGQRLVERTAHVGARVVSLSLQQFKELYQIRASLEGLACKLAAQHIDKKQILALRDVLRMHAEDENFKAGKGYYLQEGQDDFHYCIIKSSGNKTLEKMLCDELYHLIRMYRIQFSNTPDRPSKAWDEHIRILDAIAEGDGELAELLMHRHINASYKIIEQTLLQAQGEHNNG,40.0,92,226,21.239,48,154,94,5,24,41.59,88,/stor/work/Wilke/crisprtn7/reblast2/GCF_000722965.1_Acinetobacter_baumannii_Genome_sequencing_genomic.fna
NZ_JDSW01000084.1,51270..119692,tnsA,99692..98940,lcl|99692|98940|1|-1,-1,UniRef50_A0A3M5N9X7,1.35e-19,UniRef50_A0A3M5N9X7 tnsA HTH gntR-type domain-containing protein n=380 Tax=Bacteria TaxID=2 RepID=A0A3M5N9X7_PSEAZ,MRISDQVVMKLQALIEERHMKKGDRLPAERQLATSLGVSRPSLREAIQQLNSQGVLISRRGDGTYIQQLPEQWPQQLIVNPISNLIEEDPLYRFDVQEARLVLEGGTAWYAALRSTPEDRAKIHHYFNEISRHQNAGDSAQAAVADAEFHLAIAEASHNVVLIQMMRSLFDLLQYNVLLGRKKVYNDPVNGDLLSEQHFQVMDAIDRKDPEAARQAVCGHIEFVINHVRSLDEDEARQKRANRLNRVDSK,82.8,203,185,34.595,64,109,89,4,12,48.11,74,/stor/work/Wilke/crisprtn7/reblast2/GCF_000722965.1_Acinetobacter_baumannii_Genome_sequencing_genomic.fna
NZ_JDSW01000084.1,51270..119692,casR,78508..78975,lcl|78508|78975|1|1,1,gi|15668555|ref|NP_247353.1|CAS-I|casR|CARF,0.003,gi|15668555|ref|NP_247353.1|CAS-I|casR|CARF casR,MRPLDRIDRMILDILQREGRIAISELASRVNLSTTPCSERVKRLERDGIIMGYYARLNPAYVDRNLLVFLEIKLSAKSGDVFDQVARDLVEIPEVLECHLISGEFDYLVKARLKEMSAYRRLLGDLLKKLPASASSHSYVVMEEVKETLYLDVSK,35.4,80,47,31.915,15,32,31,0,0,65.96,30,/stor/work/Wilke/crisprtn7/reblast2/GCF_000722965.1_Acinetobacter_baumannii_Genome_sequencing_genomic.fna
NZ_JDSW01000084.1,51270..119692,guaC,98943..97792,lcl|98943|97792|3|-1,-1,WP_058461449.1,1.51e-04,WP_058461449.1 guaC guanosine monophosphate reductase [Legionella adelaidensis],MIISSGNDYRAAAQRRLPPFLFHYIDGGAYAEYTLKRNVQDLSEIALRQRVLNDMSALSLETKLFNETLSMPVALAPVGLTGMYARRGEVQAAMAADKKGIPFTLSTVSVCPIEEVAPAINRPMWFQLYVLRDRGFMRNALERAKAAGCSTLVFTVDMPVPGARYRDAHSGMSGPNAAMRRYMQSVFHPHWSWNVGLMGRPHDLGNISKYLGKPTGLEDYIGWLGSNFDPSISWKDLEWIREFWDGPMVIKGILDPEDAKDAVRFGADGIVVSNHGGRQLDGVMSSARALPAIADAVKGDLAILADSGIRNGLDVVRMLALGADTVLLGRAFVYALAAAGGQGVSNLLDLIDKEMRVAMTLTGAKSISDINADCLVQAIKQGL,40.8,94,40,47.500,19,21,26,0,0,65.00,10,/stor/work/Wilke/crisprtn7/reblast2/GCF_000722965.1_Acinetobacter_baumannii_Genome_sequencing_genomic.fna
NZ_JDSW01000095.1,14476..97145,tniQ,35381..34476,lcl|35381|34476|1|-1,-1,tr|A0A6C1BUQ8|A0A6C1BUQ8_9ACTN,4.96e-04,tr|A0A6C1BUQ8|A0A6C1BUQ8_9ACTN tniQ LysR family transcriptional regulator OS=Streptomyces albus OX=1888 GN=G3260_000050 PE=4 SV=1,MLSLKSLQCFVTLVKTKSFTRTAEELYLTQPTISKILQQLEEQLQVQLLVKPDHGRKRQIELTEIGERIYQHAVELLQAEQNIFLEIENYQQLKTGTLKLGVPPLGSQLLTTALFDFHRQWPDIELAFMEVGSRGIEQALLNNELDVGVLLQPFDEQTFNSIELCNYPLMVLLRRDATWATRKKINLEELQHQSFLMFPENFSLNSIILDACKQHGFYPTIACRTSQWHLLADMVLQRMGIALLPQYYTDMLDPTLFAAVPLEKPNIQWHLVMAWKKNLPVSPAVQAWLSIVRQHFQHIKP,39.7,91,73,31.507,23,47,42,2,3,57.53,24,/stor/work/Wilke/crisprtn7/reblast2/GCF_000722965.1_Acinetobacter_baumannii_Genome_sequencing_genomic.fna
NZ_JDSW01000095.1,14476..97145,tnsA,38124..36634,lcl|38124|36634|3|-1,-1,UniRef50_A0A3M5N9X7,6.74e-06,UniRef50_A0A3M5N9X7 tnsA HTH gntR-type domain-containing protein n=380 Tax=Bacteria TaxID=2 RepID=A0A3M5N9X7_PSEAZ,MARMAKVVELPSIAKIDKSQGKISAQLTQALREAVQSGDLQPGDPLPSSRELAQTLGVARGTIIEAYDQLLAEGVFDSQARTGTYVSHALAKKTTPQHSQKETTPSVIPLTKSALSYAQVLKEFKPLPHAPFAVSVPIARTQPSDIWRKFGNKFRSRGAGVPSGYGEPQGVLSLRIAIADYVRRSRSVHCEPEQIVITPGIQQSLYICSQILFEAKDEVWVEDPAYRGTTAIFEHTVQNIRMVRVPVDEEGIQVETGIKLSKQARAAFVTPSHQYPLGMPMSLARRTALLAWAKQQNAWIIEDDYDSELRYNGQPFPSLQGMAPDQVIYLGTFSKVLFPSLRLGYAVLPKELVAPFCGLRVLIDRHPPAADQHVLAAFIQEGYLERHIRRTRNVYAEVREYIIGLIEKYIPQEFAWLQPGDQGMHMVLWLAQHINDIDVASSAVDAGIAIKAISPTFSKERRRSGLIVGLGDFEPELMQQAIKKLSKIIQQQAKSM,45.4,106,59,37.288,22,37,37,0,0,62.71,12,/stor/work/Wilke/crisprtn7/reblast2/GCF_000722965.1_Acinetobacter_baumannii_Genome_sequencing_genomic.fna
NZ_JDSW01000095.1,14476..97145,tniQ,41576..42490,lcl|41576|42490|2|1,1,tr|A0A0W7WYX0|A0A0W7WYX0_9ACTN,1.44e-05,tr|A0A0W7WYX0|A0A0W7WYX0_9ACTN tniQ HTH lysR-type domain-containing protein OS=Streptomyces silvensis OX=1765722 GN=AT728_13705 PE=4 SV=1,MNSPVYLNALRAFEASARHKSFSAAAKELNVTPAAVGQLVRTLEDWLGFPLFHRQTNGKNRLVATELAESVLPDIRAGFDKLTLALEKLKQDSLSGVLNIAVSPAFAEKWLLPRIDHFQKQYPDIDIRLDINLKTVDFLEQKVDVGVRYGQGQWQGLEAVKLMDEEVYPVCSPAFLNEHSSLLTPNDLKNITLIHDLSMEKHQQFPRWQSWLKSVGVDNINIRRGMQINSSSAVLQAAMEGHGVALARSVMAQKDIQTGRLVRLFPQIHLSSSFSYYLVYRPEYANLPKVKICLDWFFEEIHRI,44.3,103,67,43.284,29,37,38,1,1,56.72,22,/stor/work/Wilke/crisprtn7/reblast2/GCF_000722965.1_Acinetobacter_baumannii_Genome_sequencing_genomic.fna
NZ_JDSW01000095.1,14476..97145,tnsA,69145..69894,lcl|69145|69894|1|1,1,UniRef50_A0A3M5N9X7,2.83e-05,UniRef50_A0A3M5N9X7 tnsA HTH gntR-type domain-containing protein n=380 Tax=Bacteria TaxID=2 RepID=A0A3M5N9X7_PSEAZ,MEKSMSSNAPKKAVEMSNDEIDDHIYNAIVDAILNRQLAPGARLVEAPLCEAFGVTRGVLRRVFVKLAHDKVIEIQPNRGALIAKHSTNETKEVFEARSMLEIATVKKLAQKSHRLDLSELRSLVDQESHERLAGNWAEWIKLSGQFHLKLIEANQNTIMTSYLQTLIARTSLLIGLYEIPKHNNCSADEHRAILDAIEQGDEKRATQLMEEHLEHYATTFIEENSTVSAEQNLLNLFKNKKIETTQTN,42.0,97,215,24.651,53,140,88,5,22,40.93,78,/stor/work/Wilke/crisprtn7/reblast2/GCF_000722965.1_Acinetobacter_baumannii_Genome_sequencing_genomic.fna
NZ_JDSW01000095.1,14476..97145,tniQ,77145..76243,lcl|77145|76243|3|-1,-1,tr|A0A1I4XMQ4|A0A1I4XMQ4_9PSEU,5.09e-04,"tr|A0A1I4XMQ4|A0A1I4XMQ4_9PSEU tniQ Regulatory helix-turn-helix protein, lysR family OS=Saccharopolyspora antimicrobica OX=455193 GN=SAMN05421805_103510 PE=4 SV=1",MLDLYKLHAFVVVVEERNITHAANRLFIQQPPLTRLLKKLEQELGTQLLIRQPRGIEPTEAGLALFKEAQLLLEHARHIPQLVQDVSQGKTGQLNIGFTSSAGLHPLISLVLRSYREMYPAVQTKLEEAGSQKQLDWLISEKLDIAFLRAPISRDIGLKHLHILDEPMVVALPIGHPLTRKKKISLSNLSEENFVLYRRSSGQGLYDNILYSCYQAGFSPRIIQEAPRPTATLNLVAAGIGISIVPASMHNFWDHEIVYREFDDSIKLNAPIYLITRENENSAKVSNFIELMQKLLPTMT,39.7,91,50,42.000,21,29,27,0,0,54.00,17,/stor/work/Wilke/crisprtn7/reblast2/GCF_000722965.1_Acinetobacter_baumannii_Genome_sequencing_genomic.fna
NZ_JDSW01000095.1,14476..97145,cas10,31752..31015,lcl|31752|31015|3|-1,-1,"gi|15679093|ref|NP_276210.1|CAS-III|cas10|LS,CASCADE",0.005,"gi|15679093|ref|NP_276210.1|CAS-III|cas10|LS,CASCADE cas10",MNISRKTALVTGASRGIGRAIAERLAQDGFYVIVNYAGNKAHAQATVEHIIEQGGQASAIQADVANEHEVSRLFQEAKAINGRLDVVVHSAGIMPMAKITPESLPDFDKVIHTNLRGAFLILAHAAETVPDGGRIIALSTSVIAKSFPAYGPYIASKAGVEGLVHVLANELRGRNITVNAVAPGPTGTDLFYNGKTEEQVAAIAKLAPLERIGTPDEIAGVVAMLAGPDGRWVNSQVIRVNGGFA,37.0,84,138,23.913,33,101,63,3,4,45.65,56,/stor/work/Wilke/crisprtn7/reblast2/GCF_000722965.1_Acinetobacter_baumannii_Genome_sequencing_genomic.fna
NZ_JDSW01000095.1,14476..97145,c2c9,40706..39519,lcl|40706|39519|1|-1,-1,LSJT01000146.1,4.86e-04,"LSJT01000146.1 c2c9 Dermacoccus sp. CCH2-D9 CCH2-D9_contig146, whole genome shotgun sequence|c2c9|CRISPR|TypeVU4",MLQNTMHRQVLILASSQSLFQTVSVMVMTIGGLAGANIANTPTLSTLPIASMFLGTALMMFPASILMAHIGRRNGFLFGAFLGVLGGIIASIGIFYSSLSLLALGTLCVGAYQSFAQFYRFAASEVANDAFRSRAISWVMAGGIVAALIGPTLARFGGPLFQHLEYIGSFLIISIISLVAIGILSNLHIADTVEQKSNFTAGRPWQQIVFQPTYLVALFGAITGYGIMILGMTATPIAMRHSHHELGSITTVIQLHVLGMFLPSFFTGNLIARFGVLKIMFAGLLLFACYIGFALSGIQFTSFAISLILLGVGWNFLFIGSTSLLTGTYSVAEKAKAQAINDMTVFVVGLICSFSAGALLDLFGWKAMNIALIPWLVIAAASLFWLSQKREKQFV,40.4,93,46,39.130,18,28,27,0,0,58.70,12,/stor/work/Wilke/crisprtn7/reblast2/GCF_000722965.1_Acinetobacter_baumannii_Genome_sequencing_genomic.fna
NZ_JDSW01000095.1,14476..97145,casR,74690..75019,lcl|74690|75019|2|1,1,gi|385805106|ref|YP_005841504.1|CAS-I|casR|CARF,1.49e-04,gi|385805106|ref|YP_005841504.1|CAS-I|casR|CARF casR,MINQVDFFKCLSDQTRLNILKLVLNKQNICVCELTEQLELSQPKISRHLALLRTHGVLLDERKGQWVYYSLNPDLPVWALDILKVIENDESGTNVKQQDQPFITTTCCD,38.1,87,67,29.851,20,43,37,1,4,55.22,61,/stor/work/Wilke/crisprtn7/reblast2/GCF_000722965.1_Acinetobacter_baumannii_Genome_sequencing_genomic.fna
NZ_JDSW01000095.1,14476..97145,glmS,14774..18247,lcl|14774|18247|2|1,1,WP_035343592.1,6.17e-04,WP_035343592.1 glmS two-component system response regulator GlrR [Dickeya],MPNMSVMPDSSRPQQAPQRVIKTRREYNIWVADESIEDYALRYAPTSVRKWSPWTVTNTAISTVSFLAMEAIGATMLWQYGFSNAVWAAIVVCTIIFLTSWPISYYAAKYNVDVDLLTRGAGFGYIGSTITSLIYASFTFILLAFEAAIMAMALDLALGIPQVIGYLISALVILPLVVKGIGFINKVQAITQPIWLLLLLLPWFFVLWKQPQILSSSLHFVGAVSNSTDFNLYYFGAACTLIFSFVIQIGEQADYLRFLPQKEQNRTAWRFAVFLGGPSWIIFGFLKVLMGMLLMVLAFQLFIPVSELDNPTYLYWVAYQQFIPNPQLALILTLALVCLAQIKINMTNAYAGSLAWSNFFARLTHSHPGRIVWLLFNVFIAIVLMEMGISHAVERILGLYSNIALAWIGAVVADLIICKPLGLSPKEIEFRRAYLYDINPVGVGALLIASVLSMLSYLGFFGLMAKGLASFIALGSAVLCVPIIAYLTKGKYYIARQPEKIQATSVANCVVCERDYELADMAGCPAYNGTICSLCCSLEARCHDLCKPDARWSVQLKKAIWHYLPERWASRLNSRVSLYLLLTLGLSIVLAVSLSLVYIQEKTYLETINAAAVPQLFTLFVKIYTILFLLMSVAAWWLVLNDESRRNAEIETHQQTALLIDEIAAHEVTSKDLQDARIAAERANDAKSRYVIGISHELRTPLNSILGYSQLLQKQEQLSEQGKMALGVISRSGQHLTSLIDGLLDLARIETGKISLNVVDVHFPNFIEQIIQMFQTQFEQKNLQFVYEIGENLPHYVRTDKKRLEQVLINLLGNALKFTTSGTITLKVEYRFQTAYFEIRDTGCGIAEADLERIFNPFERGSNVVQGGFTGTGLGLPIVKLLVDLLGGQLSVTSQLNQGSQFKIKFYLPSKEVVHPISNVYSNQITGYQGERKRILVVDNEAVDRGLVANFLKPLGFMIEEAESGIDCLRRVPIFQPNLILMDLNMPLMGGWETARLLRQNNITNVPILIISANAGEREVNPQDAVLSEDFMLKPIDLNLLLSKIGDKLGLVWIDSKSETLLENNEVQTLDLNIYKQEQAAVHTPVKQLENNDLLDLPQSLQQLNDLIGQGYIRGIQQTLMQCRQNFPEHNELWEQLEQAIQKFDLKHAQRLIQDKQ,41.2,95,119,29.412,35,79,58,3,5,48.74,10,/stor/work/Wilke/crisprtn7/reblast2/GCF_000722965.1_Acinetobacter_baumannii_Genome_sequencing_genomic.fna
NZ_JDSW01000095.1,14476..97145,glmS,18244..19209,lcl|18244|19209|1|1,1,WP_035343592.1,2.58e-07,WP_035343592.1 glmS two-component system response regulator GlrR [Dickeya],MSTQHVSFQQASPNEQAVILIVDDVPENLGLLHESLDQAGYRVLVTTDGLSAIEIAHRCLPDMILLDGNMPHMDGFESCIQLKASPITQFIPVIFMTGLSETEHIVRGFQVGGVDYVTKPLNIEEVLARVKTHLAHAKLLQQQKQVIDATETAILALDVHGKIVWKTQKASDLLNQYLPELEGFEAGLKAWFSDLEHEKDPKKLTSCSYSTPSQQLQLLLLTPWETEPSVAKNYLIQIKIKTTTPALEMADILKYCPQLTQREAEVMHWLLLGKTNKDIAEILELSPRTVNKHLEHVFEKLCVENRTAAVAHINSLVQEFH,49.3,116,109,30.275,33,74,52,1,2,47.71,34,/stor/work/Wilke/crisprtn7/reblast2/GCF_000722965.1_Acinetobacter_baumannii_Genome_sequencing_genomic.fna
NZ_JDSW01000095.1,14476..97145,glmS,74690..75019,lcl|74690|75019|2|1,1,KIH80784.1,4.35e-04,"KIH80784.1 glmS Transcriptional regulator of glmS gene, DeoR family [Pseudomonas batumici]",MINQVDFFKCLSDQTRLNILKLVLNKQNICVCELTEQLELSQPKISRHLALLRTHGVLLDERKGQWVYYSLNPDLPVWALDILKVIENDESGTNVKQQDQPFITTTCCD,35.8,81,51,35.294,18,33,29,0,0,56.86,47,/stor/work/Wilke/crisprtn7/reblast2/GCF_000722965.1_Acinetobacter_baumannii_Genome_sequencing_genomic.fna
NZ_JDSW01000095.1,106953..152557,tniQ,127852..126953,lcl|127852|126953|2|-1,-1,tr|A0A2R4JX03|A0A2R4JX03_9ACTN,1.71e-04,tr|A0A2R4JX03|A0A2R4JX03_9ACTN tniQ LysR family transcriptional regulator OS=Streptomyces sp. P3 OX=2135430 GN=C6376_37020 PE=4 SV=1,MNFNSENIELFLTVLDTGSFSAAARKLNRVPSAVSMTIANIEAELGYHLFERTHRKVIPTAAALALEPQARIIAEQLRLLATHAYELSLGLESKLKIGVVSDANTELLFKAIKQLAEKFPLLNLEIITAPQDDILNLLYTENISLCLAGSNLNIKMRESLQLVMTETVIATISAHHPFLKEQNKLNTIEELINIRQIVVASSELDMEDSRSIIGAMYWKTNSLQTAINMVEAGLGWGNFPLSLVKEKIEQGHLVQLDFKNTKNHLPLSIYLIWLQDKPLSKAARELVQIVQANLSQTCH,40.8,94,67,35.821,24,39,33,1,4,49.25,22,/stor/work/Wilke/crisprtn7/reblast2/GCF_000722965.1_Acinetobacter_baumannii_Genome_sequencing_genomic.fna
NZ_JDSW01000095.1,106953..152557,tniQ,131706..132557,lcl|131706|132557|3|1,1,tr|A0A498PN23|A0A498PN23_9MYCO,9.03e-05,tr|A0A498PN23|A0A498PN23_9MYCO tniQ HTH lysR-type domain-containing protein OS=Mycobacterium attenuatum OX=2341086 GN=LAUMK136_00063 PE=4 SV=1,MIDWENLHYFSVFSEEKTLSAAARKLGVDHATVARRIAQLEDNLKLKLVDRRPRTYILTSEGERLAKIVTRMMEETFSIERLAQAGQQEISGVVSVSLPPATAAHLVMPHLGKFYRQYPELQLRILGDVHYASLQHREADIAVRFGRPKDDYLIARKAGEVPFGIYAAQEYLDAIQEENYEWISVEVGGVQGQKQQKLKQRLNYKEPVMVTNHPELQWRATCGAVGLAVLPDFLGQQGHLVKLPDDDPMSAEIWLVIHEDLRSSPAVRVVMDFLLDCFESFRV,41.6,96,77,33.766,26,49,39,1,2,50.65,27,/stor/work/Wilke/crisprtn7/reblast2/GCF_000722965.1_Acinetobacter_baumannii_Genome_sequencing_genomic.fna
NZ_JDSW01000095.1,106953..152557,cas1,122819..122274,lcl|122819|122274|1|-1,-1,gi|125974782|ref|YP_001038692.1|CAS-I-B|cas1|cas1,0.010,gi|125974782|ref|YP_001038692.1|CAS-I-B|cas1|cas1 cas1,MKKFLGNSIFKAVGWTYDADPTILEKKQVIIGFEHTSNLDAILSIALFQILDLKIHTLIKKELFKGPMKPVLEKLGGIPVDRKASKDIVSQMVEKFQSSDTFNLVIAPEATRAKDGSERKPIRTGFWHIAKAANVPIVLMYANARTKKGGILGKIYPTDLQKDLETIKELYAQYDIDVKIN,34.7,78,107,31.776,34,58,55,6,15,51.40,56,/stor/work/Wilke/crisprtn7/reblast2/GCF_000722965.1_Acinetobacter_baumannii_Genome_sequencing_genomic.fna
NZ_JDSW01000095.1,106953..152557,cas8b,145683..146276,lcl|145683|146276|3|1,1,"gi|20809007|ref|NP_624178.1|CAS-I-B|cas8b1|LS,CASCADE",0.006,"gi|20809007|ref|NP_624178.1|CAS-I-B|cas8b1|LS,CASCADE cas8b",MDDINIRIAHRIRELRLARGYTLDVLAARCQVSRSAISLIERGEKSPTAVVLEKLANGLEVPLTQIFTNEAGNSSSQPLIRRNEQAEWRDPETGYIRRTVSPPNLKLPFQIVEIEFPPHSRITYETNESSRVVQQQLWVVEGKIEIQLGETSYALGQGDCLAMQLDQPVIYSNHSAQVARYILVVSNQLVPALKESL,35.8,81,95,23.158,22,60,40,2,13,42.11,42,/stor/work/Wilke/crisprtn7/reblast2/GCF_000722965.1_Acinetobacter_baumannii_Genome_sequencing_genomic.fna
NZ_JDSW01000095.1,106953..152557,xre,145683..146276,lcl|145683|146276|3|1,1,tr|E0U1Q9|E0U1Q9_BACPZ,1.28e-06,tr|E0U1Q9|E0U1Q9_BACPZ xre Phage PBSZ transcriptional regulator OS=Bacillus subtilis subsp. spizizenii (strain ATCC 23059 / NRRL B-14472 / W23) OX=655816 GN=zre PE=4 SV=1,MDDINIRIAHRIRELRLARGYTLDVLAARCQVSRSAISLIERGEKSPTAVVLEKLANGLEVPLTQIFTNEAGNSSSQPLIRRNEQAEWRDPETGYIRRTVSPPNLKLPFQIVEIEFPPHSRITYETNESSRVVQQQLWVVEGKIEIQLGETSYALGQGDCLAMQLDQPVIYSNHSAQVARYILVVSNQLVPALKESL,35.8,81,83,28.916,24,57,37,1,2,44.58,42,/stor/work/Wilke/crisprtn7/reblast2/GCF_000722965.1_Acinetobacter_baumannii_Genome_sequencing_genomic.fna
NZ_JDSW01000095.1,335291..411068,tniQ,355291..356187,lcl|355291|356187|1|1,1,tr|A0A5C7P1D4|A0A5C7P1D4_9ACTN,2.58e-04,tr|A0A5C7P1D4|A0A5C7P1D4_9ACTN tniQ LysR family transcriptional regulator OS=Actinobacteria bacterium OX=1883427 GN=E6Q90_12735 PE=4 SV=1,MNLEVRWVEDLLTLERERSISKAAEKRFISQSAFTRRIQQIEEMIGAEVIIRNNKNNIEFTDIGRILLVMSKNIEKQVEETAKLIKNIKNETESTIRFCVVHSLASGFLTTFLKKFPTLIRDLKIEIVATNSGEGLSLLKEGACDFMICYADKSNIRKVGDDILSGIKIAETVIVPVSATEPDHSPKHTIQSNFALLAYSKHAYLRKLVDQLIEGKLIYKTLYETDNATNLKELVLQGLGVAWIPKINVEEDLAAGKLVILDQQEYCLAQDIYIFKNNLSDNKSVQKIWNGFKGQQDL,40.4,93,69,33.333,23,43,40,2,3,57.97,22,/stor/work/Wilke/crisprtn7/reblast2/GCF_000722965.1_Acinetobacter_baumannii_Genome_sequencing_genomic.fna
NZ_JDSW01000095.1,335291..411068,tniQ,362618..361737,lcl|362618|361737|1|-1,-1,tr|A0A650GD97|A0A650GD97_9MYCO,1.10e-04,tr|A0A650GD97|A0A650GD97_9MYCO tniQ HTH lysR-type domain-containing protein OS=Mycolicibacterium sp. OX=2320850 GN=ICEMyc226_00245 PE=4 SV=1,MTLKQLKAFLALARTLNYANASLELHLSQSALSLTIKSLEEELGGKLFNRNTRRVELTQEGKSLIPYAKKLLANWDEMENDVKQRFKLNRGTLSIASMPFVTHAILPEVIHQFLAVHPNLNFSIHDIPNETIIEKVQDGIFELGICFEPDLTEGLEFKPLFEEDFLALLPKSHPLAQSSSITWHELCSNPFVTLQKPSIVRYLVEQNCLRNNITLDLKVECHQISSLSSFVAYGIGVSAIPRHFAKHIDKEHNVLIDLKDEAIHKTVGIVYKKNFEISNISAQFIEALVQYKF,41.6,96,60,36.667,22,36,37,1,2,61.67,20,/stor/work/Wilke/crisprtn7/reblast2/GCF_000722965.1_Acinetobacter_baumannii_Genome_sequencing_genomic.fna
NZ_JDSW01000095.1,335291..411068,tniQ,402075..403184,lcl|402075|403184|3|1,1,tr|A0A2W1D0I8|A0A2W1D0I8_9PLEO,7.15e-09,tr|A0A2W1D0I8|A0A2W1D0I8_9PLEO tniQ Pectate lyase OS=Pyrenophora tritici-repentis OX=45151 GN=A1F97_07859 PE=3 SV=1,MKSRAAVAFAPGKPLEIVEVDVAPPKAGEVLIKITHTGVCHTDAFTLSGDDPEGVFPAILGHEGAGVVVEVGEGVTSVQPGDHVIPLYTAECKECLFCKSGKTNLCVAVRATQGKGVMPDGTTRFSYNGEPIYHYMGCSTFSEYTVVAEVSLAKINPEANHEQVCLLGCGVTTGIGAVHNTAKVQEGDSVAVFGLGGIGLAVVQGARQAKAGRIIVVDTNPDKFELAKQFGATDFLNPKDYDQPIQQVIVEMTGWGVDHSFECIGNVNVMRSALECAHRGWGQSVIIGVAGAGQEISTRPFQLVTGRKWLGTAFGGVKGRSQLPKMVEDAMKGEIQLEPFVTHTMPLQDINTAFDLMHEGKSIRTVIHF,54.7,130,206,26.699,55,137,104,10,14,50.49,54,/stor/work/Wilke/crisprtn7/reblast2/GCF_000722965.1_Acinetobacter_baumannii_Genome_sequencing_genomic.fna
NZ_JDSW01000095.1,335291..411068,parE,345978..346817,lcl|345978|346817|3|1,1,NYI10937.1,6.51e-04,NYI10937.1 parE putative GTPase/plasmid stabilization system protein ParE [Nocardioides marinus],MSITQGHVRIQNLSLHLGQAKNRFQALDRVNFEIQPGEFICLLGPSGCGKSTLLGALAGHLPISSGSLTVDDESIFEPHPDRGLVFQQHTLFPWKSVLENIAFGLKMKGIAKQKRIEQAQKMIDLVGLKGFEHKFPAELSGGMQQRVEIARVLINQPRILLMDEPFGALDAQTRLKMQMLLLEIWQEIQTSVLFITHDIDEALFLADRVLIMSHRPGRIIEEIPLKFERPRDVELVTSSEFTAIKKHCIQTLKEATQQEELSRLNPLGLGKKSQIKEYE,38.5,88,51,43.137,22,28,26,1,1,50.98,18,/stor/work/Wilke/crisprtn7/reblast2/GCF_000722965.1_Acinetobacter_baumannii_Genome_sequencing_genomic.fna
NZ_JDSW01000105.1,0..869,tniQ,784..38,lcl|784|38|2|-1,-1,tr|A0A1I2JDF2|A0A1I2JDF2_9RHIZ,2.59e-05,tr|A0A1I2JDF2|A0A1I2JDF2_9RHIZ tniQ TniQ protein OS=Aureimonas phyllosphaerae OX=1166078 GN=SAMN05216566_11921 PE=4 SV=1,MPRTMLTDQHWQKLKVILRNLSIHHNSNLRNFIEAILYRIRTGCPWRDIPCCFGHSNSIFKRFNRWSSSGKFLRLFKLLASCPDMEWIFIDGSHVRAHQHSAGIANQSISKSVGGNSSKIHLIVDAHGNPIDFMITDGTTHDVKVAPDLISTLDLKETKVVCADKGYDSEPLREQIRKTGTKANIPKKTNSQSNNDHMDWYLYKIRHLVENMFCRLKQFRGIATRYDKLKRNYQSSVALACIFLWLPL,42.7,99,66,27.273,18,47,35,1,1,53.03,26,/stor/work/Wilke/crisprtn7/reblast2/GCF_000722965.1_Acinetobacter_baumannii_Genome_sequencing_genomic.fna
